2025/05/18 10:12:37 - mmengine - INFO - 
------------------------------------------------------------
System environment:
    sys.platform: linux
    Python: 3.11.11 (main, Dec  4 2024, 08:55:07) [GCC 11.4.0]
    CUDA available: True
    numpy_random_seed: 961466974
    GPU 0,1: Tesla T4
    CUDA_HOME: /usr/local/cuda
    NVCC: Cuda compilation tools, release 12.5, V12.5.82
    GCC: x86_64-linux-gnu-gcc (Ubuntu 11.4.0-1ubuntu1~22.04) 11.4.0
    PyTorch: 2.6.0+cu124
    PyTorch compiling details: PyTorch built with:
  - GCC 9.3
  - C++ Version: 201703
  - Intel(R) oneAPI Math Kernel Library Version 2025.1-Product Build 20250306 for Intel(R) 64 architecture applications
  - Intel(R) MKL-DNN v3.5.3 (Git Hash 66f0cb9eb66affd2da3bf5f8d897376f04aae6af)
  - OpenMP 201511 (a.k.a. OpenMP 4.5)
  - LAPACK is enabled (usually provided by MKL)
  - NNPACK is enabled
  - CPU capability usage: AVX512
  - CUDA Runtime 12.4
  - NVCC architecture flags: -gencode;arch=compute_50,code=sm_50;-gencode;arch=compute_60,code=sm_60;-gencode;arch=compute_70,code=sm_70;-gencode;arch=compute_75,code=sm_75;-gencode;arch=compute_80,code=sm_80;-gencode;arch=compute_86,code=sm_86;-gencode;arch=compute_90,code=sm_90
  - CuDNN 90.3  (built against CUDA 12.6)
    - Built with CuDNN 90.1
  - Magma 2.6.1
  - Build settings: BLAS_INFO=mkl, BUILD_TYPE=Release, COMMIT_SHA=2236df1770800ffea5697b11b0bb0d910b2e59e1, CUDA_VERSION=12.4, CUDNN_VERSION=9.1.0, CXX_COMPILER=/opt/rh/devtoolset-9/root/usr/bin/c++, CXX_FLAGS= -D_GLIBCXX_USE_CXX11_ABI=0 -fabi-version=11 -fvisibility-inlines-hidden -DUSE_PTHREADPOOL -DNDEBUG -DUSE_KINETO -DLIBKINETO_NOROCTRACER -DLIBKINETO_NOXPUPTI=ON -DUSE_FBGEMM -DUSE_PYTORCH_QNNPACK -DUSE_XNNPACK -DSYMBOLICATE_MOBILE_DEBUG_HANDLE -O2 -fPIC -Wall -Wextra -Werror=return-type -Werror=non-virtual-dtor -Werror=bool-operation -Wnarrowing -Wno-missing-field-initializers -Wno-type-limits -Wno-array-bounds -Wno-unknown-pragmas -Wno-unused-parameter -Wno-strict-overflow -Wno-strict-aliasing -Wno-stringop-overflow -Wsuggest-override -Wno-psabi -Wno-error=old-style-cast -Wno-missing-braces -fdiagnostics-color=always -faligned-new -Wno-unused-but-set-variable -Wno-maybe-uninitialized -fno-math-errno -fno-trapping-math -Werror=format -Wno-stringop-overflow, LAPACK_INFO=mkl, PERF_WITH_AVX=1, PERF_WITH_AVX2=1, TORCH_VERSION=2.6.0, USE_CUDA=ON, USE_CUDNN=ON, USE_CUSPARSELT=1, USE_EXCEPTION_PTR=1, USE_GFLAGS=OFF, USE_GLOG=OFF, USE_GLOO=ON, USE_MKL=ON, USE_MKLDNN=ON, USE_MPI=OFF, USE_NCCL=1, USE_NNPACK=ON, USE_OPENMP=ON, USE_ROCM=OFF, USE_ROCM_KERNEL_ASSERT=OFF, 

    TorchVision: 0.21.0+cu124
    OpenCV: 4.11.0
    MMEngine: 0.7.4

Runtime environment:
    cudnn_benchmark: False
    mp_cfg: {'mp_start_method': 'fork', 'opencv_num_threads': 0}
    dist_cfg: {'backend': 'nccl'}
    seed: 961466974
    Distributed launcher: none
    Distributed training: False
    GPU number: 1
------------------------------------------------------------

2025/05/18 10:12:38 - mmengine - INFO - Config:
dataset_type = 'VOCDataset'
data_root = 'data/VOCdevkit/'
backend_args = None
train_pipeline = [
    dict(type='LoadImageFromFile', backend_args=None),
    dict(type='LoadAnnotations', with_bbox=True, with_mask=False),
    dict(type='Resize', scale=(500, 300), keep_ratio=True),
    dict(type='RandomFlip', prob=0.5),
    dict(type='PackDetInputs')
]
test_pipeline = [
    dict(type='LoadImageFromFile', backend_args=None),
    dict(type='Resize', scale=(500, 300), keep_ratio=True),
    dict(type='LoadAnnotations', with_bbox=True, with_mask=False),
    dict(
        type='PackDetInputs',
        meta_keys=('img_id', 'img_path', 'ori_shape', 'img_shape',
                   'scale_factor'))
]
train_dataloader = dict(
    batch_size=2,
    num_workers=2,
    persistent_workers=True,
    sampler=dict(type='DefaultSampler', shuffle=True),
    batch_sampler=dict(type='AspectRatioBatchSampler'),
    dataset=dict(
        type='RepeatDataset',
        times=1,
        dataset=dict(
            type='ConcatDataset',
            ignore_keys=['dataset_type'],
            datasets=[
                dict(
                    type='VOCDataset',
                    data_root='data/VOCdevkit/',
                    ann_file='VOC2007/ImageSets/Main/trainval.txt',
                    data_prefix=dict(sub_data_root='VOC2007/'),
                    filter_cfg=dict(
                        filter_empty_gt=True, min_size=32, bbox_min_size=32),
                    pipeline=[
                        dict(type='LoadImageFromFile', backend_args=None),
                        dict(
                            type='LoadAnnotations',
                            with_bbox=True,
                            with_mask=False),
                        dict(type='Resize', scale=(500, 300), keep_ratio=True),
                        dict(type='RandomFlip', prob=0.5),
                        dict(type='PackDetInputs')
                    ],
                    backend_args=None),
                dict(
                    type='VOCDataset',
                    data_root='data/VOCdevkit/',
                    ann_file='VOC2012/ImageSets/Main/trainval.txt',
                    data_prefix=dict(sub_data_root='VOC2012/'),
                    filter_cfg=dict(
                        filter_empty_gt=True, min_size=32, bbox_min_size=32),
                    pipeline=[
                        dict(type='LoadImageFromFile', backend_args=None),
                        dict(
                            type='LoadAnnotations',
                            with_bbox=True,
                            with_mask=False),
                        dict(type='Resize', scale=(500, 300), keep_ratio=True),
                        dict(type='RandomFlip', prob=0.5),
                        dict(type='PackDetInputs')
                    ],
                    backend_args=None)
            ])))
val_dataloader = dict(
    batch_size=1,
    num_workers=2,
    persistent_workers=True,
    drop_last=False,
    sampler=dict(type='DefaultSampler', shuffle=False),
    dataset=dict(
        type='VOCDataset',
        data_root='data/VOCdevkit/',
        ann_file='VOC2007/ImageSets/Main/test.txt',
        data_prefix=dict(sub_data_root='VOC2007/'),
        test_mode=True,
        pipeline=[
            dict(type='LoadImageFromFile', backend_args=None),
            dict(type='Resize', scale=(500, 300), keep_ratio=True),
            dict(type='LoadAnnotations', with_bbox=True, with_mask=False),
            dict(
                type='PackDetInputs',
                meta_keys=('img_id', 'img_path', 'ori_shape', 'img_shape',
                           'scale_factor'))
        ],
        backend_args=None))
test_dataloader = dict(
    batch_size=1,
    num_workers=2,
    persistent_workers=True,
    drop_last=False,
    sampler=dict(type='DefaultSampler', shuffle=False),
    dataset=dict(
        type='VOCDataset',
        data_root='data/VOCdevkit/',
        ann_file='VOC2007/ImageSets/Main/test.txt',
        data_prefix=dict(sub_data_root='VOC2007/'),
        test_mode=True,
        pipeline=[
            dict(type='LoadImageFromFile', backend_args=None),
            dict(type='Resize', scale=(500, 300), keep_ratio=True),
            dict(type='LoadAnnotations', with_bbox=True, with_mask=False),
            dict(
                type='PackDetInputs',
                meta_keys=('img_id', 'img_path', 'ori_shape', 'img_shape',
                           'scale_factor'))
        ],
        backend_args=None))
val_evaluator = dict(type='VOCMetric', metric='mAP', eval_mode='11points')
test_evaluator = dict(type='VOCMetric', metric='mAP', eval_mode='11points')
train_cfg = dict(type='EpochBasedTrainLoop', max_epochs=6, val_interval=1)
val_cfg = dict(type='ValLoop')
test_cfg = dict(type='TestLoop')
param_scheduler = [
    dict(
        type='LinearLR', start_factor=0.001, by_epoch=False, begin=0, end=500),
    dict(
        type='MultiStepLR',
        begin=0,
        end=12,
        by_epoch=True,
        milestones=[8, 11],
        gamma=0.1)
]
optim_wrapper = dict(
    type='OptimWrapper',
    optimizer=dict(type='AdamW', lr=2.5e-05, weight_decay=0.0001),
    clip_grad=dict(max_norm=1, norm_type=2))
auto_scale_lr = dict(enable=False, base_batch_size=16)
default_scope = 'mmdet'
default_hooks = dict(
    timer=dict(type='IterTimerHook'),
    logger=dict(type='LoggerHook', interval=50),
    param_scheduler=dict(type='ParamSchedulerHook'),
    checkpoint=dict(type='CheckpointHook', interval=1),
    sampler_seed=dict(type='DistSamplerSeedHook'),
    visualization=dict(type='DetVisualizationHook'))
env_cfg = dict(
    cudnn_benchmark=False,
    mp_cfg=dict(mp_start_method='fork', opencv_num_threads=0),
    dist_cfg=dict(backend='nccl'))
vis_backends = [dict(type='LocalVisBackend')]
visualizer = dict(
    type='DetLocalVisualizer',
    vis_backends=[dict(type='LocalVisBackend')],
    name='visualizer')
log_processor = dict(type='LogProcessor', window_size=50, by_epoch=True)
log_level = 'INFO'
load_from = None
resume = False
num_stages = 6
num_proposals = 100
model = dict(
    type='SparseRCNN',
    data_preprocessor=dict(
        type='DetDataPreprocessor',
        mean=[123.675, 116.28, 103.53],
        std=[58.395, 57.12, 57.375],
        bgr_to_rgb=True,
        pad_size_divisor=32),
    backbone=dict(
        type='ResNet',
        depth=50,
        num_stages=4,
        out_indices=(0, 1, 2, 3),
        frozen_stages=1,
        norm_cfg=dict(type='BN', requires_grad=True),
        norm_eval=True,
        style='pytorch',
        init_cfg=dict(type='Pretrained', checkpoint='torchvision://resnet50')),
    neck=dict(
        type='FPN',
        in_channels=[256, 512, 1024, 2048],
        out_channels=256,
        start_level=0,
        add_extra_convs='on_input',
        num_outs=4),
    rpn_head=dict(
        type='EmbeddingRPNHead',
        num_proposals=100,
        proposal_feature_channel=256),
    roi_head=dict(
        type='SparseRoIHead',
        num_stages=6,
        stage_loss_weights=[1, 1, 1, 1, 1, 1],
        proposal_feature_channel=256,
        bbox_roi_extractor=dict(
            type='SingleRoIExtractor',
            roi_layer=dict(type='RoIAlign', output_size=7, sampling_ratio=2),
            out_channels=256,
            featmap_strides=[4, 8, 16, 32]),
        bbox_head=[
            dict(
                type='DIIHead',
                num_classes=20,
                num_ffn_fcs=2,
                num_heads=8,
                num_cls_fcs=1,
                num_reg_fcs=3,
                feedforward_channels=2048,
                in_channels=256,
                dropout=0.0,
                ffn_act_cfg=dict(type='ReLU', inplace=True),
                dynamic_conv_cfg=dict(
                    type='DynamicConv',
                    in_channels=256,
                    feat_channels=64,
                    out_channels=256,
                    input_feat_shape=7,
                    act_cfg=dict(type='ReLU', inplace=True),
                    norm_cfg=dict(type='LN')),
                loss_bbox=dict(type='L1Loss', loss_weight=5.0),
                loss_iou=dict(type='GIoULoss', loss_weight=2.0),
                loss_cls=dict(
                    type='FocalLoss',
                    use_sigmoid=True,
                    gamma=2.0,
                    alpha=0.25,
                    loss_weight=2.0),
                bbox_coder=dict(
                    type='DeltaXYWHBBoxCoder',
                    clip_border=False,
                    target_means=[0.0, 0.0, 0.0, 0.0],
                    target_stds=[0.5, 0.5, 1.0, 1.0])),
            dict(
                type='DIIHead',
                num_classes=20,
                num_ffn_fcs=2,
                num_heads=8,
                num_cls_fcs=1,
                num_reg_fcs=3,
                feedforward_channels=2048,
                in_channels=256,
                dropout=0.0,
                ffn_act_cfg=dict(type='ReLU', inplace=True),
                dynamic_conv_cfg=dict(
                    type='DynamicConv',
                    in_channels=256,
                    feat_channels=64,
                    out_channels=256,
                    input_feat_shape=7,
                    act_cfg=dict(type='ReLU', inplace=True),
                    norm_cfg=dict(type='LN')),
                loss_bbox=dict(type='L1Loss', loss_weight=5.0),
                loss_iou=dict(type='GIoULoss', loss_weight=2.0),
                loss_cls=dict(
                    type='FocalLoss',
                    use_sigmoid=True,
                    gamma=2.0,
                    alpha=0.25,
                    loss_weight=2.0),
                bbox_coder=dict(
                    type='DeltaXYWHBBoxCoder',
                    clip_border=False,
                    target_means=[0.0, 0.0, 0.0, 0.0],
                    target_stds=[0.5, 0.5, 1.0, 1.0])),
            dict(
                type='DIIHead',
                num_classes=20,
                num_ffn_fcs=2,
                num_heads=8,
                num_cls_fcs=1,
                num_reg_fcs=3,
                feedforward_channels=2048,
                in_channels=256,
                dropout=0.0,
                ffn_act_cfg=dict(type='ReLU', inplace=True),
                dynamic_conv_cfg=dict(
                    type='DynamicConv',
                    in_channels=256,
                    feat_channels=64,
                    out_channels=256,
                    input_feat_shape=7,
                    act_cfg=dict(type='ReLU', inplace=True),
                    norm_cfg=dict(type='LN')),
                loss_bbox=dict(type='L1Loss', loss_weight=5.0),
                loss_iou=dict(type='GIoULoss', loss_weight=2.0),
                loss_cls=dict(
                    type='FocalLoss',
                    use_sigmoid=True,
                    gamma=2.0,
                    alpha=0.25,
                    loss_weight=2.0),
                bbox_coder=dict(
                    type='DeltaXYWHBBoxCoder',
                    clip_border=False,
                    target_means=[0.0, 0.0, 0.0, 0.0],
                    target_stds=[0.5, 0.5, 1.0, 1.0])),
            dict(
                type='DIIHead',
                num_classes=20,
                num_ffn_fcs=2,
                num_heads=8,
                num_cls_fcs=1,
                num_reg_fcs=3,
                feedforward_channels=2048,
                in_channels=256,
                dropout=0.0,
                ffn_act_cfg=dict(type='ReLU', inplace=True),
                dynamic_conv_cfg=dict(
                    type='DynamicConv',
                    in_channels=256,
                    feat_channels=64,
                    out_channels=256,
                    input_feat_shape=7,
                    act_cfg=dict(type='ReLU', inplace=True),
                    norm_cfg=dict(type='LN')),
                loss_bbox=dict(type='L1Loss', loss_weight=5.0),
                loss_iou=dict(type='GIoULoss', loss_weight=2.0),
                loss_cls=dict(
                    type='FocalLoss',
                    use_sigmoid=True,
                    gamma=2.0,
                    alpha=0.25,
                    loss_weight=2.0),
                bbox_coder=dict(
                    type='DeltaXYWHBBoxCoder',
                    clip_border=False,
                    target_means=[0.0, 0.0, 0.0, 0.0],
                    target_stds=[0.5, 0.5, 1.0, 1.0])),
            dict(
                type='DIIHead',
                num_classes=20,
                num_ffn_fcs=2,
                num_heads=8,
                num_cls_fcs=1,
                num_reg_fcs=3,
                feedforward_channels=2048,
                in_channels=256,
                dropout=0.0,
                ffn_act_cfg=dict(type='ReLU', inplace=True),
                dynamic_conv_cfg=dict(
                    type='DynamicConv',
                    in_channels=256,
                    feat_channels=64,
                    out_channels=256,
                    input_feat_shape=7,
                    act_cfg=dict(type='ReLU', inplace=True),
                    norm_cfg=dict(type='LN')),
                loss_bbox=dict(type='L1Loss', loss_weight=5.0),
                loss_iou=dict(type='GIoULoss', loss_weight=2.0),
                loss_cls=dict(
                    type='FocalLoss',
                    use_sigmoid=True,
                    gamma=2.0,
                    alpha=0.25,
                    loss_weight=2.0),
                bbox_coder=dict(
                    type='DeltaXYWHBBoxCoder',
                    clip_border=False,
                    target_means=[0.0, 0.0, 0.0, 0.0],
                    target_stds=[0.5, 0.5, 1.0, 1.0])),
            dict(
                type='DIIHead',
                num_classes=20,
                num_ffn_fcs=2,
                num_heads=8,
                num_cls_fcs=1,
                num_reg_fcs=3,
                feedforward_channels=2048,
                in_channels=256,
                dropout=0.0,
                ffn_act_cfg=dict(type='ReLU', inplace=True),
                dynamic_conv_cfg=dict(
                    type='DynamicConv',
                    in_channels=256,
                    feat_channels=64,
                    out_channels=256,
                    input_feat_shape=7,
                    act_cfg=dict(type='ReLU', inplace=True),
                    norm_cfg=dict(type='LN')),
                loss_bbox=dict(type='L1Loss', loss_weight=5.0),
                loss_iou=dict(type='GIoULoss', loss_weight=2.0),
                loss_cls=dict(
                    type='FocalLoss',
                    use_sigmoid=True,
                    gamma=2.0,
                    alpha=0.25,
                    loss_weight=2.0),
                bbox_coder=dict(
                    type='DeltaXYWHBBoxCoder',
                    clip_border=False,
                    target_means=[0.0, 0.0, 0.0, 0.0],
                    target_stds=[0.5, 0.5, 1.0, 1.0]))
        ]),
    train_cfg=dict(
        rpn=None,
        rcnn=[
            dict(
                assigner=dict(
                    type='HungarianAssigner',
                    match_costs=[
                        dict(type='FocalLossCost', weight=2.0),
                        dict(type='BBoxL1Cost', weight=5.0, box_format='xyxy'),
                        dict(type='IoUCost', iou_mode='giou', weight=2.0)
                    ]),
                sampler=dict(type='PseudoSampler'),
                pos_weight=1),
            dict(
                assigner=dict(
                    type='HungarianAssigner',
                    match_costs=[
                        dict(type='FocalLossCost', weight=2.0),
                        dict(type='BBoxL1Cost', weight=5.0, box_format='xyxy'),
                        dict(type='IoUCost', iou_mode='giou', weight=2.0)
                    ]),
                sampler=dict(type='PseudoSampler'),
                pos_weight=1),
            dict(
                assigner=dict(
                    type='HungarianAssigner',
                    match_costs=[
                        dict(type='FocalLossCost', weight=2.0),
                        dict(type='BBoxL1Cost', weight=5.0, box_format='xyxy'),
                        dict(type='IoUCost', iou_mode='giou', weight=2.0)
                    ]),
                sampler=dict(type='PseudoSampler'),
                pos_weight=1),
            dict(
                assigner=dict(
                    type='HungarianAssigner',
                    match_costs=[
                        dict(type='FocalLossCost', weight=2.0),
                        dict(type='BBoxL1Cost', weight=5.0, box_format='xyxy'),
                        dict(type='IoUCost', iou_mode='giou', weight=2.0)
                    ]),
                sampler=dict(type='PseudoSampler'),
                pos_weight=1),
            dict(
                assigner=dict(
                    type='HungarianAssigner',
                    match_costs=[
                        dict(type='FocalLossCost', weight=2.0),
                        dict(type='BBoxL1Cost', weight=5.0, box_format='xyxy'),
                        dict(type='IoUCost', iou_mode='giou', weight=2.0)
                    ]),
                sampler=dict(type='PseudoSampler'),
                pos_weight=1),
            dict(
                assigner=dict(
                    type='HungarianAssigner',
                    match_costs=[
                        dict(type='FocalLossCost', weight=2.0),
                        dict(type='BBoxL1Cost', weight=5.0, box_format='xyxy'),
                        dict(type='IoUCost', iou_mode='giou', weight=2.0)
                    ]),
                sampler=dict(type='PseudoSampler'),
                pos_weight=1)
        ]),
    test_cfg=dict(rpn=None, rcnn=dict(max_per_img=100)))
launcher = 'none'
device = 'cuda'
work_dir = 'work_dirs/sparse-rcnn-cuda'

2025/05/18 10:12:39 - mmengine - INFO - Distributed training is not used, all SyncBatchNorm (SyncBN) layers in the model will be automatically reverted to BatchNormXd layers if they are used.
2025/05/18 10:12:39 - mmengine - INFO - Hooks will be executed in the following order:
before_run:
(VERY_HIGH   ) RuntimeInfoHook                    
(BELOW_NORMAL) LoggerHook                         
 -------------------- 
before_train:
(VERY_HIGH   ) RuntimeInfoHook                    
(NORMAL      ) IterTimerHook                      
(VERY_LOW    ) CheckpointHook                     
 -------------------- 
before_train_epoch:
(VERY_HIGH   ) RuntimeInfoHook                    
(NORMAL      ) IterTimerHook                      
(NORMAL      ) DistSamplerSeedHook                
 -------------------- 
before_train_iter:
(VERY_HIGH   ) RuntimeInfoHook                    
(NORMAL      ) IterTimerHook                      
 -------------------- 
after_train_iter:
(VERY_HIGH   ) RuntimeInfoHook                    
(NORMAL      ) IterTimerHook                      
(BELOW_NORMAL) LoggerHook                         
(LOW         ) ParamSchedulerHook                 
(VERY_LOW    ) CheckpointHook                     
 -------------------- 
after_train_epoch:
(NORMAL      ) IterTimerHook                      
(LOW         ) ParamSchedulerHook                 
(VERY_LOW    ) CheckpointHook                     
 -------------------- 
before_val_epoch:
(NORMAL      ) IterTimerHook                      
 -------------------- 
before_val_iter:
(NORMAL      ) IterTimerHook                      
 -------------------- 
after_val_iter:
(NORMAL      ) IterTimerHook                      
(NORMAL      ) DetVisualizationHook               
(BELOW_NORMAL) LoggerHook                         
 -------------------- 
after_val_epoch:
(VERY_HIGH   ) RuntimeInfoHook                    
(NORMAL      ) IterTimerHook                      
(BELOW_NORMAL) LoggerHook                         
(LOW         ) ParamSchedulerHook                 
(VERY_LOW    ) CheckpointHook                     
 -------------------- 
after_train:
(VERY_LOW    ) CheckpointHook                     
 -------------------- 
before_test_epoch:
(NORMAL      ) IterTimerHook                      
 -------------------- 
before_test_iter:
(NORMAL      ) IterTimerHook                      
 -------------------- 
after_test_iter:
(NORMAL      ) IterTimerHook                      
(NORMAL      ) DetVisualizationHook               
(BELOW_NORMAL) LoggerHook                         
 -------------------- 
after_test_epoch:
(VERY_HIGH   ) RuntimeInfoHook                    
(NORMAL      ) IterTimerHook                      
(BELOW_NORMAL) LoggerHook                         
 -------------------- 
after_run:
(BELOW_NORMAL) LoggerHook                         
 -------------------- 
2025/05/18 10:12:44 - mmengine - INFO - load model from: torchvision://resnet50
2025/05/18 10:12:44 - mmengine - INFO - Loads checkpoint by torchvision backend from path: torchvision://resnet50
2025/05/18 10:12:44 - mmengine - WARNING - The model and loaded state dict do not match exactly

unexpected key in source state_dict: fc.weight, fc.bias

Name of parameter - Initialization information

backbone.conv1.weight - torch.Size([64, 3, 7, 7]): 
PretrainedInit: load from torchvision://resnet50 

backbone.bn1.weight - torch.Size([64]): 
PretrainedInit: load from torchvision://resnet50 

backbone.bn1.bias - torch.Size([64]): 
PretrainedInit: load from torchvision://resnet50 

backbone.layer1.0.conv1.weight - torch.Size([64, 64, 1, 1]): 
PretrainedInit: load from torchvision://resnet50 

backbone.layer1.0.bn1.weight - torch.Size([64]): 
PretrainedInit: load from torchvision://resnet50 

backbone.layer1.0.bn1.bias - torch.Size([64]): 
PretrainedInit: load from torchvision://resnet50 

backbone.layer1.0.conv2.weight - torch.Size([64, 64, 3, 3]): 
PretrainedInit: load from torchvision://resnet50 

backbone.layer1.0.bn2.weight - torch.Size([64]): 
PretrainedInit: load from torchvision://resnet50 

backbone.layer1.0.bn2.bias - torch.Size([64]): 
PretrainedInit: load from torchvision://resnet50 

backbone.layer1.0.conv3.weight - torch.Size([256, 64, 1, 1]): 
PretrainedInit: load from torchvision://resnet50 

backbone.layer1.0.bn3.weight - torch.Size([256]): 
PretrainedInit: load from torchvision://resnet50 

backbone.layer1.0.bn3.bias - torch.Size([256]): 
PretrainedInit: load from torchvision://resnet50 

backbone.layer1.0.downsample.0.weight - torch.Size([256, 64, 1, 1]): 
PretrainedInit: load from torchvision://resnet50 

backbone.layer1.0.downsample.1.weight - torch.Size([256]): 
PretrainedInit: load from torchvision://resnet50 

backbone.layer1.0.downsample.1.bias - torch.Size([256]): 
PretrainedInit: load from torchvision://resnet50 

backbone.layer1.1.conv1.weight - torch.Size([64, 256, 1, 1]): 
PretrainedInit: load from torchvision://resnet50 

backbone.layer1.1.bn1.weight - torch.Size([64]): 
PretrainedInit: load from torchvision://resnet50 

backbone.layer1.1.bn1.bias - torch.Size([64]): 
PretrainedInit: load from torchvision://resnet50 

backbone.layer1.1.conv2.weight - torch.Size([64, 64, 3, 3]): 
PretrainedInit: load from torchvision://resnet50 

backbone.layer1.1.bn2.weight - torch.Size([64]): 
PretrainedInit: load from torchvision://resnet50 

backbone.layer1.1.bn2.bias - torch.Size([64]): 
PretrainedInit: load from torchvision://resnet50 

backbone.layer1.1.conv3.weight - torch.Size([256, 64, 1, 1]): 
PretrainedInit: load from torchvision://resnet50 

backbone.layer1.1.bn3.weight - torch.Size([256]): 
PretrainedInit: load from torchvision://resnet50 

backbone.layer1.1.bn3.bias - torch.Size([256]): 
PretrainedInit: load from torchvision://resnet50 

backbone.layer1.2.conv1.weight - torch.Size([64, 256, 1, 1]): 
PretrainedInit: load from torchvision://resnet50 

backbone.layer1.2.bn1.weight - torch.Size([64]): 
PretrainedInit: load from torchvision://resnet50 

backbone.layer1.2.bn1.bias - torch.Size([64]): 
PretrainedInit: load from torchvision://resnet50 

backbone.layer1.2.conv2.weight - torch.Size([64, 64, 3, 3]): 
PretrainedInit: load from torchvision://resnet50 

backbone.layer1.2.bn2.weight - torch.Size([64]): 
PretrainedInit: load from torchvision://resnet50 

backbone.layer1.2.bn2.bias - torch.Size([64]): 
PretrainedInit: load from torchvision://resnet50 

backbone.layer1.2.conv3.weight - torch.Size([256, 64, 1, 1]): 
PretrainedInit: load from torchvision://resnet50 

backbone.layer1.2.bn3.weight - torch.Size([256]): 
PretrainedInit: load from torchvision://resnet50 

backbone.layer1.2.bn3.bias - torch.Size([256]): 
PretrainedInit: load from torchvision://resnet50 

backbone.layer2.0.conv1.weight - torch.Size([128, 256, 1, 1]): 
PretrainedInit: load from torchvision://resnet50 

backbone.layer2.0.bn1.weight - torch.Size([128]): 
PretrainedInit: load from torchvision://resnet50 

backbone.layer2.0.bn1.bias - torch.Size([128]): 
PretrainedInit: load from torchvision://resnet50 

backbone.layer2.0.conv2.weight - torch.Size([128, 128, 3, 3]): 
PretrainedInit: load from torchvision://resnet50 

backbone.layer2.0.bn2.weight - torch.Size([128]): 
PretrainedInit: load from torchvision://resnet50 

backbone.layer2.0.bn2.bias - torch.Size([128]): 
PretrainedInit: load from torchvision://resnet50 

backbone.layer2.0.conv3.weight - torch.Size([512, 128, 1, 1]): 
PretrainedInit: load from torchvision://resnet50 

backbone.layer2.0.bn3.weight - torch.Size([512]): 
PretrainedInit: load from torchvision://resnet50 

backbone.layer2.0.bn3.bias - torch.Size([512]): 
PretrainedInit: load from torchvision://resnet50 

backbone.layer2.0.downsample.0.weight - torch.Size([512, 256, 1, 1]): 
PretrainedInit: load from torchvision://resnet50 

backbone.layer2.0.downsample.1.weight - torch.Size([512]): 
PretrainedInit: load from torchvision://resnet50 

backbone.layer2.0.downsample.1.bias - torch.Size([512]): 
PretrainedInit: load from torchvision://resnet50 

backbone.layer2.1.conv1.weight - torch.Size([128, 512, 1, 1]): 
PretrainedInit: load from torchvision://resnet50 

backbone.layer2.1.bn1.weight - torch.Size([128]): 
PretrainedInit: load from torchvision://resnet50 

backbone.layer2.1.bn1.bias - torch.Size([128]): 
PretrainedInit: load from torchvision://resnet50 

backbone.layer2.1.conv2.weight - torch.Size([128, 128, 3, 3]): 
PretrainedInit: load from torchvision://resnet50 

backbone.layer2.1.bn2.weight - torch.Size([128]): 
PretrainedInit: load from torchvision://resnet50 

backbone.layer2.1.bn2.bias - torch.Size([128]): 
PretrainedInit: load from torchvision://resnet50 

backbone.layer2.1.conv3.weight - torch.Size([512, 128, 1, 1]): 
PretrainedInit: load from torchvision://resnet50 

backbone.layer2.1.bn3.weight - torch.Size([512]): 
PretrainedInit: load from torchvision://resnet50 

backbone.layer2.1.bn3.bias - torch.Size([512]): 
PretrainedInit: load from torchvision://resnet50 

backbone.layer2.2.conv1.weight - torch.Size([128, 512, 1, 1]): 
PretrainedInit: load from torchvision://resnet50 

backbone.layer2.2.bn1.weight - torch.Size([128]): 
PretrainedInit: load from torchvision://resnet50 

backbone.layer2.2.bn1.bias - torch.Size([128]): 
PretrainedInit: load from torchvision://resnet50 

backbone.layer2.2.conv2.weight - torch.Size([128, 128, 3, 3]): 
PretrainedInit: load from torchvision://resnet50 

backbone.layer2.2.bn2.weight - torch.Size([128]): 
PretrainedInit: load from torchvision://resnet50 

backbone.layer2.2.bn2.bias - torch.Size([128]): 
PretrainedInit: load from torchvision://resnet50 

backbone.layer2.2.conv3.weight - torch.Size([512, 128, 1, 1]): 
PretrainedInit: load from torchvision://resnet50 

backbone.layer2.2.bn3.weight - torch.Size([512]): 
PretrainedInit: load from torchvision://resnet50 

backbone.layer2.2.bn3.bias - torch.Size([512]): 
PretrainedInit: load from torchvision://resnet50 

backbone.layer2.3.conv1.weight - torch.Size([128, 512, 1, 1]): 
PretrainedInit: load from torchvision://resnet50 

backbone.layer2.3.bn1.weight - torch.Size([128]): 
PretrainedInit: load from torchvision://resnet50 

backbone.layer2.3.bn1.bias - torch.Size([128]): 
PretrainedInit: load from torchvision://resnet50 

backbone.layer2.3.conv2.weight - torch.Size([128, 128, 3, 3]): 
PretrainedInit: load from torchvision://resnet50 

backbone.layer2.3.bn2.weight - torch.Size([128]): 
PretrainedInit: load from torchvision://resnet50 

backbone.layer2.3.bn2.bias - torch.Size([128]): 
PretrainedInit: load from torchvision://resnet50 

backbone.layer2.3.conv3.weight - torch.Size([512, 128, 1, 1]): 
PretrainedInit: load from torchvision://resnet50 

backbone.layer2.3.bn3.weight - torch.Size([512]): 
PretrainedInit: load from torchvision://resnet50 

backbone.layer2.3.bn3.bias - torch.Size([512]): 
PretrainedInit: load from torchvision://resnet50 

backbone.layer3.0.conv1.weight - torch.Size([256, 512, 1, 1]): 
PretrainedInit: load from torchvision://resnet50 

backbone.layer3.0.bn1.weight - torch.Size([256]): 
PretrainedInit: load from torchvision://resnet50 

backbone.layer3.0.bn1.bias - torch.Size([256]): 
PretrainedInit: load from torchvision://resnet50 

backbone.layer3.0.conv2.weight - torch.Size([256, 256, 3, 3]): 
PretrainedInit: load from torchvision://resnet50 

backbone.layer3.0.bn2.weight - torch.Size([256]): 
PretrainedInit: load from torchvision://resnet50 

backbone.layer3.0.bn2.bias - torch.Size([256]): 
PretrainedInit: load from torchvision://resnet50 

backbone.layer3.0.conv3.weight - torch.Size([1024, 256, 1, 1]): 
PretrainedInit: load from torchvision://resnet50 

backbone.layer3.0.bn3.weight - torch.Size([1024]): 
PretrainedInit: load from torchvision://resnet50 

backbone.layer3.0.bn3.bias - torch.Size([1024]): 
PretrainedInit: load from torchvision://resnet50 

backbone.layer3.0.downsample.0.weight - torch.Size([1024, 512, 1, 1]): 
PretrainedInit: load from torchvision://resnet50 

backbone.layer3.0.downsample.1.weight - torch.Size([1024]): 
PretrainedInit: load from torchvision://resnet50 

backbone.layer3.0.downsample.1.bias - torch.Size([1024]): 
PretrainedInit: load from torchvision://resnet50 

backbone.layer3.1.conv1.weight - torch.Size([256, 1024, 1, 1]): 
PretrainedInit: load from torchvision://resnet50 

backbone.layer3.1.bn1.weight - torch.Size([256]): 
PretrainedInit: load from torchvision://resnet50 

backbone.layer3.1.bn1.bias - torch.Size([256]): 
PretrainedInit: load from torchvision://resnet50 

backbone.layer3.1.conv2.weight - torch.Size([256, 256, 3, 3]): 
PretrainedInit: load from torchvision://resnet50 

backbone.layer3.1.bn2.weight - torch.Size([256]): 
PretrainedInit: load from torchvision://resnet50 

backbone.layer3.1.bn2.bias - torch.Size([256]): 
PretrainedInit: load from torchvision://resnet50 

backbone.layer3.1.conv3.weight - torch.Size([1024, 256, 1, 1]): 
PretrainedInit: load from torchvision://resnet50 

backbone.layer3.1.bn3.weight - torch.Size([1024]): 
PretrainedInit: load from torchvision://resnet50 

backbone.layer3.1.bn3.bias - torch.Size([1024]): 
PretrainedInit: load from torchvision://resnet50 

backbone.layer3.2.conv1.weight - torch.Size([256, 1024, 1, 1]): 
PretrainedInit: load from torchvision://resnet50 

backbone.layer3.2.bn1.weight - torch.Size([256]): 
PretrainedInit: load from torchvision://resnet50 

backbone.layer3.2.bn1.bias - torch.Size([256]): 
PretrainedInit: load from torchvision://resnet50 

backbone.layer3.2.conv2.weight - torch.Size([256, 256, 3, 3]): 
PretrainedInit: load from torchvision://resnet50 

backbone.layer3.2.bn2.weight - torch.Size([256]): 
PretrainedInit: load from torchvision://resnet50 

backbone.layer3.2.bn2.bias - torch.Size([256]): 
PretrainedInit: load from torchvision://resnet50 

backbone.layer3.2.conv3.weight - torch.Size([1024, 256, 1, 1]): 
PretrainedInit: load from torchvision://resnet50 

backbone.layer3.2.bn3.weight - torch.Size([1024]): 
PretrainedInit: load from torchvision://resnet50 

backbone.layer3.2.bn3.bias - torch.Size([1024]): 
PretrainedInit: load from torchvision://resnet50 

backbone.layer3.3.conv1.weight - torch.Size([256, 1024, 1, 1]): 
PretrainedInit: load from torchvision://resnet50 

backbone.layer3.3.bn1.weight - torch.Size([256]): 
PretrainedInit: load from torchvision://resnet50 

backbone.layer3.3.bn1.bias - torch.Size([256]): 
PretrainedInit: load from torchvision://resnet50 

backbone.layer3.3.conv2.weight - torch.Size([256, 256, 3, 3]): 
PretrainedInit: load from torchvision://resnet50 

backbone.layer3.3.bn2.weight - torch.Size([256]): 
PretrainedInit: load from torchvision://resnet50 

backbone.layer3.3.bn2.bias - torch.Size([256]): 
PretrainedInit: load from torchvision://resnet50 

backbone.layer3.3.conv3.weight - torch.Size([1024, 256, 1, 1]): 
PretrainedInit: load from torchvision://resnet50 

backbone.layer3.3.bn3.weight - torch.Size([1024]): 
PretrainedInit: load from torchvision://resnet50 

backbone.layer3.3.bn3.bias - torch.Size([1024]): 
PretrainedInit: load from torchvision://resnet50 

backbone.layer3.4.conv1.weight - torch.Size([256, 1024, 1, 1]): 
PretrainedInit: load from torchvision://resnet50 

backbone.layer3.4.bn1.weight - torch.Size([256]): 
PretrainedInit: load from torchvision://resnet50 

backbone.layer3.4.bn1.bias - torch.Size([256]): 
PretrainedInit: load from torchvision://resnet50 

backbone.layer3.4.conv2.weight - torch.Size([256, 256, 3, 3]): 
PretrainedInit: load from torchvision://resnet50 

backbone.layer3.4.bn2.weight - torch.Size([256]): 
PretrainedInit: load from torchvision://resnet50 

backbone.layer3.4.bn2.bias - torch.Size([256]): 
PretrainedInit: load from torchvision://resnet50 

backbone.layer3.4.conv3.weight - torch.Size([1024, 256, 1, 1]): 
PretrainedInit: load from torchvision://resnet50 

backbone.layer3.4.bn3.weight - torch.Size([1024]): 
PretrainedInit: load from torchvision://resnet50 

backbone.layer3.4.bn3.bias - torch.Size([1024]): 
PretrainedInit: load from torchvision://resnet50 

backbone.layer3.5.conv1.weight - torch.Size([256, 1024, 1, 1]): 
PretrainedInit: load from torchvision://resnet50 

backbone.layer3.5.bn1.weight - torch.Size([256]): 
PretrainedInit: load from torchvision://resnet50 

backbone.layer3.5.bn1.bias - torch.Size([256]): 
PretrainedInit: load from torchvision://resnet50 

backbone.layer3.5.conv2.weight - torch.Size([256, 256, 3, 3]): 
PretrainedInit: load from torchvision://resnet50 

backbone.layer3.5.bn2.weight - torch.Size([256]): 
PretrainedInit: load from torchvision://resnet50 

backbone.layer3.5.bn2.bias - torch.Size([256]): 
PretrainedInit: load from torchvision://resnet50 

backbone.layer3.5.conv3.weight - torch.Size([1024, 256, 1, 1]): 
PretrainedInit: load from torchvision://resnet50 

backbone.layer3.5.bn3.weight - torch.Size([1024]): 
PretrainedInit: load from torchvision://resnet50 

backbone.layer3.5.bn3.bias - torch.Size([1024]): 
PretrainedInit: load from torchvision://resnet50 

backbone.layer4.0.conv1.weight - torch.Size([512, 1024, 1, 1]): 
PretrainedInit: load from torchvision://resnet50 

backbone.layer4.0.bn1.weight - torch.Size([512]): 
PretrainedInit: load from torchvision://resnet50 

backbone.layer4.0.bn1.bias - torch.Size([512]): 
PretrainedInit: load from torchvision://resnet50 

backbone.layer4.0.conv2.weight - torch.Size([512, 512, 3, 3]): 
PretrainedInit: load from torchvision://resnet50 

backbone.layer4.0.bn2.weight - torch.Size([512]): 
PretrainedInit: load from torchvision://resnet50 

backbone.layer4.0.bn2.bias - torch.Size([512]): 
PretrainedInit: load from torchvision://resnet50 

backbone.layer4.0.conv3.weight - torch.Size([2048, 512, 1, 1]): 
PretrainedInit: load from torchvision://resnet50 

backbone.layer4.0.bn3.weight - torch.Size([2048]): 
PretrainedInit: load from torchvision://resnet50 

backbone.layer4.0.bn3.bias - torch.Size([2048]): 
PretrainedInit: load from torchvision://resnet50 

backbone.layer4.0.downsample.0.weight - torch.Size([2048, 1024, 1, 1]): 
PretrainedInit: load from torchvision://resnet50 

backbone.layer4.0.downsample.1.weight - torch.Size([2048]): 
PretrainedInit: load from torchvision://resnet50 

backbone.layer4.0.downsample.1.bias - torch.Size([2048]): 
PretrainedInit: load from torchvision://resnet50 

backbone.layer4.1.conv1.weight - torch.Size([512, 2048, 1, 1]): 
PretrainedInit: load from torchvision://resnet50 

backbone.layer4.1.bn1.weight - torch.Size([512]): 
PretrainedInit: load from torchvision://resnet50 

backbone.layer4.1.bn1.bias - torch.Size([512]): 
PretrainedInit: load from torchvision://resnet50 

backbone.layer4.1.conv2.weight - torch.Size([512, 512, 3, 3]): 
PretrainedInit: load from torchvision://resnet50 

backbone.layer4.1.bn2.weight - torch.Size([512]): 
PretrainedInit: load from torchvision://resnet50 

backbone.layer4.1.bn2.bias - torch.Size([512]): 
PretrainedInit: load from torchvision://resnet50 

backbone.layer4.1.conv3.weight - torch.Size([2048, 512, 1, 1]): 
PretrainedInit: load from torchvision://resnet50 

backbone.layer4.1.bn3.weight - torch.Size([2048]): 
PretrainedInit: load from torchvision://resnet50 

backbone.layer4.1.bn3.bias - torch.Size([2048]): 
PretrainedInit: load from torchvision://resnet50 

backbone.layer4.2.conv1.weight - torch.Size([512, 2048, 1, 1]): 
PretrainedInit: load from torchvision://resnet50 

backbone.layer4.2.bn1.weight - torch.Size([512]): 
PretrainedInit: load from torchvision://resnet50 

backbone.layer4.2.bn1.bias - torch.Size([512]): 
PretrainedInit: load from torchvision://resnet50 

backbone.layer4.2.conv2.weight - torch.Size([512, 512, 3, 3]): 
PretrainedInit: load from torchvision://resnet50 

backbone.layer4.2.bn2.weight - torch.Size([512]): 
PretrainedInit: load from torchvision://resnet50 

backbone.layer4.2.bn2.bias - torch.Size([512]): 
PretrainedInit: load from torchvision://resnet50 

backbone.layer4.2.conv3.weight - torch.Size([2048, 512, 1, 1]): 
PretrainedInit: load from torchvision://resnet50 

backbone.layer4.2.bn3.weight - torch.Size([2048]): 
PretrainedInit: load from torchvision://resnet50 

backbone.layer4.2.bn3.bias - torch.Size([2048]): 
PretrainedInit: load from torchvision://resnet50 

neck.lateral_convs.0.conv.weight - torch.Size([256, 256, 1, 1]): 
XavierInit: gain=1, distribution=uniform, bias=0 

neck.lateral_convs.0.conv.bias - torch.Size([256]): 
The value is the same before and after calling `init_weights` of SparseRCNN  

neck.lateral_convs.1.conv.weight - torch.Size([256, 512, 1, 1]): 
XavierInit: gain=1, distribution=uniform, bias=0 

neck.lateral_convs.1.conv.bias - torch.Size([256]): 
The value is the same before and after calling `init_weights` of SparseRCNN  

neck.lateral_convs.2.conv.weight - torch.Size([256, 1024, 1, 1]): 
XavierInit: gain=1, distribution=uniform, bias=0 

neck.lateral_convs.2.conv.bias - torch.Size([256]): 
The value is the same before and after calling `init_weights` of SparseRCNN  

neck.lateral_convs.3.conv.weight - torch.Size([256, 2048, 1, 1]): 
XavierInit: gain=1, distribution=uniform, bias=0 

neck.lateral_convs.3.conv.bias - torch.Size([256]): 
The value is the same before and after calling `init_weights` of SparseRCNN  

neck.fpn_convs.0.conv.weight - torch.Size([256, 256, 3, 3]): 
XavierInit: gain=1, distribution=uniform, bias=0 

neck.fpn_convs.0.conv.bias - torch.Size([256]): 
The value is the same before and after calling `init_weights` of SparseRCNN  

neck.fpn_convs.1.conv.weight - torch.Size([256, 256, 3, 3]): 
XavierInit: gain=1, distribution=uniform, bias=0 

neck.fpn_convs.1.conv.bias - torch.Size([256]): 
The value is the same before and after calling `init_weights` of SparseRCNN  

neck.fpn_convs.2.conv.weight - torch.Size([256, 256, 3, 3]): 
XavierInit: gain=1, distribution=uniform, bias=0 

neck.fpn_convs.2.conv.bias - torch.Size([256]): 
The value is the same before and after calling `init_weights` of SparseRCNN  

neck.fpn_convs.3.conv.weight - torch.Size([256, 256, 3, 3]): 
XavierInit: gain=1, distribution=uniform, bias=0 

neck.fpn_convs.3.conv.bias - torch.Size([256]): 
The value is the same before and after calling `init_weights` of SparseRCNN  

rpn_head.init_proposal_bboxes.weight - torch.Size([100, 4]): 
Initialized by user-defined `init_weights` in EmbeddingRPNHead  

rpn_head.init_proposal_features.weight - torch.Size([100, 256]): 
The value is the same before and after calling `init_weights` of SparseRCNN  

roi_head.bbox_head.0.fc_cls.weight - torch.Size([20, 256]): 
Initialized by user-defined `init_weights` in DIIHead  

roi_head.bbox_head.0.fc_cls.bias - torch.Size([20]): 
Initialized by user-defined `init_weights` in DIIHead  

roi_head.bbox_head.0.fc_reg.weight - torch.Size([4, 256]): 
Initialized by user-defined `init_weights` in DIIHead  

roi_head.bbox_head.0.fc_reg.bias - torch.Size([4]): 
NormalInit: mean=0, std=0.001, bias=0 

roi_head.bbox_head.0.attention.attn.in_proj_weight - torch.Size([768, 256]): 
Initialized by user-defined `init_weights` in DIIHead  

roi_head.bbox_head.0.attention.attn.in_proj_bias - torch.Size([768]): 
The value is the same before and after calling `init_weights` of SparseRCNN  

roi_head.bbox_head.0.attention.attn.out_proj.weight - torch.Size([256, 256]): 
Initialized by user-defined `init_weights` in DIIHead  

roi_head.bbox_head.0.attention.attn.out_proj.bias - torch.Size([256]): 
The value is the same before and after calling `init_weights` of SparseRCNN  

roi_head.bbox_head.0.attention_norm.weight - torch.Size([256]): 
The value is the same before and after calling `init_weights` of SparseRCNN  

roi_head.bbox_head.0.attention_norm.bias - torch.Size([256]): 
The value is the same before and after calling `init_weights` of SparseRCNN  

roi_head.bbox_head.0.instance_interactive_conv.dynamic_layer.weight - torch.Size([32768, 256]): 
Initialized by user-defined `init_weights` in DIIHead  

roi_head.bbox_head.0.instance_interactive_conv.dynamic_layer.bias - torch.Size([32768]): 
The value is the same before and after calling `init_weights` of SparseRCNN  

roi_head.bbox_head.0.instance_interactive_conv.norm_in.weight - torch.Size([64]): 
The value is the same before and after calling `init_weights` of SparseRCNN  

roi_head.bbox_head.0.instance_interactive_conv.norm_in.bias - torch.Size([64]): 
The value is the same before and after calling `init_weights` of SparseRCNN  

roi_head.bbox_head.0.instance_interactive_conv.norm_out.weight - torch.Size([256]): 
The value is the same before and after calling `init_weights` of SparseRCNN  

roi_head.bbox_head.0.instance_interactive_conv.norm_out.bias - torch.Size([256]): 
The value is the same before and after calling `init_weights` of SparseRCNN  

roi_head.bbox_head.0.instance_interactive_conv.fc_layer.weight - torch.Size([256, 12544]): 
Initialized by user-defined `init_weights` in DIIHead  

roi_head.bbox_head.0.instance_interactive_conv.fc_layer.bias - torch.Size([256]): 
The value is the same before and after calling `init_weights` of SparseRCNN  

roi_head.bbox_head.0.instance_interactive_conv.fc_norm.weight - torch.Size([256]): 
The value is the same before and after calling `init_weights` of SparseRCNN  

roi_head.bbox_head.0.instance_interactive_conv.fc_norm.bias - torch.Size([256]): 
The value is the same before and after calling `init_weights` of SparseRCNN  

roi_head.bbox_head.0.instance_interactive_conv_norm.weight - torch.Size([256]): 
The value is the same before and after calling `init_weights` of SparseRCNN  

roi_head.bbox_head.0.instance_interactive_conv_norm.bias - torch.Size([256]): 
The value is the same before and after calling `init_weights` of SparseRCNN  

roi_head.bbox_head.0.ffn.layers.0.0.weight - torch.Size([2048, 256]): 
Initialized by user-defined `init_weights` in DIIHead  

roi_head.bbox_head.0.ffn.layers.0.0.bias - torch.Size([2048]): 
The value is the same before and after calling `init_weights` of SparseRCNN  

roi_head.bbox_head.0.ffn.layers.1.weight - torch.Size([256, 2048]): 
Initialized by user-defined `init_weights` in DIIHead  

roi_head.bbox_head.0.ffn.layers.1.bias - torch.Size([256]): 
The value is the same before and after calling `init_weights` of SparseRCNN  

roi_head.bbox_head.0.ffn_norm.weight - torch.Size([256]): 
The value is the same before and after calling `init_weights` of SparseRCNN  

roi_head.bbox_head.0.ffn_norm.bias - torch.Size([256]): 
The value is the same before and after calling `init_weights` of SparseRCNN  

roi_head.bbox_head.0.cls_fcs.0.weight - torch.Size([256, 256]): 
Initialized by user-defined `init_weights` in DIIHead  

roi_head.bbox_head.0.cls_fcs.1.weight - torch.Size([256]): 
The value is the same before and after calling `init_weights` of SparseRCNN  

roi_head.bbox_head.0.cls_fcs.1.bias - torch.Size([256]): 
The value is the same before and after calling `init_weights` of SparseRCNN  

roi_head.bbox_head.0.reg_fcs.0.weight - torch.Size([256, 256]): 
Initialized by user-defined `init_weights` in DIIHead  

roi_head.bbox_head.0.reg_fcs.1.weight - torch.Size([256]): 
The value is the same before and after calling `init_weights` of SparseRCNN  

roi_head.bbox_head.0.reg_fcs.1.bias - torch.Size([256]): 
The value is the same before and after calling `init_weights` of SparseRCNN  

roi_head.bbox_head.0.reg_fcs.3.weight - torch.Size([256, 256]): 
Initialized by user-defined `init_weights` in DIIHead  

roi_head.bbox_head.0.reg_fcs.4.weight - torch.Size([256]): 
The value is the same before and after calling `init_weights` of SparseRCNN  

roi_head.bbox_head.0.reg_fcs.4.bias - torch.Size([256]): 
The value is the same before and after calling `init_weights` of SparseRCNN  

roi_head.bbox_head.0.reg_fcs.6.weight - torch.Size([256, 256]): 
Initialized by user-defined `init_weights` in DIIHead  

roi_head.bbox_head.0.reg_fcs.7.weight - torch.Size([256]): 
The value is the same before and after calling `init_weights` of SparseRCNN  

roi_head.bbox_head.0.reg_fcs.7.bias - torch.Size([256]): 
The value is the same before and after calling `init_weights` of SparseRCNN  

roi_head.bbox_head.1.fc_cls.weight - torch.Size([20, 256]): 
Initialized by user-defined `init_weights` in DIIHead  

roi_head.bbox_head.1.fc_cls.bias - torch.Size([20]): 
Initialized by user-defined `init_weights` in DIIHead  

roi_head.bbox_head.1.fc_reg.weight - torch.Size([4, 256]): 
Initialized by user-defined `init_weights` in DIIHead  

roi_head.bbox_head.1.fc_reg.bias - torch.Size([4]): 
NormalInit: mean=0, std=0.001, bias=0 

roi_head.bbox_head.1.attention.attn.in_proj_weight - torch.Size([768, 256]): 
Initialized by user-defined `init_weights` in DIIHead  

roi_head.bbox_head.1.attention.attn.in_proj_bias - torch.Size([768]): 
The value is the same before and after calling `init_weights` of SparseRCNN  

roi_head.bbox_head.1.attention.attn.out_proj.weight - torch.Size([256, 256]): 
Initialized by user-defined `init_weights` in DIIHead  

roi_head.bbox_head.1.attention.attn.out_proj.bias - torch.Size([256]): 
The value is the same before and after calling `init_weights` of SparseRCNN  

roi_head.bbox_head.1.attention_norm.weight - torch.Size([256]): 
The value is the same before and after calling `init_weights` of SparseRCNN  

roi_head.bbox_head.1.attention_norm.bias - torch.Size([256]): 
The value is the same before and after calling `init_weights` of SparseRCNN  

roi_head.bbox_head.1.instance_interactive_conv.dynamic_layer.weight - torch.Size([32768, 256]): 
Initialized by user-defined `init_weights` in DIIHead  

roi_head.bbox_head.1.instance_interactive_conv.dynamic_layer.bias - torch.Size([32768]): 
The value is the same before and after calling `init_weights` of SparseRCNN  

roi_head.bbox_head.1.instance_interactive_conv.norm_in.weight - torch.Size([64]): 
The value is the same before and after calling `init_weights` of SparseRCNN  

roi_head.bbox_head.1.instance_interactive_conv.norm_in.bias - torch.Size([64]): 
The value is the same before and after calling `init_weights` of SparseRCNN  

roi_head.bbox_head.1.instance_interactive_conv.norm_out.weight - torch.Size([256]): 
The value is the same before and after calling `init_weights` of SparseRCNN  

roi_head.bbox_head.1.instance_interactive_conv.norm_out.bias - torch.Size([256]): 
The value is the same before and after calling `init_weights` of SparseRCNN  

roi_head.bbox_head.1.instance_interactive_conv.fc_layer.weight - torch.Size([256, 12544]): 
Initialized by user-defined `init_weights` in DIIHead  

roi_head.bbox_head.1.instance_interactive_conv.fc_layer.bias - torch.Size([256]): 
The value is the same before and after calling `init_weights` of SparseRCNN  

roi_head.bbox_head.1.instance_interactive_conv.fc_norm.weight - torch.Size([256]): 
The value is the same before and after calling `init_weights` of SparseRCNN  

roi_head.bbox_head.1.instance_interactive_conv.fc_norm.bias - torch.Size([256]): 
The value is the same before and after calling `init_weights` of SparseRCNN  

roi_head.bbox_head.1.instance_interactive_conv_norm.weight - torch.Size([256]): 
The value is the same before and after calling `init_weights` of SparseRCNN  

roi_head.bbox_head.1.instance_interactive_conv_norm.bias - torch.Size([256]): 
The value is the same before and after calling `init_weights` of SparseRCNN  

roi_head.bbox_head.1.ffn.layers.0.0.weight - torch.Size([2048, 256]): 
Initialized by user-defined `init_weights` in DIIHead  

roi_head.bbox_head.1.ffn.layers.0.0.bias - torch.Size([2048]): 
The value is the same before and after calling `init_weights` of SparseRCNN  

roi_head.bbox_head.1.ffn.layers.1.weight - torch.Size([256, 2048]): 
Initialized by user-defined `init_weights` in DIIHead  

roi_head.bbox_head.1.ffn.layers.1.bias - torch.Size([256]): 
The value is the same before and after calling `init_weights` of SparseRCNN  

roi_head.bbox_head.1.ffn_norm.weight - torch.Size([256]): 
The value is the same before and after calling `init_weights` of SparseRCNN  

roi_head.bbox_head.1.ffn_norm.bias - torch.Size([256]): 
The value is the same before and after calling `init_weights` of SparseRCNN  

roi_head.bbox_head.1.cls_fcs.0.weight - torch.Size([256, 256]): 
Initialized by user-defined `init_weights` in DIIHead  

roi_head.bbox_head.1.cls_fcs.1.weight - torch.Size([256]): 
The value is the same before and after calling `init_weights` of SparseRCNN  

roi_head.bbox_head.1.cls_fcs.1.bias - torch.Size([256]): 
The value is the same before and after calling `init_weights` of SparseRCNN  

roi_head.bbox_head.1.reg_fcs.0.weight - torch.Size([256, 256]): 
Initialized by user-defined `init_weights` in DIIHead  

roi_head.bbox_head.1.reg_fcs.1.weight - torch.Size([256]): 
The value is the same before and after calling `init_weights` of SparseRCNN  

roi_head.bbox_head.1.reg_fcs.1.bias - torch.Size([256]): 
The value is the same before and after calling `init_weights` of SparseRCNN  

roi_head.bbox_head.1.reg_fcs.3.weight - torch.Size([256, 256]): 
Initialized by user-defined `init_weights` in DIIHead  

roi_head.bbox_head.1.reg_fcs.4.weight - torch.Size([256]): 
The value is the same before and after calling `init_weights` of SparseRCNN  

roi_head.bbox_head.1.reg_fcs.4.bias - torch.Size([256]): 
The value is the same before and after calling `init_weights` of SparseRCNN  

roi_head.bbox_head.1.reg_fcs.6.weight - torch.Size([256, 256]): 
Initialized by user-defined `init_weights` in DIIHead  

roi_head.bbox_head.1.reg_fcs.7.weight - torch.Size([256]): 
The value is the same before and after calling `init_weights` of SparseRCNN  

roi_head.bbox_head.1.reg_fcs.7.bias - torch.Size([256]): 
The value is the same before and after calling `init_weights` of SparseRCNN  

roi_head.bbox_head.2.fc_cls.weight - torch.Size([20, 256]): 
Initialized by user-defined `init_weights` in DIIHead  

roi_head.bbox_head.2.fc_cls.bias - torch.Size([20]): 
Initialized by user-defined `init_weights` in DIIHead  

roi_head.bbox_head.2.fc_reg.weight - torch.Size([4, 256]): 
Initialized by user-defined `init_weights` in DIIHead  

roi_head.bbox_head.2.fc_reg.bias - torch.Size([4]): 
NormalInit: mean=0, std=0.001, bias=0 

roi_head.bbox_head.2.attention.attn.in_proj_weight - torch.Size([768, 256]): 
Initialized by user-defined `init_weights` in DIIHead  

roi_head.bbox_head.2.attention.attn.in_proj_bias - torch.Size([768]): 
The value is the same before and after calling `init_weights` of SparseRCNN  

roi_head.bbox_head.2.attention.attn.out_proj.weight - torch.Size([256, 256]): 
Initialized by user-defined `init_weights` in DIIHead  

roi_head.bbox_head.2.attention.attn.out_proj.bias - torch.Size([256]): 
The value is the same before and after calling `init_weights` of SparseRCNN  

roi_head.bbox_head.2.attention_norm.weight - torch.Size([256]): 
The value is the same before and after calling `init_weights` of SparseRCNN  

roi_head.bbox_head.2.attention_norm.bias - torch.Size([256]): 
The value is the same before and after calling `init_weights` of SparseRCNN  

roi_head.bbox_head.2.instance_interactive_conv.dynamic_layer.weight - torch.Size([32768, 256]): 
Initialized by user-defined `init_weights` in DIIHead  

roi_head.bbox_head.2.instance_interactive_conv.dynamic_layer.bias - torch.Size([32768]): 
The value is the same before and after calling `init_weights` of SparseRCNN  

roi_head.bbox_head.2.instance_interactive_conv.norm_in.weight - torch.Size([64]): 
The value is the same before and after calling `init_weights` of SparseRCNN  

roi_head.bbox_head.2.instance_interactive_conv.norm_in.bias - torch.Size([64]): 
The value is the same before and after calling `init_weights` of SparseRCNN  

roi_head.bbox_head.2.instance_interactive_conv.norm_out.weight - torch.Size([256]): 
The value is the same before and after calling `init_weights` of SparseRCNN  

roi_head.bbox_head.2.instance_interactive_conv.norm_out.bias - torch.Size([256]): 
The value is the same before and after calling `init_weights` of SparseRCNN  

roi_head.bbox_head.2.instance_interactive_conv.fc_layer.weight - torch.Size([256, 12544]): 
Initialized by user-defined `init_weights` in DIIHead  

roi_head.bbox_head.2.instance_interactive_conv.fc_layer.bias - torch.Size([256]): 
The value is the same before and after calling `init_weights` of SparseRCNN  

roi_head.bbox_head.2.instance_interactive_conv.fc_norm.weight - torch.Size([256]): 
The value is the same before and after calling `init_weights` of SparseRCNN  

roi_head.bbox_head.2.instance_interactive_conv.fc_norm.bias - torch.Size([256]): 
The value is the same before and after calling `init_weights` of SparseRCNN  

roi_head.bbox_head.2.instance_interactive_conv_norm.weight - torch.Size([256]): 
The value is the same before and after calling `init_weights` of SparseRCNN  

roi_head.bbox_head.2.instance_interactive_conv_norm.bias - torch.Size([256]): 
The value is the same before and after calling `init_weights` of SparseRCNN  

roi_head.bbox_head.2.ffn.layers.0.0.weight - torch.Size([2048, 256]): 
Initialized by user-defined `init_weights` in DIIHead  

roi_head.bbox_head.2.ffn.layers.0.0.bias - torch.Size([2048]): 
The value is the same before and after calling `init_weights` of SparseRCNN  

roi_head.bbox_head.2.ffn.layers.1.weight - torch.Size([256, 2048]): 
Initialized by user-defined `init_weights` in DIIHead  

roi_head.bbox_head.2.ffn.layers.1.bias - torch.Size([256]): 
The value is the same before and after calling `init_weights` of SparseRCNN  

roi_head.bbox_head.2.ffn_norm.weight - torch.Size([256]): 
The value is the same before and after calling `init_weights` of SparseRCNN  

roi_head.bbox_head.2.ffn_norm.bias - torch.Size([256]): 
The value is the same before and after calling `init_weights` of SparseRCNN  

roi_head.bbox_head.2.cls_fcs.0.weight - torch.Size([256, 256]): 
Initialized by user-defined `init_weights` in DIIHead  

roi_head.bbox_head.2.cls_fcs.1.weight - torch.Size([256]): 
The value is the same before and after calling `init_weights` of SparseRCNN  

roi_head.bbox_head.2.cls_fcs.1.bias - torch.Size([256]): 
The value is the same before and after calling `init_weights` of SparseRCNN  

roi_head.bbox_head.2.reg_fcs.0.weight - torch.Size([256, 256]): 
Initialized by user-defined `init_weights` in DIIHead  

roi_head.bbox_head.2.reg_fcs.1.weight - torch.Size([256]): 
The value is the same before and after calling `init_weights` of SparseRCNN  

roi_head.bbox_head.2.reg_fcs.1.bias - torch.Size([256]): 
The value is the same before and after calling `init_weights` of SparseRCNN  

roi_head.bbox_head.2.reg_fcs.3.weight - torch.Size([256, 256]): 
Initialized by user-defined `init_weights` in DIIHead  

roi_head.bbox_head.2.reg_fcs.4.weight - torch.Size([256]): 
The value is the same before and after calling `init_weights` of SparseRCNN  

roi_head.bbox_head.2.reg_fcs.4.bias - torch.Size([256]): 
The value is the same before and after calling `init_weights` of SparseRCNN  

roi_head.bbox_head.2.reg_fcs.6.weight - torch.Size([256, 256]): 
Initialized by user-defined `init_weights` in DIIHead  

roi_head.bbox_head.2.reg_fcs.7.weight - torch.Size([256]): 
The value is the same before and after calling `init_weights` of SparseRCNN  

roi_head.bbox_head.2.reg_fcs.7.bias - torch.Size([256]): 
The value is the same before and after calling `init_weights` of SparseRCNN  

roi_head.bbox_head.3.fc_cls.weight - torch.Size([20, 256]): 
Initialized by user-defined `init_weights` in DIIHead  

roi_head.bbox_head.3.fc_cls.bias - torch.Size([20]): 
Initialized by user-defined `init_weights` in DIIHead  

roi_head.bbox_head.3.fc_reg.weight - torch.Size([4, 256]): 
Initialized by user-defined `init_weights` in DIIHead  

roi_head.bbox_head.3.fc_reg.bias - torch.Size([4]): 
NormalInit: mean=0, std=0.001, bias=0 

roi_head.bbox_head.3.attention.attn.in_proj_weight - torch.Size([768, 256]): 
Initialized by user-defined `init_weights` in DIIHead  

roi_head.bbox_head.3.attention.attn.in_proj_bias - torch.Size([768]): 
The value is the same before and after calling `init_weights` of SparseRCNN  

roi_head.bbox_head.3.attention.attn.out_proj.weight - torch.Size([256, 256]): 
Initialized by user-defined `init_weights` in DIIHead  

roi_head.bbox_head.3.attention.attn.out_proj.bias - torch.Size([256]): 
The value is the same before and after calling `init_weights` of SparseRCNN  

roi_head.bbox_head.3.attention_norm.weight - torch.Size([256]): 
The value is the same before and after calling `init_weights` of SparseRCNN  

roi_head.bbox_head.3.attention_norm.bias - torch.Size([256]): 
The value is the same before and after calling `init_weights` of SparseRCNN  

roi_head.bbox_head.3.instance_interactive_conv.dynamic_layer.weight - torch.Size([32768, 256]): 
Initialized by user-defined `init_weights` in DIIHead  

roi_head.bbox_head.3.instance_interactive_conv.dynamic_layer.bias - torch.Size([32768]): 
The value is the same before and after calling `init_weights` of SparseRCNN  

roi_head.bbox_head.3.instance_interactive_conv.norm_in.weight - torch.Size([64]): 
The value is the same before and after calling `init_weights` of SparseRCNN  

roi_head.bbox_head.3.instance_interactive_conv.norm_in.bias - torch.Size([64]): 
The value is the same before and after calling `init_weights` of SparseRCNN  

roi_head.bbox_head.3.instance_interactive_conv.norm_out.weight - torch.Size([256]): 
The value is the same before and after calling `init_weights` of SparseRCNN  

roi_head.bbox_head.3.instance_interactive_conv.norm_out.bias - torch.Size([256]): 
The value is the same before and after calling `init_weights` of SparseRCNN  

roi_head.bbox_head.3.instance_interactive_conv.fc_layer.weight - torch.Size([256, 12544]): 
Initialized by user-defined `init_weights` in DIIHead  

roi_head.bbox_head.3.instance_interactive_conv.fc_layer.bias - torch.Size([256]): 
The value is the same before and after calling `init_weights` of SparseRCNN  

roi_head.bbox_head.3.instance_interactive_conv.fc_norm.weight - torch.Size([256]): 
The value is the same before and after calling `init_weights` of SparseRCNN  

roi_head.bbox_head.3.instance_interactive_conv.fc_norm.bias - torch.Size([256]): 
The value is the same before and after calling `init_weights` of SparseRCNN  

roi_head.bbox_head.3.instance_interactive_conv_norm.weight - torch.Size([256]): 
The value is the same before and after calling `init_weights` of SparseRCNN  

roi_head.bbox_head.3.instance_interactive_conv_norm.bias - torch.Size([256]): 
The value is the same before and after calling `init_weights` of SparseRCNN  

roi_head.bbox_head.3.ffn.layers.0.0.weight - torch.Size([2048, 256]): 
Initialized by user-defined `init_weights` in DIIHead  

roi_head.bbox_head.3.ffn.layers.0.0.bias - torch.Size([2048]): 
The value is the same before and after calling `init_weights` of SparseRCNN  

roi_head.bbox_head.3.ffn.layers.1.weight - torch.Size([256, 2048]): 
Initialized by user-defined `init_weights` in DIIHead  

roi_head.bbox_head.3.ffn.layers.1.bias - torch.Size([256]): 
The value is the same before and after calling `init_weights` of SparseRCNN  

roi_head.bbox_head.3.ffn_norm.weight - torch.Size([256]): 
The value is the same before and after calling `init_weights` of SparseRCNN  

roi_head.bbox_head.3.ffn_norm.bias - torch.Size([256]): 
The value is the same before and after calling `init_weights` of SparseRCNN  

roi_head.bbox_head.3.cls_fcs.0.weight - torch.Size([256, 256]): 
Initialized by user-defined `init_weights` in DIIHead  

roi_head.bbox_head.3.cls_fcs.1.weight - torch.Size([256]): 
The value is the same before and after calling `init_weights` of SparseRCNN  

roi_head.bbox_head.3.cls_fcs.1.bias - torch.Size([256]): 
The value is the same before and after calling `init_weights` of SparseRCNN  

roi_head.bbox_head.3.reg_fcs.0.weight - torch.Size([256, 256]): 
Initialized by user-defined `init_weights` in DIIHead  

roi_head.bbox_head.3.reg_fcs.1.weight - torch.Size([256]): 
The value is the same before and after calling `init_weights` of SparseRCNN  

roi_head.bbox_head.3.reg_fcs.1.bias - torch.Size([256]): 
The value is the same before and after calling `init_weights` of SparseRCNN  

roi_head.bbox_head.3.reg_fcs.3.weight - torch.Size([256, 256]): 
Initialized by user-defined `init_weights` in DIIHead  

roi_head.bbox_head.3.reg_fcs.4.weight - torch.Size([256]): 
The value is the same before and after calling `init_weights` of SparseRCNN  

roi_head.bbox_head.3.reg_fcs.4.bias - torch.Size([256]): 
The value is the same before and after calling `init_weights` of SparseRCNN  

roi_head.bbox_head.3.reg_fcs.6.weight - torch.Size([256, 256]): 
Initialized by user-defined `init_weights` in DIIHead  

roi_head.bbox_head.3.reg_fcs.7.weight - torch.Size([256]): 
The value is the same before and after calling `init_weights` of SparseRCNN  

roi_head.bbox_head.3.reg_fcs.7.bias - torch.Size([256]): 
The value is the same before and after calling `init_weights` of SparseRCNN  

roi_head.bbox_head.4.fc_cls.weight - torch.Size([20, 256]): 
Initialized by user-defined `init_weights` in DIIHead  

roi_head.bbox_head.4.fc_cls.bias - torch.Size([20]): 
Initialized by user-defined `init_weights` in DIIHead  

roi_head.bbox_head.4.fc_reg.weight - torch.Size([4, 256]): 
Initialized by user-defined `init_weights` in DIIHead  

roi_head.bbox_head.4.fc_reg.bias - torch.Size([4]): 
NormalInit: mean=0, std=0.001, bias=0 

roi_head.bbox_head.4.attention.attn.in_proj_weight - torch.Size([768, 256]): 
Initialized by user-defined `init_weights` in DIIHead  

roi_head.bbox_head.4.attention.attn.in_proj_bias - torch.Size([768]): 
The value is the same before and after calling `init_weights` of SparseRCNN  

roi_head.bbox_head.4.attention.attn.out_proj.weight - torch.Size([256, 256]): 
Initialized by user-defined `init_weights` in DIIHead  

roi_head.bbox_head.4.attention.attn.out_proj.bias - torch.Size([256]): 
The value is the same before and after calling `init_weights` of SparseRCNN  

roi_head.bbox_head.4.attention_norm.weight - torch.Size([256]): 
The value is the same before and after calling `init_weights` of SparseRCNN  

roi_head.bbox_head.4.attention_norm.bias - torch.Size([256]): 
The value is the same before and after calling `init_weights` of SparseRCNN  

roi_head.bbox_head.4.instance_interactive_conv.dynamic_layer.weight - torch.Size([32768, 256]): 
Initialized by user-defined `init_weights` in DIIHead  

roi_head.bbox_head.4.instance_interactive_conv.dynamic_layer.bias - torch.Size([32768]): 
The value is the same before and after calling `init_weights` of SparseRCNN  

roi_head.bbox_head.4.instance_interactive_conv.norm_in.weight - torch.Size([64]): 
The value is the same before and after calling `init_weights` of SparseRCNN  

roi_head.bbox_head.4.instance_interactive_conv.norm_in.bias - torch.Size([64]): 
The value is the same before and after calling `init_weights` of SparseRCNN  

roi_head.bbox_head.4.instance_interactive_conv.norm_out.weight - torch.Size([256]): 
The value is the same before and after calling `init_weights` of SparseRCNN  

roi_head.bbox_head.4.instance_interactive_conv.norm_out.bias - torch.Size([256]): 
The value is the same before and after calling `init_weights` of SparseRCNN  

roi_head.bbox_head.4.instance_interactive_conv.fc_layer.weight - torch.Size([256, 12544]): 
Initialized by user-defined `init_weights` in DIIHead  

roi_head.bbox_head.4.instance_interactive_conv.fc_layer.bias - torch.Size([256]): 
The value is the same before and after calling `init_weights` of SparseRCNN  

roi_head.bbox_head.4.instance_interactive_conv.fc_norm.weight - torch.Size([256]): 
The value is the same before and after calling `init_weights` of SparseRCNN  

roi_head.bbox_head.4.instance_interactive_conv.fc_norm.bias - torch.Size([256]): 
The value is the same before and after calling `init_weights` of SparseRCNN  

roi_head.bbox_head.4.instance_interactive_conv_norm.weight - torch.Size([256]): 
The value is the same before and after calling `init_weights` of SparseRCNN  

roi_head.bbox_head.4.instance_interactive_conv_norm.bias - torch.Size([256]): 
The value is the same before and after calling `init_weights` of SparseRCNN  

roi_head.bbox_head.4.ffn.layers.0.0.weight - torch.Size([2048, 256]): 
Initialized by user-defined `init_weights` in DIIHead  

roi_head.bbox_head.4.ffn.layers.0.0.bias - torch.Size([2048]): 
The value is the same before and after calling `init_weights` of SparseRCNN  

roi_head.bbox_head.4.ffn.layers.1.weight - torch.Size([256, 2048]): 
Initialized by user-defined `init_weights` in DIIHead  

roi_head.bbox_head.4.ffn.layers.1.bias - torch.Size([256]): 
The value is the same before and after calling `init_weights` of SparseRCNN  

roi_head.bbox_head.4.ffn_norm.weight - torch.Size([256]): 
The value is the same before and after calling `init_weights` of SparseRCNN  

roi_head.bbox_head.4.ffn_norm.bias - torch.Size([256]): 
The value is the same before and after calling `init_weights` of SparseRCNN  

roi_head.bbox_head.4.cls_fcs.0.weight - torch.Size([256, 256]): 
Initialized by user-defined `init_weights` in DIIHead  

roi_head.bbox_head.4.cls_fcs.1.weight - torch.Size([256]): 
The value is the same before and after calling `init_weights` of SparseRCNN  

roi_head.bbox_head.4.cls_fcs.1.bias - torch.Size([256]): 
The value is the same before and after calling `init_weights` of SparseRCNN  

roi_head.bbox_head.4.reg_fcs.0.weight - torch.Size([256, 256]): 
Initialized by user-defined `init_weights` in DIIHead  

roi_head.bbox_head.4.reg_fcs.1.weight - torch.Size([256]): 
The value is the same before and after calling `init_weights` of SparseRCNN  

roi_head.bbox_head.4.reg_fcs.1.bias - torch.Size([256]): 
The value is the same before and after calling `init_weights` of SparseRCNN  

roi_head.bbox_head.4.reg_fcs.3.weight - torch.Size([256, 256]): 
Initialized by user-defined `init_weights` in DIIHead  

roi_head.bbox_head.4.reg_fcs.4.weight - torch.Size([256]): 
The value is the same before and after calling `init_weights` of SparseRCNN  

roi_head.bbox_head.4.reg_fcs.4.bias - torch.Size([256]): 
The value is the same before and after calling `init_weights` of SparseRCNN  

roi_head.bbox_head.4.reg_fcs.6.weight - torch.Size([256, 256]): 
Initialized by user-defined `init_weights` in DIIHead  

roi_head.bbox_head.4.reg_fcs.7.weight - torch.Size([256]): 
The value is the same before and after calling `init_weights` of SparseRCNN  

roi_head.bbox_head.4.reg_fcs.7.bias - torch.Size([256]): 
The value is the same before and after calling `init_weights` of SparseRCNN  

roi_head.bbox_head.5.fc_cls.weight - torch.Size([20, 256]): 
Initialized by user-defined `init_weights` in DIIHead  

roi_head.bbox_head.5.fc_cls.bias - torch.Size([20]): 
Initialized by user-defined `init_weights` in DIIHead  

roi_head.bbox_head.5.fc_reg.weight - torch.Size([4, 256]): 
Initialized by user-defined `init_weights` in DIIHead  

roi_head.bbox_head.5.fc_reg.bias - torch.Size([4]): 
NormalInit: mean=0, std=0.001, bias=0 

roi_head.bbox_head.5.attention.attn.in_proj_weight - torch.Size([768, 256]): 
Initialized by user-defined `init_weights` in DIIHead  

roi_head.bbox_head.5.attention.attn.in_proj_bias - torch.Size([768]): 
The value is the same before and after calling `init_weights` of SparseRCNN  

roi_head.bbox_head.5.attention.attn.out_proj.weight - torch.Size([256, 256]): 
Initialized by user-defined `init_weights` in DIIHead  

roi_head.bbox_head.5.attention.attn.out_proj.bias - torch.Size([256]): 
The value is the same before and after calling `init_weights` of SparseRCNN  

roi_head.bbox_head.5.attention_norm.weight - torch.Size([256]): 
The value is the same before and after calling `init_weights` of SparseRCNN  

roi_head.bbox_head.5.attention_norm.bias - torch.Size([256]): 
The value is the same before and after calling `init_weights` of SparseRCNN  

roi_head.bbox_head.5.instance_interactive_conv.dynamic_layer.weight - torch.Size([32768, 256]): 
Initialized by user-defined `init_weights` in DIIHead  

roi_head.bbox_head.5.instance_interactive_conv.dynamic_layer.bias - torch.Size([32768]): 
The value is the same before and after calling `init_weights` of SparseRCNN  

roi_head.bbox_head.5.instance_interactive_conv.norm_in.weight - torch.Size([64]): 
The value is the same before and after calling `init_weights` of SparseRCNN  

roi_head.bbox_head.5.instance_interactive_conv.norm_in.bias - torch.Size([64]): 
The value is the same before and after calling `init_weights` of SparseRCNN  

roi_head.bbox_head.5.instance_interactive_conv.norm_out.weight - torch.Size([256]): 
The value is the same before and after calling `init_weights` of SparseRCNN  

roi_head.bbox_head.5.instance_interactive_conv.norm_out.bias - torch.Size([256]): 
The value is the same before and after calling `init_weights` of SparseRCNN  

roi_head.bbox_head.5.instance_interactive_conv.fc_layer.weight - torch.Size([256, 12544]): 
Initialized by user-defined `init_weights` in DIIHead  

roi_head.bbox_head.5.instance_interactive_conv.fc_layer.bias - torch.Size([256]): 
The value is the same before and after calling `init_weights` of SparseRCNN  

roi_head.bbox_head.5.instance_interactive_conv.fc_norm.weight - torch.Size([256]): 
The value is the same before and after calling `init_weights` of SparseRCNN  

roi_head.bbox_head.5.instance_interactive_conv.fc_norm.bias - torch.Size([256]): 
The value is the same before and after calling `init_weights` of SparseRCNN  

roi_head.bbox_head.5.instance_interactive_conv_norm.weight - torch.Size([256]): 
The value is the same before and after calling `init_weights` of SparseRCNN  

roi_head.bbox_head.5.instance_interactive_conv_norm.bias - torch.Size([256]): 
The value is the same before and after calling `init_weights` of SparseRCNN  

roi_head.bbox_head.5.ffn.layers.0.0.weight - torch.Size([2048, 256]): 
Initialized by user-defined `init_weights` in DIIHead  

roi_head.bbox_head.5.ffn.layers.0.0.bias - torch.Size([2048]): 
The value is the same before and after calling `init_weights` of SparseRCNN  

roi_head.bbox_head.5.ffn.layers.1.weight - torch.Size([256, 2048]): 
Initialized by user-defined `init_weights` in DIIHead  

roi_head.bbox_head.5.ffn.layers.1.bias - torch.Size([256]): 
The value is the same before and after calling `init_weights` of SparseRCNN  

roi_head.bbox_head.5.ffn_norm.weight - torch.Size([256]): 
The value is the same before and after calling `init_weights` of SparseRCNN  

roi_head.bbox_head.5.ffn_norm.bias - torch.Size([256]): 
The value is the same before and after calling `init_weights` of SparseRCNN  

roi_head.bbox_head.5.cls_fcs.0.weight - torch.Size([256, 256]): 
Initialized by user-defined `init_weights` in DIIHead  

roi_head.bbox_head.5.cls_fcs.1.weight - torch.Size([256]): 
The value is the same before and after calling `init_weights` of SparseRCNN  

roi_head.bbox_head.5.cls_fcs.1.bias - torch.Size([256]): 
The value is the same before and after calling `init_weights` of SparseRCNN  

roi_head.bbox_head.5.reg_fcs.0.weight - torch.Size([256, 256]): 
Initialized by user-defined `init_weights` in DIIHead  

roi_head.bbox_head.5.reg_fcs.1.weight - torch.Size([256]): 
The value is the same before and after calling `init_weights` of SparseRCNN  

roi_head.bbox_head.5.reg_fcs.1.bias - torch.Size([256]): 
The value is the same before and after calling `init_weights` of SparseRCNN  

roi_head.bbox_head.5.reg_fcs.3.weight - torch.Size([256, 256]): 
Initialized by user-defined `init_weights` in DIIHead  

roi_head.bbox_head.5.reg_fcs.4.weight - torch.Size([256]): 
The value is the same before and after calling `init_weights` of SparseRCNN  

roi_head.bbox_head.5.reg_fcs.4.bias - torch.Size([256]): 
The value is the same before and after calling `init_weights` of SparseRCNN  

roi_head.bbox_head.5.reg_fcs.6.weight - torch.Size([256, 256]): 
Initialized by user-defined `init_weights` in DIIHead  

roi_head.bbox_head.5.reg_fcs.7.weight - torch.Size([256]): 
The value is the same before and after calling `init_weights` of SparseRCNN  

roi_head.bbox_head.5.reg_fcs.7.bias - torch.Size([256]): 
The value is the same before and after calling `init_weights` of SparseRCNN  
2025/05/18 10:12:44 - mmengine - WARNING - "FileClient" will be deprecated in future. Please use io functions in https://mmengine.readthedocs.io/en/latest/api/fileio.html#file-io
2025/05/18 10:12:44 - mmengine - WARNING - "HardDiskBackend" is the alias of "LocalBackend" and the former will be deprecated in future.
2025/05/18 10:12:44 - mmengine - INFO - Checkpoints will be saved to /kaggle/working/mmdetection/work_dirs/sparse-rcnn-cuda.
2025/05/18 10:12:58 - mmengine - INFO - Epoch(train) [1][  50/8276]  lr: 2.4775e-06  eta: 3:42:46  time: 0.2694  data_time: 0.0085  memory: 2063  grad_norm: 70977.9278  loss: 75.2613  s0.loss_cls: 2.0975  s0.pos_acc: 0.0000  s0.loss_bbox: 2.2913  s0.loss_iou: 1.2881  s1.loss_cls: 2.0194  s1.pos_acc: 0.0000  s1.loss_bbox: 4.8876  s1.loss_iou: 1.7023  s2.loss_cls: 2.2916  s2.pos_acc: 0.0000  s2.loss_bbox: 11.8090  s2.loss_iou: 2.1527  s3.loss_cls: 2.2231  s3.pos_acc: 0.0000  s3.loss_bbox: 12.1031  s3.loss_iou: 2.3396  s4.loss_cls: 2.0848  s4.pos_acc: 0.0000  s4.loss_bbox: 9.8158  s4.loss_iou: 2.1492  s5.loss_cls: 2.0697  s5.pos_acc: 0.0000  s5.loss_bbox: 9.8039  s5.loss_iou: 2.1327
2025/05/18 10:13:10 - mmengine - INFO - Epoch(train) [1][ 100/8276]  lr: 4.9800e-06  eta: 3:30:30  time: 0.2403  data_time: 0.0059  memory: 2063  grad_norm: 33399.1005  loss: 45.6312  s0.loss_cls: 2.0986  s0.pos_acc: 40.0000  s0.loss_bbox: 2.0142  s0.loss_iou: 1.1914  s1.loss_cls: 1.9729  s1.pos_acc: 0.0000  s1.loss_bbox: 3.3949  s1.loss_iou: 1.5311  s2.loss_cls: 2.2254  s2.pos_acc: 20.0000  s2.loss_bbox: 5.8936  s2.loss_iou: 1.9959  s3.loss_cls: 2.1120  s3.pos_acc: 0.0000  s3.loss_bbox: 4.8199  s3.loss_iou: 1.9490  s4.loss_cls: 1.9941  s4.pos_acc: 0.0000  s4.loss_bbox: 3.5942  s4.loss_iou: 1.7317  s5.loss_cls: 2.0016  s5.pos_acc: 20.0000  s5.loss_bbox: 3.3683  s5.loss_iou: 1.7423
2025/05/18 10:13:22 - mmengine - INFO - Epoch(train) [1][ 150/8276]  lr: 7.4825e-06  eta: 3:27:14  time: 0.2438  data_time: 0.0061  memory: 2063  grad_norm: 18611.3739  loss: 35.4257  s0.loss_cls: 2.0977  s0.pos_acc: 0.0000  s0.loss_bbox: 1.9126  s0.loss_iou: 1.1311  s1.loss_cls: 1.8849  s1.pos_acc: 0.0000  s1.loss_bbox: 2.3823  s1.loss_iou: 1.3101  s2.loss_cls: 2.2848  s2.pos_acc: 0.0000  s2.loss_bbox: 2.8150  s2.loss_iou: 1.4968  s3.loss_cls: 1.9102  s3.pos_acc: 0.0000  s3.loss_bbox: 2.5775  s3.loss_iou: 1.4864  s4.loss_cls: 1.9855  s4.pos_acc: 0.0000  s4.loss_bbox: 2.6130  s4.loss_iou: 1.5469  s5.loss_cls: 1.9246  s5.pos_acc: 50.0000  s5.loss_bbox: 2.5308  s5.loss_iou: 1.5354
2025/05/18 10:13:34 - mmengine - INFO - Epoch(train) [1][ 200/8276]  lr: 9.9850e-06  eta: 3:25:50  time: 0.2454  data_time: 0.0062  memory: 2063  grad_norm: 3507.4446  loss: 31.0709  s0.loss_cls: 1.9710  s0.pos_acc: 16.6667  s0.loss_bbox: 1.6498  s0.loss_iou: 1.1127  s1.loss_cls: 1.8365  s1.pos_acc: 33.3333  s1.loss_bbox: 1.9668  s1.loss_iou: 1.3048  s2.loss_cls: 1.9107  s2.pos_acc: 50.0000  s2.loss_bbox: 1.9436  s2.loss_iou: 1.2734  s3.loss_cls: 1.9071  s3.pos_acc: 33.3333  s3.loss_bbox: 1.8893  s3.loss_iou: 1.2534  s4.loss_cls: 1.8284  s4.pos_acc: 50.0000  s4.loss_bbox: 2.1796  s4.loss_iou: 1.3905  s5.loss_cls: 1.7989  s5.pos_acc: 66.6667  s5.loss_bbox: 2.3154  s5.loss_iou: 1.5392
2025/05/18 10:13:47 - mmengine - INFO - Epoch(train) [1][ 250/8276]  lr: 1.2487e-05  eta: 3:27:01  time: 0.2581  data_time: 0.0069  memory: 2063  grad_norm: 1380.9108  loss: 30.7626  s0.loss_cls: 1.9386  s0.pos_acc: 33.3333  s0.loss_bbox: 1.7531  s0.loss_iou: 1.1905  s1.loss_cls: 1.7966  s1.pos_acc: 33.3333  s1.loss_bbox: 1.8419  s1.loss_iou: 1.2301  s2.loss_cls: 1.8151  s2.pos_acc: 33.3333  s2.loss_bbox: 1.9292  s2.loss_iou: 1.3002  s3.loss_cls: 1.7691  s3.pos_acc: 0.0000  s3.loss_bbox: 1.9461  s3.loss_iou: 1.3205  s4.loss_cls: 1.7310  s4.pos_acc: 33.3333  s4.loss_bbox: 2.2762  s4.loss_iou: 1.4324  s5.loss_cls: 1.7309  s5.pos_acc: 0.0000  s5.loss_bbox: 2.2946  s5.loss_iou: 1.4665
2025/05/18 10:13:59 - mmengine - INFO - Epoch(train) [1][ 300/8276]  lr: 1.4990e-05  eta: 3:26:21  time: 0.2481  data_time: 0.0061  memory: 2065  grad_norm: 1903.4451  loss: 31.4273  s0.loss_cls: 1.8869  s0.pos_acc: 0.0000  s0.loss_bbox: 1.6746  s0.loss_iou: 1.0675  s1.loss_cls: 1.7812  s1.pos_acc: 25.0000  s1.loss_bbox: 1.9602  s1.loss_iou: 1.1872  s2.loss_cls: 2.0031  s2.pos_acc: 25.0000  s2.loss_bbox: 2.0533  s2.loss_iou: 1.2265  s3.loss_cls: 1.7364  s3.pos_acc: 25.0000  s3.loss_bbox: 2.3012  s3.loss_iou: 1.3143  s4.loss_cls: 1.7502  s4.pos_acc: 25.0000  s4.loss_bbox: 2.5901  s4.loss_iou: 1.4014  s5.loss_cls: 1.7098  s5.pos_acc: 25.0000  s5.loss_bbox: 2.3922  s5.loss_iou: 1.3916
2025/05/18 10:14:12 - mmengine - INFO - Epoch(train) [1][ 350/8276]  lr: 1.7492e-05  eta: 3:25:32  time: 0.2457  data_time: 0.0056  memory: 2064  grad_norm: 751.0187  loss: 31.4161  s0.loss_cls: 1.8832  s0.pos_acc: 0.0000  s0.loss_bbox: 1.8882  s0.loss_iou: 1.1979  s1.loss_cls: 1.7555  s1.pos_acc: 33.3333  s1.loss_bbox: 2.2222  s1.loss_iou: 1.3195  s2.loss_cls: 1.8620  s2.pos_acc: 0.0000  s2.loss_bbox: 2.0369  s2.loss_iou: 1.3192  s3.loss_cls: 1.7299  s3.pos_acc: 33.3333  s3.loss_bbox: 2.0711  s3.loss_iou: 1.3380  s4.loss_cls: 1.6370  s4.pos_acc: 0.0000  s4.loss_bbox: 2.1616  s4.loss_iou: 1.4135  s5.loss_cls: 1.6360  s5.pos_acc: 0.0000  s5.loss_bbox: 2.4720  s5.loss_iou: 1.4723
2025/05/18 10:14:25 - mmengine - INFO - Epoch(train) [1][ 400/8276]  lr: 1.9995e-05  eta: 3:26:31  time: 0.2616  data_time: 0.0068  memory: 2065  grad_norm: 452.4555  loss: 31.5169  s0.loss_cls: 1.7244  s0.pos_acc: 33.3333  s0.loss_bbox: 1.7095  s0.loss_iou: 1.1473  s1.loss_cls: 1.6711  s1.pos_acc: 33.3333  s1.loss_bbox: 2.1433  s1.loss_iou: 1.2819  s2.loss_cls: 1.7221  s2.pos_acc: 33.3333  s2.loss_bbox: 2.1478  s2.loss_iou: 1.2980  s3.loss_cls: 1.6729  s3.pos_acc: 33.3333  s3.loss_bbox: 2.4632  s3.loss_iou: 1.4819  s4.loss_cls: 1.6147  s4.pos_acc: 33.3333  s4.loss_bbox: 2.2927  s4.loss_iou: 1.4055  s5.loss_cls: 1.5658  s5.pos_acc: 33.3333  s5.loss_bbox: 2.7863  s5.loss_iou: 1.3887
2025/05/18 10:14:38 - mmengine - INFO - Epoch(train) [1][ 450/8276]  lr: 2.2497e-05  eta: 3:26:52  time: 0.2577  data_time: 0.0065  memory: 2063  grad_norm: 353.6800  loss: 31.0836  s0.loss_cls: 1.7249  s0.pos_acc: 20.0000  s0.loss_bbox: 1.7892  s0.loss_iou: 1.1634  s1.loss_cls: 1.7271  s1.pos_acc: 0.0000  s1.loss_bbox: 1.9178  s1.loss_iou: 1.2473  s2.loss_cls: 1.7024  s2.pos_acc: 20.0000  s2.loss_bbox: 2.0068  s2.loss_iou: 1.2811  s3.loss_cls: 1.6702  s3.pos_acc: 20.0000  s3.loss_bbox: 2.2021  s3.loss_iou: 1.3840  s4.loss_cls: 1.6605  s4.pos_acc: 20.0000  s4.loss_bbox: 2.4712  s4.loss_iou: 1.5503  s5.loss_cls: 1.6080  s5.pos_acc: 20.0000  s5.loss_bbox: 2.4942  s5.loss_iou: 1.4833
2025/05/18 10:14:50 - mmengine - INFO - Epoch(train) [1][ 500/8276]  lr: 2.5000e-05  eta: 3:26:33  time: 0.2509  data_time: 0.0056  memory: 2064  grad_norm: 279.7445  loss: 29.4151  s0.loss_cls: 1.7305  s0.pos_acc: 33.3333  s0.loss_bbox: 1.7784  s0.loss_iou: 1.1399  s1.loss_cls: 1.6180  s1.pos_acc: 33.3333  s1.loss_bbox: 1.8216  s1.loss_iou: 1.1745  s2.loss_cls: 1.6309  s2.pos_acc: 33.3333  s2.loss_bbox: 1.9906  s2.loss_iou: 1.2193  s3.loss_cls: 1.6278  s3.pos_acc: 33.3333  s3.loss_bbox: 2.0454  s3.loss_iou: 1.2663  s4.loss_cls: 1.6142  s4.pos_acc: 33.3333  s4.loss_bbox: 2.1752  s4.loss_iou: 1.3095  s5.loss_cls: 1.5923  s5.pos_acc: 33.3333  s5.loss_bbox: 2.3154  s5.loss_iou: 1.3651
2025/05/18 10:15:03 - mmengine - INFO - Epoch(train) [1][ 550/8276]  lr: 2.5000e-05  eta: 3:27:04  time: 0.2620  data_time: 0.0064  memory: 2064  grad_norm: 269.5954  loss: 30.2683  s0.loss_cls: 1.7021  s0.pos_acc: 18.7500  s0.loss_bbox: 1.9522  s0.loss_iou: 1.2640  s1.loss_cls: 1.5765  s1.pos_acc: 0.0000  s1.loss_bbox: 1.7692  s1.loss_iou: 1.2013  s2.loss_cls: 1.5878  s2.pos_acc: 6.2500  s2.loss_bbox: 1.9092  s2.loss_iou: 1.2544  s3.loss_cls: 1.6002  s3.pos_acc: 6.2500  s3.loss_bbox: 1.9271  s3.loss_iou: 1.2745  s4.loss_cls: 1.5390  s4.pos_acc: 6.2500  s4.loss_bbox: 2.4371  s4.loss_iou: 1.4507  s5.loss_cls: 1.5878  s5.pos_acc: 6.2500  s5.loss_bbox: 2.6640  s5.loss_iou: 1.5711
2025/05/18 10:15:17 - mmengine - INFO - Epoch(train) [1][ 600/8276]  lr: 2.5000e-05  eta: 3:28:01  time: 0.2699  data_time: 0.0067  memory: 2063  grad_norm: 248.0835  loss: 28.2519  s0.loss_cls: 1.6486  s0.pos_acc: 0.0000  s0.loss_bbox: 1.7709  s0.loss_iou: 1.1396  s1.loss_cls: 1.6102  s1.pos_acc: 0.0000  s1.loss_bbox: 1.5990  s1.loss_iou: 1.0863  s2.loss_cls: 1.6162  s2.pos_acc: 0.0000  s2.loss_bbox: 1.6827  s2.loss_iou: 1.0915  s3.loss_cls: 1.5414  s3.pos_acc: 0.0000  s3.loss_bbox: 1.9101  s3.loss_iou: 1.1644  s4.loss_cls: 1.5875  s4.pos_acc: 0.0000  s4.loss_bbox: 2.0735  s4.loss_iou: 1.2636  s5.loss_cls: 1.6047  s5.pos_acc: 0.0000  s5.loss_bbox: 2.4111  s5.loss_iou: 1.4506
2025/05/18 10:15:30 - mmengine - INFO - Epoch(train) [1][ 650/8276]  lr: 2.5000e-05  eta: 3:27:58  time: 0.2572  data_time: 0.0064  memory: 2064  grad_norm: 213.2731  loss: 27.2444  s0.loss_cls: 1.5934  s0.pos_acc: 50.0000  s0.loss_bbox: 1.5691  s0.loss_iou: 1.0876  s1.loss_cls: 1.5959  s1.pos_acc: 50.0000  s1.loss_bbox: 1.6526  s1.loss_iou: 1.1219  s2.loss_cls: 1.5130  s2.pos_acc: 50.0000  s2.loss_bbox: 1.7589  s2.loss_iou: 1.1434  s3.loss_cls: 1.5371  s3.pos_acc: 50.0000  s3.loss_bbox: 1.6918  s3.loss_iou: 1.1368  s4.loss_cls: 1.5205  s4.pos_acc: 50.0000  s4.loss_bbox: 2.0044  s4.loss_iou: 1.3317  s5.loss_cls: 1.5028  s5.pos_acc: 50.0000  s5.loss_bbox: 2.1076  s5.loss_iou: 1.3758
2025/05/18 10:15:43 - mmengine - INFO - Epoch(train) [1][ 700/8276]  lr: 2.5000e-05  eta: 3:28:04  time: 0.2600  data_time: 0.0066  memory: 2064  grad_norm: 206.8787  loss: 28.8954  s0.loss_cls: 1.6318  s0.pos_acc: 0.0000  s0.loss_bbox: 1.6974  s0.loss_iou: 1.1655  s1.loss_cls: 1.5796  s1.pos_acc: 0.0000  s1.loss_bbox: 1.6938  s1.loss_iou: 1.1265  s2.loss_cls: 1.5606  s2.pos_acc: 0.0000  s2.loss_bbox: 1.9182  s2.loss_iou: 1.2025  s3.loss_cls: 1.5433  s3.pos_acc: 0.0000  s3.loss_bbox: 2.1191  s3.loss_iou: 1.3161  s4.loss_cls: 1.5389  s4.pos_acc: 0.0000  s4.loss_bbox: 2.2174  s4.loss_iou: 1.3478  s5.loss_cls: 1.4937  s5.pos_acc: 0.0000  s5.loss_bbox: 2.3629  s5.loss_iou: 1.3803
2025/05/18 10:15:56 - mmengine - INFO - Epoch(train) [1][ 750/8276]  lr: 2.5000e-05  eta: 3:28:22  time: 0.2643  data_time: 0.0066  memory: 2063  grad_norm: 192.9035  loss: 27.2600  s0.loss_cls: 1.4904  s0.pos_acc: 33.3333  s0.loss_bbox: 1.4638  s0.loss_iou: 1.0091  s1.loss_cls: 1.5396  s1.pos_acc: 33.3333  s1.loss_bbox: 1.5439  s1.loss_iou: 1.0515  s2.loss_cls: 1.5220  s2.pos_acc: 33.3333  s2.loss_bbox: 1.8078  s2.loss_iou: 1.1790  s3.loss_cls: 1.4799  s3.pos_acc: 33.3333  s3.loss_bbox: 1.8723  s3.loss_iou: 1.2205  s4.loss_cls: 1.4697  s4.pos_acc: 33.3333  s4.loss_bbox: 2.0724  s4.loss_iou: 1.3072  s5.loss_cls: 1.4597  s5.pos_acc: 33.3333  s5.loss_bbox: 2.3551  s5.loss_iou: 1.4160
2025/05/18 10:16:08 - mmengine - INFO - Epoch(train) [1][ 800/8276]  lr: 2.5000e-05  eta: 3:27:56  time: 0.2514  data_time: 0.0053  memory: 2064  grad_norm: 203.3327  loss: 26.9680  s0.loss_cls: 1.5748  s0.pos_acc: 0.0000  s0.loss_bbox: 1.3432  s0.loss_iou: 0.9987  s1.loss_cls: 1.5194  s1.pos_acc: 0.0000  s1.loss_bbox: 1.6860  s1.loss_iou: 1.1239  s2.loss_cls: 1.5147  s2.pos_acc: 0.0000  s2.loss_bbox: 1.7927  s2.loss_iou: 1.1464  s3.loss_cls: 1.5229  s3.pos_acc: 0.0000  s3.loss_bbox: 1.8454  s3.loss_iou: 1.1397  s4.loss_cls: 1.4990  s4.pos_acc: 0.0000  s4.loss_bbox: 2.0180  s4.loss_iou: 1.2213  s5.loss_cls: 1.4667  s5.pos_acc: 0.0000  s5.loss_bbox: 2.2900  s5.loss_iou: 1.2652
2025/05/18 10:16:21 - mmengine - INFO - Epoch(train) [1][ 850/8276]  lr: 2.5000e-05  eta: 3:27:39  time: 0.2540  data_time: 0.0056  memory: 2063  grad_norm: 181.6746  loss: 25.9901  s0.loss_cls: 1.5875  s0.pos_acc: 57.1429  s0.loss_bbox: 1.4970  s0.loss_iou: 1.0833  s1.loss_cls: 1.5310  s1.pos_acc: 28.5714  s1.loss_bbox: 1.4907  s1.loss_iou: 1.0880  s2.loss_cls: 1.5191  s2.pos_acc: 28.5714  s2.loss_bbox: 1.6007  s2.loss_iou: 1.1284  s3.loss_cls: 1.4669  s3.pos_acc: 28.5714  s3.loss_bbox: 1.6711  s3.loss_iou: 1.1540  s4.loss_cls: 1.4866  s4.pos_acc: 28.5714  s4.loss_bbox: 1.8054  s4.loss_iou: 1.2166  s5.loss_cls: 1.4308  s5.pos_acc: 28.5714  s5.loss_bbox: 1.9616  s5.loss_iou: 1.2712
2025/05/18 10:16:35 - mmengine - INFO - Epoch(train) [1][ 900/8276]  lr: 2.5000e-05  eta: 3:28:01  time: 0.2680  data_time: 0.0057  memory: 2064  grad_norm: 187.5586  loss: 25.4967  s0.loss_cls: 1.5224  s0.pos_acc: 30.0000  s0.loss_bbox: 1.4009  s0.loss_iou: 1.0098  s1.loss_cls: 1.5032  s1.pos_acc: 80.0000  s1.loss_bbox: 1.3545  s1.loss_iou: 0.9829  s2.loss_cls: 1.4568  s2.pos_acc: 80.0000  s2.loss_bbox: 1.4819  s2.loss_iou: 1.0585  s3.loss_cls: 1.4974  s3.pos_acc: 80.0000  s3.loss_bbox: 1.5774  s3.loss_iou: 1.0846  s4.loss_cls: 1.5124  s4.pos_acc: 80.0000  s4.loss_bbox: 1.9134  s4.loss_iou: 1.2322  s5.loss_cls: 1.4772  s5.pos_acc: 80.0000  s5.loss_bbox: 2.1406  s5.loss_iou: 1.2906
2025/05/18 10:16:48 - mmengine - INFO - Epoch(train) [1][ 950/8276]  lr: 2.5000e-05  eta: 3:28:15  time: 0.2663  data_time: 0.0070  memory: 2064  grad_norm: 169.6205  loss: 23.8960  s0.loss_cls: 1.4399  s0.pos_acc: 0.0000  s0.loss_bbox: 1.3868  s0.loss_iou: 0.9868  s1.loss_cls: 1.4214  s1.pos_acc: 0.0000  s1.loss_bbox: 1.4333  s1.loss_iou: 1.0280  s2.loss_cls: 1.3857  s2.pos_acc: 0.0000  s2.loss_bbox: 1.4777  s2.loss_iou: 1.0517  s3.loss_cls: 1.4003  s3.pos_acc: 0.0000  s3.loss_bbox: 1.4759  s3.loss_iou: 1.0460  s4.loss_cls: 1.3662  s4.pos_acc: 0.0000  s4.loss_bbox: 1.7311  s4.loss_iou: 1.1523  s5.loss_cls: 1.3811  s5.pos_acc: 0.0000  s5.loss_bbox: 1.6125  s5.loss_iou: 1.1193
2025/05/18 10:17:01 - mmengine - INFO - Exp name: sparse-rcnn_voc_20250518_101231
2025/05/18 10:17:01 - mmengine - INFO - Epoch(train) [1][1000/8276]  lr: 2.5000e-05  eta: 3:28:29  time: 0.2678  data_time: 0.0074  memory: 2063  grad_norm: 178.8194  loss: 23.6812  s0.loss_cls: 1.5232  s0.pos_acc: 0.0000  s0.loss_bbox: 1.3244  s0.loss_iou: 0.9797  s1.loss_cls: 1.4841  s1.pos_acc: 50.0000  s1.loss_bbox: 1.3243  s1.loss_iou: 0.9915  s2.loss_cls: 1.4727  s2.pos_acc: 50.0000  s2.loss_bbox: 1.3665  s2.loss_iou: 1.0122  s3.loss_cls: 1.4921  s3.pos_acc: 50.0000  s3.loss_bbox: 1.3747  s3.loss_iou: 1.0211  s4.loss_cls: 1.4363  s4.pos_acc: 0.0000  s4.loss_bbox: 1.5727  s4.loss_iou: 1.0760  s5.loss_cls: 1.4870  s5.pos_acc: 0.0000  s5.loss_bbox: 1.6319  s5.loss_iou: 1.1107
2025/05/18 10:17:14 - mmengine - INFO - Epoch(train) [1][1050/8276]  lr: 2.5000e-05  eta: 3:28:16  time: 0.2568  data_time: 0.0059  memory: 2064  grad_norm: 170.2535  loss: 23.6516  s0.loss_cls: 1.4814  s0.pos_acc: 0.0000  s0.loss_bbox: 1.4499  s0.loss_iou: 0.9930  s1.loss_cls: 1.4042  s1.pos_acc: 33.3333  s1.loss_bbox: 1.4367  s1.loss_iou: 1.0059  s2.loss_cls: 1.3998  s2.pos_acc: 33.3333  s2.loss_bbox: 1.4033  s2.loss_iou: 0.9888  s3.loss_cls: 1.4140  s3.pos_acc: 33.3333  s3.loss_bbox: 1.3994  s3.loss_iou: 0.9940  s4.loss_cls: 1.3913  s4.pos_acc: 33.3333  s4.loss_bbox: 1.6141  s4.loss_iou: 1.0647  s5.loss_cls: 1.4238  s5.pos_acc: 33.3333  s5.loss_bbox: 1.6818  s5.loss_iou: 1.1054
2025/05/18 10:17:27 - mmengine - INFO - Epoch(train) [1][1100/8276]  lr: 2.5000e-05  eta: 3:27:54  time: 0.2532  data_time: 0.0056  memory: 2064  grad_norm: 190.4430  loss: 22.5226  s0.loss_cls: 1.5471  s0.pos_acc: 0.0000  s0.loss_bbox: 1.3814  s0.loss_iou: 0.9369  s1.loss_cls: 1.4466  s1.pos_acc: 50.0000  s1.loss_bbox: 1.2853  s1.loss_iou: 0.8881  s2.loss_cls: 1.4628  s2.pos_acc: 50.0000  s2.loss_bbox: 1.2336  s2.loss_iou: 0.8608  s3.loss_cls: 1.4845  s3.pos_acc: 50.0000  s3.loss_bbox: 1.2821  s3.loss_iou: 0.8792  s4.loss_cls: 1.4367  s4.pos_acc: 50.0000  s4.loss_bbox: 1.4649  s4.loss_iou: 0.9682  s5.loss_cls: 1.4599  s5.pos_acc: 50.0000  s5.loss_bbox: 1.5167  s5.loss_iou: 0.9877
2025/05/18 10:17:40 - mmengine - INFO - Epoch(train) [1][1150/8276]  lr: 2.5000e-05  eta: 3:27:40  time: 0.2562  data_time: 0.0062  memory: 2063  grad_norm: 175.6955  loss: 21.5829  s0.loss_cls: 1.4639  s0.pos_acc: 57.1429  s0.loss_bbox: 1.2923  s0.loss_iou: 0.9367  s1.loss_cls: 1.4104  s1.pos_acc: 85.7143  s1.loss_bbox: 1.2565  s1.loss_iou: 0.9314  s2.loss_cls: 1.3861  s2.pos_acc: 71.4286  s2.loss_bbox: 1.1637  s2.loss_iou: 0.8802  s3.loss_cls: 1.3768  s3.pos_acc: 71.4286  s3.loss_bbox: 1.2111  s3.loss_iou: 0.9084  s4.loss_cls: 1.3549  s4.pos_acc: 85.7143  s4.loss_bbox: 1.3697  s4.loss_iou: 0.9696  s5.loss_cls: 1.3877  s5.pos_acc: 71.4286  s5.loss_bbox: 1.3214  s5.loss_iou: 0.9622
2025/05/18 10:17:53 - mmengine - INFO - Epoch(train) [1][1200/8276]  lr: 2.5000e-05  eta: 3:27:38  time: 0.2623  data_time: 0.0069  memory: 2064  grad_norm: 167.4961  loss: 22.3234  s0.loss_cls: 1.4902  s0.pos_acc: 53.8462  s0.loss_bbox: 1.2399  s0.loss_iou: 1.0509  s1.loss_cls: 1.4188  s1.pos_acc: 76.9231  s1.loss_bbox: 1.1840  s1.loss_iou: 1.0365  s2.loss_cls: 1.3916  s2.pos_acc: 76.9231  s2.loss_bbox: 1.1826  s2.loss_iou: 1.0339  s3.loss_cls: 1.3912  s3.pos_acc: 76.9231  s3.loss_bbox: 1.1858  s3.loss_iou: 1.0375  s4.loss_cls: 1.4112  s4.pos_acc: 76.9231  s4.loss_bbox: 1.3371  s4.loss_iou: 1.1024  s5.loss_cls: 1.4099  s5.pos_acc: 76.9231  s5.loss_bbox: 1.3297  s5.loss_iou: 1.0901
2025/05/18 10:18:06 - mmengine - INFO - Epoch(train) [1][1250/8276]  lr: 2.5000e-05  eta: 3:27:35  time: 0.2621  data_time: 0.0065  memory: 2064  grad_norm: 177.5279  loss: 21.7631  s0.loss_cls: 1.4611  s0.pos_acc: 0.0000  s0.loss_bbox: 1.2971  s0.loss_iou: 0.9368  s1.loss_cls: 1.4107  s1.pos_acc: 33.3333  s1.loss_bbox: 1.2064  s1.loss_iou: 0.8784  s2.loss_cls: 1.4171  s2.pos_acc: 0.0000  s2.loss_bbox: 1.1478  s2.loss_iou: 0.8445  s3.loss_cls: 1.4217  s3.pos_acc: 66.6667  s3.loss_bbox: 1.1688  s3.loss_iou: 0.8365  s4.loss_cls: 1.4272  s4.pos_acc: 0.0000  s4.loss_bbox: 1.3979  s4.loss_iou: 0.9498  s5.loss_cls: 1.4351  s5.pos_acc: 66.6667  s5.loss_bbox: 1.5014  s5.loss_iou: 1.0248
2025/05/18 10:18:19 - mmengine - INFO - Epoch(train) [1][1300/8276]  lr: 2.5000e-05  eta: 3:27:19  time: 0.2559  data_time: 0.0059  memory: 2064  grad_norm: 176.3785  loss: 20.8650  s0.loss_cls: 1.4316  s0.pos_acc: 0.0000  s0.loss_bbox: 1.2472  s0.loss_iou: 0.9284  s1.loss_cls: 1.4208  s1.pos_acc: 0.0000  s1.loss_bbox: 1.2482  s1.loss_iou: 0.9287  s2.loss_cls: 1.4201  s2.pos_acc: 0.0000  s2.loss_bbox: 1.1002  s2.loss_iou: 0.8442  s3.loss_cls: 1.3980  s3.pos_acc: 0.0000  s3.loss_bbox: 1.0961  s3.loss_iou: 0.8479  s4.loss_cls: 1.3790  s4.pos_acc: 0.0000  s4.loss_bbox: 1.1664  s4.loss_iou: 0.8694  s5.loss_cls: 1.3928  s5.pos_acc: 0.0000  s5.loss_bbox: 1.2490  s5.loss_iou: 0.8970
2025/05/18 10:18:31 - mmengine - INFO - Epoch(train) [1][1350/8276]  lr: 2.5000e-05  eta: 3:27:06  time: 0.2573  data_time: 0.0060  memory: 2063  grad_norm: 199.7513  loss: 21.8422  s0.loss_cls: 1.4981  s0.pos_acc: 83.3333  s0.loss_bbox: 1.2941  s0.loss_iou: 0.9192  s1.loss_cls: 1.4472  s1.pos_acc: 66.6667  s1.loss_bbox: 1.2493  s1.loss_iou: 0.8741  s2.loss_cls: 1.4293  s2.pos_acc: 50.0000  s2.loss_bbox: 1.2628  s2.loss_iou: 0.8672  s3.loss_cls: 1.4462  s3.pos_acc: 83.3333  s3.loss_bbox: 1.2587  s3.loss_iou: 0.8698  s4.loss_cls: 1.4941  s4.pos_acc: 83.3333  s4.loss_bbox: 1.3735  s4.loss_iou: 0.9276  s5.loss_cls: 1.4627  s5.pos_acc: 83.3333  s5.loss_bbox: 1.2742  s5.loss_iou: 0.8942
2025/05/18 10:18:44 - mmengine - INFO - Epoch(train) [1][1400/8276]  lr: 2.5000e-05  eta: 3:26:59  time: 0.2605  data_time: 0.0065  memory: 2064  grad_norm: 184.4138  loss: 21.0416  s0.loss_cls: 1.4158  s0.pos_acc: 0.0000  s0.loss_bbox: 1.2362  s0.loss_iou: 0.8959  s1.loss_cls: 1.4200  s1.pos_acc: 0.0000  s1.loss_bbox: 1.2123  s1.loss_iou: 0.8527  s2.loss_cls: 1.4319  s2.pos_acc: 100.0000  s2.loss_bbox: 1.1219  s2.loss_iou: 0.8335  s3.loss_cls: 1.4340  s3.pos_acc: 100.0000  s3.loss_bbox: 1.1474  s3.loss_iou: 0.8382  s4.loss_cls: 1.4032  s4.pos_acc: 100.0000  s4.loss_bbox: 1.2997  s4.loss_iou: 0.9009  s5.loss_cls: 1.3922  s5.pos_acc: 100.0000  s5.loss_bbox: 1.2977  s5.loss_iou: 0.9081
2025/05/18 10:18:57 - mmengine - INFO - Epoch(train) [1][1450/8276]  lr: 2.5000e-05  eta: 3:26:48  time: 0.2584  data_time: 0.0058  memory: 2063  grad_norm: 179.3098  loss: 21.1560  s0.loss_cls: 1.4286  s0.pos_acc: 0.0000  s0.loss_bbox: 1.2502  s0.loss_iou: 0.9160  s1.loss_cls: 1.4675  s1.pos_acc: 0.0000  s1.loss_bbox: 1.2426  s1.loss_iou: 0.9024  s2.loss_cls: 1.4392  s2.pos_acc: 0.0000  s2.loss_bbox: 1.1611  s2.loss_iou: 0.8490  s3.loss_cls: 1.4378  s3.pos_acc: 0.0000  s3.loss_bbox: 1.1573  s3.loss_iou: 0.8554  s4.loss_cls: 1.4522  s4.pos_acc: 0.0000  s4.loss_bbox: 1.2215  s4.loss_iou: 0.8834  s5.loss_cls: 1.4340  s5.pos_acc: 0.0000  s5.loss_bbox: 1.1912  s5.loss_iou: 0.8667
2025/05/18 10:19:10 - mmengine - INFO - Epoch(train) [1][1500/8276]  lr: 2.5000e-05  eta: 3:26:38  time: 0.2593  data_time: 0.0060  memory: 2064  grad_norm: 175.3858  loss: 20.6995  s0.loss_cls: 1.3862  s0.pos_acc: 33.3333  s0.loss_bbox: 1.2382  s0.loss_iou: 0.9369  s1.loss_cls: 1.3837  s1.pos_acc: 33.3333  s1.loss_bbox: 1.1171  s1.loss_iou: 0.8505  s2.loss_cls: 1.3628  s2.pos_acc: 33.3333  s2.loss_bbox: 1.0695  s2.loss_iou: 0.8255  s3.loss_cls: 1.3579  s3.pos_acc: 33.3333  s3.loss_bbox: 1.1667  s3.loss_iou: 0.8903  s4.loss_cls: 1.3533  s4.pos_acc: 33.3333  s4.loss_bbox: 1.2576  s4.loss_iou: 0.9236  s5.loss_cls: 1.3515  s5.pos_acc: 33.3333  s5.loss_bbox: 1.2862  s5.loss_iou: 0.9420
2025/05/18 10:19:23 - mmengine - INFO - Epoch(train) [1][1550/8276]  lr: 2.5000e-05  eta: 3:26:35  time: 0.2635  data_time: 0.0065  memory: 2064  grad_norm: 162.9905  loss: 20.1174  s0.loss_cls: 1.4270  s0.pos_acc: 0.0000  s0.loss_bbox: 1.2682  s0.loss_iou: 0.9820  s1.loss_cls: 1.4073  s1.pos_acc: 0.0000  s1.loss_bbox: 1.1406  s1.loss_iou: 0.9079  s2.loss_cls: 1.3686  s2.pos_acc: 0.0000  s2.loss_bbox: 1.0370  s2.loss_iou: 0.8340  s3.loss_cls: 1.3526  s3.pos_acc: 0.0000  s3.loss_bbox: 1.0057  s3.loss_iou: 0.8141  s4.loss_cls: 1.4039  s4.pos_acc: 0.0000  s4.loss_bbox: 1.0511  s4.loss_iou: 0.8430  s5.loss_cls: 1.3862  s5.pos_acc: 0.0000  s5.loss_bbox: 1.0455  s5.loss_iou: 0.8426
2025/05/18 10:19:36 - mmengine - INFO - Epoch(train) [1][1600/8276]  lr: 2.5000e-05  eta: 3:26:21  time: 0.2574  data_time: 0.0059  memory: 2064  grad_norm: 160.4862  loss: 20.6519  s0.loss_cls: 1.4782  s0.pos_acc: 0.0000  s0.loss_bbox: 1.2946  s0.loss_iou: 1.0092  s1.loss_cls: 1.4334  s1.pos_acc: 0.0000  s1.loss_bbox: 1.1570  s1.loss_iou: 0.9309  s2.loss_cls: 1.4190  s2.pos_acc: 0.0000  s2.loss_bbox: 1.0846  s2.loss_iou: 0.8755  s3.loss_cls: 1.4025  s3.pos_acc: 0.0000  s3.loss_bbox: 1.0426  s3.loss_iou: 0.8595  s4.loss_cls: 1.4038  s4.pos_acc: 0.0000  s4.loss_bbox: 1.0664  s4.loss_iou: 0.8699  s5.loss_cls: 1.3908  s5.pos_acc: 0.0000  s5.loss_bbox: 1.0687  s5.loss_iou: 0.8653
2025/05/18 10:19:49 - mmengine - INFO - Epoch(train) [1][1650/8276]  lr: 2.5000e-05  eta: 3:26:09  time: 0.2581  data_time: 0.0062  memory: 2064  grad_norm: 170.0280  loss: 19.0340  s0.loss_cls: 1.4440  s0.pos_acc: 83.3333  s0.loss_bbox: 1.2049  s0.loss_iou: 0.9491  s1.loss_cls: 1.3688  s1.pos_acc: 83.3333  s1.loss_bbox: 1.0814  s1.loss_iou: 0.8577  s2.loss_cls: 1.3604  s2.pos_acc: 100.0000  s2.loss_bbox: 0.9633  s2.loss_iou: 0.7851  s3.loss_cls: 1.3705  s3.pos_acc: 83.3333  s3.loss_bbox: 0.8833  s3.loss_iou: 0.7427  s4.loss_cls: 1.3636  s4.pos_acc: 83.3333  s4.loss_bbox: 0.9196  s4.loss_iou: 0.7544  s5.loss_cls: 1.3562  s5.pos_acc: 83.3333  s5.loss_bbox: 0.8847  s5.loss_iou: 0.7444
2025/05/18 10:20:02 - mmengine - INFO - Epoch(train) [1][1700/8276]  lr: 2.5000e-05  eta: 3:25:58  time: 0.2593  data_time: 0.0060  memory: 2064  grad_norm: 181.9532  loss: 19.5755  s0.loss_cls: 1.4760  s0.pos_acc: 50.0000  s0.loss_bbox: 1.2444  s0.loss_iou: 0.9109  s1.loss_cls: 1.4518  s1.pos_acc: 75.0000  s1.loss_bbox: 1.0651  s1.loss_iou: 0.7977  s2.loss_cls: 1.4217  s2.pos_acc: 50.0000  s2.loss_bbox: 0.9285  s2.loss_iou: 0.7346  s3.loss_cls: 1.4201  s3.pos_acc: 50.0000  s3.loss_bbox: 0.9492  s3.loss_iou: 0.7486  s4.loss_cls: 1.4376  s4.pos_acc: 50.0000  s4.loss_bbox: 1.0154  s4.loss_iou: 0.7833  s5.loss_cls: 1.4369  s5.pos_acc: 50.0000  s5.loss_bbox: 0.9883  s5.loss_iou: 0.7654
2025/05/18 10:20:16 - mmengine - INFO - Epoch(train) [1][1750/8276]  lr: 2.5000e-05  eta: 3:25:59  time: 0.2672  data_time: 0.0069  memory: 2064  grad_norm: 166.6235  loss: 19.3863  s0.loss_cls: 1.4214  s0.pos_acc: 57.1429  s0.loss_bbox: 1.1787  s0.loss_iou: 0.9228  s1.loss_cls: 1.3571  s1.pos_acc: 57.1429  s1.loss_bbox: 1.0650  s1.loss_iou: 0.8450  s2.loss_cls: 1.3093  s2.pos_acc: 57.1429  s2.loss_bbox: 1.0724  s2.loss_iou: 0.8352  s3.loss_cls: 1.3188  s3.pos_acc: 57.1429  s3.loss_bbox: 0.9992  s3.loss_iou: 0.7993  s4.loss_cls: 1.3391  s4.pos_acc: 57.1429  s4.loss_bbox: 1.0458  s4.loss_iou: 0.8165  s5.loss_cls: 1.3154  s5.pos_acc: 57.1429  s5.loss_bbox: 0.9658  s5.loss_iou: 0.7796
2025/05/18 10:20:28 - mmengine - INFO - Epoch(train) [1][1800/8276]  lr: 2.5000e-05  eta: 3:25:45  time: 0.2579  data_time: 0.0057  memory: 2063  grad_norm: 174.8983  loss: 19.5168  s0.loss_cls: 1.4987  s0.pos_acc: 0.0000  s0.loss_bbox: 1.2386  s0.loss_iou: 0.9401  s1.loss_cls: 1.4374  s1.pos_acc: 33.3333  s1.loss_bbox: 1.0536  s1.loss_iou: 0.8298  s2.loss_cls: 1.3876  s2.pos_acc: 33.3333  s2.loss_bbox: 0.9061  s2.loss_iou: 0.7476  s3.loss_cls: 1.3837  s3.pos_acc: 33.3333  s3.loss_bbox: 0.9394  s3.loss_iou: 0.7630  s4.loss_cls: 1.4071  s4.pos_acc: 33.3333  s4.loss_bbox: 0.9807  s4.loss_iou: 0.7762  s5.loss_cls: 1.4022  s5.pos_acc: 0.0000  s5.loss_bbox: 1.0367  s5.loss_iou: 0.7883
2025/05/18 10:20:42 - mmengine - INFO - Epoch(train) [1][1850/8276]  lr: 2.5000e-05  eta: 3:25:38  time: 0.2619  data_time: 0.0064  memory: 2063  grad_norm: 161.1118  loss: 18.7777  s0.loss_cls: 1.3909  s0.pos_acc: 33.3333  s0.loss_bbox: 1.1752  s0.loss_iou: 0.8856  s1.loss_cls: 1.3227  s1.pos_acc: 33.3333  s1.loss_bbox: 1.0655  s1.loss_iou: 0.8011  s2.loss_cls: 1.3099  s2.pos_acc: 33.3333  s2.loss_bbox: 0.9886  s2.loss_iou: 0.7619  s3.loss_cls: 1.3230  s3.pos_acc: 33.3333  s3.loss_bbox: 0.9322  s3.loss_iou: 0.7260  s4.loss_cls: 1.3231  s4.pos_acc: 66.6667  s4.loss_bbox: 1.0065  s4.loss_iou: 0.7665  s5.loss_cls: 1.3275  s5.pos_acc: 33.3333  s5.loss_bbox: 0.9434  s5.loss_iou: 0.7279
2025/05/18 10:20:55 - mmengine - INFO - Epoch(train) [1][1900/8276]  lr: 2.5000e-05  eta: 3:25:37  time: 0.2682  data_time: 0.0073  memory: 2063  grad_norm: 169.4049  loss: 18.5538  s0.loss_cls: 1.4035  s0.pos_acc: 25.0000  s0.loss_bbox: 1.1946  s0.loss_iou: 0.9068  s1.loss_cls: 1.3386  s1.pos_acc: 12.5000  s1.loss_bbox: 0.9739  s1.loss_iou: 0.7910  s2.loss_cls: 1.3401  s2.pos_acc: 12.5000  s2.loss_bbox: 0.9413  s2.loss_iou: 0.7419  s3.loss_cls: 1.3560  s3.pos_acc: 12.5000  s3.loss_bbox: 0.9103  s3.loss_iou: 0.7178  s4.loss_cls: 1.3533  s4.pos_acc: 12.5000  s4.loss_bbox: 0.9087  s4.loss_iou: 0.7263  s5.loss_cls: 1.3865  s5.pos_acc: 12.5000  s5.loss_bbox: 0.8577  s5.loss_iou: 0.7056
2025/05/18 10:21:08 - mmengine - INFO - Epoch(train) [1][1950/8276]  lr: 2.5000e-05  eta: 3:25:29  time: 0.2623  data_time: 0.0064  memory: 2064  grad_norm: 167.5725  loss: 18.2103  s0.loss_cls: 1.4871  s0.pos_acc: 0.0000  s0.loss_bbox: 1.1169  s0.loss_iou: 0.8856  s1.loss_cls: 1.3594  s1.pos_acc: 0.0000  s1.loss_bbox: 0.9295  s1.loss_iou: 0.7588  s2.loss_cls: 1.3395  s2.pos_acc: 0.0000  s2.loss_bbox: 0.8123  s2.loss_iou: 0.6855  s3.loss_cls: 1.3465  s3.pos_acc: 0.0000  s3.loss_bbox: 0.8728  s3.loss_iou: 0.7286  s4.loss_cls: 1.3535  s4.pos_acc: 0.0000  s4.loss_bbox: 0.8775  s4.loss_iou: 0.7164  s5.loss_cls: 1.3450  s5.pos_acc: 0.0000  s5.loss_bbox: 0.8789  s5.loss_iou: 0.7166
2025/05/18 10:21:21 - mmengine - INFO - Exp name: sparse-rcnn_voc_20250518_101231
2025/05/18 10:21:21 - mmengine - INFO - Epoch(train) [1][2000/8276]  lr: 2.5000e-05  eta: 3:25:20  time: 0.2611  data_time: 0.0065  memory: 2064  grad_norm: 178.8752  loss: 18.1237  s0.loss_cls: 1.4676  s0.pos_acc: 55.5556  s0.loss_bbox: 1.2148  s0.loss_iou: 0.9415  s1.loss_cls: 1.3493  s1.pos_acc: 66.6667  s1.loss_bbox: 0.9131  s1.loss_iou: 0.7595  s2.loss_cls: 1.3194  s2.pos_acc: 66.6667  s2.loss_bbox: 0.8101  s2.loss_iou: 0.6823  s3.loss_cls: 1.3260  s3.pos_acc: 66.6667  s3.loss_bbox: 0.7937  s3.loss_iou: 0.6826  s4.loss_cls: 1.3437  s4.pos_acc: 66.6667  s4.loss_bbox: 0.8840  s4.loss_iou: 0.7357  s5.loss_cls: 1.3319  s5.pos_acc: 66.6667  s5.loss_bbox: 0.8514  s5.loss_iou: 0.7171
2025/05/18 10:21:34 - mmengine - INFO - Epoch(train) [1][2050/8276]  lr: 2.5000e-05  eta: 3:25:11  time: 0.2619  data_time: 0.0065  memory: 2063  grad_norm: 168.0435  loss: 18.0483  s0.loss_cls: 1.4690  s0.pos_acc: 50.0000  s0.loss_bbox: 1.1941  s0.loss_iou: 0.9400  s1.loss_cls: 1.3077  s1.pos_acc: 50.0000  s1.loss_bbox: 0.9496  s1.loss_iou: 0.8058  s2.loss_cls: 1.2910  s2.pos_acc: 50.0000  s2.loss_bbox: 0.8856  s2.loss_iou: 0.7642  s3.loss_cls: 1.2821  s3.pos_acc: 50.0000  s3.loss_bbox: 0.8003  s3.loss_iou: 0.7211  s4.loss_cls: 1.2977  s4.pos_acc: 100.0000  s4.loss_bbox: 0.8164  s4.loss_iou: 0.7303  s5.loss_cls: 1.2921  s5.pos_acc: 100.0000  s5.loss_bbox: 0.7918  s5.loss_iou: 0.7095
2025/05/18 10:21:47 - mmengine - INFO - Epoch(train) [1][2100/8276]  lr: 2.5000e-05  eta: 3:25:00  time: 0.2605  data_time: 0.0067  memory: 2063  grad_norm: 175.7680  loss: 18.0451  s0.loss_cls: 1.4392  s0.pos_acc: 66.6667  s0.loss_bbox: 1.2078  s0.loss_iou: 0.9223  s1.loss_cls: 1.3270  s1.pos_acc: 0.0000  s1.loss_bbox: 0.9340  s1.loss_iou: 0.7575  s2.loss_cls: 1.3388  s2.pos_acc: 0.0000  s2.loss_bbox: 0.8536  s2.loss_iou: 0.7050  s3.loss_cls: 1.3514  s3.pos_acc: 0.0000  s3.loss_bbox: 0.8266  s3.loss_iou: 0.6757  s4.loss_cls: 1.3345  s4.pos_acc: 0.0000  s4.loss_bbox: 0.8593  s4.loss_iou: 0.6954  s5.loss_cls: 1.3105  s5.pos_acc: 33.3333  s5.loss_bbox: 0.8256  s5.loss_iou: 0.6809
2025/05/18 10:22:00 - mmengine - INFO - Epoch(train) [1][2150/8276]  lr: 2.5000e-05  eta: 3:24:41  time: 0.2537  data_time: 0.0060  memory: 2063  grad_norm: 174.1991  loss: 18.3056  s0.loss_cls: 1.3943  s0.pos_acc: 0.0000  s0.loss_bbox: 1.2560  s0.loss_iou: 0.9403  s1.loss_cls: 1.3278  s1.pos_acc: 0.0000  s1.loss_bbox: 0.9893  s1.loss_iou: 0.7722  s2.loss_cls: 1.3292  s2.pos_acc: 0.0000  s2.loss_bbox: 0.8311  s2.loss_iou: 0.6803  s3.loss_cls: 1.3140  s3.pos_acc: 0.0000  s3.loss_bbox: 0.8347  s3.loss_iou: 0.6773  s4.loss_cls: 1.3034  s4.pos_acc: 0.0000  s4.loss_bbox: 0.9558  s4.loss_iou: 0.7617  s5.loss_cls: 1.3027  s5.pos_acc: 50.0000  s5.loss_bbox: 0.9154  s5.loss_iou: 0.7201
2025/05/18 10:22:13 - mmengine - INFO - Epoch(train) [1][2200/8276]  lr: 2.5000e-05  eta: 3:24:30  time: 0.2598  data_time: 0.0063  memory: 2063  grad_norm: 180.5904  loss: 17.8589  s0.loss_cls: 1.4374  s0.pos_acc: 23.0769  s0.loss_bbox: 1.1699  s0.loss_iou: 0.8845  s1.loss_cls: 1.2834  s1.pos_acc: 23.0769  s1.loss_bbox: 0.9991  s1.loss_iou: 0.7751  s2.loss_cls: 1.2684  s2.pos_acc: 30.7692  s2.loss_bbox: 0.8616  s2.loss_iou: 0.7022  s3.loss_cls: 1.2523  s3.pos_acc: 23.0769  s3.loss_bbox: 0.8645  s3.loss_iou: 0.7044  s4.loss_cls: 1.2582  s4.pos_acc: 30.7692  s4.loss_bbox: 0.8858  s4.loss_iou: 0.7108  s5.loss_cls: 1.2714  s5.pos_acc: 23.0769  s5.loss_bbox: 0.8482  s5.loss_iou: 0.6818
2025/05/18 10:22:26 - mmengine - INFO - Epoch(train) [1][2250/8276]  lr: 2.5000e-05  eta: 3:24:11  time: 0.2530  data_time: 0.0056  memory: 2063  grad_norm: 165.9696  loss: 17.8197  s0.loss_cls: 1.4007  s0.pos_acc: 33.3333  s0.loss_bbox: 1.1772  s0.loss_iou: 0.9337  s1.loss_cls: 1.3002  s1.pos_acc: 58.3333  s1.loss_bbox: 0.9550  s1.loss_iou: 0.7807  s2.loss_cls: 1.2320  s2.pos_acc: 50.0000  s2.loss_bbox: 0.8553  s2.loss_iou: 0.7240  s3.loss_cls: 1.2261  s3.pos_acc: 50.0000  s3.loss_bbox: 0.8281  s3.loss_iou: 0.7127  s4.loss_cls: 1.2488  s4.pos_acc: 50.0000  s4.loss_bbox: 0.8627  s4.loss_iou: 0.7398  s5.loss_cls: 1.2588  s5.pos_acc: 58.3333  s5.loss_bbox: 0.8587  s5.loss_iou: 0.7254
2025/05/18 10:22:38 - mmengine - INFO - Epoch(train) [1][2300/8276]  lr: 2.5000e-05  eta: 3:23:53  time: 0.2535  data_time: 0.0057  memory: 2063  grad_norm: 3922863.6814  loss: 271742.0894  s0.loss_cls: 123656.8929  s0.pos_acc: 0.0000  s0.loss_bbox: 1.1799  s0.loss_iou: 0.8626  s1.loss_cls: 41558.4117  s1.pos_acc: 0.0000  s1.loss_bbox: 0.9841  s1.loss_iou: 0.7227  s2.loss_cls: 28625.7349  s2.pos_acc: 0.0000  s2.loss_bbox: 0.8116  s2.loss_iou: 0.6236  s3.loss_cls: 24632.0447  s3.pos_acc: 0.0000  s3.loss_bbox: 0.7766  s3.loss_iou: 0.6006  s4.loss_cls: 29278.3563  s4.pos_acc: 50.0000  s4.loss_bbox: 0.8237  s4.loss_iou: 0.6279  s5.loss_cls: 23981.2232  s5.pos_acc: 50.0000  s5.loss_bbox: 0.8090  s5.loss_iou: 0.6184
2025/05/18 10:22:52 - mmengine - INFO - Epoch(train) [1][2350/8276]  lr: 2.5000e-05  eta: 3:23:48  time: 0.2666  data_time: 0.0066  memory: 2063  grad_norm: 178.5359  loss: 17.0066  s0.loss_cls: 1.4009  s0.pos_acc: 25.0000  s0.loss_bbox: 1.1568  s0.loss_iou: 0.8807  s1.loss_cls: 1.2717  s1.pos_acc: 0.0000  s1.loss_bbox: 0.8750  s1.loss_iou: 0.7071  s2.loss_cls: 1.2607  s2.pos_acc: 0.0000  s2.loss_bbox: 0.7906  s2.loss_iou: 0.6550  s3.loss_cls: 1.2373  s3.pos_acc: 25.0000  s3.loss_bbox: 0.7487  s3.loss_iou: 0.6307  s4.loss_cls: 1.2431  s4.pos_acc: 50.0000  s4.loss_bbox: 0.7929  s4.loss_iou: 0.6452  s5.loss_cls: 1.2556  s5.pos_acc: 50.0000  s5.loss_bbox: 0.8029  s5.loss_iou: 0.6516
2025/05/18 10:23:05 - mmengine - INFO - Epoch(train) [1][2400/8276]  lr: 2.5000e-05  eta: 3:23:40  time: 0.2633  data_time: 0.0066  memory: 2063  grad_norm: 177.5854  loss: 17.7953  s0.loss_cls: 1.4668  s0.pos_acc: 25.0000  s0.loss_bbox: 1.1887  s0.loss_iou: 0.8528  s1.loss_cls: 1.3567  s1.pos_acc: 25.0000  s1.loss_bbox: 0.9552  s1.loss_iou: 0.6997  s2.loss_cls: 1.3204  s2.pos_acc: 50.0000  s2.loss_bbox: 0.8555  s2.loss_iou: 0.6351  s3.loss_cls: 1.3016  s3.pos_acc: 50.0000  s3.loss_bbox: 0.8749  s3.loss_iou: 0.6481  s4.loss_cls: 1.3225  s4.pos_acc: 50.0000  s4.loss_bbox: 0.8552  s4.loss_iou: 0.6468  s5.loss_cls: 1.3267  s5.pos_acc: 50.0000  s5.loss_bbox: 0.8549  s5.loss_iou: 0.6337
2025/05/18 10:23:18 - mmengine - INFO - Epoch(train) [1][2450/8276]  lr: 2.5000e-05  eta: 3:23:33  time: 0.2643  data_time: 0.0071  memory: 2063  grad_norm: 165.7038  loss: 17.9045  s0.loss_cls: 1.5226  s0.pos_acc: 50.0000  s0.loss_bbox: 1.2638  s0.loss_iou: 0.9608  s1.loss_cls: 1.2985  s1.pos_acc: 50.0000  s1.loss_bbox: 0.9685  s1.loss_iou: 0.7942  s2.loss_cls: 1.2844  s2.pos_acc: 50.0000  s2.loss_bbox: 0.8269  s2.loss_iou: 0.6960  s3.loss_cls: 1.2617  s3.pos_acc: 50.0000  s3.loss_bbox: 0.7982  s3.loss_iou: 0.6711  s4.loss_cls: 1.2818  s4.pos_acc: 50.0000  s4.loss_bbox: 0.7864  s4.loss_iou: 0.6767  s5.loss_cls: 1.2657  s5.pos_acc: 50.0000  s5.loss_bbox: 0.8437  s5.loss_iou: 0.7035
2025/05/18 10:23:31 - mmengine - INFO - Epoch(train) [1][2500/8276]  lr: 2.5000e-05  eta: 3:23:14  time: 0.2529  data_time: 0.0063  memory: 2063  grad_norm: 181.7299  loss: 16.5780  s0.loss_cls: 1.4839  s0.pos_acc: 0.0000  s0.loss_bbox: 1.1363  s0.loss_iou: 0.8183  s1.loss_cls: 1.2802  s1.pos_acc: 0.0000  s1.loss_bbox: 0.9215  s1.loss_iou: 0.6714  s2.loss_cls: 1.2766  s2.pos_acc: 0.0000  s2.loss_bbox: 0.7423  s2.loss_iou: 0.5671  s3.loss_cls: 1.2839  s3.pos_acc: 0.0000  s3.loss_bbox: 0.7428  s3.loss_iou: 0.5635  s4.loss_cls: 1.2947  s4.pos_acc: 0.0000  s4.loss_bbox: 0.7183  s4.loss_iou: 0.5537  s5.loss_cls: 1.2994  s5.pos_acc: 0.0000  s5.loss_bbox: 0.6898  s5.loss_iou: 0.5342
2025/05/18 10:23:43 - mmengine - INFO - Epoch(train) [1][2550/8276]  lr: 2.5000e-05  eta: 3:22:56  time: 0.2531  data_time: 0.0055  memory: 2064  grad_norm: 161.1137  loss: 18.0827  s0.loss_cls: 1.4127  s0.pos_acc: 40.0000  s0.loss_bbox: 1.2786  s0.loss_iou: 1.0042  s1.loss_cls: 1.2879  s1.pos_acc: 60.0000  s1.loss_bbox: 0.9697  s1.loss_iou: 0.8161  s2.loss_cls: 1.2367  s2.pos_acc: 60.0000  s2.loss_bbox: 0.8708  s2.loss_iou: 0.7633  s3.loss_cls: 1.2156  s3.pos_acc: 80.0000  s3.loss_bbox: 0.8376  s3.loss_iou: 0.7274  s4.loss_cls: 1.2342  s4.pos_acc: 60.0000  s4.loss_bbox: 0.8703  s4.loss_iou: 0.7414  s5.loss_cls: 1.2219  s5.pos_acc: 60.0000  s5.loss_bbox: 0.8642  s5.loss_iou: 0.7302
2025/05/18 10:23:56 - mmengine - INFO - Epoch(train) [1][2600/8276]  lr: 2.5000e-05  eta: 3:22:47  time: 0.2620  data_time: 0.0062  memory: 2064  grad_norm: 178.5315  loss: 17.3913  s0.loss_cls: 1.4909  s0.pos_acc: 33.3333  s0.loss_bbox: 1.1732  s0.loss_iou: 0.8594  s1.loss_cls: 1.3009  s1.pos_acc: 33.3333  s1.loss_bbox: 0.9341  s1.loss_iou: 0.7010  s2.loss_cls: 1.2686  s2.pos_acc: 33.3333  s2.loss_bbox: 0.8484  s2.loss_iou: 0.6434  s3.loss_cls: 1.2884  s3.pos_acc: 33.3333  s3.loss_bbox: 0.8290  s3.loss_iou: 0.6253  s4.loss_cls: 1.2698  s4.pos_acc: 33.3333  s4.loss_bbox: 0.8346  s4.loss_iou: 0.6247  s5.loss_cls: 1.2696  s5.pos_acc: 33.3333  s5.loss_bbox: 0.8192  s5.loss_iou: 0.6108
2025/05/18 10:24:09 - mmengine - INFO - Epoch(train) [1][2650/8276]  lr: 2.5000e-05  eta: 3:22:35  time: 0.2596  data_time: 0.0066  memory: 2064  grad_norm: 172.7297  loss: 17.0797  s0.loss_cls: 1.4536  s0.pos_acc: 0.0000  s0.loss_bbox: 1.2650  s0.loss_iou: 0.9223  s1.loss_cls: 1.3305  s1.pos_acc: 0.0000  s1.loss_bbox: 0.8593  s1.loss_iou: 0.7058  s2.loss_cls: 1.2950  s2.pos_acc: 0.0000  s2.loss_bbox: 0.7434  s2.loss_iou: 0.6278  s3.loss_cls: 1.3075  s3.pos_acc: 0.0000  s3.loss_bbox: 0.7359  s3.loss_iou: 0.6232  s4.loss_cls: 1.3103  s4.pos_acc: 0.0000  s4.loss_bbox: 0.7093  s4.loss_iou: 0.6026  s5.loss_cls: 1.3092  s5.pos_acc: 0.0000  s5.loss_bbox: 0.6874  s5.loss_iou: 0.5915
2025/05/18 10:24:22 - mmengine - INFO - Epoch(train) [1][2700/8276]  lr: 2.5000e-05  eta: 3:22:18  time: 0.2547  data_time: 0.0058  memory: 2064  grad_norm: 169.4413  loss: 17.1819  s0.loss_cls: 1.4704  s0.pos_acc: 50.0000  s0.loss_bbox: 1.1469  s0.loss_iou: 0.8858  s1.loss_cls: 1.3042  s1.pos_acc: 43.7500  s1.loss_bbox: 0.9233  s1.loss_iou: 0.7402  s2.loss_cls: 1.2761  s2.pos_acc: 68.7500  s2.loss_bbox: 0.7892  s2.loss_iou: 0.6571  s3.loss_cls: 1.2708  s3.pos_acc: 68.7500  s3.loss_bbox: 0.7560  s3.loss_iou: 0.6371  s4.loss_cls: 1.2717  s4.pos_acc: 62.5000  s4.loss_bbox: 0.7583  s4.loss_iou: 0.6395  s5.loss_cls: 1.2698  s5.pos_acc: 68.7500  s5.loss_bbox: 0.7601  s5.loss_iou: 0.6253
2025/05/18 10:24:35 - mmengine - INFO - Epoch(train) [1][2750/8276]  lr: 2.5000e-05  eta: 3:22:11  time: 0.2646  data_time: 0.0058  memory: 2064  grad_norm: 166.1255  loss: 16.8813  s0.loss_cls: 1.5145  s0.pos_acc: 16.6667  s0.loss_bbox: 1.1292  s0.loss_iou: 0.8605  s1.loss_cls: 1.3750  s1.pos_acc: 16.6667  s1.loss_bbox: 0.8858  s1.loss_iou: 0.7106  s2.loss_cls: 1.2968  s2.pos_acc: 33.3333  s2.loss_bbox: 0.7902  s2.loss_iou: 0.6424  s3.loss_cls: 1.2816  s3.pos_acc: 16.6667  s3.loss_bbox: 0.6767  s3.loss_iou: 0.5761  s4.loss_cls: 1.2913  s4.pos_acc: 33.3333  s4.loss_bbox: 0.6923  s4.loss_iou: 0.5786  s5.loss_cls: 1.2614  s5.pos_acc: 50.0000  s5.loss_bbox: 0.7225  s5.loss_iou: 0.5959
2025/05/18 10:24:49 - mmengine - INFO - Epoch(train) [1][2800/8276]  lr: 2.5000e-05  eta: 3:22:06  time: 0.2683  data_time: 0.0069  memory: 2064  grad_norm: 158.8051  loss: 16.9331  s0.loss_cls: 1.4741  s0.pos_acc: 0.0000  s0.loss_bbox: 1.2058  s0.loss_iou: 0.9343  s1.loss_cls: 1.3019  s1.pos_acc: 0.0000  s1.loss_bbox: 0.8569  s1.loss_iou: 0.7155  s2.loss_cls: 1.2477  s2.pos_acc: 0.0000  s2.loss_bbox: 0.7390  s2.loss_iou: 0.6405  s3.loss_cls: 1.2419  s3.pos_acc: 0.0000  s3.loss_bbox: 0.7243  s3.loss_iou: 0.6306  s4.loss_cls: 1.2507  s4.pos_acc: 0.0000  s4.loss_bbox: 0.7317  s4.loss_iou: 0.6270  s5.loss_cls: 1.2526  s5.pos_acc: 0.0000  s5.loss_bbox: 0.7286  s5.loss_iou: 0.6300
2025/05/18 10:25:02 - mmengine - INFO - Epoch(train) [1][2850/8276]  lr: 2.5000e-05  eta: 3:22:01  time: 0.2690  data_time: 0.0073  memory: 2064  grad_norm: 172.3611  loss: 16.0815  s0.loss_cls: 1.4445  s0.pos_acc: 0.0000  s0.loss_bbox: 1.0324  s0.loss_iou: 0.8055  s1.loss_cls: 1.2585  s1.pos_acc: 0.0000  s1.loss_bbox: 0.8581  s1.loss_iou: 0.6652  s2.loss_cls: 1.2417  s2.pos_acc: 0.0000  s2.loss_bbox: 0.7325  s2.loss_iou: 0.5948  s3.loss_cls: 1.2167  s3.pos_acc: 0.0000  s3.loss_bbox: 0.6905  s3.loss_iou: 0.5716  s4.loss_cls: 1.2169  s4.pos_acc: 0.0000  s4.loss_bbox: 0.6785  s4.loss_iou: 0.5696  s5.loss_cls: 1.2172  s5.pos_acc: 0.0000  s5.loss_bbox: 0.7010  s5.loss_iou: 0.5865
2025/05/18 10:25:15 - mmengine - INFO - Epoch(train) [1][2900/8276]  lr: 2.5000e-05  eta: 3:21:52  time: 0.2637  data_time: 0.0067  memory: 2064  grad_norm: 170.3261  loss: 16.1399  s0.loss_cls: 1.4058  s0.pos_acc: 50.0000  s0.loss_bbox: 1.1490  s0.loss_iou: 0.8938  s1.loss_cls: 1.2251  s1.pos_acc: 75.0000  s1.loss_bbox: 0.8915  s1.loss_iou: 0.7245  s2.loss_cls: 1.1787  s2.pos_acc: 75.0000  s2.loss_bbox: 0.7422  s2.loss_iou: 0.6387  s3.loss_cls: 1.1497  s3.pos_acc: 50.0000  s3.loss_bbox: 0.6935  s3.loss_iou: 0.6027  s4.loss_cls: 1.1582  s4.pos_acc: 100.0000  s4.loss_bbox: 0.6696  s4.loss_iou: 0.5819  s5.loss_cls: 1.1745  s5.pos_acc: 100.0000  s5.loss_bbox: 0.6737  s5.loss_iou: 0.5868
2025/05/18 10:25:28 - mmengine - INFO - Epoch(train) [1][2950/8276]  lr: 2.5000e-05  eta: 3:21:39  time: 0.2593  data_time: 0.0059  memory: 2064  grad_norm: 166.4679  loss: 16.2669  s0.loss_cls: 1.4377  s0.pos_acc: 42.8571  s0.loss_bbox: 1.1792  s0.loss_iou: 0.9055  s1.loss_cls: 1.2670  s1.pos_acc: 57.1429  s1.loss_bbox: 0.8673  s1.loss_iou: 0.6958  s2.loss_cls: 1.2260  s2.pos_acc: 42.8571  s2.loss_bbox: 0.7045  s2.loss_iou: 0.6048  s3.loss_cls: 1.1913  s3.pos_acc: 28.5714  s3.loss_bbox: 0.6809  s3.loss_iou: 0.5954  s4.loss_cls: 1.2210  s4.pos_acc: 14.2857  s4.loss_bbox: 0.6890  s4.loss_iou: 0.5858  s5.loss_cls: 1.2044  s5.pos_acc: 14.2857  s5.loss_bbox: 0.6562  s5.loss_iou: 0.5553
2025/05/18 10:25:42 - mmengine - INFO - Exp name: sparse-rcnn_voc_20250518_101231
2025/05/18 10:25:42 - mmengine - INFO - Epoch(train) [1][3000/8276]  lr: 2.5000e-05  eta: 3:21:32  time: 0.2669  data_time: 0.0068  memory: 2064  grad_norm: 165.1585  loss: 17.8169  s0.loss_cls: 1.4621  s0.pos_acc: 0.0000  s0.loss_bbox: 1.2133  s0.loss_iou: 0.9438  s1.loss_cls: 1.2830  s1.pos_acc: 33.3333  s1.loss_bbox: 0.9575  s1.loss_iou: 0.7868  s2.loss_cls: 1.2606  s2.pos_acc: 33.3333  s2.loss_bbox: 0.8668  s2.loss_iou: 0.7014  s3.loss_cls: 1.2329  s3.pos_acc: 33.3333  s3.loss_bbox: 0.8394  s3.loss_iou: 0.6970  s4.loss_cls: 1.2287  s4.pos_acc: 0.0000  s4.loss_bbox: 0.8604  s4.loss_iou: 0.7085  s5.loss_cls: 1.2321  s5.pos_acc: 33.3333  s5.loss_bbox: 0.8448  s5.loss_iou: 0.6978
2025/05/18 10:25:55 - mmengine - INFO - Epoch(train) [1][3050/8276]  lr: 2.5000e-05  eta: 3:21:23  time: 0.2641  data_time: 0.0064  memory: 2063  grad_norm: 163.7505  loss: 16.0571  s0.loss_cls: 1.4736  s0.pos_acc: 66.6667  s0.loss_bbox: 1.1427  s0.loss_iou: 0.9037  s1.loss_cls: 1.2147  s1.pos_acc: 66.6667  s1.loss_bbox: 0.8229  s1.loss_iou: 0.7142  s2.loss_cls: 1.1640  s2.pos_acc: 66.6667  s2.loss_bbox: 0.6832  s2.loss_iou: 0.6078  s3.loss_cls: 1.1539  s3.pos_acc: 66.6667  s3.loss_bbox: 0.6630  s3.loss_iou: 0.5849  s4.loss_cls: 1.1820  s4.pos_acc: 66.6667  s4.loss_bbox: 0.6957  s4.loss_iou: 0.6013  s5.loss_cls: 1.1950  s5.pos_acc: 66.6667  s5.loss_bbox: 0.6738  s5.loss_iou: 0.5809
2025/05/18 10:26:08 - mmengine - INFO - Epoch(train) [1][3100/8276]  lr: 2.5000e-05  eta: 3:21:06  time: 0.2538  data_time: 0.0062  memory: 2063  grad_norm: 154.6766  loss: 17.0994  s0.loss_cls: 1.4741  s0.pos_acc: 71.4286  s0.loss_bbox: 1.1427  s0.loss_iou: 0.9870  s1.loss_cls: 1.2350  s1.pos_acc: 85.7143  s1.loss_bbox: 0.8939  s1.loss_iou: 0.8084  s2.loss_cls: 1.1976  s2.pos_acc: 85.7143  s2.loss_bbox: 0.8126  s2.loss_iou: 0.7235  s3.loss_cls: 1.1764  s3.pos_acc: 85.7143  s3.loss_bbox: 0.7540  s3.loss_iou: 0.6859  s4.loss_cls: 1.1926  s4.pos_acc: 85.7143  s4.loss_bbox: 0.7469  s4.loss_iou: 0.6919  s5.loss_cls: 1.2028  s5.pos_acc: 85.7143  s5.loss_bbox: 0.7099  s5.loss_iou: 0.6641
2025/05/18 10:26:21 - mmengine - INFO - Epoch(train) [1][3150/8276]  lr: 2.5000e-05  eta: 3:20:53  time: 0.2590  data_time: 0.0062  memory: 2064  grad_norm: 171.8185  loss: 16.6032  s0.loss_cls: 1.5044  s0.pos_acc: 50.0000  s0.loss_bbox: 1.0840  s0.loss_iou: 0.8829  s1.loss_cls: 1.3282  s1.pos_acc: 25.0000  s1.loss_bbox: 0.8393  s1.loss_iou: 0.7165  s2.loss_cls: 1.2678  s2.pos_acc: 100.0000  s2.loss_bbox: 0.7201  s2.loss_iou: 0.6290  s3.loss_cls: 1.2424  s3.pos_acc: 75.0000  s3.loss_bbox: 0.6732  s3.loss_iou: 0.6074  s4.loss_cls: 1.2598  s4.pos_acc: 100.0000  s4.loss_bbox: 0.6831  s4.loss_iou: 0.6025  s5.loss_cls: 1.2851  s5.pos_acc: 75.0000  s5.loss_bbox: 0.6772  s5.loss_iou: 0.6003
2025/05/18 10:26:33 - mmengine - INFO - Epoch(train) [1][3200/8276]  lr: 2.5000e-05  eta: 3:20:39  time: 0.2581  data_time: 0.0058  memory: 2063  grad_norm: 161.8363  loss: 16.1264  s0.loss_cls: 1.3703  s0.pos_acc: 50.0000  s0.loss_bbox: 1.1297  s0.loss_iou: 0.9176  s1.loss_cls: 1.1918  s1.pos_acc: 25.0000  s1.loss_bbox: 0.8274  s1.loss_iou: 0.7158  s2.loss_cls: 1.1325  s2.pos_acc: 50.0000  s2.loss_bbox: 0.7587  s2.loss_iou: 0.6458  s3.loss_cls: 1.1208  s3.pos_acc: 75.0000  s3.loss_bbox: 0.7291  s3.loss_iou: 0.6274  s4.loss_cls: 1.1280  s4.pos_acc: 75.0000  s4.loss_bbox: 0.7275  s4.loss_iou: 0.6225  s5.loss_cls: 1.1333  s5.pos_acc: 75.0000  s5.loss_bbox: 0.7260  s5.loss_iou: 0.6223
2025/05/18 10:26:47 - mmengine - INFO - Epoch(train) [1][3250/8276]  lr: 2.5000e-05  eta: 3:20:27  time: 0.2607  data_time: 0.0065  memory: 2063  grad_norm: 159.2842  loss: 16.9223  s0.loss_cls: 1.4628  s0.pos_acc: 0.0000  s0.loss_bbox: 1.1811  s0.loss_iou: 0.9642  s1.loss_cls: 1.2600  s1.pos_acc: 50.0000  s1.loss_bbox: 0.9351  s1.loss_iou: 0.8108  s2.loss_cls: 1.2003  s2.pos_acc: 50.0000  s2.loss_bbox: 0.7701  s2.loss_iou: 0.6980  s3.loss_cls: 1.1853  s3.pos_acc: 0.0000  s3.loss_bbox: 0.7293  s3.loss_iou: 0.6720  s4.loss_cls: 1.1925  s4.pos_acc: 50.0000  s4.loss_bbox: 0.7032  s4.loss_iou: 0.6562  s5.loss_cls: 1.1909  s5.pos_acc: 50.0000  s5.loss_bbox: 0.6778  s5.loss_iou: 0.6327
2025/05/18 10:26:59 - mmengine - INFO - Epoch(train) [1][3300/8276]  lr: 2.5000e-05  eta: 3:20:10  time: 0.2523  data_time: 0.0056  memory: 2063  grad_norm: 163.1959  loss: 16.4267  s0.loss_cls: 1.4408  s0.pos_acc: 50.0000  s0.loss_bbox: 1.0591  s0.loss_iou: 0.8631  s1.loss_cls: 1.2170  s1.pos_acc: 50.0000  s1.loss_bbox: 0.8236  s1.loss_iou: 0.6883  s2.loss_cls: 1.1795  s2.pos_acc: 50.0000  s2.loss_bbox: 0.8116  s2.loss_iou: 0.6688  s3.loss_cls: 1.1655  s3.pos_acc: 0.0000  s3.loss_bbox: 0.7464  s3.loss_iou: 0.6194  s4.loss_cls: 1.1821  s4.pos_acc: 0.0000  s4.loss_bbox: 0.7523  s4.loss_iou: 0.6322  s5.loss_cls: 1.1983  s5.pos_acc: 0.0000  s5.loss_bbox: 0.7477  s5.loss_iou: 0.6309
2025/05/18 10:27:12 - mmengine - INFO - Epoch(train) [1][3350/8276]  lr: 2.5000e-05  eta: 3:19:57  time: 0.2592  data_time: 0.0061  memory: 2063  grad_norm: 171.4486  loss: 15.5976  s0.loss_cls: 1.3928  s0.pos_acc: 12.5000  s0.loss_bbox: 1.1461  s0.loss_iou: 0.8530  s1.loss_cls: 1.1923  s1.pos_acc: 12.5000  s1.loss_bbox: 0.8236  s1.loss_iou: 0.6396  s2.loss_cls: 1.1435  s2.pos_acc: 37.5000  s2.loss_bbox: 0.7401  s2.loss_iou: 0.5889  s3.loss_cls: 1.1370  s3.pos_acc: 50.0000  s3.loss_bbox: 0.6713  s3.loss_iou: 0.5459  s4.loss_cls: 1.1664  s4.pos_acc: 50.0000  s4.loss_bbox: 0.6632  s4.loss_iou: 0.5337  s5.loss_cls: 1.1697  s5.pos_acc: 37.5000  s5.loss_bbox: 0.6590  s5.loss_iou: 0.5315
2025/05/18 10:27:25 - mmengine - INFO - Epoch(train) [1][3400/8276]  lr: 2.5000e-05  eta: 3:19:42  time: 0.2568  data_time: 0.0063  memory: 2063  grad_norm: 160.4480  loss: 15.7673  s0.loss_cls: 1.3592  s0.pos_acc: 83.3333  s0.loss_bbox: 1.1267  s0.loss_iou: 0.8843  s1.loss_cls: 1.1494  s1.pos_acc: 100.0000  s1.loss_bbox: 0.8333  s1.loss_iou: 0.6983  s2.loss_cls: 1.1166  s2.pos_acc: 83.3333  s2.loss_bbox: 0.7181  s2.loss_iou: 0.6337  s3.loss_cls: 1.1023  s3.pos_acc: 83.3333  s3.loss_bbox: 0.6733  s3.loss_iou: 0.6037  s4.loss_cls: 1.1327  s4.pos_acc: 83.3333  s4.loss_bbox: 0.7058  s4.loss_iou: 0.6122  s5.loss_cls: 1.1286  s5.pos_acc: 83.3333  s5.loss_bbox: 0.6899  s5.loss_iou: 0.5992
2025/05/18 10:27:38 - mmengine - INFO - Epoch(train) [1][3450/8276]  lr: 2.5000e-05  eta: 3:19:30  time: 0.2607  data_time: 0.0065  memory: 2063  grad_norm: 159.3776  loss: 16.5262  s0.loss_cls: 1.4392  s0.pos_acc: 33.3333  s0.loss_bbox: 1.1314  s0.loss_iou: 0.8937  s1.loss_cls: 1.2696  s1.pos_acc: 0.0000  s1.loss_bbox: 0.8006  s1.loss_iou: 0.6718  s2.loss_cls: 1.2185  s2.pos_acc: 0.0000  s2.loss_bbox: 0.7296  s2.loss_iou: 0.6142  s3.loss_cls: 1.2039  s3.pos_acc: 33.3333  s3.loss_bbox: 0.7260  s3.loss_iou: 0.6048  s4.loss_cls: 1.2348  s4.pos_acc: 0.0000  s4.loss_bbox: 0.7400  s4.loss_iou: 0.6121  s5.loss_cls: 1.2587  s5.pos_acc: 0.0000  s5.loss_bbox: 0.7565  s5.loss_iou: 0.6210
2025/05/18 10:27:51 - mmengine - INFO - Epoch(train) [1][3500/8276]  lr: 2.5000e-05  eta: 3:19:18  time: 0.2600  data_time: 0.0063  memory: 2063  grad_norm: 168.6055  loss: 16.2870  s0.loss_cls: 1.4409  s0.pos_acc: 40.0000  s0.loss_bbox: 1.1298  s0.loss_iou: 0.8839  s1.loss_cls: 1.2460  s1.pos_acc: 40.0000  s1.loss_bbox: 0.8360  s1.loss_iou: 0.6958  s2.loss_cls: 1.1902  s2.pos_acc: 40.0000  s2.loss_bbox: 0.7294  s2.loss_iou: 0.6394  s3.loss_cls: 1.1752  s3.pos_acc: 60.0000  s3.loss_bbox: 0.7012  s3.loss_iou: 0.6134  s4.loss_cls: 1.1853  s4.pos_acc: 80.0000  s4.loss_bbox: 0.6952  s4.loss_iou: 0.6027  s5.loss_cls: 1.2035  s5.pos_acc: 40.0000  s5.loss_bbox: 0.7156  s5.loss_iou: 0.6034
2025/05/18 10:28:04 - mmengine - INFO - Epoch(train) [1][3550/8276]  lr: 2.5000e-05  eta: 3:19:05  time: 0.2593  data_time: 0.0063  memory: 2063  grad_norm: 160.2081  loss: 15.9923  s0.loss_cls: 1.4616  s0.pos_acc: 33.3333  s0.loss_bbox: 1.1435  s0.loss_iou: 0.8638  s1.loss_cls: 1.2411  s1.pos_acc: 33.3333  s1.loss_bbox: 0.8320  s1.loss_iou: 0.6859  s2.loss_cls: 1.1855  s2.pos_acc: 0.0000  s2.loss_bbox: 0.7122  s2.loss_iou: 0.6016  s3.loss_cls: 1.1668  s3.pos_acc: 33.3333  s3.loss_bbox: 0.6890  s3.loss_iou: 0.5713  s4.loss_cls: 1.1752  s4.pos_acc: 33.3333  s4.loss_bbox: 0.6846  s4.loss_iou: 0.5745  s5.loss_cls: 1.1795  s5.pos_acc: 0.0000  s5.loss_bbox: 0.6658  s5.loss_iou: 0.5585
2025/05/18 10:28:17 - mmengine - INFO - Epoch(train) [1][3600/8276]  lr: 2.5000e-05  eta: 3:18:55  time: 0.2629  data_time: 0.0065  memory: 2063  grad_norm: 157.9013  loss: 15.7776  s0.loss_cls: 1.4327  s0.pos_acc: 33.3333  s0.loss_bbox: 1.1260  s0.loss_iou: 0.9003  s1.loss_cls: 1.2133  s1.pos_acc: 66.6667  s1.loss_bbox: 0.7937  s1.loss_iou: 0.6994  s2.loss_cls: 1.1714  s2.pos_acc: 100.0000  s2.loss_bbox: 0.6771  s2.loss_iou: 0.6085  s3.loss_cls: 1.1563  s3.pos_acc: 100.0000  s3.loss_bbox: 0.6398  s3.loss_iou: 0.5780  s4.loss_cls: 1.1636  s4.pos_acc: 100.0000  s4.loss_bbox: 0.6444  s4.loss_iou: 0.5794  s5.loss_cls: 1.1623  s5.pos_acc: 100.0000  s5.loss_bbox: 0.6512  s5.loss_iou: 0.5803
2025/05/18 10:28:30 - mmengine - INFO - Epoch(train) [1][3650/8276]  lr: 2.5000e-05  eta: 3:18:40  time: 0.2560  data_time: 0.0062  memory: 2063  grad_norm: 158.0020  loss: 15.9599  s0.loss_cls: 1.4340  s0.pos_acc: 0.0000  s0.loss_bbox: 1.1002  s0.loss_iou: 0.9556  s1.loss_cls: 1.2014  s1.pos_acc: 0.0000  s1.loss_bbox: 0.7275  s1.loss_iou: 0.7114  s2.loss_cls: 1.1496  s2.pos_acc: 0.0000  s2.loss_bbox: 0.6655  s2.loss_iou: 0.6548  s3.loss_cls: 1.1767  s3.pos_acc: 0.0000  s3.loss_bbox: 0.6159  s3.loss_iou: 0.6292  s4.loss_cls: 1.1878  s4.pos_acc: 0.0000  s4.loss_bbox: 0.6334  s4.loss_iou: 0.6259  s5.loss_cls: 1.2294  s5.pos_acc: 0.0000  s5.loss_bbox: 0.6316  s5.loss_iou: 0.6301
2025/05/18 10:28:43 - mmengine - INFO - Epoch(train) [1][3700/8276]  lr: 2.5000e-05  eta: 3:18:26  time: 0.2573  data_time: 0.0061  memory: 2063  grad_norm: 152.7312  loss: 15.8777  s0.loss_cls: 1.3773  s0.pos_acc: 75.0000  s0.loss_bbox: 1.0933  s0.loss_iou: 0.8666  s1.loss_cls: 1.1779  s1.pos_acc: 50.0000  s1.loss_bbox: 0.8556  s1.loss_iou: 0.6995  s2.loss_cls: 1.1308  s2.pos_acc: 50.0000  s2.loss_bbox: 0.7405  s2.loss_iou: 0.6203  s3.loss_cls: 1.1184  s3.pos_acc: 50.0000  s3.loss_bbox: 0.7532  s3.loss_iou: 0.6159  s4.loss_cls: 1.1488  s4.pos_acc: 50.0000  s4.loss_bbox: 0.7076  s4.loss_iou: 0.5951  s5.loss_cls: 1.1546  s5.pos_acc: 50.0000  s5.loss_bbox: 0.6579  s5.loss_iou: 0.5644
2025/05/18 10:28:55 - mmengine - INFO - Epoch(train) [1][3750/8276]  lr: 2.5000e-05  eta: 3:18:10  time: 0.2541  data_time: 0.0057  memory: 2063  grad_norm: 159.4350  loss: 15.4993  s0.loss_cls: 1.3494  s0.pos_acc: 20.0000  s0.loss_bbox: 1.0807  s0.loss_iou: 0.8823  s1.loss_cls: 1.0873  s1.pos_acc: 20.0000  s1.loss_bbox: 0.8262  s1.loss_iou: 0.7115  s2.loss_cls: 1.1018  s2.pos_acc: 40.0000  s2.loss_bbox: 0.6997  s2.loss_iou: 0.6346  s3.loss_cls: 1.0956  s3.pos_acc: 40.0000  s3.loss_bbox: 0.6452  s3.loss_iou: 0.5955  s4.loss_cls: 1.1373  s4.pos_acc: 40.0000  s4.loss_bbox: 0.6586  s4.loss_iou: 0.5951  s5.loss_cls: 1.1417  s5.pos_acc: 40.0000  s5.loss_bbox: 0.6592  s5.loss_iou: 0.5976
2025/05/18 10:29:09 - mmengine - INFO - Epoch(train) [1][3800/8276]  lr: 2.5000e-05  eta: 3:18:00  time: 0.2649  data_time: 0.0069  memory: 2064  grad_norm: 165.0066  loss: 15.3439  s0.loss_cls: 1.4023  s0.pos_acc: 0.0000  s0.loss_bbox: 1.0713  s0.loss_iou: 0.8570  s1.loss_cls: 1.1959  s1.pos_acc: 0.0000  s1.loss_bbox: 0.7721  s1.loss_iou: 0.6460  s2.loss_cls: 1.1470  s2.pos_acc: 33.3333  s2.loss_bbox: 0.6901  s2.loss_iou: 0.5879  s3.loss_cls: 1.1558  s3.pos_acc: 33.3333  s3.loss_bbox: 0.6213  s3.loss_iou: 0.5511  s4.loss_cls: 1.1862  s4.pos_acc: 0.0000  s4.loss_bbox: 0.5985  s4.loss_iou: 0.5364  s5.loss_cls: 1.1867  s5.pos_acc: 33.3333  s5.loss_bbox: 0.6002  s5.loss_iou: 0.5381
2025/05/18 10:29:21 - mmengine - INFO - Epoch(train) [1][3850/8276]  lr: 2.5000e-05  eta: 3:17:45  time: 0.2546  data_time: 0.0059  memory: 2064  grad_norm: 159.1838  loss: 15.5999  s0.loss_cls: 1.3984  s0.pos_acc: 25.0000  s0.loss_bbox: 1.0546  s0.loss_iou: 0.8791  s1.loss_cls: 1.1342  s1.pos_acc: 25.0000  s1.loss_bbox: 0.8140  s1.loss_iou: 0.7223  s2.loss_cls: 1.1162  s2.pos_acc: 25.0000  s2.loss_bbox: 0.6795  s2.loss_iou: 0.6264  s3.loss_cls: 1.0985  s3.pos_acc: 50.0000  s3.loss_bbox: 0.6842  s3.loss_iou: 0.6246  s4.loss_cls: 1.1243  s4.pos_acc: 50.0000  s4.loss_bbox: 0.6604  s4.loss_iou: 0.6024  s5.loss_cls: 1.1198  s5.pos_acc: 50.0000  s5.loss_bbox: 0.6569  s5.loss_iou: 0.6039
2025/05/18 10:29:34 - mmengine - INFO - Epoch(train) [1][3900/8276]  lr: 2.5000e-05  eta: 3:17:30  time: 0.2563  data_time: 0.0061  memory: 2063  grad_norm: 169.1796  loss: 15.4234  s0.loss_cls: 1.4412  s0.pos_acc: 0.0000  s0.loss_bbox: 1.1252  s0.loss_iou: 0.8998  s1.loss_cls: 1.1369  s1.pos_acc: 60.0000  s1.loss_bbox: 0.8191  s1.loss_iou: 0.7026  s2.loss_cls: 1.1249  s2.pos_acc: 20.0000  s2.loss_bbox: 0.6434  s2.loss_iou: 0.5763  s3.loss_cls: 1.1055  s3.pos_acc: 40.0000  s3.loss_bbox: 0.6466  s3.loss_iou: 0.5619  s4.loss_cls: 1.1350  s4.pos_acc: 40.0000  s4.loss_bbox: 0.6509  s4.loss_iou: 0.5654  s5.loss_cls: 1.1255  s5.pos_acc: 40.0000  s5.loss_bbox: 0.6233  s5.loss_iou: 0.5399
2025/05/18 10:29:47 - mmengine - INFO - Epoch(train) [1][3950/8276]  lr: 2.5000e-05  eta: 3:17:19  time: 0.2628  data_time: 0.0065  memory: 2063  grad_norm: 161.9055  loss: 15.5744  s0.loss_cls: 1.4120  s0.pos_acc: 75.0000  s0.loss_bbox: 1.0604  s0.loss_iou: 0.8663  s1.loss_cls: 1.1208  s1.pos_acc: 75.0000  s1.loss_bbox: 0.7694  s1.loss_iou: 0.6863  s2.loss_cls: 1.1198  s2.pos_acc: 100.0000  s2.loss_bbox: 0.6827  s2.loss_iou: 0.6215  s3.loss_cls: 1.1129  s3.pos_acc: 100.0000  s3.loss_bbox: 0.6611  s3.loss_iou: 0.6045  s4.loss_cls: 1.1257  s4.pos_acc: 100.0000  s4.loss_bbox: 0.7006  s4.loss_iou: 0.6109  s5.loss_cls: 1.1493  s5.pos_acc: 100.0000  s5.loss_bbox: 0.6750  s5.loss_iou: 0.5952
2025/05/18 10:30:01 - mmengine - INFO - Exp name: sparse-rcnn_voc_20250518_101231
2025/05/18 10:30:01 - mmengine - INFO - Epoch(train) [1][4000/8276]  lr: 2.5000e-05  eta: 3:17:12  time: 0.2688  data_time: 0.0067  memory: 2064  grad_norm: 159.8920  loss: 15.6289  s0.loss_cls: 1.4039  s0.pos_acc: 0.0000  s0.loss_bbox: 1.1223  s0.loss_iou: 0.9181  s1.loss_cls: 1.1364  s1.pos_acc: 50.0000  s1.loss_bbox: 0.8277  s1.loss_iou: 0.7224  s2.loss_cls: 1.0924  s2.pos_acc: 50.0000  s2.loss_bbox: 0.7031  s2.loss_iou: 0.6286  s3.loss_cls: 1.0987  s3.pos_acc: 50.0000  s3.loss_bbox: 0.6728  s3.loss_iou: 0.6057  s4.loss_cls: 1.0992  s4.pos_acc: 100.0000  s4.loss_bbox: 0.6638  s4.loss_iou: 0.6026  s5.loss_cls: 1.1189  s5.pos_acc: 50.0000  s5.loss_bbox: 0.6318  s5.loss_iou: 0.5806
2025/05/18 10:30:14 - mmengine - INFO - Epoch(train) [1][4050/8276]  lr: 2.5000e-05  eta: 3:17:04  time: 0.2677  data_time: 0.0071  memory: 2064  grad_norm: 166.7144  loss: 15.2850  s0.loss_cls: 1.3798  s0.pos_acc: 80.0000  s0.loss_bbox: 1.0962  s0.loss_iou: 0.8527  s1.loss_cls: 1.1530  s1.pos_acc: 80.0000  s1.loss_bbox: 0.8147  s1.loss_iou: 0.6602  s2.loss_cls: 1.0872  s2.pos_acc: 80.0000  s2.loss_bbox: 0.7221  s2.loss_iou: 0.5750  s3.loss_cls: 1.0959  s3.pos_acc: 80.0000  s3.loss_bbox: 0.6904  s3.loss_iou: 0.5507  s4.loss_cls: 1.1076  s4.pos_acc: 80.0000  s4.loss_bbox: 0.6911  s4.loss_iou: 0.5446  s5.loss_cls: 1.1098  s5.pos_acc: 80.0000  s5.loss_bbox: 0.6342  s5.loss_iou: 0.5197
2025/05/18 10:30:27 - mmengine - INFO - Epoch(train) [1][4100/8276]  lr: 2.5000e-05  eta: 3:16:48  time: 0.2545  data_time: 0.0059  memory: 2063  grad_norm: 152.0866  loss: 15.0260  s0.loss_cls: 1.4515  s0.pos_acc: 0.0000  s0.loss_bbox: 1.0501  s0.loss_iou: 0.9313  s1.loss_cls: 1.1544  s1.pos_acc: 50.0000  s1.loss_bbox: 0.7197  s1.loss_iou: 0.6931  s2.loss_cls: 1.1186  s2.pos_acc: 0.0000  s2.loss_bbox: 0.6354  s2.loss_iou: 0.6073  s3.loss_cls: 1.1115  s3.pos_acc: 0.0000  s3.loss_bbox: 0.6004  s3.loss_iou: 0.5722  s4.loss_cls: 1.1041  s4.pos_acc: 0.0000  s4.loss_bbox: 0.5492  s4.loss_iou: 0.5335  s5.loss_cls: 1.1138  s5.pos_acc: 0.0000  s5.loss_bbox: 0.5525  s5.loss_iou: 0.5270
2025/05/18 10:30:40 - mmengine - INFO - Epoch(train) [1][4150/8276]  lr: 2.5000e-05  eta: 3:16:39  time: 0.2661  data_time: 0.0076  memory: 2063  grad_norm: 153.8473  loss: 14.8899  s0.loss_cls: 1.3546  s0.pos_acc: 100.0000  s0.loss_bbox: 1.1174  s0.loss_iou: 0.9208  s1.loss_cls: 1.0497  s1.pos_acc: 100.0000  s1.loss_bbox: 0.7453  s1.loss_iou: 0.6698  s2.loss_cls: 1.0366  s2.pos_acc: 100.0000  s2.loss_bbox: 0.6404  s2.loss_iou: 0.5854  s3.loss_cls: 1.0572  s3.pos_acc: 100.0000  s3.loss_bbox: 0.6433  s3.loss_iou: 0.5886  s4.loss_cls: 1.0787  s4.pos_acc: 100.0000  s4.loss_bbox: 0.5958  s4.loss_iou: 0.5625  s5.loss_cls: 1.0964  s5.pos_acc: 100.0000  s5.loss_bbox: 0.5897  s5.loss_iou: 0.5578
2025/05/18 10:30:54 - mmengine - INFO - Epoch(train) [1][4200/8276]  lr: 2.5000e-05  eta: 3:16:30  time: 0.2657  data_time: 0.0069  memory: 2064  grad_norm: 151.1296  loss: 15.2423  s0.loss_cls: 1.3447  s0.pos_acc: 50.0000  s0.loss_bbox: 1.0928  s0.loss_iou: 0.8812  s1.loss_cls: 1.0987  s1.pos_acc: 100.0000  s1.loss_bbox: 0.7990  s1.loss_iou: 0.6761  s2.loss_cls: 1.0712  s2.pos_acc: 50.0000  s2.loss_bbox: 0.7064  s2.loss_iou: 0.6082  s3.loss_cls: 1.0753  s3.pos_acc: 100.0000  s3.loss_bbox: 0.6409  s3.loss_iou: 0.5699  s4.loss_cls: 1.0991  s4.pos_acc: 100.0000  s4.loss_bbox: 0.6636  s4.loss_iou: 0.5832  s5.loss_cls: 1.1024  s5.pos_acc: 100.0000  s5.loss_bbox: 0.6537  s5.loss_iou: 0.5759
2025/05/18 10:31:07 - mmengine - INFO - Epoch(train) [1][4250/8276]  lr: 2.5000e-05  eta: 3:16:20  time: 0.2650  data_time: 0.0067  memory: 2064  grad_norm: 167.4639  loss: 14.6383  s0.loss_cls: 1.4010  s0.pos_acc: 20.0000  s0.loss_bbox: 1.0469  s0.loss_iou: 0.8129  s1.loss_cls: 1.1070  s1.pos_acc: 20.0000  s1.loss_bbox: 0.7825  s1.loss_iou: 0.6289  s2.loss_cls: 1.0903  s2.pos_acc: 60.0000  s2.loss_bbox: 0.6637  s2.loss_iou: 0.5388  s3.loss_cls: 1.1058  s3.pos_acc: 40.0000  s3.loss_bbox: 0.5839  s3.loss_iou: 0.5016  s4.loss_cls: 1.1166  s4.pos_acc: 20.0000  s4.loss_bbox: 0.5763  s4.loss_iou: 0.4932  s5.loss_cls: 1.1161  s5.pos_acc: 40.0000  s5.loss_bbox: 0.5843  s5.loss_iou: 0.4884
2025/05/18 10:31:20 - mmengine - INFO - Epoch(train) [1][4300/8276]  lr: 2.5000e-05  eta: 3:16:08  time: 0.2617  data_time: 0.0058  memory: 2064  grad_norm: 152.7999  loss: 15.5990  s0.loss_cls: 1.4115  s0.pos_acc: 0.0000  s0.loss_bbox: 1.1021  s0.loss_iou: 0.8746  s1.loss_cls: 1.1563  s1.pos_acc: 100.0000  s1.loss_bbox: 0.8427  s1.loss_iou: 0.7011  s2.loss_cls: 1.1093  s2.pos_acc: 100.0000  s2.loss_bbox: 0.7135  s2.loss_iou: 0.6028  s3.loss_cls: 1.0943  s3.pos_acc: 100.0000  s3.loss_bbox: 0.6736  s3.loss_iou: 0.5757  s4.loss_cls: 1.1307  s4.pos_acc: 100.0000  s4.loss_bbox: 0.6573  s4.loss_iou: 0.5676  s5.loss_cls: 1.1277  s5.pos_acc: 100.0000  s5.loss_bbox: 0.6824  s5.loss_iou: 0.5758
2025/05/18 10:31:33 - mmengine - INFO - Epoch(train) [1][4350/8276]  lr: 2.5000e-05  eta: 3:15:57  time: 0.2640  data_time: 0.0070  memory: 2064  grad_norm: 158.6404  loss: 15.3861  s0.loss_cls: 1.4118  s0.pos_acc: 33.3333  s0.loss_bbox: 1.0889  s0.loss_iou: 0.8696  s1.loss_cls: 1.1650  s1.pos_acc: 100.0000  s1.loss_bbox: 0.7894  s1.loss_iou: 0.6723  s2.loss_cls: 1.1067  s2.pos_acc: 66.6667  s2.loss_bbox: 0.6818  s2.loss_iou: 0.5993  s3.loss_cls: 1.1145  s3.pos_acc: 33.3333  s3.loss_bbox: 0.6545  s3.loss_iou: 0.5754  s4.loss_cls: 1.1456  s4.pos_acc: 66.6667  s4.loss_bbox: 0.6338  s4.loss_iou: 0.5628  s5.loss_cls: 1.1360  s5.pos_acc: 66.6667  s5.loss_bbox: 0.6272  s5.loss_iou: 0.5517
2025/05/18 10:31:46 - mmengine - INFO - Epoch(train) [1][4400/8276]  lr: 2.5000e-05  eta: 3:15:45  time: 0.2606  data_time: 0.0062  memory: 2064  grad_norm: 161.2199  loss: 15.0256  s0.loss_cls: 1.4242  s0.pos_acc: 50.0000  s0.loss_bbox: 1.0789  s0.loss_iou: 0.8543  s1.loss_cls: 1.1545  s1.pos_acc: 75.0000  s1.loss_bbox: 0.7877  s1.loss_iou: 0.6578  s2.loss_cls: 1.0890  s2.pos_acc: 75.0000  s2.loss_bbox: 0.6431  s2.loss_iou: 0.5604  s3.loss_cls: 1.1203  s3.pos_acc: 75.0000  s3.loss_bbox: 0.5966  s3.loss_iou: 0.5233  s4.loss_cls: 1.1272  s4.pos_acc: 75.0000  s4.loss_bbox: 0.6335  s4.loss_iou: 0.5420  s5.loss_cls: 1.1337  s5.pos_acc: 75.0000  s5.loss_bbox: 0.5864  s5.loss_iou: 0.5127
2025/05/18 10:31:59 - mmengine - INFO - Epoch(train) [1][4450/8276]  lr: 2.5000e-05  eta: 3:15:31  time: 0.2588  data_time: 0.0063  memory: 2063  grad_norm: 167.2117  loss: 15.1001  s0.loss_cls: 1.4401  s0.pos_acc: 66.6667  s0.loss_bbox: 1.0708  s0.loss_iou: 0.8215  s1.loss_cls: 1.1123  s1.pos_acc: 33.3333  s1.loss_bbox: 0.8009  s1.loss_iou: 0.6527  s2.loss_cls: 1.1145  s2.pos_acc: 33.3333  s2.loss_bbox: 0.6679  s2.loss_iou: 0.5435  s3.loss_cls: 1.1193  s3.pos_acc: 66.6667  s3.loss_bbox: 0.6205  s3.loss_iou: 0.5205  s4.loss_cls: 1.1401  s4.pos_acc: 66.6667  s4.loss_bbox: 0.6187  s4.loss_iou: 0.5069  s5.loss_cls: 1.1512  s5.pos_acc: 33.3333  s5.loss_bbox: 0.6683  s5.loss_iou: 0.5304
2025/05/18 10:32:12 - mmengine - INFO - Epoch(train) [1][4500/8276]  lr: 2.5000e-05  eta: 3:15:15  time: 0.2531  data_time: 0.0054  memory: 2064  grad_norm: 161.1799  loss: 15.2583  s0.loss_cls: 1.3937  s0.pos_acc: 40.0000  s0.loss_bbox: 1.0950  s0.loss_iou: 0.8308  s1.loss_cls: 1.1804  s1.pos_acc: 60.0000  s1.loss_bbox: 0.8114  s1.loss_iou: 0.6259  s2.loss_cls: 1.1171  s2.pos_acc: 80.0000  s2.loss_bbox: 0.6783  s2.loss_iou: 0.5465  s3.loss_cls: 1.1175  s3.pos_acc: 100.0000  s3.loss_bbox: 0.6599  s3.loss_iou: 0.5295  s4.loss_cls: 1.1364  s4.pos_acc: 80.0000  s4.loss_bbox: 0.6728  s4.loss_iou: 0.5400  s5.loss_cls: 1.1594  s5.pos_acc: 80.0000  s5.loss_bbox: 0.6426  s5.loss_iou: 0.5211
2025/05/18 10:32:25 - mmengine - INFO - Epoch(train) [1][4550/8276]  lr: 2.5000e-05  eta: 3:15:04  time: 0.2629  data_time: 0.0066  memory: 2063  grad_norm: 141.8918  loss: 15.7230  s0.loss_cls: 1.3655  s0.pos_acc: 33.3333  s0.loss_bbox: 1.1077  s0.loss_iou: 0.9569  s1.loss_cls: 1.1031  s1.pos_acc: 33.3333  s1.loss_bbox: 0.8348  s1.loss_iou: 0.7683  s2.loss_cls: 1.0531  s2.pos_acc: 66.6667  s2.loss_bbox: 0.7226  s2.loss_iou: 0.6800  s3.loss_cls: 1.0323  s3.pos_acc: 100.0000  s3.loss_bbox: 0.6959  s3.loss_iou: 0.6583  s4.loss_cls: 1.0574  s4.pos_acc: 100.0000  s4.loss_bbox: 0.6702  s4.loss_iou: 0.6399  s5.loss_cls: 1.0755  s5.pos_acc: 100.0000  s5.loss_bbox: 0.6625  s5.loss_iou: 0.6392
2025/05/18 10:32:38 - mmengine - INFO - Epoch(train) [1][4600/8276]  lr: 2.5000e-05  eta: 3:14:48  time: 0.2537  data_time: 0.0057  memory: 2063  grad_norm: 155.8005  loss: 15.3267  s0.loss_cls: 1.3978  s0.pos_acc: 100.0000  s0.loss_bbox: 1.0827  s0.loss_iou: 0.9093  s1.loss_cls: 1.0878  s1.pos_acc: 50.0000  s1.loss_bbox: 0.7691  s1.loss_iou: 0.6896  s2.loss_cls: 1.0476  s2.pos_acc: 50.0000  s2.loss_bbox: 0.6924  s2.loss_iou: 0.6388  s3.loss_cls: 1.0420  s3.pos_acc: 100.0000  s3.loss_bbox: 0.6874  s3.loss_iou: 0.6140  s4.loss_cls: 1.0596  s4.pos_acc: 100.0000  s4.loss_bbox: 0.6613  s4.loss_iou: 0.6016  s5.loss_cls: 1.0786  s5.pos_acc: 50.0000  s5.loss_bbox: 0.6699  s5.loss_iou: 0.5972
2025/05/18 10:32:50 - mmengine - INFO - Epoch(train) [1][4650/8276]  lr: 2.5000e-05  eta: 3:14:33  time: 0.2541  data_time: 0.0056  memory: 2064  grad_norm: 158.1947  loss: 14.2369  s0.loss_cls: 1.3498  s0.pos_acc: 20.0000  s0.loss_bbox: 1.0208  s0.loss_iou: 0.7904  s1.loss_cls: 1.0552  s1.pos_acc: 60.0000  s1.loss_bbox: 0.7634  s1.loss_iou: 0.5952  s2.loss_cls: 1.0076  s2.pos_acc: 20.0000  s2.loss_bbox: 0.6666  s2.loss_iou: 0.5382  s3.loss_cls: 1.0367  s3.pos_acc: 40.0000  s3.loss_bbox: 0.6088  s3.loss_iou: 0.5001  s4.loss_cls: 1.0628  s4.pos_acc: 20.0000  s4.loss_bbox: 0.5824  s4.loss_iou: 0.4865  s5.loss_cls: 1.0909  s5.pos_acc: 20.0000  s5.loss_bbox: 0.5907  s5.loss_iou: 0.4909
2025/05/18 10:33:03 - mmengine - INFO - Epoch(train) [1][4700/8276]  lr: 2.5000e-05  eta: 3:14:20  time: 0.2596  data_time: 0.0065  memory: 2064  grad_norm: 157.1483  loss: 14.8680  s0.loss_cls: 1.3827  s0.pos_acc: 100.0000  s0.loss_bbox: 1.0762  s0.loss_iou: 0.8295  s1.loss_cls: 1.0666  s1.pos_acc: 75.0000  s1.loss_bbox: 0.8219  s1.loss_iou: 0.6551  s2.loss_cls: 1.0480  s2.pos_acc: 100.0000  s2.loss_bbox: 0.6834  s2.loss_iou: 0.5720  s3.loss_cls: 1.0864  s3.pos_acc: 100.0000  s3.loss_bbox: 0.6290  s3.loss_iou: 0.5373  s4.loss_cls: 1.0704  s4.pos_acc: 100.0000  s4.loss_bbox: 0.6253  s4.loss_iou: 0.5351  s5.loss_cls: 1.0981  s5.pos_acc: 75.0000  s5.loss_bbox: 0.6241  s5.loss_iou: 0.5270
2025/05/18 10:33:16 - mmengine - INFO - Epoch(train) [1][4750/8276]  lr: 2.5000e-05  eta: 3:14:06  time: 0.2570  data_time: 0.0061  memory: 2064  grad_norm: 156.8592  loss: 14.8535  s0.loss_cls: 1.3933  s0.pos_acc: 0.0000  s0.loss_bbox: 1.1051  s0.loss_iou: 0.8357  s1.loss_cls: 1.1126  s1.pos_acc: 50.0000  s1.loss_bbox: 0.7342  s1.loss_iou: 0.6117  s2.loss_cls: 1.0583  s2.pos_acc: 50.0000  s2.loss_bbox: 0.6980  s2.loss_iou: 0.5723  s3.loss_cls: 1.0596  s3.pos_acc: 50.0000  s3.loss_bbox: 0.6556  s3.loss_iou: 0.5514  s4.loss_cls: 1.0721  s4.pos_acc: 50.0000  s4.loss_bbox: 0.6307  s4.loss_iou: 0.5379  s5.loss_cls: 1.0901  s5.pos_acc: 50.0000  s5.loss_bbox: 0.6129  s5.loss_iou: 0.5222
2025/05/18 10:33:29 - mmengine - INFO - Epoch(train) [1][4800/8276]  lr: 2.5000e-05  eta: 3:13:57  time: 0.2674  data_time: 0.0069  memory: 2064  grad_norm: 155.1329  loss: 15.4454  s0.loss_cls: 1.4171  s0.pos_acc: 0.0000  s0.loss_bbox: 1.0997  s0.loss_iou: 0.8901  s1.loss_cls: 1.1297  s1.pos_acc: 33.3333  s1.loss_bbox: 0.7900  s1.loss_iou: 0.6897  s2.loss_cls: 1.1213  s2.pos_acc: 33.3333  s2.loss_bbox: 0.6608  s2.loss_iou: 0.6001  s3.loss_cls: 1.1164  s3.pos_acc: 33.3333  s3.loss_bbox: 0.6270  s3.loss_iou: 0.5763  s4.loss_cls: 1.1381  s4.pos_acc: 0.0000  s4.loss_bbox: 0.6367  s4.loss_iou: 0.5790  s5.loss_cls: 1.1395  s5.pos_acc: 0.0000  s5.loss_bbox: 0.6392  s5.loss_iou: 0.5948
2025/05/18 10:33:43 - mmengine - INFO - Epoch(train) [1][4850/8276]  lr: 2.5000e-05  eta: 3:13:47  time: 0.2677  data_time: 0.0068  memory: 2064  grad_norm: 155.6450  loss: 14.1377  s0.loss_cls: 1.3813  s0.pos_acc: 50.0000  s0.loss_bbox: 1.0689  s0.loss_iou: 0.8337  s1.loss_cls: 1.0814  s1.pos_acc: 100.0000  s1.loss_bbox: 0.7545  s1.loss_iou: 0.6359  s2.loss_cls: 1.0386  s2.pos_acc: 100.0000  s2.loss_bbox: 0.5808  s2.loss_iou: 0.5225  s3.loss_cls: 1.0336  s3.pos_acc: 100.0000  s3.loss_bbox: 0.5465  s3.loss_iou: 0.4949  s4.loss_cls: 1.0786  s4.pos_acc: 100.0000  s4.loss_bbox: 0.5337  s4.loss_iou: 0.4856  s5.loss_cls: 1.0846  s5.pos_acc: 100.0000  s5.loss_bbox: 0.5145  s5.loss_iou: 0.4684
2025/05/18 10:33:56 - mmengine - INFO - Epoch(train) [1][4900/8276]  lr: 2.5000e-05  eta: 3:13:38  time: 0.2682  data_time: 0.0072  memory: 2063  grad_norm: 161.4724  loss: 15.0870  s0.loss_cls: 1.4264  s0.pos_acc: 33.3333  s0.loss_bbox: 1.1416  s0.loss_iou: 0.8386  s1.loss_cls: 1.1363  s1.pos_acc: 33.3333  s1.loss_bbox: 0.8306  s1.loss_iou: 0.6505  s2.loss_cls: 1.1086  s2.pos_acc: 33.3333  s2.loss_bbox: 0.6714  s2.loss_iou: 0.5399  s3.loss_cls: 1.0803  s3.pos_acc: 33.3333  s3.loss_bbox: 0.6289  s3.loss_iou: 0.5157  s4.loss_cls: 1.1182  s4.pos_acc: 33.3333  s4.loss_bbox: 0.6236  s4.loss_iou: 0.5120  s5.loss_cls: 1.1502  s5.pos_acc: 66.6667  s5.loss_bbox: 0.6117  s5.loss_iou: 0.5025
2025/05/18 10:34:10 - mmengine - INFO - Epoch(train) [1][4950/8276]  lr: 2.5000e-05  eta: 3:13:28  time: 0.2656  data_time: 0.0071  memory: 2063  grad_norm: 163.8988  loss: 14.1692  s0.loss_cls: 1.3585  s0.pos_acc: 66.6667  s0.loss_bbox: 1.0610  s0.loss_iou: 0.7961  s1.loss_cls: 1.0813  s1.pos_acc: 83.3333  s1.loss_bbox: 0.7127  s1.loss_iou: 0.5806  s2.loss_cls: 1.0507  s2.pos_acc: 83.3333  s2.loss_bbox: 0.6010  s2.loss_iou: 0.5088  s3.loss_cls: 1.0595  s3.pos_acc: 83.3333  s3.loss_bbox: 0.6205  s3.loss_iou: 0.5115  s4.loss_cls: 1.0972  s4.pos_acc: 100.0000  s4.loss_bbox: 0.5720  s4.loss_iou: 0.4861  s5.loss_cls: 1.0920  s5.pos_acc: 100.0000  s5.loss_bbox: 0.5219  s5.loss_iou: 0.4577
2025/05/18 10:34:22 - mmengine - INFO - Exp name: sparse-rcnn_voc_20250518_101231
2025/05/18 10:34:22 - mmengine - INFO - Epoch(train) [1][5000/8276]  lr: 2.5000e-05  eta: 3:13:13  time: 0.2560  data_time: 0.0058  memory: 2063  grad_norm: 159.0773  loss: 14.4717  s0.loss_cls: 1.3957  s0.pos_acc: 33.3333  s0.loss_bbox: 1.0305  s0.loss_iou: 0.8893  s1.loss_cls: 1.0878  s1.pos_acc: 66.6667  s1.loss_bbox: 0.7209  s1.loss_iou: 0.6511  s2.loss_cls: 1.0479  s2.pos_acc: 66.6667  s2.loss_bbox: 0.6122  s2.loss_iou: 0.5628  s3.loss_cls: 1.0267  s3.pos_acc: 66.6667  s3.loss_bbox: 0.5780  s3.loss_iou: 0.5387  s4.loss_cls: 1.0808  s4.pos_acc: 66.6667  s4.loss_bbox: 0.5631  s4.loss_iou: 0.5257  s5.loss_cls: 1.0676  s5.pos_acc: 66.6667  s5.loss_bbox: 0.5700  s5.loss_iou: 0.5230
2025/05/18 10:34:35 - mmengine - INFO - Epoch(train) [1][5050/8276]  lr: 2.5000e-05  eta: 3:12:58  time: 0.2546  data_time: 0.0055  memory: 2064  grad_norm: 160.6128  loss: 14.6480  s0.loss_cls: 1.4265  s0.pos_acc: 33.3333  s0.loss_bbox: 1.0356  s0.loss_iou: 0.7750  s1.loss_cls: 1.1084  s1.pos_acc: 33.3333  s1.loss_bbox: 0.8318  s1.loss_iou: 0.6236  s2.loss_cls: 1.0966  s2.pos_acc: 66.6667  s2.loss_bbox: 0.6957  s2.loss_iou: 0.5377  s3.loss_cls: 1.0786  s3.pos_acc: 66.6667  s3.loss_bbox: 0.6255  s3.loss_iou: 0.4943  s4.loss_cls: 1.1133  s4.pos_acc: 66.6667  s4.loss_bbox: 0.5798  s4.loss_iou: 0.4691  s5.loss_cls: 1.1061  s5.pos_acc: 66.6667  s5.loss_bbox: 0.5826  s5.loss_iou: 0.4678
2025/05/18 10:34:48 - mmengine - INFO - Epoch(train) [1][5100/8276]  lr: 2.5000e-05  eta: 3:12:46  time: 0.2618  data_time: 0.0062  memory: 2063  grad_norm: 144.6805  loss: 14.9559  s0.loss_cls: 1.3986  s0.pos_acc: 20.0000  s0.loss_bbox: 1.1208  s0.loss_iou: 0.9008  s1.loss_cls: 1.0919  s1.pos_acc: 60.0000  s1.loss_bbox: 0.7797  s1.loss_iou: 0.6811  s2.loss_cls: 1.0442  s2.pos_acc: 60.0000  s2.loss_bbox: 0.6783  s2.loss_iou: 0.6170  s3.loss_cls: 1.0518  s3.pos_acc: 60.0000  s3.loss_bbox: 0.6243  s3.loss_iou: 0.5684  s4.loss_cls: 1.0455  s4.pos_acc: 80.0000  s4.loss_bbox: 0.6137  s4.loss_iou: 0.5585  s5.loss_cls: 1.0536  s5.pos_acc: 80.0000  s5.loss_bbox: 0.5829  s5.loss_iou: 0.5448
2025/05/18 10:35:01 - mmengine - INFO - Epoch(train) [1][5150/8276]  lr: 2.5000e-05  eta: 3:12:33  time: 0.2600  data_time: 0.0060  memory: 2064  grad_norm: 163.2667  loss: 13.8757  s0.loss_cls: 1.3605  s0.pos_acc: 50.0000  s0.loss_bbox: 1.0214  s0.loss_iou: 0.8052  s1.loss_cls: 1.0398  s1.pos_acc: 75.0000  s1.loss_bbox: 0.7043  s1.loss_iou: 0.5918  s2.loss_cls: 1.0271  s2.pos_acc: 50.0000  s2.loss_bbox: 0.6072  s2.loss_iou: 0.5028  s3.loss_cls: 1.0416  s3.pos_acc: 50.0000  s3.loss_bbox: 0.5686  s3.loss_iou: 0.4671  s4.loss_cls: 1.0607  s4.pos_acc: 50.0000  s4.loss_bbox: 0.5555  s4.loss_iou: 0.4593  s5.loss_cls: 1.0806  s5.pos_acc: 50.0000  s5.loss_bbox: 0.5352  s5.loss_iou: 0.4470
2025/05/18 10:35:14 - mmengine - INFO - Epoch(train) [1][5200/8276]  lr: 2.5000e-05  eta: 3:12:19  time: 0.2555  data_time: 0.0060  memory: 2064  grad_norm: 157.4860  loss: 15.2915  s0.loss_cls: 1.4239  s0.pos_acc: 66.6667  s0.loss_bbox: 1.0983  s0.loss_iou: 0.9056  s1.loss_cls: 1.1503  s1.pos_acc: 50.0000  s1.loss_bbox: 0.7660  s1.loss_iou: 0.6799  s2.loss_cls: 1.0985  s2.pos_acc: 83.3333  s2.loss_bbox: 0.6344  s2.loss_iou: 0.5919  s3.loss_cls: 1.0911  s3.pos_acc: 83.3333  s3.loss_bbox: 0.6473  s3.loss_iou: 0.5924  s4.loss_cls: 1.1192  s4.pos_acc: 83.3333  s4.loss_bbox: 0.6314  s4.loss_iou: 0.5720  s5.loss_cls: 1.1224  s5.pos_acc: 66.6667  s5.loss_bbox: 0.6103  s5.loss_iou: 0.5565
2025/05/18 10:35:27 - mmengine - INFO - Epoch(train) [1][5250/8276]  lr: 2.5000e-05  eta: 3:12:07  time: 0.2620  data_time: 0.0066  memory: 2064  grad_norm: 163.2781  loss: 14.1378  s0.loss_cls: 1.4294  s0.pos_acc: 0.0000  s0.loss_bbox: 1.0261  s0.loss_iou: 0.8117  s1.loss_cls: 1.1193  s1.pos_acc: 60.0000  s1.loss_bbox: 0.7259  s1.loss_iou: 0.5957  s2.loss_cls: 1.0367  s2.pos_acc: 20.0000  s2.loss_bbox: 0.6148  s2.loss_iou: 0.5065  s3.loss_cls: 1.0304  s3.pos_acc: 40.0000  s3.loss_bbox: 0.5752  s3.loss_iou: 0.4730  s4.loss_cls: 1.0633  s4.pos_acc: 20.0000  s4.loss_bbox: 0.5626  s4.loss_iou: 0.4634  s5.loss_cls: 1.0775  s5.pos_acc: 80.0000  s5.loss_bbox: 0.5662  s5.loss_iou: 0.4602
2025/05/18 10:35:40 - mmengine - INFO - Epoch(train) [1][5300/8276]  lr: 2.5000e-05  eta: 3:11:52  time: 0.2543  data_time: 0.0055  memory: 2063  grad_norm: 149.3594  loss: 14.6251  s0.loss_cls: 1.4150  s0.pos_acc: 62.5000  s0.loss_bbox: 1.1008  s0.loss_iou: 0.9113  s1.loss_cls: 1.1044  s1.pos_acc: 75.0000  s1.loss_bbox: 0.7356  s1.loss_iou: 0.6557  s2.loss_cls: 1.0389  s2.pos_acc: 75.0000  s2.loss_bbox: 0.6229  s2.loss_iou: 0.5635  s3.loss_cls: 1.0523  s3.pos_acc: 75.0000  s3.loss_bbox: 0.5925  s3.loss_iou: 0.5427  s4.loss_cls: 1.0584  s4.pos_acc: 100.0000  s4.loss_bbox: 0.5684  s4.loss_iou: 0.5251  s5.loss_cls: 1.0513  s5.pos_acc: 87.5000  s5.loss_bbox: 0.5684  s5.loss_iou: 0.5180
2025/05/18 10:35:52 - mmengine - INFO - Epoch(train) [1][5350/8276]  lr: 2.5000e-05  eta: 3:11:37  time: 0.2552  data_time: 0.0059  memory: 2064  grad_norm: 152.1302  loss: 13.7217  s0.loss_cls: 1.3734  s0.pos_acc: 80.0000  s0.loss_bbox: 1.0306  s0.loss_iou: 0.8155  s1.loss_cls: 0.9969  s1.pos_acc: 80.0000  s1.loss_bbox: 0.6727  s1.loss_iou: 0.5623  s2.loss_cls: 0.9973  s2.pos_acc: 80.0000  s2.loss_bbox: 0.5731  s2.loss_iou: 0.4969  s3.loss_cls: 1.0020  s3.pos_acc: 80.0000  s3.loss_bbox: 0.5593  s3.loss_iou: 0.4826  s4.loss_cls: 1.0277  s4.pos_acc: 80.0000  s4.loss_bbox: 0.5522  s4.loss_iou: 0.4753  s5.loss_cls: 1.0435  s5.pos_acc: 80.0000  s5.loss_bbox: 0.5683  s5.loss_iou: 0.4921
2025/05/18 10:36:06 - mmengine - INFO - Epoch(train) [1][5400/8276]  lr: 2.5000e-05  eta: 3:11:26  time: 0.2636  data_time: 0.0064  memory: 2064  grad_norm: 166.3522  loss: 13.8172  s0.loss_cls: 1.3797  s0.pos_acc: 66.6667  s0.loss_bbox: 1.0269  s0.loss_iou: 0.8121  s1.loss_cls: 1.0421  s1.pos_acc: 66.6667  s1.loss_bbox: 0.7152  s1.loss_iou: 0.6004  s2.loss_cls: 1.0048  s2.pos_acc: 100.0000  s2.loss_bbox: 0.5982  s2.loss_iou: 0.5051  s3.loss_cls: 1.0129  s3.pos_acc: 66.6667  s3.loss_bbox: 0.5309  s3.loss_iou: 0.4629  s4.loss_cls: 1.0535  s4.pos_acc: 66.6667  s4.loss_bbox: 0.5445  s4.loss_iou: 0.4714  s5.loss_cls: 1.0586  s5.pos_acc: 66.6667  s5.loss_bbox: 0.5379  s5.loss_iou: 0.4599
2025/05/18 10:36:19 - mmengine - INFO - Epoch(train) [1][5450/8276]  lr: 2.5000e-05  eta: 3:11:12  time: 0.2580  data_time: 0.0059  memory: 2064  grad_norm: 166.1171  loss: 14.3719  s0.loss_cls: 1.4110  s0.pos_acc: 14.2857  s0.loss_bbox: 1.0059  s0.loss_iou: 0.7618  s1.loss_cls: 1.0849  s1.pos_acc: 28.5714  s1.loss_bbox: 0.7261  s1.loss_iou: 0.5743  s2.loss_cls: 1.0355  s2.pos_acc: 71.4286  s2.loss_bbox: 0.6618  s2.loss_iou: 0.5179  s3.loss_cls: 1.0405  s3.pos_acc: 57.1429  s3.loss_bbox: 0.6473  s3.loss_iou: 0.5055  s4.loss_cls: 1.0769  s4.pos_acc: 71.4286  s4.loss_bbox: 0.6273  s4.loss_iou: 0.4841  s5.loss_cls: 1.1052  s5.pos_acc: 71.4286  s5.loss_bbox: 0.6186  s5.loss_iou: 0.4873
2025/05/18 10:36:31 - mmengine - INFO - Epoch(train) [1][5500/8276]  lr: 2.5000e-05  eta: 3:10:58  time: 0.2571  data_time: 0.0061  memory: 2064  grad_norm: 157.2940  loss: 14.0001  s0.loss_cls: 1.4023  s0.pos_acc: 0.0000  s0.loss_bbox: 1.0712  s0.loss_iou: 0.8633  s1.loss_cls: 1.0437  s1.pos_acc: 50.0000  s1.loss_bbox: 0.7018  s1.loss_iou: 0.6300  s2.loss_cls: 0.9868  s2.pos_acc: 100.0000  s2.loss_bbox: 0.5998  s2.loss_iou: 0.5368  s3.loss_cls: 0.9879  s3.pos_acc: 100.0000  s3.loss_bbox: 0.5584  s3.loss_iou: 0.5053  s4.loss_cls: 1.0219  s4.pos_acc: 50.0000  s4.loss_bbox: 0.5608  s4.loss_iou: 0.5025  s5.loss_cls: 1.0067  s5.pos_acc: 100.0000  s5.loss_bbox: 0.5369  s5.loss_iou: 0.4841
2025/05/18 10:36:45 - mmengine - INFO - Epoch(train) [1][5550/8276]  lr: 2.5000e-05  eta: 3:10:48  time: 0.2666  data_time: 0.0067  memory: 2063  grad_norm: 155.6130  loss: 14.8880  s0.loss_cls: 1.3342  s0.pos_acc: 94.1176  s0.loss_bbox: 1.0894  s0.loss_iou: 0.8364  s1.loss_cls: 1.0639  s1.pos_acc: 100.0000  s1.loss_bbox: 0.8184  s1.loss_iou: 0.6579  s2.loss_cls: 1.0501  s2.pos_acc: 100.0000  s2.loss_bbox: 0.6711  s2.loss_iou: 0.5712  s3.loss_cls: 1.0399  s3.pos_acc: 100.0000  s3.loss_bbox: 0.6457  s3.loss_iou: 0.5527  s4.loss_cls: 1.0790  s4.pos_acc: 100.0000  s4.loss_bbox: 0.6466  s4.loss_iou: 0.5543  s5.loss_cls: 1.0822  s5.pos_acc: 100.0000  s5.loss_bbox: 0.6420  s5.loss_iou: 0.5531
2025/05/18 10:36:58 - mmengine - INFO - Epoch(train) [1][5600/8276]  lr: 2.5000e-05  eta: 3:10:37  time: 0.2661  data_time: 0.0069  memory: 2064  grad_norm: 152.2894  loss: 14.7049  s0.loss_cls: 1.3901  s0.pos_acc: 75.0000  s0.loss_bbox: 1.0594  s0.loss_iou: 0.8424  s1.loss_cls: 1.1017  s1.pos_acc: 25.0000  s1.loss_bbox: 0.7365  s1.loss_iou: 0.6254  s2.loss_cls: 1.0614  s2.pos_acc: 75.0000  s2.loss_bbox: 0.6412  s2.loss_iou: 0.5498  s3.loss_cls: 1.0327  s3.pos_acc: 100.0000  s3.loss_bbox: 0.6402  s3.loss_iou: 0.5452  s4.loss_cls: 1.0720  s4.pos_acc: 100.0000  s4.loss_bbox: 0.6241  s4.loss_iou: 0.5328  s5.loss_cls: 1.0766  s5.pos_acc: 100.0000  s5.loss_bbox: 0.6322  s5.loss_iou: 0.5412
2025/05/18 10:37:11 - mmengine - INFO - Epoch(train) [1][5650/8276]  lr: 2.5000e-05  eta: 3:10:27  time: 0.2668  data_time: 0.0070  memory: 2064  grad_norm: 152.8302  loss: 14.4688  s0.loss_cls: 1.3573  s0.pos_acc: 50.0000  s0.loss_bbox: 1.0525  s0.loss_iou: 0.8700  s1.loss_cls: 1.0834  s1.pos_acc: 75.0000  s1.loss_bbox: 0.7225  s1.loss_iou: 0.6487  s2.loss_cls: 1.0474  s2.pos_acc: 75.0000  s2.loss_bbox: 0.6072  s2.loss_iou: 0.5681  s3.loss_cls: 1.0370  s3.pos_acc: 25.0000  s3.loss_bbox: 0.5856  s3.loss_iou: 0.5345  s4.loss_cls: 1.0696  s4.pos_acc: 25.0000  s4.loss_bbox: 0.5843  s4.loss_iou: 0.5398  s5.loss_cls: 1.0685  s5.pos_acc: 75.0000  s5.loss_bbox: 0.5638  s5.loss_iou: 0.5285
2025/05/18 10:37:25 - mmengine - INFO - Epoch(train) [1][5700/8276]  lr: 2.5000e-05  eta: 3:10:16  time: 0.2648  data_time: 0.0066  memory: 2064  grad_norm: 146.0870  loss: 14.5747  s0.loss_cls: 1.3493  s0.pos_acc: 80.0000  s0.loss_bbox: 1.0839  s0.loss_iou: 0.8333  s1.loss_cls: 1.0738  s1.pos_acc: 100.0000  s1.loss_bbox: 0.7981  s1.loss_iou: 0.6389  s2.loss_cls: 1.0186  s2.pos_acc: 80.0000  s2.loss_bbox: 0.6843  s2.loss_iou: 0.5565  s3.loss_cls: 1.0073  s3.pos_acc: 80.0000  s3.loss_bbox: 0.6392  s3.loss_iou: 0.5276  s4.loss_cls: 1.0302  s4.pos_acc: 80.0000  s4.loss_bbox: 0.6349  s4.loss_iou: 0.5211  s5.loss_cls: 1.0289  s5.pos_acc: 80.0000  s5.loss_bbox: 0.6291  s5.loss_iou: 0.5197
2025/05/18 10:37:38 - mmengine - INFO - Epoch(train) [1][5750/8276]  lr: 2.5000e-05  eta: 3:10:03  time: 0.2585  data_time: 0.0064  memory: 2063  grad_norm: 155.0127  loss: 13.8020  s0.loss_cls: 1.3012  s0.pos_acc: 0.0000  s0.loss_bbox: 1.0254  s0.loss_iou: 0.8233  s1.loss_cls: 1.0005  s1.pos_acc: 0.0000  s1.loss_bbox: 0.7092  s1.loss_iou: 0.6065  s2.loss_cls: 0.9514  s2.pos_acc: 50.0000  s2.loss_bbox: 0.6300  s2.loss_iou: 0.5633  s3.loss_cls: 0.9685  s3.pos_acc: 50.0000  s3.loss_bbox: 0.5646  s3.loss_iou: 0.5166  s4.loss_cls: 1.0061  s4.pos_acc: 50.0000  s4.loss_bbox: 0.5642  s4.loss_iou: 0.5040  s5.loss_cls: 1.0116  s5.pos_acc: 50.0000  s5.loss_bbox: 0.5599  s5.loss_iou: 0.4958
2025/05/18 10:37:51 - mmengine - INFO - Epoch(train) [1][5800/8276]  lr: 2.5000e-05  eta: 3:09:50  time: 0.2609  data_time: 0.0060  memory: 2063  grad_norm: 155.3626  loss: 13.6787  s0.loss_cls: 1.3501  s0.pos_acc: 33.3333  s0.loss_bbox: 1.0674  s0.loss_iou: 0.7958  s1.loss_cls: 1.0251  s1.pos_acc: 66.6667  s1.loss_bbox: 0.7184  s1.loss_iou: 0.5794  s2.loss_cls: 0.9767  s2.pos_acc: 66.6667  s2.loss_bbox: 0.6389  s2.loss_iou: 0.5072  s3.loss_cls: 0.9498  s3.pos_acc: 66.6667  s3.loss_bbox: 0.5835  s3.loss_iou: 0.4758  s4.loss_cls: 0.9767  s4.pos_acc: 66.6667  s4.loss_bbox: 0.5725  s4.loss_iou: 0.4687  s5.loss_cls: 1.0047  s5.pos_acc: 83.3333  s5.loss_bbox: 0.5341  s5.loss_iou: 0.4538
2025/05/18 10:38:04 - mmengine - INFO - Epoch(train) [1][5850/8276]  lr: 2.5000e-05  eta: 3:09:37  time: 0.2593  data_time: 0.0059  memory: 2064  grad_norm: 171.8811  loss: 13.6504  s0.loss_cls: 1.3366  s0.pos_acc: 66.6667  s0.loss_bbox: 1.0472  s0.loss_iou: 0.7917  s1.loss_cls: 1.0415  s1.pos_acc: 33.3333  s1.loss_bbox: 0.7294  s1.loss_iou: 0.5800  s2.loss_cls: 0.9667  s2.pos_acc: 66.6667  s2.loss_bbox: 0.6110  s2.loss_iou: 0.4941  s3.loss_cls: 0.9695  s3.pos_acc: 66.6667  s3.loss_bbox: 0.5762  s3.loss_iou: 0.4765  s4.loss_cls: 1.0032  s4.pos_acc: 66.6667  s4.loss_bbox: 0.5480  s4.loss_iou: 0.4553  s5.loss_cls: 1.0161  s5.pos_acc: 66.6667  s5.loss_bbox: 0.5491  s5.loss_iou: 0.4583
2025/05/18 10:38:16 - mmengine - INFO - Epoch(train) [1][5900/8276]  lr: 2.5000e-05  eta: 3:09:22  time: 0.2536  data_time: 0.0055  memory: 2063  grad_norm: 158.3324  loss: 13.3472  s0.loss_cls: 1.2664  s0.pos_acc: 50.0000  s0.loss_bbox: 1.0335  s0.loss_iou: 0.7882  s1.loss_cls: 1.0001  s1.pos_acc: 75.0000  s1.loss_bbox: 0.7012  s1.loss_iou: 0.5695  s2.loss_cls: 0.9767  s2.pos_acc: 100.0000  s2.loss_bbox: 0.5865  s2.loss_iou: 0.4809  s3.loss_cls: 0.9768  s3.pos_acc: 100.0000  s3.loss_bbox: 0.5359  s3.loss_iou: 0.4587  s4.loss_cls: 0.9599  s4.pos_acc: 100.0000  s4.loss_bbox: 0.5494  s4.loss_iou: 0.4591  s5.loss_cls: 0.9963  s5.pos_acc: 100.0000  s5.loss_bbox: 0.5532  s5.loss_iou: 0.4549
2025/05/18 10:38:29 - mmengine - INFO - Epoch(train) [1][5950/8276]  lr: 2.5000e-05  eta: 3:09:07  time: 0.2536  data_time: 0.0054  memory: 2063  grad_norm: 166.0553  loss: 14.8654  s0.loss_cls: 1.4168  s0.pos_acc: 0.0000  s0.loss_bbox: 1.1542  s0.loss_iou: 0.8868  s1.loss_cls: 1.0725  s1.pos_acc: 0.0000  s1.loss_bbox: 0.7880  s1.loss_iou: 0.6487  s2.loss_cls: 1.0335  s2.pos_acc: 50.0000  s2.loss_bbox: 0.6651  s2.loss_iou: 0.5560  s3.loss_cls: 1.0120  s3.pos_acc: 50.0000  s3.loss_bbox: 0.6353  s3.loss_iou: 0.5379  s4.loss_cls: 1.0558  s4.pos_acc: 50.0000  s4.loss_bbox: 0.6168  s4.loss_iou: 0.5471  s5.loss_cls: 1.0768  s5.pos_acc: 100.0000  s5.loss_bbox: 0.6155  s5.loss_iou: 0.5465
2025/05/18 10:38:42 - mmengine - INFO - Exp name: sparse-rcnn_voc_20250518_101231
2025/05/18 10:38:42 - mmengine - INFO - Epoch(train) [1][6000/8276]  lr: 2.5000e-05  eta: 3:08:56  time: 0.2671  data_time: 0.0071  memory: 2064  grad_norm: 143.8963  loss: 14.6890  s0.loss_cls: 1.3435  s0.pos_acc: 0.0000  s0.loss_bbox: 1.1457  s0.loss_iou: 0.9064  s1.loss_cls: 1.0561  s1.pos_acc: 25.0000  s1.loss_bbox: 0.7611  s1.loss_iou: 0.6541  s2.loss_cls: 1.0049  s2.pos_acc: 0.0000  s2.loss_bbox: 0.6757  s2.loss_iou: 0.6025  s3.loss_cls: 1.0063  s3.pos_acc: 25.0000  s3.loss_bbox: 0.6244  s3.loss_iou: 0.5648  s4.loss_cls: 1.0185  s4.pos_acc: 50.0000  s4.loss_bbox: 0.6043  s4.loss_iou: 0.5509  s5.loss_cls: 1.0350  s5.pos_acc: 50.0000  s5.loss_bbox: 0.5920  s5.loss_iou: 0.5428
2025/05/18 10:38:55 - mmengine - INFO - Epoch(train) [1][6050/8276]  lr: 2.5000e-05  eta: 3:08:42  time: 0.2566  data_time: 0.0060  memory: 2063  grad_norm: 158.0057  loss: 14.2090  s0.loss_cls: 1.3664  s0.pos_acc: 33.3333  s0.loss_bbox: 1.0715  s0.loss_iou: 0.8044  s1.loss_cls: 1.0479  s1.pos_acc: 100.0000  s1.loss_bbox: 0.7170  s1.loss_iou: 0.5826  s2.loss_cls: 1.0285  s2.pos_acc: 66.6667  s2.loss_bbox: 0.6169  s2.loss_iou: 0.5097  s3.loss_cls: 1.0180  s3.pos_acc: 100.0000  s3.loss_bbox: 0.5993  s3.loss_iou: 0.5024  s4.loss_cls: 1.0507  s4.pos_acc: 66.6667  s4.loss_bbox: 0.6297  s4.loss_iou: 0.5149  s5.loss_cls: 1.0876  s5.pos_acc: 66.6667  s5.loss_bbox: 0.5743  s5.loss_iou: 0.4870
2025/05/18 10:39:08 - mmengine - INFO - Epoch(train) [1][6100/8276]  lr: 2.5000e-05  eta: 3:08:27  time: 0.2530  data_time: 0.0057  memory: 2063  grad_norm: 159.9713  loss: 13.9162  s0.loss_cls: 1.3709  s0.pos_acc: 0.0000  s0.loss_bbox: 1.0069  s0.loss_iou: 0.8167  s1.loss_cls: 0.9973  s1.pos_acc: 20.0000  s1.loss_bbox: 0.7256  s1.loss_iou: 0.6193  s2.loss_cls: 0.9639  s2.pos_acc: 60.0000  s2.loss_bbox: 0.6347  s2.loss_iou: 0.5518  s3.loss_cls: 0.9742  s3.pos_acc: 60.0000  s3.loss_bbox: 0.5768  s3.loss_iou: 0.5188  s4.loss_cls: 1.0113  s4.pos_acc: 80.0000  s4.loss_bbox: 0.5578  s4.loss_iou: 0.4997  s5.loss_cls: 1.0568  s5.pos_acc: 40.0000  s5.loss_bbox: 0.5434  s5.loss_iou: 0.4904
2025/05/18 10:39:21 - mmengine - INFO - Epoch(train) [1][6150/8276]  lr: 2.5000e-05  eta: 3:08:15  time: 0.2622  data_time: 0.0057  memory: 2063  grad_norm: 151.6549  loss: 13.5370  s0.loss_cls: 1.3085  s0.pos_acc: 14.2857  s0.loss_bbox: 1.0286  s0.loss_iou: 0.8297  s1.loss_cls: 0.9937  s1.pos_acc: 42.8571  s1.loss_bbox: 0.6619  s1.loss_iou: 0.5785  s2.loss_cls: 0.9916  s2.pos_acc: 14.2857  s2.loss_bbox: 0.5557  s2.loss_iou: 0.4920  s3.loss_cls: 0.9517  s3.pos_acc: 14.2857  s3.loss_bbox: 0.5495  s3.loss_iou: 0.5014  s4.loss_cls: 0.9749  s4.pos_acc: 14.2857  s4.loss_bbox: 0.5573  s4.loss_iou: 0.5001  s5.loss_cls: 0.9841  s5.pos_acc: 14.2857  s5.loss_bbox: 0.5695  s5.loss_iou: 0.5084
2025/05/18 10:39:34 - mmengine - INFO - Epoch(train) [1][6200/8276]  lr: 2.5000e-05  eta: 3:08:00  time: 0.2550  data_time: 0.0059  memory: 2064  grad_norm: 149.7513  loss: 14.0277  s0.loss_cls: 1.2469  s0.pos_acc: 66.6667  s0.loss_bbox: 1.0859  s0.loss_iou: 0.8737  s1.loss_cls: 0.9703  s1.pos_acc: 66.6667  s1.loss_bbox: 0.7586  s1.loss_iou: 0.6635  s2.loss_cls: 0.9296  s2.pos_acc: 55.5556  s2.loss_bbox: 0.6517  s2.loss_iou: 0.5812  s3.loss_cls: 0.9454  s3.pos_acc: 66.6667  s3.loss_bbox: 0.6080  s3.loss_iou: 0.5514  s4.loss_cls: 0.9661  s4.pos_acc: 66.6667  s4.loss_bbox: 0.6048  s4.loss_iou: 0.5369  s5.loss_cls: 0.9814  s5.pos_acc: 55.5556  s5.loss_bbox: 0.5585  s5.loss_iou: 0.5139
2025/05/18 10:39:47 - mmengine - INFO - Epoch(train) [1][6250/8276]  lr: 2.5000e-05  eta: 3:07:46  time: 0.2571  data_time: 0.0058  memory: 2063  grad_norm: 148.3527  loss: 13.9165  s0.loss_cls: 1.2901  s0.pos_acc: 66.6667  s0.loss_bbox: 1.0741  s0.loss_iou: 0.9095  s1.loss_cls: 0.9507  s1.pos_acc: 100.0000  s1.loss_bbox: 0.7129  s1.loss_iou: 0.6691  s2.loss_cls: 0.9274  s2.pos_acc: 66.6667  s2.loss_bbox: 0.6182  s2.loss_iou: 0.5882  s3.loss_cls: 0.9363  s3.pos_acc: 66.6667  s3.loss_bbox: 0.5610  s3.loss_iou: 0.5441  s4.loss_cls: 0.9661  s4.pos_acc: 100.0000  s4.loss_bbox: 0.5722  s4.loss_iou: 0.5364  s5.loss_cls: 0.9843  s5.pos_acc: 100.0000  s5.loss_bbox: 0.5565  s5.loss_iou: 0.5193
2025/05/18 10:39:59 - mmengine - INFO - Epoch(train) [1][6300/8276]  lr: 2.5000e-05  eta: 3:07:31  time: 0.2537  data_time: 0.0054  memory: 2064  grad_norm: 152.4189  loss: 13.9445  s0.loss_cls: 1.3538  s0.pos_acc: 66.6667  s0.loss_bbox: 0.9975  s0.loss_iou: 0.8345  s1.loss_cls: 0.9812  s1.pos_acc: 100.0000  s1.loss_bbox: 0.7338  s1.loss_iou: 0.6466  s2.loss_cls: 0.9877  s2.pos_acc: 66.6667  s2.loss_bbox: 0.6341  s2.loss_iou: 0.5652  s3.loss_cls: 0.9777  s3.pos_acc: 66.6667  s3.loss_bbox: 0.5589  s3.loss_iou: 0.5158  s4.loss_cls: 1.0026  s4.pos_acc: 66.6667  s4.loss_bbox: 0.5451  s4.loss_iou: 0.5115  s5.loss_cls: 1.0405  s5.pos_acc: 100.0000  s5.loss_bbox: 0.5494  s5.loss_iou: 0.5087
2025/05/18 10:40:12 - mmengine - INFO - Epoch(train) [1][6350/8276]  lr: 2.5000e-05  eta: 3:07:18  time: 0.2581  data_time: 0.0060  memory: 2063  grad_norm: 155.5841  loss: 13.5772  s0.loss_cls: 1.2584  s0.pos_acc: 28.5714  s0.loss_bbox: 1.0790  s0.loss_iou: 0.8400  s1.loss_cls: 0.9556  s1.pos_acc: 71.4286  s1.loss_bbox: 0.7318  s1.loss_iou: 0.6233  s2.loss_cls: 0.9494  s2.pos_acc: 85.7143  s2.loss_bbox: 0.6028  s2.loss_iou: 0.5260  s3.loss_cls: 0.9107  s3.pos_acc: 100.0000  s3.loss_bbox: 0.5823  s3.loss_iou: 0.5073  s4.loss_cls: 0.9456  s4.pos_acc: 100.0000  s4.loss_bbox: 0.5716  s4.loss_iou: 0.5019  s5.loss_cls: 0.9601  s5.pos_acc: 85.7143  s5.loss_bbox: 0.5461  s5.loss_iou: 0.4851
2025/05/18 10:40:25 - mmengine - INFO - Epoch(train) [1][6400/8276]  lr: 2.5000e-05  eta: 3:07:06  time: 0.2624  data_time: 0.0064  memory: 2064  grad_norm: 156.4415  loss: 13.6404  s0.loss_cls: 1.3037  s0.pos_acc: 0.0000  s0.loss_bbox: 1.0589  s0.loss_iou: 0.8100  s1.loss_cls: 1.0188  s1.pos_acc: 0.0000  s1.loss_bbox: 0.7500  s1.loss_iou: 0.5858  s2.loss_cls: 0.9690  s2.pos_acc: 0.0000  s2.loss_bbox: 0.6181  s2.loss_iou: 0.4913  s3.loss_cls: 0.9763  s3.pos_acc: 0.0000  s3.loss_bbox: 0.5729  s3.loss_iou: 0.4665  s4.loss_cls: 1.0004  s4.pos_acc: 33.3333  s4.loss_bbox: 0.5511  s4.loss_iou: 0.4544  s5.loss_cls: 1.0050  s5.pos_acc: 0.0000  s5.loss_bbox: 0.5542  s5.loss_iou: 0.4540
2025/05/18 10:40:38 - mmengine - INFO - Epoch(train) [1][6450/8276]  lr: 2.5000e-05  eta: 3:06:51  time: 0.2529  data_time: 0.0059  memory: 2064  grad_norm: 146.1453  loss: 13.7067  s0.loss_cls: 1.3769  s0.pos_acc: 0.0000  s0.loss_bbox: 1.0706  s0.loss_iou: 0.8795  s1.loss_cls: 0.9400  s1.pos_acc: 50.0000  s1.loss_bbox: 0.7076  s1.loss_iou: 0.6389  s2.loss_cls: 0.9237  s2.pos_acc: 100.0000  s2.loss_bbox: 0.5828  s2.loss_iou: 0.5438  s3.loss_cls: 0.9198  s3.pos_acc: 100.0000  s3.loss_bbox: 0.5598  s3.loss_iou: 0.5277  s4.loss_cls: 0.9622  s4.pos_acc: 100.0000  s4.loss_bbox: 0.5525  s4.loss_iou: 0.5194  s5.loss_cls: 0.9635  s5.pos_acc: 100.0000  s5.loss_bbox: 0.5301  s5.loss_iou: 0.5078
2025/05/18 10:40:51 - mmengine - INFO - Epoch(train) [1][6500/8276]  lr: 2.5000e-05  eta: 3:06:39  time: 0.2634  data_time: 0.0069  memory: 2063  grad_norm: 160.6257  loss: 13.7513  s0.loss_cls: 1.3410  s0.pos_acc: 0.0000  s0.loss_bbox: 1.0459  s0.loss_iou: 0.8440  s1.loss_cls: 0.9660  s1.pos_acc: 100.0000  s1.loss_bbox: 0.7420  s1.loss_iou: 0.6297  s2.loss_cls: 0.9414  s2.pos_acc: 100.0000  s2.loss_bbox: 0.5840  s2.loss_iou: 0.5257  s3.loss_cls: 0.9522  s3.pos_acc: 100.0000  s3.loss_bbox: 0.5704  s3.loss_iou: 0.5106  s4.loss_cls: 0.9472  s4.pos_acc: 100.0000  s4.loss_bbox: 0.5665  s4.loss_iou: 0.5106  s5.loss_cls: 0.9737  s5.pos_acc: 100.0000  s5.loss_bbox: 0.5829  s5.loss_iou: 0.5178
2025/05/18 10:41:05 - mmengine - INFO - Epoch(train) [1][6550/8276]  lr: 2.5000e-05  eta: 3:06:30  time: 0.2707  data_time: 0.0070  memory: 2064  grad_norm: 145.1808  loss: 13.8414  s0.loss_cls: 1.3598  s0.pos_acc: 14.2857  s0.loss_bbox: 1.0334  s0.loss_iou: 0.8417  s1.loss_cls: 1.0338  s1.pos_acc: 28.5714  s1.loss_bbox: 0.7312  s1.loss_iou: 0.6168  s2.loss_cls: 0.9759  s2.pos_acc: 42.8571  s2.loss_bbox: 0.6077  s2.loss_iou: 0.5307  s3.loss_cls: 0.9724  s3.pos_acc: 42.8571  s3.loss_bbox: 0.5574  s3.loss_iou: 0.5034  s4.loss_cls: 0.9953  s4.pos_acc: 28.5714  s4.loss_bbox: 0.5507  s4.loss_iou: 0.4952  s5.loss_cls: 1.0055  s5.pos_acc: 28.5714  s5.loss_bbox: 0.5453  s5.loss_iou: 0.4850
2025/05/18 10:41:18 - mmengine - INFO - Epoch(train) [1][6600/8276]  lr: 2.5000e-05  eta: 3:06:21  time: 0.2722  data_time: 0.0070  memory: 2064  grad_norm: 145.3069  loss: 13.7975  s0.loss_cls: 1.3377  s0.pos_acc: 33.3333  s0.loss_bbox: 1.1012  s0.loss_iou: 0.9153  s1.loss_cls: 0.9560  s1.pos_acc: 66.6667  s1.loss_bbox: 0.7271  s1.loss_iou: 0.6536  s2.loss_cls: 0.9573  s2.pos_acc: 66.6667  s2.loss_bbox: 0.5983  s2.loss_iou: 0.5521  s3.loss_cls: 0.9332  s3.pos_acc: 66.6667  s3.loss_bbox: 0.5390  s3.loss_iou: 0.5130  s4.loss_cls: 0.9677  s4.pos_acc: 66.6667  s4.loss_bbox: 0.5204  s4.loss_iou: 0.4970  s5.loss_cls: 0.9756  s5.pos_acc: 66.6667  s5.loss_bbox: 0.5455  s5.loss_iou: 0.5073
2025/05/18 10:41:31 - mmengine - INFO - Epoch(train) [1][6650/8276]  lr: 2.5000e-05  eta: 3:06:07  time: 0.2560  data_time: 0.0060  memory: 2063  grad_norm: 153.8190  loss: 13.4168  s0.loss_cls: 1.3235  s0.pos_acc: 0.0000  s0.loss_bbox: 1.0270  s0.loss_iou: 0.8274  s1.loss_cls: 0.9925  s1.pos_acc: 66.6667  s1.loss_bbox: 0.7121  s1.loss_iou: 0.6091  s2.loss_cls: 0.9307  s2.pos_acc: 33.3333  s2.loss_bbox: 0.5547  s2.loss_iou: 0.5162  s3.loss_cls: 0.9478  s3.pos_acc: 66.6667  s3.loss_bbox: 0.5444  s3.loss_iou: 0.4961  s4.loss_cls: 0.9584  s4.pos_acc: 66.6667  s4.loss_bbox: 0.5211  s4.loss_iou: 0.4826  s5.loss_cls: 0.9839  s5.pos_acc: 66.6667  s5.loss_bbox: 0.5137  s5.loss_iou: 0.4755
2025/05/18 10:41:44 - mmengine - INFO - Epoch(train) [1][6700/8276]  lr: 2.5000e-05  eta: 3:05:54  time: 0.2615  data_time: 0.0064  memory: 2063  grad_norm: 153.5213  loss: 13.1100  s0.loss_cls: 1.2974  s0.pos_acc: 0.0000  s0.loss_bbox: 1.0364  s0.loss_iou: 0.7932  s1.loss_cls: 0.9457  s1.pos_acc: 66.6667  s1.loss_bbox: 0.7106  s1.loss_iou: 0.5758  s2.loss_cls: 0.9316  s2.pos_acc: 66.6667  s2.loss_bbox: 0.5899  s2.loss_iou: 0.4910  s3.loss_cls: 0.9563  s3.pos_acc: 66.6667  s3.loss_bbox: 0.5261  s3.loss_iou: 0.4481  s4.loss_cls: 0.9640  s4.pos_acc: 66.6667  s4.loss_bbox: 0.4912  s4.loss_iou: 0.4298  s5.loss_cls: 0.9893  s5.pos_acc: 66.6667  s5.loss_bbox: 0.4993  s5.loss_iou: 0.4342
2025/05/18 10:41:57 - mmengine - INFO - Epoch(train) [1][6750/8276]  lr: 2.5000e-05  eta: 3:05:43  time: 0.2641  data_time: 0.0065  memory: 2063  grad_norm: 145.8665  loss: 13.0079  s0.loss_cls: 1.2731  s0.pos_acc: 0.0000  s0.loss_bbox: 1.0539  s0.loss_iou: 0.8493  s1.loss_cls: 0.9194  s1.pos_acc: 66.6667  s1.loss_bbox: 0.6989  s1.loss_iou: 0.6006  s2.loss_cls: 0.8921  s2.pos_acc: 33.3333  s2.loss_bbox: 0.5630  s2.loss_iou: 0.5094  s3.loss_cls: 0.9218  s3.pos_acc: 33.3333  s3.loss_bbox: 0.5234  s3.loss_iou: 0.4832  s4.loss_cls: 0.9219  s4.pos_acc: 66.6667  s4.loss_bbox: 0.4956  s4.loss_iou: 0.4556  s5.loss_cls: 0.9286  s5.pos_acc: 66.6667  s5.loss_bbox: 0.4722  s5.loss_iou: 0.4460
2025/05/18 10:42:10 - mmengine - INFO - Epoch(train) [1][6800/8276]  lr: 2.5000e-05  eta: 3:05:30  time: 0.2603  data_time: 0.0067  memory: 2064  grad_norm: 149.0702  loss: 13.6730  s0.loss_cls: 1.2894  s0.pos_acc: 33.3333  s0.loss_bbox: 1.0354  s0.loss_iou: 0.8020  s1.loss_cls: 0.9927  s1.pos_acc: 66.6667  s1.loss_bbox: 0.7197  s1.loss_iou: 0.5986  s2.loss_cls: 0.9691  s2.pos_acc: 100.0000  s2.loss_bbox: 0.6118  s2.loss_iou: 0.5320  s3.loss_cls: 0.9493  s3.pos_acc: 100.0000  s3.loss_bbox: 0.5824  s3.loss_iou: 0.5134  s4.loss_cls: 0.9618  s4.pos_acc: 100.0000  s4.loss_bbox: 0.5713  s4.loss_iou: 0.5028  s5.loss_cls: 0.9920  s5.pos_acc: 100.0000  s5.loss_bbox: 0.5540  s5.loss_iou: 0.4952
2025/05/18 10:42:24 - mmengine - INFO - Epoch(train) [1][6850/8276]  lr: 2.5000e-05  eta: 3:05:18  time: 0.2644  data_time: 0.0067  memory: 2063  grad_norm: 157.5254  loss: 13.7977  s0.loss_cls: 1.3324  s0.pos_acc: 66.6667  s0.loss_bbox: 1.0915  s0.loss_iou: 0.8443  s1.loss_cls: 1.0106  s1.pos_acc: 100.0000  s1.loss_bbox: 0.7460  s1.loss_iou: 0.5969  s2.loss_cls: 0.9250  s2.pos_acc: 100.0000  s2.loss_bbox: 0.6383  s2.loss_iou: 0.5280  s3.loss_cls: 0.9629  s3.pos_acc: 100.0000  s3.loss_bbox: 0.5768  s3.loss_iou: 0.4932  s4.loss_cls: 0.9597  s4.pos_acc: 100.0000  s4.loss_bbox: 0.5892  s4.loss_iou: 0.4959  s5.loss_cls: 0.9861  s5.pos_acc: 100.0000  s5.loss_bbox: 0.5474  s5.loss_iou: 0.4736
2025/05/18 10:42:36 - mmengine - INFO - Epoch(train) [1][6900/8276]  lr: 2.5000e-05  eta: 3:05:03  time: 0.2514  data_time: 0.0053  memory: 2064  grad_norm: 144.8170  loss: 14.2337  s0.loss_cls: 1.3335  s0.pos_acc: 0.0000  s0.loss_bbox: 1.0374  s0.loss_iou: 0.8583  s1.loss_cls: 0.9660  s1.pos_acc: 100.0000  s1.loss_bbox: 0.7276  s1.loss_iou: 0.6350  s2.loss_cls: 0.9353  s2.pos_acc: 100.0000  s2.loss_bbox: 0.6557  s2.loss_iou: 0.5727  s3.loss_cls: 0.9712  s3.pos_acc: 100.0000  s3.loss_bbox: 0.6351  s3.loss_iou: 0.5557  s4.loss_cls: 0.9812  s4.pos_acc: 100.0000  s4.loss_bbox: 0.6200  s4.loss_iou: 0.5486  s5.loss_cls: 1.0376  s5.pos_acc: 100.0000  s5.loss_bbox: 0.6159  s5.loss_iou: 0.5470
2025/05/18 10:42:49 - mmengine - INFO - Epoch(train) [1][6950/8276]  lr: 2.5000e-05  eta: 3:04:51  time: 0.2620  data_time: 0.0064  memory: 2064  grad_norm: 141.7040  loss: 12.9860  s0.loss_cls: 1.2415  s0.pos_acc: 12.5000  s0.loss_bbox: 0.9696  s0.loss_iou: 0.8384  s1.loss_cls: 0.8942  s1.pos_acc: 25.0000  s1.loss_bbox: 0.6741  s1.loss_iou: 0.6068  s2.loss_cls: 0.8804  s2.pos_acc: 37.5000  s2.loss_bbox: 0.5602  s2.loss_iou: 0.5307  s3.loss_cls: 0.8879  s3.pos_acc: 62.5000  s3.loss_bbox: 0.5460  s3.loss_iou: 0.5150  s4.loss_cls: 0.8999  s4.pos_acc: 25.0000  s4.loss_bbox: 0.5292  s4.loss_iou: 0.4988  s5.loss_cls: 0.9282  s5.pos_acc: 37.5000  s5.loss_bbox: 0.5001  s5.loss_iou: 0.4851
2025/05/18 10:43:02 - mmengine - INFO - Exp name: sparse-rcnn_voc_20250518_101231
2025/05/18 10:43:02 - mmengine - INFO - Epoch(train) [1][7000/8276]  lr: 2.5000e-05  eta: 3:04:37  time: 0.2568  data_time: 0.0060  memory: 2063  grad_norm: 172.5514  loss: 13.3450  s0.loss_cls: 1.3259  s0.pos_acc: 12.5000  s0.loss_bbox: 1.0304  s0.loss_iou: 0.7901  s1.loss_cls: 0.9376  s1.pos_acc: 75.0000  s1.loss_bbox: 0.7369  s1.loss_iou: 0.5751  s2.loss_cls: 0.8939  s2.pos_acc: 75.0000  s2.loss_bbox: 0.6057  s2.loss_iou: 0.4873  s3.loss_cls: 0.9204  s3.pos_acc: 75.0000  s3.loss_bbox: 0.5698  s3.loss_iou: 0.4762  s4.loss_cls: 0.9292  s4.pos_acc: 87.5000  s4.loss_bbox: 0.5886  s4.loss_iou: 0.4777  s5.loss_cls: 0.9663  s5.pos_acc: 75.0000  s5.loss_bbox: 0.5668  s5.loss_iou: 0.4672
2025/05/18 10:43:15 - mmengine - INFO - Epoch(train) [1][7050/8276]  lr: 2.5000e-05  eta: 3:04:24  time: 0.2608  data_time: 0.0063  memory: 2064  grad_norm: 150.3309  loss: 13.3756  s0.loss_cls: 1.3581  s0.pos_acc: 25.0000  s0.loss_bbox: 0.9924  s0.loss_iou: 0.7936  s1.loss_cls: 1.0368  s1.pos_acc: 0.0000  s1.loss_bbox: 0.6586  s1.loss_iou: 0.5500  s2.loss_cls: 1.0057  s2.pos_acc: 25.0000  s2.loss_bbox: 0.5730  s2.loss_iou: 0.4786  s3.loss_cls: 1.0020  s3.pos_acc: 0.0000  s3.loss_bbox: 0.5188  s3.loss_iou: 0.4477  s4.loss_cls: 1.0362  s4.pos_acc: 0.0000  s4.loss_bbox: 0.5013  s4.loss_iou: 0.4359  s5.loss_cls: 1.0687  s5.pos_acc: 25.0000  s5.loss_bbox: 0.4900  s5.loss_iou: 0.4283
2025/05/18 10:43:28 - mmengine - INFO - Epoch(train) [1][7100/8276]  lr: 2.5000e-05  eta: 3:04:12  time: 0.2616  data_time: 0.0062  memory: 2064  grad_norm: 155.3479  loss: 13.2774  s0.loss_cls: 1.3407  s0.pos_acc: 0.0000  s0.loss_bbox: 1.0444  s0.loss_iou: 0.8486  s1.loss_cls: 0.9873  s1.pos_acc: 33.3333  s1.loss_bbox: 0.6464  s1.loss_iou: 0.5600  s2.loss_cls: 0.9405  s2.pos_acc: 33.3333  s2.loss_bbox: 0.5588  s2.loss_iou: 0.4867  s3.loss_cls: 0.9750  s3.pos_acc: 33.3333  s3.loss_bbox: 0.5118  s3.loss_iou: 0.4551  s4.loss_cls: 1.0068  s4.pos_acc: 33.3333  s4.loss_bbox: 0.4957  s4.loss_iou: 0.4412  s5.loss_cls: 1.0307  s5.pos_acc: 33.3333  s5.loss_bbox: 0.5010  s5.loss_iou: 0.4469
2025/05/18 10:43:41 - mmengine - INFO - Epoch(train) [1][7150/8276]  lr: 2.5000e-05  eta: 3:03:58  time: 0.2567  data_time: 0.0057  memory: 2064  grad_norm: 155.5617  loss: 13.3627  s0.loss_cls: 1.2720  s0.pos_acc: 50.0000  s0.loss_bbox: 1.0473  s0.loss_iou: 0.8102  s1.loss_cls: 0.9457  s1.pos_acc: 62.5000  s1.loss_bbox: 0.7596  s1.loss_iou: 0.6048  s2.loss_cls: 0.9282  s2.pos_acc: 100.0000  s2.loss_bbox: 0.6048  s2.loss_iou: 0.5116  s3.loss_cls: 0.9434  s3.pos_acc: 100.0000  s3.loss_bbox: 0.5522  s3.loss_iou: 0.4706  s4.loss_cls: 0.9624  s4.pos_acc: 100.0000  s4.loss_bbox: 0.5244  s4.loss_iou: 0.4545  s5.loss_cls: 0.9893  s5.pos_acc: 87.5000  s5.loss_bbox: 0.5281  s5.loss_iou: 0.4537
2025/05/18 10:43:54 - mmengine - INFO - Epoch(train) [1][7200/8276]  lr: 2.5000e-05  eta: 3:03:44  time: 0.2573  data_time: 0.0063  memory: 2063  grad_norm: 155.5307  loss: 12.6214  s0.loss_cls: 1.2578  s0.pos_acc: 33.3333  s0.loss_bbox: 1.0252  s0.loss_iou: 0.7596  s1.loss_cls: 0.9224  s1.pos_acc: 100.0000  s1.loss_bbox: 0.6821  s1.loss_iou: 0.5371  s2.loss_cls: 0.8941  s2.pos_acc: 100.0000  s2.loss_bbox: 0.5654  s2.loss_iou: 0.4618  s3.loss_cls: 0.8938  s3.pos_acc: 100.0000  s3.loss_bbox: 0.5209  s3.loss_iou: 0.4351  s4.loss_cls: 0.9086  s4.pos_acc: 66.6667  s4.loss_bbox: 0.4987  s4.loss_iou: 0.4194  s5.loss_cls: 0.9524  s5.pos_acc: 100.0000  s5.loss_bbox: 0.4817  s5.loss_iou: 0.4056
2025/05/18 10:44:07 - mmengine - INFO - Epoch(train) [1][7250/8276]  lr: 2.5000e-05  eta: 3:03:31  time: 0.2582  data_time: 0.0060  memory: 2064  grad_norm: 143.7680  loss: 13.7228  s0.loss_cls: 1.2632  s0.pos_acc: 57.1429  s0.loss_bbox: 1.0874  s0.loss_iou: 0.8907  s1.loss_cls: 0.9386  s1.pos_acc: 57.1429  s1.loss_bbox: 0.7194  s1.loss_iou: 0.6458  s2.loss_cls: 0.9440  s2.pos_acc: 71.4286  s2.loss_bbox: 0.5726  s2.loss_iou: 0.5460  s3.loss_cls: 0.9551  s3.pos_acc: 85.7143  s3.loss_bbox: 0.5468  s3.loss_iou: 0.5235  s4.loss_cls: 0.9775  s4.pos_acc: 71.4286  s4.loss_bbox: 0.5424  s4.loss_iou: 0.5239  s5.loss_cls: 1.0059  s5.pos_acc: 57.1429  s5.loss_bbox: 0.5290  s5.loss_iou: 0.5109
2025/05/18 10:44:19 - mmengine - INFO - Epoch(train) [1][7300/8276]  lr: 2.5000e-05  eta: 3:03:15  time: 0.2515  data_time: 0.0052  memory: 2065  grad_norm: 7965195.2215  loss: 459016.3168  s0.loss_cls: 81362.7558  s0.pos_acc: 61.5385  s0.loss_bbox: 1.0085  s0.loss_iou: 0.8116  s1.loss_cls: 44234.8611  s1.pos_acc: 61.5385  s1.loss_bbox: 0.7254  s1.loss_iou: 0.6030  s2.loss_cls: 53086.3800  s2.pos_acc: 76.9231  s2.loss_bbox: 0.6052  s2.loss_iou: 0.5229  s3.loss_cls: 101254.4347  s3.pos_acc: 69.2308  s3.loss_bbox: 0.5683  s3.loss_iou: 0.4987  s4.loss_cls: 97156.7378  s4.pos_acc: 69.2308  s4.loss_bbox: 0.5388  s4.loss_iou: 0.4827  s5.loss_cls: 81913.7375  s5.pos_acc: 69.2308  s5.loss_bbox: 0.5371  s5.loss_iou: 0.4777
2025/05/18 10:44:32 - mmengine - INFO - Epoch(train) [1][7350/8276]  lr: 2.5000e-05  eta: 3:03:02  time: 0.2591  data_time: 0.0062  memory: 2063  grad_norm: 149.7460  loss: 13.5404  s0.loss_cls: 1.3435  s0.pos_acc: 33.3333  s0.loss_bbox: 1.0521  s0.loss_iou: 0.8267  s1.loss_cls: 0.9103  s1.pos_acc: 66.6667  s1.loss_bbox: 0.7030  s1.loss_iou: 0.5786  s2.loss_cls: 0.9219  s2.pos_acc: 66.6667  s2.loss_bbox: 0.6034  s2.loss_iou: 0.5008  s3.loss_cls: 0.9541  s3.pos_acc: 66.6667  s3.loss_bbox: 0.5720  s3.loss_iou: 0.4885  s4.loss_cls: 1.0110  s4.pos_acc: 66.6667  s4.loss_bbox: 0.5657  s4.loss_iou: 0.4822  s5.loss_cls: 0.9851  s5.pos_acc: 66.6667  s5.loss_bbox: 0.5588  s5.loss_iou: 0.4826
2025/05/18 10:44:45 - mmengine - INFO - Epoch(train) [1][7400/8276]  lr: 2.5000e-05  eta: 3:02:49  time: 0.2584  data_time: 0.0061  memory: 2065  grad_norm: 145.0429  loss: 13.4033  s0.loss_cls: 1.2955  s0.pos_acc: 0.0000  s0.loss_bbox: 1.0809  s0.loss_iou: 0.8523  s1.loss_cls: 0.9179  s1.pos_acc: 50.0000  s1.loss_bbox: 0.7161  s1.loss_iou: 0.6172  s2.loss_cls: 0.8779  s2.pos_acc: 0.0000  s2.loss_bbox: 0.6033  s2.loss_iou: 0.5302  s3.loss_cls: 0.8747  s3.pos_acc: 0.0000  s3.loss_bbox: 0.5705  s3.loss_iou: 0.5051  s4.loss_cls: 0.9302  s4.pos_acc: 100.0000  s4.loss_bbox: 0.5524  s4.loss_iou: 0.4911  s5.loss_cls: 0.9357  s5.pos_acc: 100.0000  s5.loss_bbox: 0.5563  s5.loss_iou: 0.4959
2025/05/18 10:44:58 - mmengine - INFO - Epoch(train) [1][7450/8276]  lr: 2.5000e-05  eta: 3:02:36  time: 0.2596  data_time: 0.0062  memory: 2064  grad_norm: 153.6673  loss: 13.2792  s0.loss_cls: 1.2134  s0.pos_acc: 0.0000  s0.loss_bbox: 1.0739  s0.loss_iou: 0.8085  s1.loss_cls: 0.9559  s1.pos_acc: 33.3333  s1.loss_bbox: 0.7032  s1.loss_iou: 0.5690  s2.loss_cls: 0.9070  s2.pos_acc: 0.0000  s2.loss_bbox: 0.6018  s2.loss_iou: 0.5062  s3.loss_cls: 0.9234  s3.pos_acc: 0.0000  s3.loss_bbox: 0.5549  s3.loss_iou: 0.4760  s4.loss_cls: 0.9743  s4.pos_acc: 0.0000  s4.loss_bbox: 0.5332  s4.loss_iou: 0.4652  s5.loss_cls: 1.0108  s5.pos_acc: 0.0000  s5.loss_bbox: 0.5391  s5.loss_iou: 0.4636
2025/05/18 10:45:11 - mmengine - INFO - Epoch(train) [1][7500/8276]  lr: 2.5000e-05  eta: 3:02:23  time: 0.2607  data_time: 0.0065  memory: 2064  grad_norm: 160.5526  loss: 12.4142  s0.loss_cls: 1.1814  s0.pos_acc: 50.0000  s0.loss_bbox: 0.9866  s0.loss_iou: 0.7851  s1.loss_cls: 0.8859  s1.pos_acc: 75.0000  s1.loss_bbox: 0.7083  s1.loss_iou: 0.5681  s2.loss_cls: 0.8699  s2.pos_acc: 100.0000  s2.loss_bbox: 0.5633  s2.loss_iou: 0.4624  s3.loss_cls: 0.8798  s3.pos_acc: 100.0000  s3.loss_bbox: 0.5101  s3.loss_iou: 0.4357  s4.loss_cls: 0.9074  s4.pos_acc: 100.0000  s4.loss_bbox: 0.4636  s4.loss_iou: 0.4057  s5.loss_cls: 0.9267  s5.pos_acc: 100.0000  s5.loss_bbox: 0.4669  s5.loss_iou: 0.4072
2025/05/18 10:45:24 - mmengine - INFO - Epoch(train) [1][7550/8276]  lr: 2.5000e-05  eta: 3:02:10  time: 0.2576  data_time: 0.0058  memory: 2064  grad_norm: 153.9530  loss: 13.1129  s0.loss_cls: 1.2251  s0.pos_acc: 33.3333  s0.loss_bbox: 1.0656  s0.loss_iou: 0.8544  s1.loss_cls: 0.9137  s1.pos_acc: 33.3333  s1.loss_bbox: 0.6868  s1.loss_iou: 0.5948  s2.loss_cls: 0.8538  s2.pos_acc: 33.3333  s2.loss_bbox: 0.5967  s2.loss_iou: 0.5439  s3.loss_cls: 0.8620  s3.pos_acc: 33.3333  s3.loss_bbox: 0.5571  s3.loss_iou: 0.5166  s4.loss_cls: 0.8952  s4.pos_acc: 66.6667  s4.loss_bbox: 0.5229  s4.loss_iou: 0.4945  s5.loss_cls: 0.9183  s5.pos_acc: 66.6667  s5.loss_bbox: 0.5194  s5.loss_iou: 0.4921
2025/05/18 10:45:37 - mmengine - INFO - Epoch(train) [1][7600/8276]  lr: 2.5000e-05  eta: 3:01:55  time: 0.2548  data_time: 0.0059  memory: 2064  grad_norm: 149.6011  loss: 13.0341  s0.loss_cls: 1.1816  s0.pos_acc: 0.0000  s0.loss_bbox: 1.0459  s0.loss_iou: 0.8267  s1.loss_cls: 0.9200  s1.pos_acc: 0.0000  s1.loss_bbox: 0.6963  s1.loss_iou: 0.5937  s2.loss_cls: 0.9433  s2.pos_acc: 50.0000  s2.loss_bbox: 0.5803  s2.loss_iou: 0.5082  s3.loss_cls: 0.9531  s3.pos_acc: 0.0000  s3.loss_bbox: 0.5392  s3.loss_iou: 0.4698  s4.loss_cls: 0.9399  s4.pos_acc: 100.0000  s4.loss_bbox: 0.5018  s4.loss_iou: 0.4441  s5.loss_cls: 0.9593  s5.pos_acc: 50.0000  s5.loss_bbox: 0.4983  s5.loss_iou: 0.4326
2025/05/18 10:45:50 - mmengine - INFO - Epoch(train) [1][7650/8276]  lr: 2.5000e-05  eta: 3:01:42  time: 0.2587  data_time: 0.0064  memory: 2064  grad_norm: 146.9006  loss: 12.7522  s0.loss_cls: 1.1630  s0.pos_acc: 50.0000  s0.loss_bbox: 1.0573  s0.loss_iou: 0.8260  s1.loss_cls: 0.8448  s1.pos_acc: 91.6667  s1.loss_bbox: 0.7115  s1.loss_iou: 0.6018  s2.loss_cls: 0.8321  s2.pos_acc: 100.0000  s2.loss_bbox: 0.5987  s2.loss_iou: 0.5290  s3.loss_cls: 0.8705  s3.pos_acc: 91.6667  s3.loss_bbox: 0.5254  s3.loss_iou: 0.4851  s4.loss_cls: 0.8757  s4.pos_acc: 91.6667  s4.loss_bbox: 0.4981  s4.loss_iou: 0.4665  s5.loss_cls: 0.9034  s5.pos_acc: 100.0000  s5.loss_bbox: 0.5002  s5.loss_iou: 0.4631
2025/05/18 10:46:03 - mmengine - INFO - Epoch(train) [1][7700/8276]  lr: 2.5000e-05  eta: 3:01:31  time: 0.2665  data_time: 0.0060  memory: 2063  grad_norm: 153.0460  loss: 12.6198  s0.loss_cls: 1.2351  s0.pos_acc: 75.0000  s0.loss_bbox: 1.0029  s0.loss_iou: 0.7384  s1.loss_cls: 0.8541  s1.pos_acc: 100.0000  s1.loss_bbox: 0.6931  s1.loss_iou: 0.5280  s2.loss_cls: 0.8208  s2.pos_acc: 100.0000  s2.loss_bbox: 0.6145  s2.loss_iou: 0.4853  s3.loss_cls: 0.8917  s3.pos_acc: 100.0000  s3.loss_bbox: 0.5579  s3.loss_iou: 0.4573  s4.loss_cls: 0.8868  s4.pos_acc: 75.0000  s4.loss_bbox: 0.5436  s4.loss_iou: 0.4458  s5.loss_cls: 0.9325  s5.pos_acc: 100.0000  s5.loss_bbox: 0.5091  s5.loss_iou: 0.4229
2025/05/18 10:46:16 - mmengine - INFO - Epoch(train) [1][7750/8276]  lr: 2.5000e-05  eta: 3:01:16  time: 0.2518  data_time: 0.0055  memory: 2064  grad_norm: 153.0619  loss: 12.7212  s0.loss_cls: 1.1650  s0.pos_acc: 0.0000  s0.loss_bbox: 0.9787  s0.loss_iou: 0.7795  s1.loss_cls: 0.8630  s1.pos_acc: 50.0000  s1.loss_bbox: 0.6958  s1.loss_iou: 0.5761  s2.loss_cls: 0.8446  s2.pos_acc: 100.0000  s2.loss_bbox: 0.5894  s2.loss_iou: 0.5048  s3.loss_cls: 0.8780  s3.pos_acc: 100.0000  s3.loss_bbox: 0.5483  s3.loss_iou: 0.4893  s4.loss_cls: 0.8978  s4.pos_acc: 100.0000  s4.loss_bbox: 0.5402  s4.loss_iou: 0.4786  s5.loss_cls: 0.9321  s5.pos_acc: 100.0000  s5.loss_bbox: 0.5026  s5.loss_iou: 0.4573
2025/05/18 10:46:28 - mmengine - INFO - Epoch(train) [1][7800/8276]  lr: 2.5000e-05  eta: 3:01:01  time: 0.2517  data_time: 0.0053  memory: 2064  grad_norm: 159.1273  loss: 12.7151  s0.loss_cls: 1.2354  s0.pos_acc: 33.3333  s0.loss_bbox: 1.0601  s0.loss_iou: 0.8243  s1.loss_cls: 0.9048  s1.pos_acc: 50.0000  s1.loss_bbox: 0.6776  s1.loss_iou: 0.5535  s2.loss_cls: 0.9029  s2.pos_acc: 66.6667  s2.loss_bbox: 0.5522  s2.loss_iou: 0.4684  s3.loss_cls: 0.9215  s3.pos_acc: 50.0000  s3.loss_bbox: 0.4904  s3.loss_iou: 0.4222  s4.loss_cls: 0.9528  s4.pos_acc: 50.0000  s4.loss_bbox: 0.4732  s4.loss_iou: 0.4085  s5.loss_cls: 0.9828  s5.pos_acc: 66.6667  s5.loss_bbox: 0.4744  s5.loss_iou: 0.4102
2025/05/18 10:46:41 - mmengine - INFO - Epoch(train) [1][7850/8276]  lr: 2.5000e-05  eta: 3:00:49  time: 0.2626  data_time: 0.0068  memory: 2064  grad_norm: 140.2757  loss: 13.3867  s0.loss_cls: 1.1959  s0.pos_acc: 66.6667  s0.loss_bbox: 1.0690  s0.loss_iou: 0.8545  s1.loss_cls: 0.8746  s1.pos_acc: 100.0000  s1.loss_bbox: 0.7217  s1.loss_iou: 0.6157  s2.loss_cls: 0.8671  s2.pos_acc: 100.0000  s2.loss_bbox: 0.6163  s2.loss_iou: 0.5454  s3.loss_cls: 0.8725  s3.pos_acc: 100.0000  s3.loss_bbox: 0.5896  s3.loss_iou: 0.5233  s4.loss_cls: 0.9149  s4.pos_acc: 100.0000  s4.loss_bbox: 0.5928  s4.loss_iou: 0.5184  s5.loss_cls: 0.9437  s5.pos_acc: 100.0000  s5.loss_bbox: 0.5668  s5.loss_iou: 0.5045
2025/05/18 10:46:55 - mmengine - INFO - Epoch(train) [1][7900/8276]  lr: 2.5000e-05  eta: 3:00:37  time: 0.2650  data_time: 0.0067  memory: 2064  grad_norm: 147.5757  loss: 13.2551  s0.loss_cls: 1.2459  s0.pos_acc: 60.0000  s0.loss_bbox: 1.0140  s0.loss_iou: 0.8230  s1.loss_cls: 0.8919  s1.pos_acc: 80.0000  s1.loss_bbox: 0.6834  s1.loss_iou: 0.5881  s2.loss_cls: 0.8563  s2.pos_acc: 80.0000  s2.loss_bbox: 0.6173  s2.loss_iou: 0.5357  s3.loss_cls: 0.8750  s3.pos_acc: 60.0000  s3.loss_bbox: 0.5998  s3.loss_iou: 0.5206  s4.loss_cls: 0.9226  s4.pos_acc: 80.0000  s4.loss_bbox: 0.5734  s4.loss_iou: 0.5055  s5.loss_cls: 0.9471  s5.pos_acc: 60.0000  s5.loss_bbox: 0.5558  s5.loss_iou: 0.4997
2025/05/18 10:47:08 - mmengine - INFO - Epoch(train) [1][7950/8276]  lr: 2.5000e-05  eta: 3:00:25  time: 0.2622  data_time: 0.0063  memory: 2064  grad_norm: 143.2040  loss: 13.1239  s0.loss_cls: 1.2154  s0.pos_acc: 33.3333  s0.loss_bbox: 1.0477  s0.loss_iou: 0.8454  s1.loss_cls: 0.8660  s1.pos_acc: 80.0000  s1.loss_bbox: 0.7057  s1.loss_iou: 0.6055  s2.loss_cls: 0.8700  s2.pos_acc: 86.6667  s2.loss_bbox: 0.5781  s2.loss_iou: 0.5229  s3.loss_cls: 0.8755  s3.pos_acc: 93.3333  s3.loss_bbox: 0.5667  s3.loss_iou: 0.5091  s4.loss_cls: 0.9027  s4.pos_acc: 93.3333  s4.loss_bbox: 0.5592  s4.loss_iou: 0.4928  s5.loss_cls: 0.9385  s5.pos_acc: 93.3333  s5.loss_bbox: 0.5385  s5.loss_iou: 0.4842
2025/05/18 10:47:21 - mmengine - INFO - Exp name: sparse-rcnn_voc_20250518_101231
2025/05/18 10:47:21 - mmengine - INFO - Epoch(train) [1][8000/8276]  lr: 2.5000e-05  eta: 3:00:14  time: 0.2666  data_time: 0.0069  memory: 2064  grad_norm: 163.4509  loss: 12.7561  s0.loss_cls: 1.2761  s0.pos_acc: 10.0000  s0.loss_bbox: 0.9768  s0.loss_iou: 0.7433  s1.loss_cls: 0.8832  s1.pos_acc: 50.0000  s1.loss_bbox: 0.6778  s1.loss_iou: 0.5364  s2.loss_cls: 0.9299  s2.pos_acc: 60.0000  s2.loss_bbox: 0.5402  s2.loss_iou: 0.4546  s3.loss_cls: 0.9441  s3.pos_acc: 60.0000  s3.loss_bbox: 0.5285  s3.loss_iou: 0.4477  s4.loss_cls: 0.9697  s4.pos_acc: 60.0000  s4.loss_bbox: 0.5182  s4.loss_iou: 0.4347  s5.loss_cls: 0.9793  s5.pos_acc: 60.0000  s5.loss_bbox: 0.4937  s5.loss_iou: 0.4220
2025/05/18 10:47:34 - mmengine - INFO - Epoch(train) [1][8050/8276]  lr: 2.5000e-05  eta: 3:00:01  time: 0.2589  data_time: 0.0065  memory: 2065  grad_norm: 149.9141  loss: 12.3722  s0.loss_cls: 1.2635  s0.pos_acc: 50.0000  s0.loss_bbox: 1.0044  s0.loss_iou: 0.8126  s1.loss_cls: 0.8856  s1.pos_acc: 66.6667  s1.loss_bbox: 0.6363  s1.loss_iou: 0.5594  s2.loss_cls: 0.8866  s2.pos_acc: 66.6667  s2.loss_bbox: 0.5216  s2.loss_iou: 0.4719  s3.loss_cls: 0.9162  s3.pos_acc: 66.6667  s3.loss_bbox: 0.4459  s3.loss_iou: 0.4267  s4.loss_cls: 0.9311  s4.pos_acc: 66.6667  s4.loss_bbox: 0.4308  s4.loss_iou: 0.4157  s5.loss_cls: 0.9368  s5.pos_acc: 66.6667  s5.loss_bbox: 0.4203  s5.loss_iou: 0.4068
2025/05/18 10:47:47 - mmengine - INFO - Epoch(train) [1][8100/8276]  lr: 2.5000e-05  eta: 2:59:46  time: 0.2524  data_time: 0.0054  memory: 2064  grad_norm: 136.0614  loss: 13.5117  s0.loss_cls: 1.3256  s0.pos_acc: 66.6667  s0.loss_bbox: 1.0077  s0.loss_iou: 0.9115  s1.loss_cls: 0.9658  s1.pos_acc: 100.0000  s1.loss_bbox: 0.6673  s1.loss_iou: 0.6353  s2.loss_cls: 0.9398  s2.pos_acc: 100.0000  s2.loss_bbox: 0.5576  s2.loss_iou: 0.5598  s3.loss_cls: 0.9454  s3.pos_acc: 100.0000  s3.loss_bbox: 0.5252  s3.loss_iou: 0.5366  s4.loss_cls: 0.9763  s4.pos_acc: 100.0000  s4.loss_bbox: 0.4902  s4.loss_iou: 0.5136  s5.loss_cls: 0.9761  s5.pos_acc: 100.0000  s5.loss_bbox: 0.4787  s5.loss_iou: 0.4991
2025/05/18 10:48:00 - mmengine - INFO - Epoch(train) [1][8150/8276]  lr: 2.5000e-05  eta: 2:59:33  time: 0.2610  data_time: 0.0066  memory: 2064  grad_norm: 151.7847  loss: 13.3841  s0.loss_cls: 1.2234  s0.pos_acc: 100.0000  s0.loss_bbox: 1.0170  s0.loss_iou: 0.8076  s1.loss_cls: 0.8800  s1.pos_acc: 85.7143  s1.loss_bbox: 0.7616  s1.loss_iou: 0.6299  s2.loss_cls: 0.8773  s2.pos_acc: 85.7143  s2.loss_bbox: 0.6437  s2.loss_iou: 0.5606  s3.loss_cls: 0.9074  s3.pos_acc: 85.7143  s3.loss_bbox: 0.5862  s3.loss_iou: 0.5131  s4.loss_cls: 0.9436  s4.pos_acc: 85.7143  s4.loss_bbox: 0.5612  s4.loss_iou: 0.5007  s5.loss_cls: 0.9550  s5.pos_acc: 85.7143  s5.loss_bbox: 0.5323  s5.loss_iou: 0.4837
2025/05/18 10:48:13 - mmengine - INFO - Epoch(train) [1][8200/8276]  lr: 2.5000e-05  eta: 2:59:19  time: 0.2565  data_time: 0.0058  memory: 2063  grad_norm: 155.0231  loss: 12.5925  s0.loss_cls: 1.2269  s0.pos_acc: 25.0000  s0.loss_bbox: 0.9771  s0.loss_iou: 0.7599  s1.loss_cls: 0.8333  s1.pos_acc: 75.0000  s1.loss_bbox: 0.6758  s1.loss_iou: 0.5464  s2.loss_cls: 0.8355  s2.pos_acc: 50.0000  s2.loss_bbox: 0.6090  s2.loss_iou: 0.4899  s3.loss_cls: 0.8588  s3.pos_acc: 75.0000  s3.loss_bbox: 0.5608  s3.loss_iou: 0.4603  s4.loss_cls: 0.8988  s4.pos_acc: 50.0000  s4.loss_bbox: 0.5274  s4.loss_iou: 0.4424  s5.loss_cls: 0.9446  s5.pos_acc: 75.0000  s5.loss_bbox: 0.5092  s5.loss_iou: 0.4362
2025/05/18 10:48:25 - mmengine - INFO - Epoch(train) [1][8250/8276]  lr: 2.5000e-05  eta: 2:59:05  time: 0.2532  data_time: 0.0056  memory: 2064  grad_norm: 33114703.3510  loss: 414558.5100  s0.loss_cls: 73240.9108  s0.pos_acc: 50.0000  s0.loss_bbox: 0.9448  s0.loss_iou: 0.8065  s1.loss_cls: 23489.7541  s1.pos_acc: 50.0000  s1.loss_bbox: 0.5993  s1.loss_iou: 0.5394  s2.loss_cls: 37731.4472  s2.pos_acc: 50.0000  s2.loss_bbox: 0.5262  s2.loss_iou: 0.4787  s3.loss_cls: 55335.2998  s3.pos_acc: 50.0000  s3.loss_bbox: 0.5001  s3.loss_iou: 0.4635  s4.loss_cls: 49841.2669  s4.pos_acc: 50.0000  s4.loss_bbox: 0.4926  s4.loss_iou: 0.4469  s5.loss_cls: 174913.0970  s5.pos_acc: 50.0000  s5.loss_bbox: 0.4810  s5.loss_iou: 0.4402
2025/05/18 10:48:32 - mmengine - INFO - Exp name: sparse-rcnn_voc_20250518_101231
2025/05/18 10:48:32 - mmengine - INFO - Saving checkpoint at 1 epochs
2025/05/18 10:48:39 - mmengine - INFO - Epoch(val) [1][  50/4952]    eta: 0:04:19  time: 0.0529  data_time: 0.0053  memory: 2064  
2025/05/18 10:48:41 - mmengine - INFO - Epoch(val) [1][ 100/4952]    eta: 0:03:52  time: 0.0428  data_time: 0.0023  memory: 1292  
2025/05/18 10:48:43 - mmengine - INFO - Epoch(val) [1][ 150/4952]    eta: 0:03:39  time: 0.0418  data_time: 0.0022  memory: 1291  
2025/05/18 10:48:46 - mmengine - INFO - Epoch(val) [1][ 200/4952]    eta: 0:03:37  time: 0.0454  data_time: 0.0028  memory: 1291  
2025/05/18 10:48:48 - mmengine - INFO - Epoch(val) [1][ 250/4952]    eta: 0:03:35  time: 0.0458  data_time: 0.0030  memory: 1292  
2025/05/18 10:48:50 - mmengine - INFO - Epoch(val) [1][ 300/4952]    eta: 0:03:31  time: 0.0437  data_time: 0.0023  memory: 1292  
2025/05/18 10:48:52 - mmengine - INFO - Epoch(val) [1][ 350/4952]    eta: 0:03:26  time: 0.0411  data_time: 0.0020  memory: 1292  
2025/05/18 10:48:54 - mmengine - INFO - Epoch(val) [1][ 400/4952]    eta: 0:03:21  time: 0.0411  data_time: 0.0022  memory: 1292  
2025/05/18 10:48:57 - mmengine - INFO - Epoch(val) [1][ 450/4952]    eta: 0:03:20  time: 0.0454  data_time: 0.0025  memory: 1291  
2025/05/18 10:48:59 - mmengine - INFO - Epoch(val) [1][ 500/4952]    eta: 0:03:18  time: 0.0456  data_time: 0.0031  memory: 1291  
2025/05/18 10:49:01 - mmengine - INFO - Epoch(val) [1][ 550/4952]    eta: 0:03:16  time: 0.0467  data_time: 0.0030  memory: 1292  
2025/05/18 10:49:04 - mmengine - INFO - Epoch(val) [1][ 600/4952]    eta: 0:03:15  time: 0.0463  data_time: 0.0029  memory: 1291  
2025/05/18 10:49:06 - mmengine - INFO - Epoch(val) [1][ 650/4952]    eta: 0:03:13  time: 0.0463  data_time: 0.0029  memory: 1292  
2025/05/18 10:49:08 - mmengine - INFO - Epoch(val) [1][ 700/4952]    eta: 0:03:11  time: 0.0461  data_time: 0.0029  memory: 1291  
2025/05/18 10:49:11 - mmengine - INFO - Epoch(val) [1][ 750/4952]    eta: 0:03:10  time: 0.0478  data_time: 0.0031  memory: 1292  
2025/05/18 10:49:13 - mmengine - INFO - Epoch(val) [1][ 800/4952]    eta: 0:03:07  time: 0.0450  data_time: 0.0028  memory: 1291  
2025/05/18 10:49:15 - mmengine - INFO - Epoch(val) [1][ 850/4952]    eta: 0:03:05  time: 0.0463  data_time: 0.0029  memory: 1291  
2025/05/18 10:49:17 - mmengine - INFO - Epoch(val) [1][ 900/4952]    eta: 0:03:03  time: 0.0466  data_time: 0.0029  memory: 1292  
2025/05/18 10:49:20 - mmengine - INFO - Epoch(val) [1][ 950/4952]    eta: 0:03:01  time: 0.0450  data_time: 0.0027  memory: 1292  
2025/05/18 10:49:22 - mmengine - INFO - Epoch(val) [1][1000/4952]    eta: 0:02:58  time: 0.0409  data_time: 0.0022  memory: 1292  
2025/05/18 10:49:24 - mmengine - INFO - Epoch(val) [1][1050/4952]    eta: 0:02:55  time: 0.0404  data_time: 0.0021  memory: 1292  
2025/05/18 10:49:26 - mmengine - INFO - Epoch(val) [1][1100/4952]    eta: 0:02:52  time: 0.0412  data_time: 0.0021  memory: 1291  
2025/05/18 10:49:28 - mmengine - INFO - Epoch(val) [1][1150/4952]    eta: 0:02:49  time: 0.0408  data_time: 0.0021  memory: 1292  
2025/05/18 10:49:30 - mmengine - INFO - Epoch(val) [1][1200/4952]    eta: 0:02:46  time: 0.0409  data_time: 0.0021  memory: 1292  
2025/05/18 10:49:32 - mmengine - INFO - Epoch(val) [1][1250/4952]    eta: 0:02:43  time: 0.0408  data_time: 0.0021  memory: 1291  
2025/05/18 10:49:34 - mmengine - INFO - Epoch(val) [1][1300/4952]    eta: 0:02:41  time: 0.0415  data_time: 0.0023  memory: 1291  
2025/05/18 10:49:36 - mmengine - INFO - Epoch(val) [1][1350/4952]    eta: 0:02:39  time: 0.0437  data_time: 0.0027  memory: 1292  
2025/05/18 10:49:38 - mmengine - INFO - Epoch(val) [1][1400/4952]    eta: 0:02:36  time: 0.0415  data_time: 0.0022  memory: 1291  
2025/05/18 10:49:41 - mmengine - INFO - Epoch(val) [1][1450/4952]    eta: 0:02:34  time: 0.0442  data_time: 0.0026  memory: 1292  
2025/05/18 10:49:43 - mmengine - INFO - Epoch(val) [1][1500/4952]    eta: 0:02:31  time: 0.0420  data_time: 0.0024  memory: 1292  
2025/05/18 10:49:45 - mmengine - INFO - Epoch(val) [1][1550/4952]    eta: 0:02:29  time: 0.0410  data_time: 0.0020  memory: 1291  
2025/05/18 10:49:47 - mmengine - INFO - Epoch(val) [1][1600/4952]    eta: 0:02:26  time: 0.0406  data_time: 0.0023  memory: 1292  
2025/05/18 10:49:49 - mmengine - INFO - Epoch(val) [1][1650/4952]    eta: 0:02:24  time: 0.0408  data_time: 0.0021  memory: 1291  
2025/05/18 10:49:51 - mmengine - INFO - Epoch(val) [1][1700/4952]    eta: 0:02:22  time: 0.0446  data_time: 0.0025  memory: 1291  
2025/05/18 10:49:53 - mmengine - INFO - Epoch(val) [1][1750/4952]    eta: 0:02:20  time: 0.0455  data_time: 0.0028  memory: 1291  
2025/05/18 10:49:56 - mmengine - INFO - Epoch(val) [1][1800/4952]    eta: 0:02:18  time: 0.0455  data_time: 0.0029  memory: 1291  
2025/05/18 10:49:58 - mmengine - INFO - Epoch(val) [1][1850/4952]    eta: 0:02:15  time: 0.0406  data_time: 0.0023  memory: 1291  
2025/05/18 10:50:00 - mmengine - INFO - Epoch(val) [1][1900/4952]    eta: 0:02:13  time: 0.0403  data_time: 0.0020  memory: 1291  
2025/05/18 10:50:02 - mmengine - INFO - Epoch(val) [1][1950/4952]    eta: 0:02:11  time: 0.0434  data_time: 0.0024  memory: 1292  
2025/05/18 10:50:04 - mmengine - INFO - Epoch(val) [1][2000/4952]    eta: 0:02:08  time: 0.0404  data_time: 0.0021  memory: 1291  
2025/05/18 10:50:06 - mmengine - INFO - Epoch(val) [1][2050/4952]    eta: 0:02:06  time: 0.0412  data_time: 0.0022  memory: 1292  
2025/05/18 10:50:08 - mmengine - INFO - Epoch(val) [1][2100/4952]    eta: 0:02:03  time: 0.0406  data_time: 0.0021  memory: 1291  
2025/05/18 10:50:10 - mmengine - INFO - Epoch(val) [1][2150/4952]    eta: 0:02:01  time: 0.0424  data_time: 0.0023  memory: 1292  
2025/05/18 10:50:12 - mmengine - INFO - Epoch(val) [1][2200/4952]    eta: 0:01:59  time: 0.0461  data_time: 0.0028  memory: 1291  
2025/05/18 10:50:15 - mmengine - INFO - Epoch(val) [1][2250/4952]    eta: 0:01:57  time: 0.0465  data_time: 0.0031  memory: 1292  
2025/05/18 10:50:17 - mmengine - INFO - Epoch(val) [1][2300/4952]    eta: 0:01:55  time: 0.0412  data_time: 0.0024  memory: 1291  
2025/05/18 10:50:19 - mmengine - INFO - Epoch(val) [1][2350/4952]    eta: 0:01:52  time: 0.0404  data_time: 0.0021  memory: 1291  
2025/05/18 10:50:21 - mmengine - INFO - Epoch(val) [1][2400/4952]    eta: 0:01:50  time: 0.0410  data_time: 0.0021  memory: 1291  
2025/05/18 10:50:23 - mmengine - INFO - Epoch(val) [1][2450/4952]    eta: 0:01:48  time: 0.0410  data_time: 0.0020  memory: 1291  
2025/05/18 10:50:25 - mmengine - INFO - Epoch(val) [1][2500/4952]    eta: 0:01:46  time: 0.0414  data_time: 0.0021  memory: 1292  
2025/05/18 10:50:27 - mmengine - INFO - Epoch(val) [1][2550/4952]    eta: 0:01:43  time: 0.0405  data_time: 0.0022  memory: 1291  
2025/05/18 10:50:29 - mmengine - INFO - Epoch(val) [1][2600/4952]    eta: 0:01:41  time: 0.0403  data_time: 0.0021  memory: 1292  
2025/05/18 10:50:31 - mmengine - INFO - Epoch(val) [1][2650/4952]    eta: 0:01:39  time: 0.0405  data_time: 0.0022  memory: 1292  
2025/05/18 10:50:33 - mmengine - INFO - Epoch(val) [1][2700/4952]    eta: 0:01:37  time: 0.0409  data_time: 0.0021  memory: 1292  
2025/05/18 10:50:35 - mmengine - INFO - Epoch(val) [1][2750/4952]    eta: 0:01:34  time: 0.0417  data_time: 0.0022  memory: 1291  
2025/05/18 10:50:37 - mmengine - INFO - Epoch(val) [1][2800/4952]    eta: 0:01:32  time: 0.0411  data_time: 0.0023  memory: 1291  
2025/05/18 10:50:39 - mmengine - INFO - Epoch(val) [1][2850/4952]    eta: 0:01:30  time: 0.0429  data_time: 0.0026  memory: 1291  
2025/05/18 10:50:42 - mmengine - INFO - Epoch(val) [1][2900/4952]    eta: 0:01:28  time: 0.0458  data_time: 0.0031  memory: 1292  
2025/05/18 10:50:44 - mmengine - INFO - Epoch(val) [1][2950/4952]    eta: 0:01:26  time: 0.0461  data_time: 0.0030  memory: 1292  
2025/05/18 10:50:46 - mmengine - INFO - Epoch(val) [1][3000/4952]    eta: 0:01:24  time: 0.0480  data_time: 0.0031  memory: 1291  
2025/05/18 10:50:49 - mmengine - INFO - Epoch(val) [1][3050/4952]    eta: 0:01:22  time: 0.0457  data_time: 0.0028  memory: 1291  
2025/05/18 10:50:51 - mmengine - INFO - Epoch(val) [1][3100/4952]    eta: 0:01:20  time: 0.0452  data_time: 0.0028  memory: 1292  
2025/05/18 10:50:53 - mmengine - INFO - Epoch(val) [1][3150/4952]    eta: 0:01:18  time: 0.0452  data_time: 0.0029  memory: 1291  
2025/05/18 10:50:55 - mmengine - INFO - Epoch(val) [1][3200/4952]    eta: 0:01:15  time: 0.0456  data_time: 0.0027  memory: 1291  
2025/05/18 10:50:58 - mmengine - INFO - Epoch(val) [1][3250/4952]    eta: 0:01:13  time: 0.0455  data_time: 0.0028  memory: 1291  
2025/05/18 10:51:00 - mmengine - INFO - Epoch(val) [1][3300/4952]    eta: 0:01:11  time: 0.0456  data_time: 0.0028  memory: 1291  
2025/05/18 10:51:02 - mmengine - INFO - Epoch(val) [1][3350/4952]    eta: 0:01:09  time: 0.0412  data_time: 0.0022  memory: 1291  
2025/05/18 10:51:04 - mmengine - INFO - Epoch(val) [1][3400/4952]    eta: 0:01:07  time: 0.0404  data_time: 0.0020  memory: 1292  
2025/05/18 10:51:06 - mmengine - INFO - Epoch(val) [1][3450/4952]    eta: 0:01:05  time: 0.0408  data_time: 0.0021  memory: 1291  
2025/05/18 10:51:08 - mmengine - INFO - Epoch(val) [1][3500/4952]    eta: 0:01:02  time: 0.0410  data_time: 0.0022  memory: 1291  
2025/05/18 10:51:10 - mmengine - INFO - Epoch(val) [1][3550/4952]    eta: 0:01:00  time: 0.0418  data_time: 0.0024  memory: 1291  
2025/05/18 10:51:12 - mmengine - INFO - Epoch(val) [1][3600/4952]    eta: 0:00:58  time: 0.0449  data_time: 0.0027  memory: 1292  
2025/05/18 10:51:15 - mmengine - INFO - Epoch(val) [1][3650/4952]    eta: 0:00:56  time: 0.0435  data_time: 0.0028  memory: 1292  
2025/05/18 10:51:17 - mmengine - INFO - Epoch(val) [1][3700/4952]    eta: 0:00:54  time: 0.0467  data_time: 0.0029  memory: 1291  
2025/05/18 10:51:19 - mmengine - INFO - Epoch(val) [1][3750/4952]    eta: 0:00:52  time: 0.0452  data_time: 0.0028  memory: 1291  
2025/05/18 10:51:21 - mmengine - INFO - Epoch(val) [1][3800/4952]    eta: 0:00:49  time: 0.0454  data_time: 0.0029  memory: 1291  
2025/05/18 10:51:24 - mmengine - INFO - Epoch(val) [1][3850/4952]    eta: 0:00:47  time: 0.0456  data_time: 0.0029  memory: 1291  
2025/05/18 10:51:26 - mmengine - INFO - Epoch(val) [1][3900/4952]    eta: 0:00:45  time: 0.0461  data_time: 0.0031  memory: 1291  
2025/05/18 10:51:28 - mmengine - INFO - Epoch(val) [1][3950/4952]    eta: 0:00:43  time: 0.0421  data_time: 0.0026  memory: 1291  
2025/05/18 10:51:30 - mmengine - INFO - Epoch(val) [1][4000/4952]    eta: 0:00:41  time: 0.0412  data_time: 0.0021  memory: 1292  
2025/05/18 10:51:32 - mmengine - INFO - Epoch(val) [1][4050/4952]    eta: 0:00:39  time: 0.0455  data_time: 0.0029  memory: 1292  
2025/05/18 10:51:35 - mmengine - INFO - Epoch(val) [1][4100/4952]    eta: 0:00:37  time: 0.0458  data_time: 0.0029  memory: 1292  
2025/05/18 10:51:37 - mmengine - INFO - Epoch(val) [1][4150/4952]    eta: 0:00:34  time: 0.0422  data_time: 0.0025  memory: 1292  
2025/05/18 10:51:39 - mmengine - INFO - Epoch(val) [1][4200/4952]    eta: 0:00:32  time: 0.0404  data_time: 0.0021  memory: 1291  
2025/05/18 10:51:41 - mmengine - INFO - Epoch(val) [1][4250/4952]    eta: 0:00:30  time: 0.0448  data_time: 0.0029  memory: 1292  
2025/05/18 10:51:43 - mmengine - INFO - Epoch(val) [1][4300/4952]    eta: 0:00:28  time: 0.0427  data_time: 0.0025  memory: 1292  
2025/05/18 10:51:45 - mmengine - INFO - Epoch(val) [1][4350/4952]    eta: 0:00:26  time: 0.0413  data_time: 0.0021  memory: 1292  
2025/05/18 10:51:47 - mmengine - INFO - Epoch(val) [1][4400/4952]    eta: 0:00:23  time: 0.0403  data_time: 0.0020  memory: 1291  
2025/05/18 10:51:49 - mmengine - INFO - Epoch(val) [1][4450/4952]    eta: 0:00:21  time: 0.0421  data_time: 0.0024  memory: 1291  
2025/05/18 10:51:52 - mmengine - INFO - Epoch(val) [1][4500/4952]    eta: 0:00:19  time: 0.0404  data_time: 0.0020  memory: 1291  
2025/05/18 10:51:54 - mmengine - INFO - Epoch(val) [1][4550/4952]    eta: 0:00:17  time: 0.0454  data_time: 0.0029  memory: 1292  
2025/05/18 10:51:56 - mmengine - INFO - Epoch(val) [1][4600/4952]    eta: 0:00:15  time: 0.0457  data_time: 0.0029  memory: 1291  
2025/05/18 10:51:58 - mmengine - INFO - Epoch(val) [1][4650/4952]    eta: 0:00:13  time: 0.0451  data_time: 0.0030  memory: 1291  
2025/05/18 10:52:01 - mmengine - INFO - Epoch(val) [1][4700/4952]    eta: 0:00:10  time: 0.0454  data_time: 0.0030  memory: 1292  
2025/05/18 10:52:03 - mmengine - INFO - Epoch(val) [1][4750/4952]    eta: 0:00:08  time: 0.0441  data_time: 0.0028  memory: 1291  
2025/05/18 10:52:05 - mmengine - INFO - Epoch(val) [1][4800/4952]    eta: 0:00:06  time: 0.0412  data_time: 0.0021  memory: 1291  
2025/05/18 10:52:07 - mmengine - INFO - Epoch(val) [1][4850/4952]    eta: 0:00:04  time: 0.0410  data_time: 0.0021  memory: 1292  
2025/05/18 10:52:09 - mmengine - INFO - Epoch(val) [1][4900/4952]    eta: 0:00:02  time: 0.0405  data_time: 0.0021  memory: 1291  
2025/05/18 10:52:11 - mmengine - INFO - Epoch(val) [1][4950/4952]    eta: 0:00:00  time: 0.0404  data_time: 0.0019  memory: 1292  
2025/05/18 10:52:11 - mmengine - INFO - 
---------------iou_thr: 0.5---------------
2025/05/18 10:52:15 - mmengine - INFO - 
+-------------+------+--------+--------+-------+
| class       | gts  | dets   | recall | ap    |
+-------------+------+--------+--------+-------+
| aeroplane   | 285  | 17464  | 0.758  | 0.274 |
| bicycle     | 337  | 17157  | 0.858  | 0.303 |
| bird        | 459  | 23546  | 0.795  | 0.222 |
| boat        | 263  | 39925  | 0.772  | 0.166 |
| bottle      | 469  | 1111   | 0.168  | 0.105 |
| bus         | 213  | 17286  | 0.850  | 0.141 |
| car         | 1201 | 43627  | 0.790  | 0.274 |
| cat         | 358  | 24842  | 0.941  | 0.323 |
| chair       | 756  | 41474  | 0.690  | 0.159 |
| cow         | 244  | 7369   | 0.775  | 0.169 |
| diningtable | 206  | 22014  | 0.859  | 0.223 |
| dog         | 489  | 27309  | 0.906  | 0.187 |
| horse       | 348  | 17780  | 0.914  | 0.208 |
| motorbike   | 325  | 15365  | 0.892  | 0.285 |
| person      | 4528 | 107325 | 0.803  | 0.227 |
| pottedplant | 480  | 12049  | 0.515  | 0.160 |
| sheep       | 242  | 14790  | 0.769  | 0.158 |
| sofa        | 239  | 4921   | 0.699  | 0.182 |
| train       | 282  | 22511  | 0.894  | 0.254 |
| tvmonitor   | 308  | 17335  | 0.805  | 0.249 |
+-------------+------+--------+--------+-------+
| mAP         |      |        |        | 0.214 |
+-------------+------+--------+--------+-------+
2025/05/18 10:52:16 - mmengine - INFO - Epoch(val) [1][4952/4952]    pascal_voc/mAP: 0.2135  pascal_voc/AP50: 0.2140  data_time: 0.0025  time: 0.0433
2025/05/18 10:52:28 - mmengine - INFO - Epoch(train) [2][  50/8276]  lr: 2.5000e-05  eta: 2:58:45  time: 0.2580  data_time: 0.0064  memory: 2064  grad_norm: 146.3778  loss: 12.5611  s0.loss_cls: 1.1865  s0.pos_acc: 0.0000  s0.loss_bbox: 1.0112  s0.loss_iou: 0.8600  s1.loss_cls: 0.8456  s1.pos_acc: 77.7778  s1.loss_bbox: 0.6913  s1.loss_iou: 0.6198  s2.loss_cls: 0.7966  s2.pos_acc: 77.7778  s2.loss_bbox: 0.5484  s2.loss_iou: 0.5205  s3.loss_cls: 0.8053  s3.pos_acc: 77.7778  s3.loss_bbox: 0.5230  s3.loss_iou: 0.4923  s4.loss_cls: 0.8373  s4.pos_acc: 77.7778  s4.loss_bbox: 0.4960  s4.loss_iou: 0.4731  s5.loss_cls: 0.8786  s5.pos_acc: 77.7778  s5.loss_bbox: 0.4976  s5.loss_iou: 0.4781
2025/05/18 10:52:41 - mmengine - INFO - Epoch(train) [2][ 100/8276]  lr: 2.5000e-05  eta: 2:58:32  time: 0.2604  data_time: 0.0064  memory: 2064  grad_norm: 156.0917  loss: 12.0809  s0.loss_cls: 1.1376  s0.pos_acc: 0.0000  s0.loss_bbox: 0.9965  s0.loss_iou: 0.7456  s1.loss_cls: 0.8255  s1.pos_acc: 66.6667  s1.loss_bbox: 0.6736  s1.loss_iou: 0.5236  s2.loss_cls: 0.8243  s2.pos_acc: 66.6667  s2.loss_bbox: 0.5673  s2.loss_iou: 0.4500  s3.loss_cls: 0.8518  s3.pos_acc: 66.6667  s3.loss_bbox: 0.5248  s3.loss_iou: 0.4222  s4.loss_cls: 0.8454  s4.pos_acc: 66.6667  s4.loss_bbox: 0.5130  s4.loss_iou: 0.4127  s5.loss_cls: 0.8892  s5.pos_acc: 33.3333  s5.loss_bbox: 0.4817  s5.loss_iou: 0.3960
2025/05/18 10:52:55 - mmengine - INFO - Epoch(train) [2][ 150/8276]  lr: 2.5000e-05  eta: 2:58:22  time: 0.2694  data_time: 0.0071  memory: 2064  grad_norm: 156.7184  loss: 12.9399  s0.loss_cls: 1.2111  s0.pos_acc: 0.0000  s0.loss_bbox: 1.0709  s0.loss_iou: 0.8255  s1.loss_cls: 0.8563  s1.pos_acc: 100.0000  s1.loss_bbox: 0.7285  s1.loss_iou: 0.6095  s2.loss_cls: 0.8470  s2.pos_acc: 100.0000  s2.loss_bbox: 0.6035  s2.loss_iou: 0.5324  s3.loss_cls: 0.8417  s3.pos_acc: 100.0000  s3.loss_bbox: 0.5722  s3.loss_iou: 0.4928  s4.loss_cls: 0.8560  s4.pos_acc: 100.0000  s4.loss_bbox: 0.5405  s4.loss_iou: 0.4734  s5.loss_cls: 0.8963  s5.pos_acc: 100.0000  s5.loss_bbox: 0.5190  s5.loss_iou: 0.4633
2025/05/18 10:53:08 - mmengine - INFO - Epoch(train) [2][ 200/8276]  lr: 2.5000e-05  eta: 2:58:09  time: 0.2619  data_time: 0.0063  memory: 2063  grad_norm: 157.9673  loss: 12.4938  s0.loss_cls: 1.1400  s0.pos_acc: 100.0000  s0.loss_bbox: 1.0363  s0.loss_iou: 0.8037  s1.loss_cls: 0.8029  s1.pos_acc: 100.0000  s1.loss_bbox: 0.7366  s1.loss_iou: 0.5886  s2.loss_cls: 0.7857  s2.pos_acc: 100.0000  s2.loss_bbox: 0.6154  s2.loss_iou: 0.5081  s3.loss_cls: 0.7803  s3.pos_acc: 100.0000  s3.loss_bbox: 0.5778  s3.loss_iou: 0.4787  s4.loss_cls: 0.8087  s4.pos_acc: 100.0000  s4.loss_bbox: 0.5447  s4.loss_iou: 0.4562  s5.loss_cls: 0.8596  s5.pos_acc: 100.0000  s5.loss_bbox: 0.5256  s5.loss_iou: 0.4448
2025/05/18 10:53:21 - mmengine - INFO - Epoch(train) [2][ 250/8276]  lr: 2.5000e-05  eta: 2:57:55  time: 0.2519  data_time: 0.0054  memory: 2064  grad_norm: 5394808.7257  loss: 211986.7546  s0.loss_cls: 76705.0746  s0.pos_acc: 0.0000  s0.loss_bbox: 1.0294  s0.loss_iou: 0.7734  s1.loss_cls: 13925.9098  s1.pos_acc: 66.6667  s1.loss_bbox: 0.6853  s1.loss_iou: 0.5398  s2.loss_cls: 21922.7200  s2.pos_acc: 100.0000  s2.loss_bbox: 0.5595  s2.loss_iou: 0.4411  s3.loss_cls: 29089.0312  s3.pos_acc: 66.6667  s3.loss_bbox: 0.5211  s3.loss_iou: 0.4140  s4.loss_cls: 34986.6495  s4.pos_acc: 100.0000  s4.loss_bbox: 0.5064  s4.loss_iou: 0.4043  s5.loss_cls: 35350.6492  s5.pos_acc: 66.6667  s5.loss_bbox: 0.4793  s5.loss_iou: 0.3869
2025/05/18 10:53:33 - mmengine - INFO - Epoch(train) [2][ 300/8276]  lr: 2.5000e-05  eta: 2:57:40  time: 0.2522  data_time: 0.0057  memory: 2064  grad_norm: 148.2277  loss: 12.4618  s0.loss_cls: 1.2045  s0.pos_acc: 0.0000  s0.loss_bbox: 1.0036  s0.loss_iou: 0.7949  s1.loss_cls: 0.8262  s1.pos_acc: 66.6667  s1.loss_bbox: 0.6641  s1.loss_iou: 0.5683  s2.loss_cls: 0.8322  s2.pos_acc: 66.6667  s2.loss_bbox: 0.5671  s2.loss_iou: 0.4926  s3.loss_cls: 0.8589  s3.pos_acc: 66.6667  s3.loss_bbox: 0.5186  s3.loss_iou: 0.4610  s4.loss_cls: 0.8757  s4.pos_acc: 66.6667  s4.loss_bbox: 0.4982  s4.loss_iou: 0.4495  s5.loss_cls: 0.8952  s5.pos_acc: 66.6667  s5.loss_bbox: 0.5003  s5.loss_iou: 0.4510
2025/05/18 10:53:46 - mmengine - INFO - Epoch(train) [2][ 350/8276]  lr: 2.5000e-05  eta: 2:57:25  time: 0.2529  data_time: 0.0054  memory: 2063  grad_norm: 147.5100  loss: 12.5735  s0.loss_cls: 1.1865  s0.pos_acc: 75.0000  s0.loss_bbox: 1.0180  s0.loss_iou: 0.8151  s1.loss_cls: 0.8216  s1.pos_acc: 100.0000  s1.loss_bbox: 0.6730  s1.loss_iou: 0.5771  s2.loss_cls: 0.8466  s2.pos_acc: 100.0000  s2.loss_bbox: 0.5793  s2.loss_iou: 0.5088  s3.loss_cls: 0.8575  s3.pos_acc: 100.0000  s3.loss_bbox: 0.5246  s3.loss_iou: 0.4799  s4.loss_cls: 0.8443  s4.pos_acc: 100.0000  s4.loss_bbox: 0.5211  s4.loss_iou: 0.4762  s5.loss_cls: 0.8819  s5.pos_acc: 100.0000  s5.loss_bbox: 0.5003  s5.loss_iou: 0.4617
2025/05/18 10:53:59 - mmengine - INFO - Epoch(train) [2][ 400/8276]  lr: 2.5000e-05  eta: 2:57:11  time: 0.2559  data_time: 0.0058  memory: 2064  grad_norm: 160.5052  loss: 12.2598  s0.loss_cls: 1.1271  s0.pos_acc: 0.0000  s0.loss_bbox: 0.9988  s0.loss_iou: 0.7607  s1.loss_cls: 0.8070  s1.pos_acc: 50.0000  s1.loss_bbox: 0.7057  s1.loss_iou: 0.5587  s2.loss_cls: 0.8116  s2.pos_acc: 50.0000  s2.loss_bbox: 0.5998  s2.loss_iou: 0.4793  s3.loss_cls: 0.8227  s3.pos_acc: 100.0000  s3.loss_bbox: 0.5450  s3.loss_iou: 0.4508  s4.loss_cls: 0.8421  s4.pos_acc: 50.0000  s4.loss_bbox: 0.5209  s4.loss_iou: 0.4360  s5.loss_cls: 0.8694  s5.pos_acc: 50.0000  s5.loss_bbox: 0.5037  s5.loss_iou: 0.4206
2025/05/18 10:54:12 - mmengine - INFO - Epoch(train) [2][ 450/8276]  lr: 2.5000e-05  eta: 2:57:00  time: 0.2669  data_time: 0.0070  memory: 2064  grad_norm: 18473504.7384  loss: 604078.8342  s0.loss_cls: 75203.6167  s0.pos_acc: 85.7143  s0.loss_bbox: 0.9394  s0.loss_iou: 0.7728  s1.loss_cls: 98275.4990  s1.pos_acc: 85.7143  s1.loss_bbox: 0.6698  s1.loss_iou: 0.5579  s2.loss_cls: 100278.0606  s2.pos_acc: 100.0000  s2.loss_bbox: 0.5259  s2.loss_iou: 0.4487  s3.loss_cls: 91733.8617  s3.pos_acc: 85.7143  s3.loss_bbox: 0.5116  s3.loss_iou: 0.4356  s4.loss_cls: 130425.9789  s4.pos_acc: 85.7143  s4.loss_bbox: 0.4797  s4.loss_iou: 0.4191  s5.loss_cls: 108155.1886  s5.pos_acc: 85.7143  s5.loss_bbox: 0.4654  s5.loss_iou: 0.4079
2025/05/18 10:54:25 - mmengine - INFO - Epoch(train) [2][ 500/8276]  lr: 2.5000e-05  eta: 2:56:49  time: 0.2685  data_time: 0.0071  memory: 2064  grad_norm: 148.0210  loss: 12.1967  s0.loss_cls: 1.2351  s0.pos_acc: 0.0000  s0.loss_bbox: 0.9577  s0.loss_iou: 0.7424  s1.loss_cls: 0.8471  s1.pos_acc: 100.0000  s1.loss_bbox: 0.6583  s1.loss_iou: 0.5288  s2.loss_cls: 0.7920  s2.pos_acc: 100.0000  s2.loss_bbox: 0.5498  s2.loss_iou: 0.4623  s3.loss_cls: 0.7853  s3.pos_acc: 100.0000  s3.loss_bbox: 0.5404  s3.loss_iou: 0.4526  s4.loss_cls: 0.8265  s4.pos_acc: 100.0000  s4.loss_bbox: 0.5453  s4.loss_iou: 0.4510  s5.loss_cls: 0.8586  s5.pos_acc: 100.0000  s5.loss_bbox: 0.5246  s5.loss_iou: 0.4389
2025/05/18 10:54:38 - mmengine - INFO - Epoch(train) [2][ 550/8276]  lr: 2.5000e-05  eta: 2:56:35  time: 0.2520  data_time: 0.0055  memory: 2064  grad_norm: 150.0524  loss: 11.9929  s0.loss_cls: 1.1879  s0.pos_acc: 0.0000  s0.loss_bbox: 0.9209  s0.loss_iou: 0.7581  s1.loss_cls: 0.8050  s1.pos_acc: 100.0000  s1.loss_bbox: 0.6171  s1.loss_iou: 0.5323  s2.loss_cls: 0.8108  s2.pos_acc: 100.0000  s2.loss_bbox: 0.5281  s2.loss_iou: 0.4575  s3.loss_cls: 0.8036  s3.pos_acc: 100.0000  s3.loss_bbox: 0.5233  s3.loss_iou: 0.4586  s4.loss_cls: 0.8528  s4.pos_acc: 100.0000  s4.loss_bbox: 0.5028  s4.loss_iou: 0.4421  s5.loss_cls: 0.8934  s5.pos_acc: 100.0000  s5.loss_bbox: 0.4766  s5.loss_iou: 0.4221
2025/05/18 10:54:51 - mmengine - INFO - Epoch(train) [2][ 600/8276]  lr: 2.5000e-05  eta: 2:56:20  time: 0.2502  data_time: 0.0052  memory: 2064  grad_norm: 152.3846  loss: 12.4024  s0.loss_cls: 1.1791  s0.pos_acc: 45.4545  s0.loss_bbox: 0.9680  s0.loss_iou: 0.7937  s1.loss_cls: 0.7996  s1.pos_acc: 72.7273  s1.loss_bbox: 0.6715  s1.loss_iou: 0.5887  s2.loss_cls: 0.8325  s2.pos_acc: 72.7273  s2.loss_bbox: 0.5648  s2.loss_iou: 0.5034  s3.loss_cls: 0.8465  s3.pos_acc: 72.7273  s3.loss_bbox: 0.5327  s3.loss_iou: 0.4784  s4.loss_cls: 0.8548  s4.pos_acc: 72.7273  s4.loss_bbox: 0.4976  s4.loss_iou: 0.4644  s5.loss_cls: 0.8907  s5.pos_acc: 72.7273  s5.loss_bbox: 0.4843  s5.loss_iou: 0.4517
2025/05/18 10:55:03 - mmengine - INFO - Epoch(train) [2][ 650/8276]  lr: 2.5000e-05  eta: 2:56:05  time: 0.2535  data_time: 0.0058  memory: 2064  grad_norm: 135.9963  loss: 12.3262  s0.loss_cls: 1.2084  s0.pos_acc: 33.3333  s0.loss_bbox: 0.9645  s0.loss_iou: 0.8320  s1.loss_cls: 0.8133  s1.pos_acc: 66.6667  s1.loss_bbox: 0.6628  s1.loss_iou: 0.5940  s2.loss_cls: 0.8489  s2.pos_acc: 66.6667  s2.loss_bbox: 0.5333  s2.loss_iou: 0.5007  s3.loss_cls: 0.8626  s3.pos_acc: 100.0000  s3.loss_bbox: 0.4840  s3.loss_iou: 0.4550  s4.loss_cls: 0.8617  s4.pos_acc: 66.6667  s4.loss_bbox: 0.4720  s4.loss_iou: 0.4482  s5.loss_cls: 0.8765  s5.pos_acc: 66.6667  s5.loss_bbox: 0.4633  s5.loss_iou: 0.4450
2025/05/18 10:55:17 - mmengine - INFO - Epoch(train) [2][ 700/8276]  lr: 2.5000e-05  eta: 2:55:54  time: 0.2682  data_time: 0.0072  memory: 2064  grad_norm: 149.2519  loss: 12.1897  s0.loss_cls: 1.1857  s0.pos_acc: 50.0000  s0.loss_bbox: 1.0082  s0.loss_iou: 0.8518  s1.loss_cls: 0.8542  s1.pos_acc: 50.0000  s1.loss_bbox: 0.6170  s1.loss_iou: 0.5630  s2.loss_cls: 0.8152  s2.pos_acc: 100.0000  s2.loss_bbox: 0.5230  s2.loss_iou: 0.4841  s3.loss_cls: 0.8175  s3.pos_acc: 100.0000  s3.loss_bbox: 0.4949  s3.loss_iou: 0.4653  s4.loss_cls: 0.8291  s4.pos_acc: 100.0000  s4.loss_bbox: 0.4771  s4.loss_iou: 0.4496  s5.loss_cls: 0.8555  s5.pos_acc: 100.0000  s5.loss_bbox: 0.4621  s5.loss_iou: 0.4367
2025/05/18 10:55:23 - mmengine - INFO - Exp name: sparse-rcnn_voc_20250518_101231
2025/05/18 10:55:30 - mmengine - INFO - Epoch(train) [2][ 750/8276]  lr: 2.5000e-05  eta: 2:55:43  time: 0.2660  data_time: 0.0073  memory: 2064  grad_norm: 152.4785  loss: 12.3979  s0.loss_cls: 1.2399  s0.pos_acc: 25.0000  s0.loss_bbox: 0.9584  s0.loss_iou: 0.7937  s1.loss_cls: 0.8224  s1.pos_acc: 75.0000  s1.loss_bbox: 0.6247  s1.loss_iou: 0.5583  s2.loss_cls: 0.8152  s2.pos_acc: 75.0000  s2.loss_bbox: 0.5635  s2.loss_iou: 0.5075  s3.loss_cls: 0.8308  s3.pos_acc: 100.0000  s3.loss_bbox: 0.5300  s3.loss_iou: 0.4785  s4.loss_cls: 0.8263  s4.pos_acc: 75.0000  s4.loss_bbox: 0.5177  s4.loss_iou: 0.4737  s5.loss_cls: 0.8637  s5.pos_acc: 75.0000  s5.loss_bbox: 0.5208  s5.loss_iou: 0.4726
2025/05/18 10:55:43 - mmengine - INFO - Epoch(train) [2][ 800/8276]  lr: 2.5000e-05  eta: 2:55:31  time: 0.2657  data_time: 0.0069  memory: 2064  grad_norm: 144.3286  loss: 12.2711  s0.loss_cls: 1.2288  s0.pos_acc: 50.0000  s0.loss_bbox: 0.9957  s0.loss_iou: 0.8031  s1.loss_cls: 0.8093  s1.pos_acc: 100.0000  s1.loss_bbox: 0.6736  s1.loss_iou: 0.5617  s2.loss_cls: 0.8006  s2.pos_acc: 100.0000  s2.loss_bbox: 0.5596  s2.loss_iou: 0.4776  s3.loss_cls: 0.7968  s3.pos_acc: 100.0000  s3.loss_bbox: 0.5252  s3.loss_iou: 0.4583  s4.loss_cls: 0.7953  s4.pos_acc: 100.0000  s4.loss_bbox: 0.5267  s4.loss_iou: 0.4542  s5.loss_cls: 0.8383  s5.pos_acc: 100.0000  s5.loss_bbox: 0.5221  s5.loss_iou: 0.4442
2025/05/18 10:55:56 - mmengine - INFO - Epoch(train) [2][ 850/8276]  lr: 2.5000e-05  eta: 2:55:17  time: 0.2564  data_time: 0.0060  memory: 2064  grad_norm: 135.6850  loss: 12.2597  s0.loss_cls: 1.1680  s0.pos_acc: 66.6667  s0.loss_bbox: 0.9794  s0.loss_iou: 0.7816  s1.loss_cls: 0.7993  s1.pos_acc: 100.0000  s1.loss_bbox: 0.6648  s1.loss_iou: 0.5576  s2.loss_cls: 0.8519  s2.pos_acc: 100.0000  s2.loss_bbox: 0.5475  s2.loss_iou: 0.4701  s3.loss_cls: 0.8245  s3.pos_acc: 100.0000  s3.loss_bbox: 0.5304  s3.loss_iou: 0.4570  s4.loss_cls: 0.8557  s4.pos_acc: 100.0000  s4.loss_bbox: 0.5032  s4.loss_iou: 0.4419  s5.loss_cls: 0.8803  s5.pos_acc: 100.0000  s5.loss_bbox: 0.5057  s5.loss_iou: 0.4407
2025/05/18 10:56:09 - mmengine - INFO - Epoch(train) [2][ 900/8276]  lr: 2.5000e-05  eta: 2:55:04  time: 0.2550  data_time: 0.0063  memory: 2064  grad_norm: 147.4128  loss: 13.1787  s0.loss_cls: 1.2259  s0.pos_acc: 50.0000  s0.loss_bbox: 1.0511  s0.loss_iou: 0.8698  s1.loss_cls: 0.8827  s1.pos_acc: 25.0000  s1.loss_bbox: 0.7077  s1.loss_iou: 0.6390  s2.loss_cls: 0.8505  s2.pos_acc: 25.0000  s2.loss_bbox: 0.5937  s2.loss_iou: 0.5516  s3.loss_cls: 0.8357  s3.pos_acc: 25.0000  s3.loss_bbox: 0.5811  s3.loss_iou: 0.5367  s4.loss_cls: 0.8579  s4.pos_acc: 25.0000  s4.loss_bbox: 0.5549  s4.loss_iou: 0.5204  s5.loss_cls: 0.9048  s5.pos_acc: 25.0000  s5.loss_bbox: 0.5182  s5.loss_iou: 0.4971
2025/05/18 10:56:22 - mmengine - INFO - Epoch(train) [2][ 950/8276]  lr: 2.5000e-05  eta: 2:54:51  time: 0.2595  data_time: 0.0064  memory: 2063  grad_norm: 153.5661  loss: 12.4839  s0.loss_cls: 1.1391  s0.pos_acc: 25.0000  s0.loss_bbox: 0.9519  s0.loss_iou: 0.7553  s1.loss_cls: 0.7986  s1.pos_acc: 75.0000  s1.loss_bbox: 0.7271  s1.loss_iou: 0.5879  s2.loss_cls: 0.8106  s2.pos_acc: 50.0000  s2.loss_bbox: 0.6129  s2.loss_iou: 0.5160  s3.loss_cls: 0.8110  s3.pos_acc: 50.0000  s3.loss_bbox: 0.5909  s3.loss_iou: 0.4994  s4.loss_cls: 0.8223  s4.pos_acc: 75.0000  s4.loss_bbox: 0.5512  s4.loss_iou: 0.4773  s5.loss_cls: 0.8527  s5.pos_acc: 100.0000  s5.loss_bbox: 0.5192  s5.loss_iou: 0.4607
2025/05/18 10:56:35 - mmengine - INFO - Epoch(train) [2][1000/8276]  lr: 2.5000e-05  eta: 2:54:39  time: 0.2669  data_time: 0.0072  memory: 2063  grad_norm: 141.7059  loss: 11.9672  s0.loss_cls: 1.1787  s0.pos_acc: 80.0000  s0.loss_bbox: 1.0131  s0.loss_iou: 0.8486  s1.loss_cls: 0.7751  s1.pos_acc: 80.0000  s1.loss_bbox: 0.6654  s1.loss_iou: 0.5908  s2.loss_cls: 0.7521  s2.pos_acc: 100.0000  s2.loss_bbox: 0.5321  s2.loss_iou: 0.4934  s3.loss_cls: 0.7660  s3.pos_acc: 80.0000  s3.loss_bbox: 0.4817  s3.loss_iou: 0.4540  s4.loss_cls: 0.7565  s4.pos_acc: 100.0000  s4.loss_bbox: 0.4853  s4.loss_iou: 0.4540  s5.loss_cls: 0.7873  s5.pos_acc: 100.0000  s5.loss_bbox: 0.4825  s5.loss_iou: 0.4505
2025/05/18 10:56:48 - mmengine - INFO - Epoch(train) [2][1050/8276]  lr: 2.5000e-05  eta: 2:54:28  time: 0.2672  data_time: 0.0075  memory: 2063  grad_norm: 147.7412  loss: 11.6458  s0.loss_cls: 1.1214  s0.pos_acc: 33.3333  s0.loss_bbox: 0.9571  s0.loss_iou: 0.7701  s1.loss_cls: 0.7767  s1.pos_acc: 100.0000  s1.loss_bbox: 0.6355  s1.loss_iou: 0.5386  s2.loss_cls: 0.7582  s2.pos_acc: 100.0000  s2.loss_bbox: 0.5338  s2.loss_iou: 0.4580  s3.loss_cls: 0.7380  s3.pos_acc: 100.0000  s3.loss_bbox: 0.5156  s3.loss_iou: 0.4477  s4.loss_cls: 0.7587  s4.pos_acc: 100.0000  s4.loss_bbox: 0.5029  s4.loss_iou: 0.4394  s5.loss_cls: 0.7817  s5.pos_acc: 100.0000  s5.loss_bbox: 0.4850  s5.loss_iou: 0.4275
2025/05/18 10:57:02 - mmengine - INFO - Epoch(train) [2][1100/8276]  lr: 2.5000e-05  eta: 2:54:17  time: 0.2672  data_time: 0.0069  memory: 2063  grad_norm: 139.5916  loss: 12.2620  s0.loss_cls: 1.2320  s0.pos_acc: 0.0000  s0.loss_bbox: 1.0110  s0.loss_iou: 0.8423  s1.loss_cls: 0.8056  s1.pos_acc: 100.0000  s1.loss_bbox: 0.6690  s1.loss_iou: 0.5839  s2.loss_cls: 0.8159  s2.pos_acc: 100.0000  s2.loss_bbox: 0.5327  s2.loss_iou: 0.4811  s3.loss_cls: 0.8006  s3.pos_acc: 100.0000  s3.loss_bbox: 0.5004  s3.loss_iou: 0.4672  s4.loss_cls: 0.7876  s4.pos_acc: 100.0000  s4.loss_bbox: 0.4935  s4.loss_iou: 0.4634  s5.loss_cls: 0.8111  s5.pos_acc: 100.0000  s5.loss_bbox: 0.4986  s5.loss_iou: 0.4662
2025/05/18 10:57:15 - mmengine - INFO - Epoch(train) [2][1150/8276]  lr: 2.5000e-05  eta: 2:54:05  time: 0.2680  data_time: 0.0072  memory: 2063  grad_norm: 143.5781  loss: 12.3788  s0.loss_cls: 1.2007  s0.pos_acc: 53.8462  s0.loss_bbox: 1.0545  s0.loss_iou: 0.8111  s1.loss_cls: 0.8148  s1.pos_acc: 76.9231  s1.loss_bbox: 0.6912  s1.loss_iou: 0.5686  s2.loss_cls: 0.8337  s2.pos_acc: 84.6154  s2.loss_bbox: 0.5678  s2.loss_iou: 0.4832  s3.loss_cls: 0.7886  s3.pos_acc: 84.6154  s3.loss_bbox: 0.5487  s3.loss_iou: 0.4672  s4.loss_cls: 0.7882  s4.pos_acc: 84.6154  s4.loss_bbox: 0.5354  s4.loss_iou: 0.4547  s5.loss_cls: 0.8120  s5.pos_acc: 84.6154  s5.loss_bbox: 0.5158  s5.loss_iou: 0.4427
2025/05/18 10:57:28 - mmengine - INFO - Epoch(train) [2][1200/8276]  lr: 2.5000e-05  eta: 2:53:52  time: 0.2582  data_time: 0.0063  memory: 2063  grad_norm: 137.7511  loss: 11.8004  s0.loss_cls: 1.1880  s0.pos_acc: 0.0000  s0.loss_bbox: 0.9586  s0.loss_iou: 0.8300  s1.loss_cls: 0.7724  s1.pos_acc: 100.0000  s1.loss_bbox: 0.5766  s1.loss_iou: 0.5516  s2.loss_cls: 0.7913  s2.pos_acc: 100.0000  s2.loss_bbox: 0.4935  s2.loss_iou: 0.4791  s3.loss_cls: 0.7836  s3.pos_acc: 100.0000  s3.loss_bbox: 0.4714  s3.loss_iou: 0.4614  s4.loss_cls: 0.7684  s4.pos_acc: 100.0000  s4.loss_bbox: 0.4821  s4.loss_iou: 0.4684  s5.loss_cls: 0.7996  s5.pos_acc: 100.0000  s5.loss_bbox: 0.4619  s5.loss_iou: 0.4626
2025/05/18 10:57:41 - mmengine - INFO - Epoch(train) [2][1250/8276]  lr: 2.5000e-05  eta: 2:53:38  time: 0.2543  data_time: 0.0056  memory: 2063  grad_norm: 146.0703  loss: 12.2920  s0.loss_cls: 1.1767  s0.pos_acc: 33.3333  s0.loss_bbox: 0.9753  s0.loss_iou: 0.7987  s1.loss_cls: 0.7863  s1.pos_acc: 66.6667  s1.loss_bbox: 0.6677  s1.loss_iou: 0.5685  s2.loss_cls: 0.7706  s2.pos_acc: 66.6667  s2.loss_bbox: 0.5636  s2.loss_iou: 0.4945  s3.loss_cls: 0.7673  s3.pos_acc: 100.0000  s3.loss_bbox: 0.5479  s3.loss_iou: 0.4858  s4.loss_cls: 0.7769  s4.pos_acc: 100.0000  s4.loss_bbox: 0.5629  s4.loss_iou: 0.4890  s5.loss_cls: 0.8341  s5.pos_acc: 100.0000  s5.loss_bbox: 0.5489  s5.loss_iou: 0.4772
2025/05/18 10:57:54 - mmengine - INFO - Epoch(train) [2][1300/8276]  lr: 2.5000e-05  eta: 2:53:25  time: 0.2597  data_time: 0.0062  memory: 2065  grad_norm: 151.6204  loss: 12.3089  s0.loss_cls: 1.1722  s0.pos_acc: 100.0000  s0.loss_bbox: 1.0273  s0.loss_iou: 0.8364  s1.loss_cls: 0.8520  s1.pos_acc: 100.0000  s1.loss_bbox: 0.6651  s1.loss_iou: 0.5781  s2.loss_cls: 0.8057  s2.pos_acc: 100.0000  s2.loss_bbox: 0.5521  s2.loss_iou: 0.4885  s3.loss_cls: 0.7989  s3.pos_acc: 100.0000  s3.loss_bbox: 0.5227  s3.loss_iou: 0.4752  s4.loss_cls: 0.8250  s4.pos_acc: 100.0000  s4.loss_bbox: 0.4828  s4.loss_iou: 0.4509  s5.loss_cls: 0.8488  s5.pos_acc: 100.0000  s5.loss_bbox: 0.4811  s5.loss_iou: 0.4463
2025/05/18 10:58:07 - mmengine - INFO - Epoch(train) [2][1350/8276]  lr: 2.5000e-05  eta: 2:53:13  time: 0.2644  data_time: 0.0068  memory: 2064  grad_norm: 159.2589  loss: 11.4406  s0.loss_cls: 1.1190  s0.pos_acc: 100.0000  s0.loss_bbox: 0.9661  s0.loss_iou: 0.7717  s1.loss_cls: 0.7765  s1.pos_acc: 100.0000  s1.loss_bbox: 0.6141  s1.loss_iou: 0.5161  s2.loss_cls: 0.7272  s2.pos_acc: 100.0000  s2.loss_bbox: 0.5372  s2.loss_iou: 0.4549  s3.loss_cls: 0.7409  s3.pos_acc: 100.0000  s3.loss_bbox: 0.4891  s3.loss_iou: 0.4287  s4.loss_cls: 0.7421  s4.pos_acc: 100.0000  s4.loss_bbox: 0.4839  s4.loss_iou: 0.4221  s5.loss_cls: 0.7704  s5.pos_acc: 100.0000  s5.loss_bbox: 0.4688  s5.loss_iou: 0.4116
2025/05/18 10:58:20 - mmengine - INFO - Epoch(train) [2][1400/8276]  lr: 2.5000e-05  eta: 2:53:00  time: 0.2615  data_time: 0.0064  memory: 2064  grad_norm: 152.1428  loss: 11.9056  s0.loss_cls: 1.1776  s0.pos_acc: 50.0000  s0.loss_bbox: 0.9795  s0.loss_iou: 0.7333  s1.loss_cls: 0.8138  s1.pos_acc: 50.0000  s1.loss_bbox: 0.6872  s1.loss_iou: 0.5256  s2.loss_cls: 0.8094  s2.pos_acc: 100.0000  s2.loss_bbox: 0.5414  s2.loss_iou: 0.4392  s3.loss_cls: 0.8063  s3.pos_acc: 100.0000  s3.loss_bbox: 0.5040  s3.loss_iou: 0.4164  s4.loss_cls: 0.8027  s4.pos_acc: 100.0000  s4.loss_bbox: 0.5020  s4.loss_iou: 0.4181  s5.loss_cls: 0.8360  s5.pos_acc: 50.0000  s5.loss_bbox: 0.4977  s5.loss_iou: 0.4157
2025/05/18 10:58:33 - mmengine - INFO - Epoch(train) [2][1450/8276]  lr: 2.5000e-05  eta: 2:52:48  time: 0.2626  data_time: 0.0067  memory: 2064  grad_norm: 144.1342  loss: 11.4752  s0.loss_cls: 1.1190  s0.pos_acc: 25.0000  s0.loss_bbox: 0.9503  s0.loss_iou: 0.7232  s1.loss_cls: 0.7686  s1.pos_acc: 75.0000  s1.loss_bbox: 0.6545  s1.loss_iou: 0.5143  s2.loss_cls: 0.7927  s2.pos_acc: 100.0000  s2.loss_bbox: 0.5515  s2.loss_iou: 0.4418  s3.loss_cls: 0.7586  s3.pos_acc: 100.0000  s3.loss_bbox: 0.5032  s3.loss_iou: 0.4158  s4.loss_cls: 0.7571  s4.pos_acc: 100.0000  s4.loss_bbox: 0.4860  s4.loss_iou: 0.4002  s5.loss_cls: 0.7875  s5.pos_acc: 100.0000  s5.loss_bbox: 0.4644  s5.loss_iou: 0.3866
2025/05/18 10:58:46 - mmengine - INFO - Epoch(train) [2][1500/8276]  lr: 2.5000e-05  eta: 2:52:34  time: 0.2536  data_time: 0.0060  memory: 2064  grad_norm: 142.1679  loss: 11.3502  s0.loss_cls: 1.2070  s0.pos_acc: 100.0000  s0.loss_bbox: 0.9395  s0.loss_iou: 0.7625  s1.loss_cls: 0.7705  s1.pos_acc: 100.0000  s1.loss_bbox: 0.6002  s1.loss_iou: 0.5158  s2.loss_cls: 0.7581  s2.pos_acc: 100.0000  s2.loss_bbox: 0.4968  s2.loss_iou: 0.4323  s3.loss_cls: 0.7629  s3.pos_acc: 100.0000  s3.loss_bbox: 0.4502  s3.loss_iou: 0.4038  s4.loss_cls: 0.7939  s4.pos_acc: 100.0000  s4.loss_bbox: 0.4373  s4.loss_iou: 0.3928  s5.loss_cls: 0.8047  s5.pos_acc: 100.0000  s5.loss_bbox: 0.4343  s5.loss_iou: 0.3878
2025/05/18 10:58:59 - mmengine - INFO - Epoch(train) [2][1550/8276]  lr: 2.5000e-05  eta: 2:52:22  time: 0.2636  data_time: 0.0060  memory: 2065  grad_norm: 142.4888  loss: 12.1353  s0.loss_cls: 1.1533  s0.pos_acc: 25.0000  s0.loss_bbox: 0.9897  s0.loss_iou: 0.8290  s1.loss_cls: 0.7482  s1.pos_acc: 62.5000  s1.loss_bbox: 0.6838  s1.loss_iou: 0.6092  s2.loss_cls: 0.7662  s2.pos_acc: 75.0000  s2.loss_bbox: 0.5585  s2.loss_iou: 0.5128  s3.loss_cls: 0.7365  s3.pos_acc: 87.5000  s3.loss_bbox: 0.5355  s3.loss_iou: 0.4940  s4.loss_cls: 0.7405  s4.pos_acc: 87.5000  s4.loss_bbox: 0.5364  s4.loss_iou: 0.4944  s5.loss_cls: 0.7655  s5.pos_acc: 87.5000  s5.loss_bbox: 0.5071  s5.loss_iou: 0.4746
2025/05/18 10:59:12 - mmengine - INFO - Epoch(train) [2][1600/8276]  lr: 2.5000e-05  eta: 2:52:07  time: 0.2535  data_time: 0.0055  memory: 2064  grad_norm: 135.9000  loss: 12.0784  s0.loss_cls: 1.1881  s0.pos_acc: 40.0000  s0.loss_bbox: 0.9830  s0.loss_iou: 0.8754  s1.loss_cls: 0.8067  s1.pos_acc: 100.0000  s1.loss_bbox: 0.6183  s1.loss_iou: 0.5853  s2.loss_cls: 0.7808  s2.pos_acc: 80.0000  s2.loss_bbox: 0.5244  s2.loss_iou: 0.5049  s3.loss_cls: 0.7877  s3.pos_acc: 80.0000  s3.loss_bbox: 0.5014  s3.loss_iou: 0.4776  s4.loss_cls: 0.7800  s4.pos_acc: 100.0000  s4.loss_bbox: 0.4806  s4.loss_iou: 0.4649  s5.loss_cls: 0.7933  s5.pos_acc: 80.0000  s5.loss_bbox: 0.4690  s5.loss_iou: 0.4571
2025/05/18 10:59:25 - mmengine - INFO - Epoch(train) [2][1650/8276]  lr: 2.5000e-05  eta: 2:51:55  time: 0.2601  data_time: 0.0064  memory: 2064  grad_norm: 148.4083  loss: 12.3227  s0.loss_cls: 1.1241  s0.pos_acc: 50.0000  s0.loss_bbox: 1.0622  s0.loss_iou: 0.8184  s1.loss_cls: 0.7941  s1.pos_acc: 50.0000  s1.loss_bbox: 0.6702  s1.loss_iou: 0.5587  s2.loss_cls: 0.7890  s2.pos_acc: 50.0000  s2.loss_bbox: 0.5804  s2.loss_iou: 0.4978  s3.loss_cls: 0.7504  s3.pos_acc: 50.0000  s3.loss_bbox: 0.5716  s3.loss_iou: 0.4885  s4.loss_cls: 0.8043  s4.pos_acc: 50.0000  s4.loss_bbox: 0.5349  s4.loss_iou: 0.4635  s5.loss_cls: 0.8372  s5.pos_acc: 50.0000  s5.loss_bbox: 0.5200  s5.loss_iou: 0.4573
2025/05/18 10:59:38 - mmengine - INFO - Epoch(train) [2][1700/8276]  lr: 2.5000e-05  eta: 2:51:41  time: 0.2552  data_time: 0.0057  memory: 2065  grad_norm: 143.5211  loss: 11.8174  s0.loss_cls: 1.1499  s0.pos_acc: 0.0000  s0.loss_bbox: 0.9742  s0.loss_iou: 0.8121  s1.loss_cls: 0.7506  s1.pos_acc: 66.6667  s1.loss_bbox: 0.6430  s1.loss_iou: 0.5804  s2.loss_cls: 0.7445  s2.pos_acc: 66.6667  s2.loss_bbox: 0.5209  s2.loss_iou: 0.4862  s3.loss_cls: 0.7279  s3.pos_acc: 66.6667  s3.loss_bbox: 0.5072  s3.loss_iou: 0.4786  s4.loss_cls: 0.7535  s4.pos_acc: 66.6667  s4.loss_bbox: 0.4939  s4.loss_iou: 0.4641  s5.loss_cls: 0.7674  s5.pos_acc: 66.6667  s5.loss_bbox: 0.5000  s5.loss_iou: 0.4629
2025/05/18 10:59:44 - mmengine - INFO - Exp name: sparse-rcnn_voc_20250518_101231
2025/05/18 10:59:51 - mmengine - INFO - Epoch(train) [2][1750/8276]  lr: 2.5000e-05  eta: 2:51:28  time: 0.2622  data_time: 0.0065  memory: 2064  grad_norm: 142.5240  loss: 12.3316  s0.loss_cls: 1.1218  s0.pos_acc: 0.0000  s0.loss_bbox: 1.0393  s0.loss_iou: 0.8623  s1.loss_cls: 0.7558  s1.pos_acc: 50.0000  s1.loss_bbox: 0.6905  s1.loss_iou: 0.6080  s2.loss_cls: 0.7546  s2.pos_acc: 100.0000  s2.loss_bbox: 0.5633  s2.loss_iou: 0.5179  s3.loss_cls: 0.7534  s3.pos_acc: 100.0000  s3.loss_bbox: 0.5444  s3.loss_iou: 0.4976  s4.loss_cls: 0.7649  s4.pos_acc: 100.0000  s4.loss_bbox: 0.5341  s4.loss_iou: 0.4917  s5.loss_cls: 0.8032  s5.pos_acc: 100.0000  s5.loss_bbox: 0.5387  s5.loss_iou: 0.4904
2025/05/18 11:00:04 - mmengine - INFO - Epoch(train) [2][1800/8276]  lr: 2.5000e-05  eta: 2:51:14  time: 0.2560  data_time: 0.0059  memory: 2064  grad_norm: 150.5340  loss: 11.7082  s0.loss_cls: 1.1342  s0.pos_acc: 50.0000  s0.loss_bbox: 0.9696  s0.loss_iou: 0.7620  s1.loss_cls: 0.7770  s1.pos_acc: 50.0000  s1.loss_bbox: 0.6584  s1.loss_iou: 0.5379  s2.loss_cls: 0.7689  s2.pos_acc: 0.0000  s2.loss_bbox: 0.5594  s2.loss_iou: 0.4495  s3.loss_cls: 0.7785  s3.pos_acc: 0.0000  s3.loss_bbox: 0.5072  s3.loss_iou: 0.4209  s4.loss_cls: 0.7820  s4.pos_acc: 0.0000  s4.loss_bbox: 0.4948  s4.loss_iou: 0.4118  s5.loss_cls: 0.8015  s5.pos_acc: 0.0000  s5.loss_bbox: 0.4880  s5.loss_iou: 0.4065
2025/05/18 11:00:16 - mmengine - INFO - Epoch(train) [2][1850/8276]  lr: 2.5000e-05  eta: 2:51:00  time: 0.2534  data_time: 0.0055  memory: 2063  grad_norm: 140.0364  loss: 12.6039  s0.loss_cls: 1.1758  s0.pos_acc: 25.0000  s0.loss_bbox: 1.0566  s0.loss_iou: 0.8186  s1.loss_cls: 0.8600  s1.pos_acc: 25.0000  s1.loss_bbox: 0.7231  s1.loss_iou: 0.5735  s2.loss_cls: 0.8236  s2.pos_acc: 25.0000  s2.loss_bbox: 0.6168  s2.loss_iou: 0.4881  s3.loss_cls: 0.8135  s3.pos_acc: 50.0000  s3.loss_bbox: 0.5649  s3.loss_iou: 0.4555  s4.loss_cls: 0.8339  s4.pos_acc: 25.0000  s4.loss_bbox: 0.5400  s4.loss_iou: 0.4438  s5.loss_cls: 0.8583  s5.pos_acc: 25.0000  s5.loss_bbox: 0.5272  s5.loss_iou: 0.4308
2025/05/18 11:00:29 - mmengine - INFO - Epoch(train) [2][1900/8276]  lr: 2.5000e-05  eta: 2:50:47  time: 0.2564  data_time: 0.0061  memory: 2064  grad_norm: 139.6600  loss: 12.6280  s0.loss_cls: 1.1624  s0.pos_acc: 25.0000  s0.loss_bbox: 1.0248  s0.loss_iou: 0.8360  s1.loss_cls: 0.8010  s1.pos_acc: 50.0000  s1.loss_bbox: 0.6894  s1.loss_iou: 0.5920  s2.loss_cls: 0.7866  s2.pos_acc: 75.0000  s2.loss_bbox: 0.6114  s2.loss_iou: 0.5341  s3.loss_cls: 0.7922  s3.pos_acc: 75.0000  s3.loss_bbox: 0.5637  s3.loss_iou: 0.5066  s4.loss_cls: 0.8185  s4.pos_acc: 75.0000  s4.loss_bbox: 0.5460  s4.loss_iou: 0.4925  s5.loss_cls: 0.8366  s5.pos_acc: 75.0000  s5.loss_bbox: 0.5438  s5.loss_iou: 0.4903
2025/05/18 11:00:42 - mmengine - INFO - Epoch(train) [2][1950/8276]  lr: 2.5000e-05  eta: 2:50:33  time: 0.2560  data_time: 0.0058  memory: 2064  grad_norm: 143.0148  loss: 11.5370  s0.loss_cls: 1.1390  s0.pos_acc: 0.0000  s0.loss_bbox: 0.9949  s0.loss_iou: 0.7968  s1.loss_cls: 0.7861  s1.pos_acc: 50.0000  s1.loss_bbox: 0.6176  s1.loss_iou: 0.5260  s2.loss_cls: 0.7563  s2.pos_acc: 50.0000  s2.loss_bbox: 0.5046  s2.loss_iou: 0.4446  s3.loss_cls: 0.7557  s3.pos_acc: 50.0000  s3.loss_bbox: 0.4868  s3.loss_iou: 0.4302  s4.loss_cls: 0.7591  s4.pos_acc: 50.0000  s4.loss_bbox: 0.4795  s4.loss_iou: 0.4191  s5.loss_cls: 0.7803  s5.pos_acc: 50.0000  s5.loss_bbox: 0.4567  s5.loss_iou: 0.4035
2025/05/18 11:00:54 - mmengine - INFO - Epoch(train) [2][2000/8276]  lr: 2.5000e-05  eta: 2:50:19  time: 0.2535  data_time: 0.0059  memory: 2063  grad_norm: 148.5889  loss: 11.4505  s0.loss_cls: 1.0531  s0.pos_acc: 66.6667  s0.loss_bbox: 0.9556  s0.loss_iou: 0.7367  s1.loss_cls: 0.7137  s1.pos_acc: 100.0000  s1.loss_bbox: 0.6538  s1.loss_iou: 0.5174  s2.loss_cls: 0.7007  s2.pos_acc: 100.0000  s2.loss_bbox: 0.5761  s2.loss_iou: 0.4607  s3.loss_cls: 0.6854  s3.pos_acc: 66.6667  s3.loss_bbox: 0.5579  s3.loss_iou: 0.4566  s4.loss_cls: 0.6769  s4.pos_acc: 66.6667  s4.loss_bbox: 0.5604  s4.loss_iou: 0.4557  s5.loss_cls: 0.7008  s5.pos_acc: 100.0000  s5.loss_bbox: 0.5459  s5.loss_iou: 0.4431
2025/05/18 11:01:07 - mmengine - INFO - Epoch(train) [2][2050/8276]  lr: 2.5000e-05  eta: 2:50:06  time: 0.2598  data_time: 0.0063  memory: 2063  grad_norm: 143.7225  loss: 11.4190  s0.loss_cls: 1.1534  s0.pos_acc: 50.0000  s0.loss_bbox: 0.9546  s0.loss_iou: 0.7973  s1.loss_cls: 0.7931  s1.pos_acc: 50.0000  s1.loss_bbox: 0.6112  s1.loss_iou: 0.5458  s2.loss_cls: 0.7724  s2.pos_acc: 50.0000  s2.loss_bbox: 0.4771  s2.loss_iou: 0.4403  s3.loss_cls: 0.7631  s3.pos_acc: 50.0000  s3.loss_bbox: 0.4497  s3.loss_iou: 0.4148  s4.loss_cls: 0.7690  s4.pos_acc: 50.0000  s4.loss_bbox: 0.4479  s4.loss_iou: 0.4077  s5.loss_cls: 0.8165  s5.pos_acc: 50.0000  s5.loss_bbox: 0.4148  s5.loss_iou: 0.3902
2025/05/18 11:01:20 - mmengine - INFO - Epoch(train) [2][2100/8276]  lr: 2.5000e-05  eta: 2:49:52  time: 0.2565  data_time: 0.0065  memory: 2064  grad_norm: 147.0147  loss: 11.9632  s0.loss_cls: 1.1552  s0.pos_acc: 0.0000  s0.loss_bbox: 0.9947  s0.loss_iou: 0.8233  s1.loss_cls: 0.7840  s1.pos_acc: 0.0000  s1.loss_bbox: 0.6421  s1.loss_iou: 0.5491  s2.loss_cls: 0.7816  s2.pos_acc: 100.0000  s2.loss_bbox: 0.5245  s2.loss_iou: 0.4666  s3.loss_cls: 0.7677  s3.pos_acc: 50.0000  s3.loss_bbox: 0.5328  s3.loss_iou: 0.4697  s4.loss_cls: 0.7716  s4.pos_acc: 50.0000  s4.loss_bbox: 0.5144  s4.loss_iou: 0.4614  s5.loss_cls: 0.7729  s5.pos_acc: 100.0000  s5.loss_bbox: 0.5004  s5.loss_iou: 0.4513
2025/05/18 11:01:33 - mmengine - INFO - Epoch(train) [2][2150/8276]  lr: 2.5000e-05  eta: 2:49:39  time: 0.2554  data_time: 0.0064  memory: 2063  grad_norm: 142.9595  loss: 11.8244  s0.loss_cls: 1.1402  s0.pos_acc: 100.0000  s0.loss_bbox: 0.9570  s0.loss_iou: 0.7949  s1.loss_cls: 0.7549  s1.pos_acc: 100.0000  s1.loss_bbox: 0.6340  s1.loss_iou: 0.5617  s2.loss_cls: 0.7605  s2.pos_acc: 100.0000  s2.loss_bbox: 0.5374  s2.loss_iou: 0.4875  s3.loss_cls: 0.7498  s3.pos_acc: 100.0000  s3.loss_bbox: 0.5066  s3.loss_iou: 0.4623  s4.loss_cls: 0.7802  s4.pos_acc: 100.0000  s4.loss_bbox: 0.4843  s4.loss_iou: 0.4547  s5.loss_cls: 0.8151  s5.pos_acc: 100.0000  s5.loss_bbox: 0.4847  s5.loss_iou: 0.4584
2025/05/18 11:01:46 - mmengine - INFO - Epoch(train) [2][2200/8276]  lr: 2.5000e-05  eta: 2:49:26  time: 0.2599  data_time: 0.0065  memory: 2064  grad_norm: 138.7239  loss: 12.5157  s0.loss_cls: 1.0659  s0.pos_acc: 62.5000  s0.loss_bbox: 0.9977  s0.loss_iou: 0.8494  s1.loss_cls: 0.7869  s1.pos_acc: 100.0000  s1.loss_bbox: 0.6930  s1.loss_iou: 0.6253  s2.loss_cls: 0.7884  s2.pos_acc: 87.5000  s2.loss_bbox: 0.6000  s2.loss_iou: 0.5543  s3.loss_cls: 0.7449  s3.pos_acc: 87.5000  s3.loss_bbox: 0.5762  s3.loss_iou: 0.5414  s4.loss_cls: 0.7747  s4.pos_acc: 87.5000  s4.loss_bbox: 0.5560  s4.loss_iou: 0.5257  s5.loss_cls: 0.7856  s5.pos_acc: 75.0000  s5.loss_bbox: 0.5376  s5.loss_iou: 0.5127
2025/05/18 11:01:59 - mmengine - INFO - Epoch(train) [2][2250/8276]  lr: 2.5000e-05  eta: 2:49:14  time: 0.2670  data_time: 0.0073  memory: 2064  grad_norm: 140.6628  loss: 11.8705  s0.loss_cls: 1.1073  s0.pos_acc: 50.0000  s0.loss_bbox: 1.0381  s0.loss_iou: 0.8511  s1.loss_cls: 0.7909  s1.pos_acc: 50.0000  s1.loss_bbox: 0.6361  s1.loss_iou: 0.5698  s2.loss_cls: 0.7802  s2.pos_acc: 100.0000  s2.loss_bbox: 0.5161  s2.loss_iou: 0.4771  s3.loss_cls: 0.7254  s3.pos_acc: 100.0000  s3.loss_bbox: 0.4947  s3.loss_iou: 0.4662  s4.loss_cls: 0.7205  s4.pos_acc: 100.0000  s4.loss_bbox: 0.5067  s4.loss_iou: 0.4682  s5.loss_cls: 0.7459  s5.pos_acc: 100.0000  s5.loss_bbox: 0.5098  s5.loss_iou: 0.4664
2025/05/18 11:02:13 - mmengine - INFO - Epoch(train) [2][2300/8276]  lr: 2.5000e-05  eta: 2:49:02  time: 0.2620  data_time: 0.0065  memory: 2065  grad_norm: 149.0415  loss: 11.8022  s0.loss_cls: 1.1011  s0.pos_acc: 66.6667  s0.loss_bbox: 0.9253  s0.loss_iou: 0.7524  s1.loss_cls: 0.7297  s1.pos_acc: 100.0000  s1.loss_bbox: 0.6673  s1.loss_iou: 0.5414  s2.loss_cls: 0.7179  s2.pos_acc: 100.0000  s2.loss_bbox: 0.5827  s2.loss_iou: 0.5010  s3.loss_cls: 0.7005  s3.pos_acc: 100.0000  s3.loss_bbox: 0.5867  s3.loss_iou: 0.4964  s4.loss_cls: 0.7211  s4.pos_acc: 66.6667  s4.loss_bbox: 0.5525  s4.loss_iou: 0.4722  s5.loss_cls: 0.7330  s5.pos_acc: 100.0000  s5.loss_bbox: 0.5514  s5.loss_iou: 0.4696
2025/05/18 11:02:25 - mmengine - INFO - Epoch(train) [2][2350/8276]  lr: 2.5000e-05  eta: 2:48:49  time: 0.2591  data_time: 0.0063  memory: 2064  grad_norm: 150.7617  loss: 11.7573  s0.loss_cls: 1.1358  s0.pos_acc: 0.0000  s0.loss_bbox: 0.9480  s0.loss_iou: 0.7794  s1.loss_cls: 0.7483  s1.pos_acc: 100.0000  s1.loss_bbox: 0.6871  s1.loss_iou: 0.5665  s2.loss_cls: 0.7272  s2.pos_acc: 50.0000  s2.loss_bbox: 0.5655  s2.loss_iou: 0.4965  s3.loss_cls: 0.6893  s3.pos_acc: 100.0000  s3.loss_bbox: 0.5358  s3.loss_iou: 0.4772  s4.loss_cls: 0.6938  s4.pos_acc: 100.0000  s4.loss_bbox: 0.5289  s4.loss_iou: 0.4712  s5.loss_cls: 0.7048  s5.pos_acc: 100.0000  s5.loss_bbox: 0.5309  s5.loss_iou: 0.4710
2025/05/18 11:02:39 - mmengine - INFO - Epoch(train) [2][2400/8276]  lr: 2.5000e-05  eta: 2:48:37  time: 0.2654  data_time: 0.0068  memory: 2064  grad_norm: 152.8701  loss: 12.3552  s0.loss_cls: 1.1326  s0.pos_acc: 33.3333  s0.loss_bbox: 0.9928  s0.loss_iou: 0.7824  s1.loss_cls: 0.7807  s1.pos_acc: 66.6667  s1.loss_bbox: 0.7081  s1.loss_iou: 0.5911  s2.loss_cls: 0.7760  s2.pos_acc: 66.6667  s2.loss_bbox: 0.5881  s2.loss_iou: 0.5037  s3.loss_cls: 0.7698  s3.pos_acc: 66.6667  s3.loss_bbox: 0.5868  s3.loss_iou: 0.4965  s4.loss_cls: 0.7768  s4.pos_acc: 66.6667  s4.loss_bbox: 0.5643  s4.loss_iou: 0.4811  s5.loss_cls: 0.7991  s5.pos_acc: 66.6667  s5.loss_bbox: 0.5516  s5.loss_iou: 0.4737
2025/05/18 11:02:52 - mmengine - INFO - Epoch(train) [2][2450/8276]  lr: 2.5000e-05  eta: 2:48:23  time: 0.2571  data_time: 0.0057  memory: 2064  grad_norm: 159.4752  loss: 11.1727  s0.loss_cls: 1.0883  s0.pos_acc: 50.0000  s0.loss_bbox: 0.9257  s0.loss_iou: 0.6788  s1.loss_cls: 0.7548  s1.pos_acc: 100.0000  s1.loss_bbox: 0.6425  s1.loss_iou: 0.4964  s2.loss_cls: 0.7373  s2.pos_acc: 100.0000  s2.loss_bbox: 0.5444  s2.loss_iou: 0.4245  s3.loss_cls: 0.7298  s3.pos_acc: 100.0000  s3.loss_bbox: 0.5201  s3.loss_iou: 0.4115  s4.loss_cls: 0.7336  s4.pos_acc: 100.0000  s4.loss_bbox: 0.4903  s4.loss_iou: 0.3842  s5.loss_cls: 0.7707  s5.pos_acc: 100.0000  s5.loss_bbox: 0.4668  s5.loss_iou: 0.3730
2025/05/18 11:03:05 - mmengine - INFO - Epoch(train) [2][2500/8276]  lr: 2.5000e-05  eta: 2:48:11  time: 0.2628  data_time: 0.0067  memory: 2064  grad_norm: 145.9240  loss: 11.7098  s0.loss_cls: 1.1530  s0.pos_acc: 66.6667  s0.loss_bbox: 0.9766  s0.loss_iou: 0.8014  s1.loss_cls: 0.7904  s1.pos_acc: 100.0000  s1.loss_bbox: 0.6099  s1.loss_iou: 0.5361  s2.loss_cls: 0.7947  s2.pos_acc: 66.6667  s2.loss_bbox: 0.5056  s2.loss_iou: 0.4545  s3.loss_cls: 0.7702  s3.pos_acc: 100.0000  s3.loss_bbox: 0.4729  s3.loss_iou: 0.4326  s4.loss_cls: 0.7446  s4.pos_acc: 100.0000  s4.loss_bbox: 0.4970  s4.loss_iou: 0.4505  s5.loss_cls: 0.7701  s5.pos_acc: 100.0000  s5.loss_bbox: 0.4994  s5.loss_iou: 0.4502
2025/05/18 11:03:17 - mmengine - INFO - Epoch(train) [2][2550/8276]  lr: 2.5000e-05  eta: 2:47:57  time: 0.2527  data_time: 0.0055  memory: 2064  grad_norm: 126.5596  loss: 12.5542  s0.loss_cls: 1.1313  s0.pos_acc: 40.0000  s0.loss_bbox: 0.9909  s0.loss_iou: 0.8719  s1.loss_cls: 0.7786  s1.pos_acc: 20.0000  s1.loss_bbox: 0.6970  s1.loss_iou: 0.6443  s2.loss_cls: 0.7502  s2.pos_acc: 80.0000  s2.loss_bbox: 0.5814  s2.loss_iou: 0.5595  s3.loss_cls: 0.7592  s3.pos_acc: 60.0000  s3.loss_bbox: 0.5529  s3.loss_iou: 0.5353  s4.loss_cls: 0.7507  s4.pos_acc: 40.0000  s4.loss_bbox: 0.5546  s4.loss_iou: 0.5358  s5.loss_cls: 0.7561  s5.pos_acc: 60.0000  s5.loss_bbox: 0.5607  s5.loss_iou: 0.5439
2025/05/18 11:03:31 - mmengine - INFO - Epoch(train) [2][2600/8276]  lr: 2.5000e-05  eta: 2:47:44  time: 0.2636  data_time: 0.0065  memory: 2064  grad_norm: 145.5951  loss: 11.2848  s0.loss_cls: 1.0826  s0.pos_acc: 25.0000  s0.loss_bbox: 0.9319  s0.loss_iou: 0.7709  s1.loss_cls: 0.7109  s1.pos_acc: 50.0000  s1.loss_bbox: 0.6406  s1.loss_iou: 0.5419  s2.loss_cls: 0.6977  s2.pos_acc: 50.0000  s2.loss_bbox: 0.5439  s2.loss_iou: 0.4651  s3.loss_cls: 0.6815  s3.pos_acc: 75.0000  s3.loss_bbox: 0.5240  s3.loss_iou: 0.4471  s4.loss_cls: 0.6856  s4.pos_acc: 50.0000  s4.loss_bbox: 0.5052  s4.loss_iou: 0.4353  s5.loss_cls: 0.7029  s5.pos_acc: 75.0000  s5.loss_bbox: 0.4889  s5.loss_iou: 0.4292
2025/05/18 11:03:44 - mmengine - INFO - Epoch(train) [2][2650/8276]  lr: 2.5000e-05  eta: 2:47:32  time: 0.2607  data_time: 0.0063  memory: 2064  grad_norm: 147.4607  loss: 11.6515  s0.loss_cls: 1.1621  s0.pos_acc: 50.0000  s0.loss_bbox: 1.0040  s0.loss_iou: 0.7589  s1.loss_cls: 0.7479  s1.pos_acc: 83.3333  s1.loss_bbox: 0.6701  s1.loss_iou: 0.5190  s2.loss_cls: 0.7091  s2.pos_acc: 100.0000  s2.loss_bbox: 0.5565  s2.loss_iou: 0.4484  s3.loss_cls: 0.7270  s3.pos_acc: 83.3333  s3.loss_bbox: 0.5307  s3.loss_iou: 0.4368  s4.loss_cls: 0.7053  s4.pos_acc: 100.0000  s4.loss_bbox: 0.5332  s4.loss_iou: 0.4400  s5.loss_cls: 0.7269  s5.pos_acc: 83.3333  s5.loss_bbox: 0.5344  s5.loss_iou: 0.4411
2025/05/18 11:03:57 - mmengine - INFO - Epoch(train) [2][2700/8276]  lr: 2.5000e-05  eta: 2:47:20  time: 0.2649  data_time: 0.0068  memory: 2063  grad_norm: 154.7098  loss: 11.3709  s0.loss_cls: 1.0483  s0.pos_acc: 100.0000  s0.loss_bbox: 0.9950  s0.loss_iou: 0.7787  s1.loss_cls: 0.6915  s1.pos_acc: 100.0000  s1.loss_bbox: 0.6913  s1.loss_iou: 0.5701  s2.loss_cls: 0.6979  s2.pos_acc: 100.0000  s2.loss_bbox: 0.5420  s2.loss_iou: 0.4702  s3.loss_cls: 0.6772  s3.pos_acc: 100.0000  s3.loss_bbox: 0.5255  s3.loss_iou: 0.4570  s4.loss_cls: 0.6778  s4.pos_acc: 100.0000  s4.loss_bbox: 0.4988  s4.loss_iou: 0.4426  s5.loss_cls: 0.7099  s5.pos_acc: 100.0000  s5.loss_bbox: 0.4742  s5.loss_iou: 0.4228
2025/05/18 11:04:03 - mmengine - INFO - Exp name: sparse-rcnn_voc_20250518_101231
2025/05/18 11:04:10 - mmengine - INFO - Epoch(train) [2][2750/8276]  lr: 2.5000e-05  eta: 2:47:07  time: 0.2613  data_time: 0.0068  memory: 2064  grad_norm: 143.4758  loss: 12.1331  s0.loss_cls: 1.0706  s0.pos_acc: 33.3333  s0.loss_bbox: 1.0312  s0.loss_iou: 0.8104  s1.loss_cls: 0.7553  s1.pos_acc: 100.0000  s1.loss_bbox: 0.6920  s1.loss_iou: 0.5721  s2.loss_cls: 0.7775  s2.pos_acc: 66.6667  s2.loss_bbox: 0.5796  s2.loss_iou: 0.4886  s3.loss_cls: 0.7497  s3.pos_acc: 66.6667  s3.loss_bbox: 0.5484  s3.loss_iou: 0.4765  s4.loss_cls: 0.7645  s4.pos_acc: 66.6667  s4.loss_bbox: 0.5516  s4.loss_iou: 0.4723  s5.loss_cls: 0.7589  s5.pos_acc: 66.6667  s5.loss_bbox: 0.5579  s5.loss_iou: 0.4760
2025/05/18 11:04:23 - mmengine - INFO - Epoch(train) [2][2800/8276]  lr: 2.5000e-05  eta: 2:46:54  time: 0.2572  data_time: 0.0061  memory: 2063  grad_norm: 138.5789  loss: 11.3748  s0.loss_cls: 1.0924  s0.pos_acc: 75.0000  s0.loss_bbox: 0.8731  s0.loss_iou: 0.7185  s1.loss_cls: 0.7361  s1.pos_acc: 75.0000  s1.loss_bbox: 0.6168  s1.loss_iou: 0.5381  s2.loss_cls: 0.7364  s2.pos_acc: 75.0000  s2.loss_bbox: 0.5164  s2.loss_iou: 0.4675  s3.loss_cls: 0.7384  s3.pos_acc: 75.0000  s3.loss_bbox: 0.4962  s3.loss_iou: 0.4521  s4.loss_cls: 0.7342  s4.pos_acc: 75.0000  s4.loss_bbox: 0.4925  s4.loss_iou: 0.4505  s5.loss_cls: 0.7501  s5.pos_acc: 75.0000  s5.loss_bbox: 0.5086  s5.loss_iou: 0.4570
2025/05/18 11:04:36 - mmengine - INFO - Epoch(train) [2][2850/8276]  lr: 2.5000e-05  eta: 2:46:41  time: 0.2613  data_time: 0.0066  memory: 2064  grad_norm: 141.3811  loss: 11.4385  s0.loss_cls: 1.0987  s0.pos_acc: 0.0000  s0.loss_bbox: 0.9513  s0.loss_iou: 0.7540  s1.loss_cls: 0.7559  s1.pos_acc: 100.0000  s1.loss_bbox: 0.6473  s1.loss_iou: 0.5277  s2.loss_cls: 0.7229  s2.pos_acc: 100.0000  s2.loss_bbox: 0.5519  s2.loss_iou: 0.4641  s3.loss_cls: 0.7194  s3.pos_acc: 100.0000  s3.loss_bbox: 0.5054  s3.loss_iou: 0.4374  s4.loss_cls: 0.7281  s4.pos_acc: 100.0000  s4.loss_bbox: 0.4928  s4.loss_iou: 0.4299  s5.loss_cls: 0.7442  s5.pos_acc: 100.0000  s5.loss_bbox: 0.4828  s5.loss_iou: 0.4246
2025/05/18 11:04:49 - mmengine - INFO - Epoch(train) [2][2900/8276]  lr: 2.5000e-05  eta: 2:46:29  time: 0.2632  data_time: 0.0064  memory: 2065  grad_norm: 129.0020  loss: 12.1810  s0.loss_cls: 1.1954  s0.pos_acc: 50.0000  s0.loss_bbox: 0.9388  s0.loss_iou: 0.8664  s1.loss_cls: 0.7529  s1.pos_acc: 50.0000  s1.loss_bbox: 0.6401  s1.loss_iou: 0.6216  s2.loss_cls: 0.7364  s2.pos_acc: 75.0000  s2.loss_bbox: 0.5569  s2.loss_iou: 0.5407  s3.loss_cls: 0.7237  s3.pos_acc: 75.0000  s3.loss_bbox: 0.5299  s3.loss_iou: 0.5154  s4.loss_cls: 0.7353  s4.pos_acc: 50.0000  s4.loss_bbox: 0.5259  s4.loss_iou: 0.5139  s5.loss_cls: 0.7775  s5.pos_acc: 50.0000  s5.loss_bbox: 0.5059  s5.loss_iou: 0.5043
2025/05/18 11:05:02 - mmengine - INFO - Epoch(train) [2][2950/8276]  lr: 2.5000e-05  eta: 2:46:17  time: 0.2653  data_time: 0.0071  memory: 2064  grad_norm: 144.5422  loss: 11.7795  s0.loss_cls: 1.0823  s0.pos_acc: 40.0000  s0.loss_bbox: 1.0001  s0.loss_iou: 0.7583  s1.loss_cls: 0.7866  s1.pos_acc: 80.0000  s1.loss_bbox: 0.6341  s1.loss_iou: 0.5216  s2.loss_cls: 0.7670  s2.pos_acc: 80.0000  s2.loss_bbox: 0.5673  s2.loss_iou: 0.4641  s3.loss_cls: 0.7564  s3.pos_acc: 100.0000  s3.loss_bbox: 0.5438  s3.loss_iou: 0.4472  s4.loss_cls: 0.7799  s4.pos_acc: 100.0000  s4.loss_bbox: 0.5063  s4.loss_iou: 0.4297  s5.loss_cls: 0.8149  s5.pos_acc: 100.0000  s5.loss_bbox: 0.4985  s5.loss_iou: 0.4215
2025/05/18 11:05:15 - mmengine - INFO - Epoch(train) [2][3000/8276]  lr: 2.5000e-05  eta: 2:46:04  time: 0.2620  data_time: 0.0069  memory: 2063  grad_norm: 145.7094  loss: 10.9085  s0.loss_cls: 1.0147  s0.pos_acc: 0.0000  s0.loss_bbox: 1.0343  s0.loss_iou: 0.8129  s1.loss_cls: 0.6470  s1.pos_acc: 100.0000  s1.loss_bbox: 0.6294  s1.loss_iou: 0.5332  s2.loss_cls: 0.6659  s2.pos_acc: 100.0000  s2.loss_bbox: 0.5160  s2.loss_iou: 0.4480  s3.loss_cls: 0.6207  s3.pos_acc: 100.0000  s3.loss_bbox: 0.4807  s3.loss_iou: 0.4282  s4.loss_cls: 0.6012  s4.pos_acc: 100.0000  s4.loss_bbox: 0.4923  s4.loss_iou: 0.4321  s5.loss_cls: 0.6273  s5.pos_acc: 100.0000  s5.loss_bbox: 0.4950  s5.loss_iou: 0.4294
2025/05/18 11:05:28 - mmengine - INFO - Epoch(train) [2][3050/8276]  lr: 2.5000e-05  eta: 2:45:51  time: 0.2587  data_time: 0.0065  memory: 2064  grad_norm: 132.5882  loss: 12.2108  s0.loss_cls: 1.1107  s0.pos_acc: 40.0000  s0.loss_bbox: 0.9714  s0.loss_iou: 0.8148  s1.loss_cls: 0.7739  s1.pos_acc: 90.0000  s1.loss_bbox: 0.7026  s1.loss_iou: 0.6088  s2.loss_cls: 0.7684  s2.pos_acc: 90.0000  s2.loss_bbox: 0.5791  s2.loss_iou: 0.5242  s3.loss_cls: 0.7781  s3.pos_acc: 100.0000  s3.loss_bbox: 0.5340  s3.loss_iou: 0.4983  s4.loss_cls: 0.7697  s4.pos_acc: 100.0000  s4.loss_bbox: 0.5229  s4.loss_iou: 0.4871  s5.loss_cls: 0.8043  s5.pos_acc: 100.0000  s5.loss_bbox: 0.4927  s5.loss_iou: 0.4696
2025/05/18 11:05:41 - mmengine - INFO - Epoch(train) [2][3100/8276]  lr: 2.5000e-05  eta: 2:45:37  time: 0.2537  data_time: 0.0055  memory: 2064  grad_norm: 155.3410  loss: 11.5438  s0.loss_cls: 1.1463  s0.pos_acc: 75.0000  s0.loss_bbox: 0.9297  s0.loss_iou: 0.7479  s1.loss_cls: 0.7785  s1.pos_acc: 100.0000  s1.loss_bbox: 0.6368  s1.loss_iou: 0.5198  s2.loss_cls: 0.7424  s2.pos_acc: 100.0000  s2.loss_bbox: 0.5675  s2.loss_iou: 0.4543  s3.loss_cls: 0.7315  s3.pos_acc: 100.0000  s3.loss_bbox: 0.5271  s3.loss_iou: 0.4356  s4.loss_cls: 0.7303  s4.pos_acc: 100.0000  s4.loss_bbox: 0.5159  s4.loss_iou: 0.4301  s5.loss_cls: 0.7362  s5.pos_acc: 100.0000  s5.loss_bbox: 0.4960  s5.loss_iou: 0.4179
2025/05/18 11:05:54 - mmengine - INFO - Epoch(train) [2][3150/8276]  lr: 2.5000e-05  eta: 2:45:23  time: 0.2553  data_time: 0.0058  memory: 2064  grad_norm: 145.3853  loss: 11.8106  s0.loss_cls: 1.0967  s0.pos_acc: 0.0000  s0.loss_bbox: 1.0248  s0.loss_iou: 0.8294  s1.loss_cls: 0.7407  s1.pos_acc: 33.3333  s1.loss_bbox: 0.6611  s1.loss_iou: 0.5675  s2.loss_cls: 0.7039  s2.pos_acc: 33.3333  s2.loss_bbox: 0.5536  s2.loss_iou: 0.4934  s3.loss_cls: 0.6735  s3.pos_acc: 33.3333  s3.loss_bbox: 0.5271  s3.loss_iou: 0.4815  s4.loss_cls: 0.6953  s4.pos_acc: 33.3333  s4.loss_bbox: 0.5358  s4.loss_iou: 0.4915  s5.loss_cls: 0.7217  s5.pos_acc: 33.3333  s5.loss_bbox: 0.5271  s5.loss_iou: 0.4862
2025/05/18 11:06:07 - mmengine - INFO - Epoch(train) [2][3200/8276]  lr: 2.5000e-05  eta: 2:45:11  time: 0.2626  data_time: 0.0065  memory: 2064  grad_norm: 134.8776  loss: 12.0253  s0.loss_cls: 1.0791  s0.pos_acc: 50.0000  s0.loss_bbox: 0.9790  s0.loss_iou: 0.8017  s1.loss_cls: 0.7169  s1.pos_acc: 100.0000  s1.loss_bbox: 0.6979  s1.loss_iou: 0.6053  s2.loss_cls: 0.7043  s2.pos_acc: 100.0000  s2.loss_bbox: 0.6020  s2.loss_iou: 0.5309  s3.loss_cls: 0.7030  s3.pos_acc: 100.0000  s3.loss_bbox: 0.5759  s3.loss_iou: 0.5142  s4.loss_cls: 0.7162  s4.pos_acc: 100.0000  s4.loss_bbox: 0.5517  s4.loss_iou: 0.4985  s5.loss_cls: 0.7310  s5.pos_acc: 83.3333  s5.loss_bbox: 0.5333  s5.loss_iou: 0.4843
2025/05/18 11:06:20 - mmengine - INFO - Epoch(train) [2][3250/8276]  lr: 2.5000e-05  eta: 2:44:57  time: 0.2570  data_time: 0.0059  memory: 2064  grad_norm: 130.1848  loss: 11.5474  s0.loss_cls: 1.0894  s0.pos_acc: 40.0000  s0.loss_bbox: 0.9181  s0.loss_iou: 0.7589  s1.loss_cls: 0.7499  s1.pos_acc: 80.0000  s1.loss_bbox: 0.6353  s1.loss_iou: 0.5350  s2.loss_cls: 0.7235  s2.pos_acc: 100.0000  s2.loss_bbox: 0.5726  s2.loss_iou: 0.4813  s3.loss_cls: 0.6889  s3.pos_acc: 100.0000  s3.loss_bbox: 0.5380  s3.loss_iou: 0.4655  s4.loss_cls: 0.7079  s4.pos_acc: 100.0000  s4.loss_bbox: 0.5272  s4.loss_iou: 0.4585  s5.loss_cls: 0.6885  s5.pos_acc: 100.0000  s5.loss_bbox: 0.5429  s5.loss_iou: 0.4662
2025/05/18 11:06:33 - mmengine - INFO - Epoch(train) [2][3300/8276]  lr: 2.5000e-05  eta: 2:44:45  time: 0.2638  data_time: 0.0071  memory: 2064  grad_norm: 144.3232  loss: 12.2118  s0.loss_cls: 1.1464  s0.pos_acc: 50.0000  s0.loss_bbox: 0.9741  s0.loss_iou: 0.7930  s1.loss_cls: 0.8302  s1.pos_acc: 100.0000  s1.loss_bbox: 0.6515  s1.loss_iou: 0.5651  s2.loss_cls: 0.7871  s2.pos_acc: 100.0000  s2.loss_bbox: 0.5745  s2.loss_iou: 0.4936  s3.loss_cls: 0.7759  s3.pos_acc: 100.0000  s3.loss_bbox: 0.5573  s3.loss_iou: 0.4806  s4.loss_cls: 0.7930  s4.pos_acc: 100.0000  s4.loss_bbox: 0.5226  s4.loss_iou: 0.4697  s5.loss_cls: 0.8283  s5.pos_acc: 100.0000  s5.loss_bbox: 0.5116  s5.loss_iou: 0.4572
2025/05/18 11:06:46 - mmengine - INFO - Epoch(train) [2][3350/8276]  lr: 2.5000e-05  eta: 2:44:32  time: 0.2608  data_time: 0.0063  memory: 2064  grad_norm: 138.2628  loss: 11.1423  s0.loss_cls: 1.1051  s0.pos_acc: 80.0000  s0.loss_bbox: 0.9142  s0.loss_iou: 0.7798  s1.loss_cls: 0.7345  s1.pos_acc: 60.0000  s1.loss_bbox: 0.6305  s1.loss_iou: 0.5737  s2.loss_cls: 0.7005  s2.pos_acc: 80.0000  s2.loss_bbox: 0.5088  s2.loss_iou: 0.4713  s3.loss_cls: 0.6758  s3.pos_acc: 80.0000  s3.loss_bbox: 0.4794  s3.loss_iou: 0.4516  s4.loss_cls: 0.6872  s4.pos_acc: 80.0000  s4.loss_bbox: 0.4456  s4.loss_iou: 0.4237  s5.loss_cls: 0.6967  s5.pos_acc: 80.0000  s5.loss_bbox: 0.4422  s5.loss_iou: 0.4217
2025/05/18 11:07:00 - mmengine - INFO - Epoch(train) [2][3400/8276]  lr: 2.5000e-05  eta: 2:44:21  time: 0.2720  data_time: 0.0069  memory: 2064  grad_norm: 146.0166  loss: 11.3503  s0.loss_cls: 1.0431  s0.pos_acc: 25.0000  s0.loss_bbox: 0.9941  s0.loss_iou: 0.7842  s1.loss_cls: 0.7168  s1.pos_acc: 50.0000  s1.loss_bbox: 0.6192  s1.loss_iou: 0.5331  s2.loss_cls: 0.6817  s2.pos_acc: 75.0000  s2.loss_bbox: 0.5751  s2.loss_iou: 0.4760  s3.loss_cls: 0.6641  s3.pos_acc: 75.0000  s3.loss_bbox: 0.5335  s3.loss_iou: 0.4493  s4.loss_cls: 0.6736  s4.pos_acc: 100.0000  s4.loss_bbox: 0.5153  s4.loss_iou: 0.4443  s5.loss_cls: 0.6867  s5.pos_acc: 100.0000  s5.loss_bbox: 0.5152  s5.loss_iou: 0.4447
2025/05/18 11:07:13 - mmengine - INFO - Epoch(train) [2][3450/8276]  lr: 2.5000e-05  eta: 2:44:09  time: 0.2618  data_time: 0.0064  memory: 2064  grad_norm: 139.7282  loss: 11.7085  s0.loss_cls: 1.2130  s0.pos_acc: 33.3333  s0.loss_bbox: 0.9235  s0.loss_iou: 0.8257  s1.loss_cls: 0.7271  s1.pos_acc: 100.0000  s1.loss_bbox: 0.6267  s1.loss_iou: 0.5774  s2.loss_cls: 0.7162  s2.pos_acc: 100.0000  s2.loss_bbox: 0.5202  s2.loss_iou: 0.4982  s3.loss_cls: 0.7212  s3.pos_acc: 100.0000  s3.loss_bbox: 0.4928  s3.loss_iou: 0.4791  s4.loss_cls: 0.7536  s4.pos_acc: 100.0000  s4.loss_bbox: 0.4771  s4.loss_iou: 0.4639  s5.loss_cls: 0.7682  s5.pos_acc: 100.0000  s5.loss_bbox: 0.4641  s5.loss_iou: 0.4605
2025/05/18 11:07:25 - mmengine - INFO - Epoch(train) [2][3500/8276]  lr: 2.5000e-05  eta: 2:43:54  time: 0.2527  data_time: 0.0057  memory: 2063  grad_norm: 150.7534  loss: 11.7535  s0.loss_cls: 1.1100  s0.pos_acc: 0.0000  s0.loss_bbox: 1.0462  s0.loss_iou: 0.8071  s1.loss_cls: 0.8118  s1.pos_acc: 66.6667  s1.loss_bbox: 0.6575  s1.loss_iou: 0.5294  s2.loss_cls: 0.7811  s2.pos_acc: 100.0000  s2.loss_bbox: 0.5434  s2.loss_iou: 0.4490  s3.loss_cls: 0.8035  s3.pos_acc: 100.0000  s3.loss_bbox: 0.4875  s3.loss_iou: 0.4126  s4.loss_cls: 0.7931  s4.pos_acc: 100.0000  s4.loss_bbox: 0.4765  s4.loss_iou: 0.4020  s5.loss_cls: 0.8003  s5.pos_acc: 100.0000  s5.loss_bbox: 0.4557  s5.loss_iou: 0.3866
2025/05/18 11:07:38 - mmengine - INFO - Epoch(train) [2][3550/8276]  lr: 2.5000e-05  eta: 2:43:40  time: 0.2523  data_time: 0.0056  memory: 2064  grad_norm: 137.2942  loss: 11.5855  s0.loss_cls: 1.1505  s0.pos_acc: 0.0000  s0.loss_bbox: 0.9558  s0.loss_iou: 0.8200  s1.loss_cls: 0.7511  s1.pos_acc: 50.0000  s1.loss_bbox: 0.5902  s1.loss_iou: 0.5456  s2.loss_cls: 0.7550  s2.pos_acc: 100.0000  s2.loss_bbox: 0.5049  s2.loss_iou: 0.4829  s3.loss_cls: 0.7333  s3.pos_acc: 0.0000  s3.loss_bbox: 0.4817  s3.loss_iou: 0.4645  s4.loss_cls: 0.7385  s4.pos_acc: 0.0000  s4.loss_bbox: 0.4783  s4.loss_iou: 0.4629  s5.loss_cls: 0.7643  s5.pos_acc: 50.0000  s5.loss_bbox: 0.4533  s5.loss_iou: 0.4526
2025/05/18 11:07:51 - mmengine - INFO - Epoch(train) [2][3600/8276]  lr: 2.5000e-05  eta: 2:43:28  time: 0.2616  data_time: 0.0067  memory: 2065  grad_norm: 142.6125  loss: 10.9140  s0.loss_cls: 1.1304  s0.pos_acc: 0.0000  s0.loss_bbox: 0.9287  s0.loss_iou: 0.7701  s1.loss_cls: 0.6538  s1.pos_acc: 66.6667  s1.loss_bbox: 0.6093  s1.loss_iou: 0.5159  s2.loss_cls: 0.6672  s2.pos_acc: 33.3333  s2.loss_bbox: 0.5176  s2.loss_iou: 0.4462  s3.loss_cls: 0.6573  s3.pos_acc: 66.6667  s3.loss_bbox: 0.4993  s3.loss_iou: 0.4286  s4.loss_cls: 0.6579  s4.pos_acc: 100.0000  s4.loss_bbox: 0.4772  s4.loss_iou: 0.4135  s5.loss_cls: 0.6676  s5.pos_acc: 66.6667  s5.loss_bbox: 0.4647  s5.loss_iou: 0.4088
2025/05/18 11:08:04 - mmengine - INFO - Epoch(train) [2][3650/8276]  lr: 2.5000e-05  eta: 2:43:16  time: 0.2660  data_time: 0.0070  memory: 2063  grad_norm: 143.2207  loss: 11.3036  s0.loss_cls: 1.0995  s0.pos_acc: 16.6667  s0.loss_bbox: 0.9700  s0.loss_iou: 0.7633  s1.loss_cls: 0.6709  s1.pos_acc: 83.3333  s1.loss_bbox: 0.6640  s1.loss_iou: 0.5470  s2.loss_cls: 0.6536  s2.pos_acc: 83.3333  s2.loss_bbox: 0.5813  s2.loss_iou: 0.4838  s3.loss_cls: 0.6319  s3.pos_acc: 83.3333  s3.loss_bbox: 0.5472  s3.loss_iou: 0.4592  s4.loss_cls: 0.6452  s4.pos_acc: 83.3333  s4.loss_bbox: 0.5302  s4.loss_iou: 0.4442  s5.loss_cls: 0.6585  s5.pos_acc: 66.6667  s5.loss_bbox: 0.5198  s5.loss_iou: 0.4340
2025/05/18 11:08:18 - mmengine - INFO - Epoch(train) [2][3700/8276]  lr: 2.5000e-05  eta: 2:43:04  time: 0.2689  data_time: 0.0073  memory: 2064  grad_norm: 140.4474  loss: 11.4407  s0.loss_cls: 1.0951  s0.pos_acc: 0.0000  s0.loss_bbox: 0.9419  s0.loss_iou: 0.7758  s1.loss_cls: 0.7259  s1.pos_acc: 100.0000  s1.loss_bbox: 0.6557  s1.loss_iou: 0.5498  s2.loss_cls: 0.6973  s2.pos_acc: 100.0000  s2.loss_bbox: 0.5385  s2.loss_iou: 0.4682  s3.loss_cls: 0.6822  s3.pos_acc: 100.0000  s3.loss_bbox: 0.5382  s3.loss_iou: 0.4643  s4.loss_cls: 0.6941  s4.pos_acc: 100.0000  s4.loss_bbox: 0.5172  s4.loss_iou: 0.4570  s5.loss_cls: 0.7224  s5.pos_acc: 100.0000  s5.loss_bbox: 0.4810  s5.loss_iou: 0.4364
2025/05/18 11:08:24 - mmengine - INFO - Exp name: sparse-rcnn_voc_20250518_101231
2025/05/18 11:08:31 - mmengine - INFO - Epoch(train) [2][3750/8276]  lr: 2.5000e-05  eta: 2:42:52  time: 0.2668  data_time: 0.0070  memory: 2063  grad_norm: 150.8787  loss: 11.5923  s0.loss_cls: 1.1143  s0.pos_acc: 0.0000  s0.loss_bbox: 0.9934  s0.loss_iou: 0.7888  s1.loss_cls: 0.7363  s1.pos_acc: 66.6667  s1.loss_bbox: 0.6513  s1.loss_iou: 0.5521  s2.loss_cls: 0.7489  s2.pos_acc: 100.0000  s2.loss_bbox: 0.5385  s2.loss_iou: 0.4633  s3.loss_cls: 0.7402  s3.pos_acc: 100.0000  s3.loss_bbox: 0.5028  s3.loss_iou: 0.4417  s4.loss_cls: 0.7216  s4.pos_acc: 100.0000  s4.loss_bbox: 0.4978  s4.loss_iou: 0.4407  s5.loss_cls: 0.7167  s5.pos_acc: 100.0000  s5.loss_bbox: 0.5003  s5.loss_iou: 0.4437
2025/05/18 11:08:44 - mmengine - INFO - Epoch(train) [2][3800/8276]  lr: 2.5000e-05  eta: 2:42:41  time: 0.2677  data_time: 0.0071  memory: 2064  grad_norm: 132.8319  loss: 11.6613  s0.loss_cls: 1.0883  s0.pos_acc: 25.0000  s0.loss_bbox: 0.9919  s0.loss_iou: 0.8420  s1.loss_cls: 0.6981  s1.pos_acc: 75.0000  s1.loss_bbox: 0.6518  s1.loss_iou: 0.5874  s2.loss_cls: 0.6832  s2.pos_acc: 75.0000  s2.loss_bbox: 0.5423  s2.loss_iou: 0.5059  s3.loss_cls: 0.7010  s3.pos_acc: 75.0000  s3.loss_bbox: 0.5215  s3.loss_iou: 0.4868  s4.loss_cls: 0.6916  s4.pos_acc: 75.0000  s4.loss_bbox: 0.5180  s4.loss_iou: 0.4773  s5.loss_cls: 0.6885  s5.pos_acc: 75.0000  s5.loss_bbox: 0.5140  s5.loss_iou: 0.4717
2025/05/18 11:08:57 - mmengine - INFO - Epoch(train) [2][3850/8276]  lr: 2.5000e-05  eta: 2:42:27  time: 0.2542  data_time: 0.0058  memory: 2064  grad_norm: 138.6943  loss: 12.2569  s0.loss_cls: 1.1872  s0.pos_acc: 75.0000  s0.loss_bbox: 1.0038  s0.loss_iou: 0.8808  s1.loss_cls: 0.7626  s1.pos_acc: 100.0000  s1.loss_bbox: 0.6517  s1.loss_iou: 0.6070  s2.loss_cls: 0.8108  s2.pos_acc: 100.0000  s2.loss_bbox: 0.5122  s2.loss_iou: 0.5013  s3.loss_cls: 0.7716  s3.pos_acc: 75.0000  s3.loss_bbox: 0.5076  s3.loss_iou: 0.4957  s4.loss_cls: 0.7805  s4.pos_acc: 100.0000  s4.loss_bbox: 0.4986  s4.loss_iou: 0.4872  s5.loss_cls: 0.7928  s5.pos_acc: 100.0000  s5.loss_bbox: 0.5101  s5.loss_iou: 0.4955
2025/05/18 11:09:10 - mmengine - INFO - Epoch(train) [2][3900/8276]  lr: 2.5000e-05  eta: 2:42:14  time: 0.2586  data_time: 0.0063  memory: 2064  grad_norm: 144.6591  loss: 11.3497  s0.loss_cls: 1.0532  s0.pos_acc: 42.8571  s0.loss_bbox: 0.9742  s0.loss_iou: 0.7903  s1.loss_cls: 0.7113  s1.pos_acc: 100.0000  s1.loss_bbox: 0.6345  s1.loss_iou: 0.5488  s2.loss_cls: 0.6954  s2.pos_acc: 100.0000  s2.loss_bbox: 0.5342  s2.loss_iou: 0.4789  s3.loss_cls: 0.7029  s3.pos_acc: 100.0000  s3.loss_bbox: 0.4923  s3.loss_iou: 0.4559  s4.loss_cls: 0.7104  s4.pos_acc: 100.0000  s4.loss_bbox: 0.4827  s4.loss_iou: 0.4527  s5.loss_cls: 0.7315  s5.pos_acc: 100.0000  s5.loss_bbox: 0.4639  s5.loss_iou: 0.4365
2025/05/18 11:09:23 - mmengine - INFO - Epoch(train) [2][3950/8276]  lr: 2.5000e-05  eta: 2:42:01  time: 0.2656  data_time: 0.0070  memory: 2063  grad_norm: 130.3654  loss: 11.6177  s0.loss_cls: 1.0502  s0.pos_acc: 50.0000  s0.loss_bbox: 1.0128  s0.loss_iou: 0.8275  s1.loss_cls: 0.6890  s1.pos_acc: 100.0000  s1.loss_bbox: 0.6469  s1.loss_iou: 0.5689  s2.loss_cls: 0.6668  s2.pos_acc: 100.0000  s2.loss_bbox: 0.5793  s2.loss_iou: 0.5078  s3.loss_cls: 0.6970  s3.pos_acc: 100.0000  s3.loss_bbox: 0.5195  s3.loss_iou: 0.4741  s4.loss_cls: 0.6907  s4.pos_acc: 100.0000  s4.loss_bbox: 0.5243  s4.loss_iou: 0.4710  s5.loss_cls: 0.6987  s5.pos_acc: 100.0000  s5.loss_bbox: 0.5234  s5.loss_iou: 0.4697
2025/05/18 11:09:36 - mmengine - INFO - Epoch(train) [2][4000/8276]  lr: 2.5000e-05  eta: 2:41:48  time: 0.2563  data_time: 0.0065  memory: 2063  grad_norm: 145.0796  loss: 10.9059  s0.loss_cls: 1.1559  s0.pos_acc: 33.3333  s0.loss_bbox: 0.9150  s0.loss_iou: 0.8212  s1.loss_cls: 0.7090  s1.pos_acc: 66.6667  s1.loss_bbox: 0.5593  s1.loss_iou: 0.5316  s2.loss_cls: 0.6731  s2.pos_acc: 100.0000  s2.loss_bbox: 0.4678  s2.loss_iou: 0.4412  s3.loss_cls: 0.6734  s3.pos_acc: 66.6667  s3.loss_bbox: 0.4475  s3.loss_iou: 0.4232  s4.loss_cls: 0.6639  s4.pos_acc: 100.0000  s4.loss_bbox: 0.4479  s4.loss_iou: 0.4229  s5.loss_cls: 0.6896  s5.pos_acc: 66.6667  s5.loss_bbox: 0.4441  s5.loss_iou: 0.4193
2025/05/18 11:09:49 - mmengine - INFO - Epoch(train) [2][4050/8276]  lr: 2.5000e-05  eta: 2:41:36  time: 0.2645  data_time: 0.0068  memory: 2064  grad_norm: 147.6773  loss: 11.7459  s0.loss_cls: 1.1130  s0.pos_acc: 33.3333  s0.loss_bbox: 1.0659  s0.loss_iou: 0.8562  s1.loss_cls: 0.7686  s1.pos_acc: 66.6667  s1.loss_bbox: 0.6500  s1.loss_iou: 0.5571  s2.loss_cls: 0.7384  s2.pos_acc: 100.0000  s2.loss_bbox: 0.5388  s2.loss_iou: 0.4628  s3.loss_cls: 0.7097  s3.pos_acc: 100.0000  s3.loss_bbox: 0.5083  s3.loss_iou: 0.4493  s4.loss_cls: 0.7387  s4.pos_acc: 100.0000  s4.loss_bbox: 0.4894  s4.loss_iou: 0.4346  s5.loss_cls: 0.7417  s5.pos_acc: 100.0000  s5.loss_bbox: 0.4889  s5.loss_iou: 0.4346
2025/05/18 11:10:02 - mmengine - INFO - Epoch(train) [2][4100/8276]  lr: 2.5000e-05  eta: 2:41:23  time: 0.2589  data_time: 0.0061  memory: 2064  grad_norm: 138.2311  loss: 11.3037  s0.loss_cls: 1.1795  s0.pos_acc: 0.0000  s0.loss_bbox: 0.9530  s0.loss_iou: 0.8032  s1.loss_cls: 0.7378  s1.pos_acc: 75.0000  s1.loss_bbox: 0.5954  s1.loss_iou: 0.5215  s2.loss_cls: 0.7301  s2.pos_acc: 50.0000  s2.loss_bbox: 0.5030  s2.loss_iou: 0.4538  s3.loss_cls: 0.7110  s3.pos_acc: 75.0000  s3.loss_bbox: 0.4686  s3.loss_iou: 0.4299  s4.loss_cls: 0.7103  s4.pos_acc: 100.0000  s4.loss_bbox: 0.4676  s4.loss_iou: 0.4300  s5.loss_cls: 0.7291  s5.pos_acc: 100.0000  s5.loss_bbox: 0.4557  s5.loss_iou: 0.4242
2025/05/18 11:10:15 - mmengine - INFO - Epoch(train) [2][4150/8276]  lr: 2.5000e-05  eta: 2:41:10  time: 0.2610  data_time: 0.0065  memory: 2064  grad_norm: 150.8197  loss: 10.8315  s0.loss_cls: 1.0813  s0.pos_acc: 100.0000  s0.loss_bbox: 0.9494  s0.loss_iou: 0.7959  s1.loss_cls: 0.6703  s1.pos_acc: 100.0000  s1.loss_bbox: 0.5993  s1.loss_iou: 0.5226  s2.loss_cls: 0.6458  s2.pos_acc: 100.0000  s2.loss_bbox: 0.5063  s2.loss_iou: 0.4607  s3.loss_cls: 0.6098  s3.pos_acc: 100.0000  s3.loss_bbox: 0.4880  s3.loss_iou: 0.4420  s4.loss_cls: 0.6434  s4.pos_acc: 100.0000  s4.loss_bbox: 0.4691  s4.loss_iou: 0.4262  s5.loss_cls: 0.6515  s5.pos_acc: 100.0000  s5.loss_bbox: 0.4518  s5.loss_iou: 0.4182
2025/05/18 11:10:29 - mmengine - INFO - Epoch(train) [2][4200/8276]  lr: 2.5000e-05  eta: 2:40:57  time: 0.2621  data_time: 0.0064  memory: 2064  grad_norm: 144.7209  loss: 10.7124  s0.loss_cls: 1.1245  s0.pos_acc: 33.3333  s0.loss_bbox: 0.8987  s0.loss_iou: 0.7025  s1.loss_cls: 0.6776  s1.pos_acc: 66.6667  s1.loss_bbox: 0.6152  s1.loss_iou: 0.4881  s2.loss_cls: 0.6909  s2.pos_acc: 100.0000  s2.loss_bbox: 0.4961  s2.loss_iou: 0.4107  s3.loss_cls: 0.6943  s3.pos_acc: 100.0000  s3.loss_bbox: 0.4598  s3.loss_iou: 0.3814  s4.loss_cls: 0.6791  s4.pos_acc: 100.0000  s4.loss_bbox: 0.4660  s4.loss_iou: 0.3894  s5.loss_cls: 0.6943  s5.pos_acc: 100.0000  s5.loss_bbox: 0.4603  s5.loss_iou: 0.3833
2025/05/18 11:10:41 - mmengine - INFO - Epoch(train) [2][4250/8276]  lr: 2.5000e-05  eta: 2:40:43  time: 0.2525  data_time: 0.0054  memory: 2064  grad_norm: 137.7341  loss: 12.0676  s0.loss_cls: 1.1409  s0.pos_acc: 0.0000  s0.loss_bbox: 0.9848  s0.loss_iou: 0.8478  s1.loss_cls: 0.7725  s1.pos_acc: 66.6667  s1.loss_bbox: 0.6498  s1.loss_iou: 0.5983  s2.loss_cls: 0.7208  s2.pos_acc: 66.6667  s2.loss_bbox: 0.5603  s2.loss_iou: 0.5277  s3.loss_cls: 0.7363  s3.pos_acc: 66.6667  s3.loss_bbox: 0.5254  s3.loss_iou: 0.5015  s4.loss_cls: 0.7354  s4.pos_acc: 66.6667  s4.loss_bbox: 0.5216  s4.loss_iou: 0.4965  s5.loss_cls: 0.7480  s5.pos_acc: 66.6667  s5.loss_bbox: 0.5073  s5.loss_iou: 0.4927
2025/05/18 11:10:54 - mmengine - INFO - Epoch(train) [2][4300/8276]  lr: 2.5000e-05  eta: 2:40:30  time: 0.2604  data_time: 0.0066  memory: 2064  grad_norm: 139.2568  loss: 11.4147  s0.loss_cls: 1.0737  s0.pos_acc: 20.0000  s0.loss_bbox: 0.8925  s0.loss_iou: 0.7670  s1.loss_cls: 0.6740  s1.pos_acc: 80.0000  s1.loss_bbox: 0.6126  s1.loss_iou: 0.5348  s2.loss_cls: 0.6839  s2.pos_acc: 80.0000  s2.loss_bbox: 0.5537  s2.loss_iou: 0.4944  s3.loss_cls: 0.6847  s3.pos_acc: 80.0000  s3.loss_bbox: 0.5307  s3.loss_iou: 0.4791  s4.loss_cls: 0.7088  s4.pos_acc: 80.0000  s4.loss_bbox: 0.5266  s4.loss_iou: 0.4781  s5.loss_cls: 0.7412  s5.pos_acc: 60.0000  s5.loss_bbox: 0.5078  s5.loss_iou: 0.4711
2025/05/18 11:11:07 - mmengine - INFO - Epoch(train) [2][4350/8276]  lr: 2.5000e-05  eta: 2:40:17  time: 0.2603  data_time: 0.0063  memory: 2065  grad_norm: 149.4154  loss: 10.6611  s0.loss_cls: 1.0253  s0.pos_acc: 66.6667  s0.loss_bbox: 0.9145  s0.loss_iou: 0.7549  s1.loss_cls: 0.6673  s1.pos_acc: 100.0000  s1.loss_bbox: 0.5952  s1.loss_iou: 0.5027  s2.loss_cls: 0.6237  s2.pos_acc: 100.0000  s2.loss_bbox: 0.5328  s2.loss_iou: 0.4558  s3.loss_cls: 0.6252  s3.pos_acc: 100.0000  s3.loss_bbox: 0.4827  s3.loss_iou: 0.4244  s4.loss_cls: 0.6111  s4.pos_acc: 100.0000  s4.loss_bbox: 0.4939  s4.loss_iou: 0.4304  s5.loss_cls: 0.6442  s5.pos_acc: 100.0000  s5.loss_bbox: 0.4629  s5.loss_iou: 0.4140
2025/05/18 11:11:20 - mmengine - INFO - Epoch(train) [2][4400/8276]  lr: 2.5000e-05  eta: 2:40:03  time: 0.2532  data_time: 0.0058  memory: 2064  grad_norm: 136.2821  loss: 10.9994  s0.loss_cls: 1.0738  s0.pos_acc: 100.0000  s0.loss_bbox: 0.9414  s0.loss_iou: 0.7828  s1.loss_cls: 0.6971  s1.pos_acc: 100.0000  s1.loss_bbox: 0.6034  s1.loss_iou: 0.5282  s2.loss_cls: 0.6609  s2.pos_acc: 100.0000  s2.loss_bbox: 0.5029  s2.loss_iou: 0.4441  s3.loss_cls: 0.6492  s3.pos_acc: 100.0000  s3.loss_bbox: 0.5035  s3.loss_iou: 0.4418  s4.loss_cls: 0.6190  s4.pos_acc: 100.0000  s4.loss_bbox: 0.5154  s4.loss_iou: 0.4460  s5.loss_cls: 0.6527  s5.pos_acc: 100.0000  s5.loss_bbox: 0.5006  s5.loss_iou: 0.4367
2025/05/18 11:11:33 - mmengine - INFO - Epoch(train) [2][4450/8276]  lr: 2.5000e-05  eta: 2:39:51  time: 0.2635  data_time: 0.0070  memory: 2064  grad_norm: 146.5935  loss: 10.9279  s0.loss_cls: 1.0042  s0.pos_acc: 50.0000  s0.loss_bbox: 0.9464  s0.loss_iou: 0.7489  s1.loss_cls: 0.6503  s1.pos_acc: 100.0000  s1.loss_bbox: 0.6640  s1.loss_iou: 0.5396  s2.loss_cls: 0.6418  s2.pos_acc: 100.0000  s2.loss_bbox: 0.5541  s2.loss_iou: 0.4594  s3.loss_cls: 0.6255  s3.pos_acc: 100.0000  s3.loss_bbox: 0.5141  s3.loss_iou: 0.4352  s4.loss_cls: 0.6500  s4.pos_acc: 100.0000  s4.loss_bbox: 0.4990  s4.loss_iou: 0.4277  s5.loss_cls: 0.6814  s5.pos_acc: 100.0000  s5.loss_bbox: 0.4775  s5.loss_iou: 0.4089
2025/05/18 11:11:46 - mmengine - INFO - Epoch(train) [2][4500/8276]  lr: 2.5000e-05  eta: 2:39:37  time: 0.2553  data_time: 0.0062  memory: 2065  grad_norm: 137.9332  loss: 11.3633  s0.loss_cls: 1.0688  s0.pos_acc: 100.0000  s0.loss_bbox: 0.9248  s0.loss_iou: 0.7494  s1.loss_cls: 0.7100  s1.pos_acc: 100.0000  s1.loss_bbox: 0.6743  s1.loss_iou: 0.5487  s2.loss_cls: 0.7291  s2.pos_acc: 100.0000  s2.loss_bbox: 0.5418  s2.loss_iou: 0.4599  s3.loss_cls: 0.7091  s3.pos_acc: 100.0000  s3.loss_bbox: 0.5204  s3.loss_iou: 0.4459  s4.loss_cls: 0.7198  s4.pos_acc: 100.0000  s4.loss_bbox: 0.4959  s4.loss_iou: 0.4310  s5.loss_cls: 0.7340  s5.pos_acc: 100.0000  s5.loss_bbox: 0.4791  s5.loss_iou: 0.4213
2025/05/18 11:11:59 - mmengine - INFO - Epoch(train) [2][4550/8276]  lr: 2.5000e-05  eta: 2:39:25  time: 0.2672  data_time: 0.0070  memory: 2064  grad_norm: 135.0628  loss: 11.2354  s0.loss_cls: 1.0752  s0.pos_acc: 100.0000  s0.loss_bbox: 0.9294  s0.loss_iou: 0.7873  s1.loss_cls: 0.7023  s1.pos_acc: 100.0000  s1.loss_bbox: 0.6377  s1.loss_iou: 0.5537  s2.loss_cls: 0.6952  s2.pos_acc: 100.0000  s2.loss_bbox: 0.5516  s2.loss_iou: 0.4795  s3.loss_cls: 0.6959  s3.pos_acc: 100.0000  s3.loss_bbox: 0.4993  s3.loss_iou: 0.4525  s4.loss_cls: 0.6603  s4.pos_acc: 100.0000  s4.loss_bbox: 0.4798  s4.loss_iou: 0.4438  s5.loss_cls: 0.6972  s5.pos_acc: 100.0000  s5.loss_bbox: 0.4664  s5.loss_iou: 0.4282
2025/05/18 11:12:12 - mmengine - INFO - Epoch(train) [2][4600/8276]  lr: 2.5000e-05  eta: 2:39:12  time: 0.2573  data_time: 0.0065  memory: 2065  grad_norm: 146.3858  loss: 10.6638  s0.loss_cls: 1.0517  s0.pos_acc: 50.0000  s0.loss_bbox: 0.9676  s0.loss_iou: 0.7642  s1.loss_cls: 0.6938  s1.pos_acc: 100.0000  s1.loss_bbox: 0.6155  s1.loss_iou: 0.5078  s2.loss_cls: 0.6482  s2.pos_acc: 100.0000  s2.loss_bbox: 0.5176  s2.loss_iou: 0.4244  s3.loss_cls: 0.6541  s3.pos_acc: 100.0000  s3.loss_bbox: 0.4700  s3.loss_iou: 0.3908  s4.loss_cls: 0.6303  s4.pos_acc: 100.0000  s4.loss_bbox: 0.4513  s4.loss_iou: 0.3838  s5.loss_cls: 0.6420  s5.pos_acc: 100.0000  s5.loss_bbox: 0.4639  s5.loss_iou: 0.3869
2025/05/18 11:12:25 - mmengine - INFO - Epoch(train) [2][4650/8276]  lr: 2.5000e-05  eta: 2:38:58  time: 0.2548  data_time: 0.0057  memory: 2063  grad_norm: 147.9651  loss: 11.4105  s0.loss_cls: 1.0613  s0.pos_acc: 66.6667  s0.loss_bbox: 0.9943  s0.loss_iou: 0.8226  s1.loss_cls: 0.7297  s1.pos_acc: 100.0000  s1.loss_bbox: 0.6718  s1.loss_iou: 0.5603  s2.loss_cls: 0.6865  s2.pos_acc: 100.0000  s2.loss_bbox: 0.5589  s2.loss_iou: 0.4811  s3.loss_cls: 0.6924  s3.pos_acc: 100.0000  s3.loss_bbox: 0.4952  s3.loss_iou: 0.4383  s4.loss_cls: 0.6897  s4.pos_acc: 100.0000  s4.loss_bbox: 0.4850  s4.loss_iou: 0.4340  s5.loss_cls: 0.7116  s5.pos_acc: 100.0000  s5.loss_bbox: 0.4731  s5.loss_iou: 0.4248
2025/05/18 11:12:38 - mmengine - INFO - Epoch(train) [2][4700/8276]  lr: 2.5000e-05  eta: 2:38:46  time: 0.2651  data_time: 0.0071  memory: 2064  grad_norm: 138.6930  loss: 10.8985  s0.loss_cls: 1.0970  s0.pos_acc: 50.0000  s0.loss_bbox: 0.9768  s0.loss_iou: 0.7853  s1.loss_cls: 0.7546  s1.pos_acc: 50.0000  s1.loss_bbox: 0.5684  s1.loss_iou: 0.4937  s2.loss_cls: 0.7362  s2.pos_acc: 50.0000  s2.loss_bbox: 0.4546  s2.loss_iou: 0.4080  s3.loss_cls: 0.7221  s3.pos_acc: 50.0000  s3.loss_bbox: 0.4387  s3.loss_iou: 0.3882  s4.loss_cls: 0.7253  s4.pos_acc: 50.0000  s4.loss_bbox: 0.4218  s4.loss_iou: 0.3822  s5.loss_cls: 0.7416  s5.pos_acc: 50.0000  s5.loss_bbox: 0.4229  s5.loss_iou: 0.3810
2025/05/18 11:12:44 - mmengine - INFO - Exp name: sparse-rcnn_voc_20250518_101231
2025/05/18 11:12:51 - mmengine - INFO - Epoch(train) [2][4750/8276]  lr: 2.5000e-05  eta: 2:38:32  time: 0.2533  data_time: 0.0058  memory: 2063  grad_norm: 135.4844  loss: 11.7256  s0.loss_cls: 1.0510  s0.pos_acc: 81.8182  s0.loss_bbox: 0.9834  s0.loss_iou: 0.8205  s1.loss_cls: 0.7388  s1.pos_acc: 90.9091  s1.loss_bbox: 0.6618  s1.loss_iou: 0.5771  s2.loss_cls: 0.7203  s2.pos_acc: 100.0000  s2.loss_bbox: 0.5680  s2.loss_iou: 0.5066  s3.loss_cls: 0.6934  s3.pos_acc: 100.0000  s3.loss_bbox: 0.5353  s3.loss_iou: 0.4843  s4.loss_cls: 0.6980  s4.pos_acc: 100.0000  s4.loss_bbox: 0.5158  s4.loss_iou: 0.4698  s5.loss_cls: 0.7219  s5.pos_acc: 100.0000  s5.loss_bbox: 0.5132  s5.loss_iou: 0.4665
2025/05/18 11:13:04 - mmengine - INFO - Epoch(train) [2][4800/8276]  lr: 2.5000e-05  eta: 2:38:20  time: 0.2643  data_time: 0.0070  memory: 2064  grad_norm: 132.4423  loss: 11.8098  s0.loss_cls: 1.0709  s0.pos_acc: 50.0000  s0.loss_bbox: 0.9545  s0.loss_iou: 0.7914  s1.loss_cls: 0.7071  s1.pos_acc: 0.0000  s1.loss_bbox: 0.6732  s1.loss_iou: 0.5801  s2.loss_cls: 0.7239  s2.pos_acc: 0.0000  s2.loss_bbox: 0.5765  s2.loss_iou: 0.5094  s3.loss_cls: 0.6933  s3.pos_acc: 0.0000  s3.loss_bbox: 0.5582  s3.loss_iou: 0.4948  s4.loss_cls: 0.7093  s4.pos_acc: 0.0000  s4.loss_bbox: 0.5449  s4.loss_iou: 0.4849  s5.loss_cls: 0.7095  s5.pos_acc: 0.0000  s5.loss_bbox: 0.5436  s5.loss_iou: 0.4844
2025/05/18 11:13:17 - mmengine - INFO - Epoch(train) [2][4850/8276]  lr: 2.5000e-05  eta: 2:38:08  time: 0.2670  data_time: 0.0075  memory: 2064  grad_norm: 143.0204  loss: 11.1753  s0.loss_cls: 1.1018  s0.pos_acc: 25.0000  s0.loss_bbox: 0.9410  s0.loss_iou: 0.7583  s1.loss_cls: 0.7315  s1.pos_acc: 75.0000  s1.loss_bbox: 0.6474  s1.loss_iou: 0.5283  s2.loss_cls: 0.7368  s2.pos_acc: 75.0000  s2.loss_bbox: 0.5130  s2.loss_iou: 0.4336  s3.loss_cls: 0.6980  s3.pos_acc: 75.0000  s3.loss_bbox: 0.4965  s3.loss_iou: 0.4190  s4.loss_cls: 0.7170  s4.pos_acc: 75.0000  s4.loss_bbox: 0.4638  s4.loss_iou: 0.4040  s5.loss_cls: 0.7179  s5.pos_acc: 75.0000  s5.loss_bbox: 0.4618  s5.loss_iou: 0.4055
2025/05/18 11:13:30 - mmengine - INFO - Epoch(train) [2][4900/8276]  lr: 2.5000e-05  eta: 2:37:55  time: 0.2622  data_time: 0.0066  memory: 2064  grad_norm: 139.5196  loss: 10.8582  s0.loss_cls: 1.0940  s0.pos_acc: 33.3333  s0.loss_bbox: 0.9160  s0.loss_iou: 0.7786  s1.loss_cls: 0.7276  s1.pos_acc: 66.6667  s1.loss_bbox: 0.5907  s1.loss_iou: 0.5080  s2.loss_cls: 0.6857  s2.pos_acc: 100.0000  s2.loss_bbox: 0.5141  s2.loss_iou: 0.4454  s3.loss_cls: 0.7043  s3.pos_acc: 66.6667  s3.loss_bbox: 0.4454  s3.loss_iou: 0.4023  s4.loss_cls: 0.6664  s4.pos_acc: 100.0000  s4.loss_bbox: 0.4452  s4.loss_iou: 0.4077  s5.loss_cls: 0.6902  s5.pos_acc: 66.6667  s5.loss_bbox: 0.4342  s5.loss_iou: 0.4026
2025/05/18 11:13:44 - mmengine - INFO - Epoch(train) [2][4950/8276]  lr: 2.5000e-05  eta: 2:37:44  time: 0.2751  data_time: 0.0072  memory: 2063  grad_norm: 148.5458  loss: 11.1208  s0.loss_cls: 1.0767  s0.pos_acc: 33.3333  s0.loss_bbox: 0.9048  s0.loss_iou: 0.7488  s1.loss_cls: 0.7659  s1.pos_acc: 100.0000  s1.loss_bbox: 0.6239  s1.loss_iou: 0.5219  s2.loss_cls: 0.7367  s2.pos_acc: 100.0000  s2.loss_bbox: 0.5036  s2.loss_iou: 0.4336  s3.loss_cls: 0.6724  s3.pos_acc: 100.0000  s3.loss_bbox: 0.4942  s3.loss_iou: 0.4308  s4.loss_cls: 0.6753  s4.pos_acc: 100.0000  s4.loss_bbox: 0.4903  s4.loss_iou: 0.4283  s5.loss_cls: 0.6813  s5.pos_acc: 100.0000  s5.loss_bbox: 0.4994  s5.loss_iou: 0.4325
2025/05/18 11:13:57 - mmengine - INFO - Epoch(train) [2][5000/8276]  lr: 2.5000e-05  eta: 2:37:32  time: 0.2671  data_time: 0.0071  memory: 2063  grad_norm: 134.9892  loss: 11.4069  s0.loss_cls: 1.0583  s0.pos_acc: 50.0000  s0.loss_bbox: 0.9310  s0.loss_iou: 0.7460  s1.loss_cls: 0.7137  s1.pos_acc: 50.0000  s1.loss_bbox: 0.6252  s1.loss_iou: 0.5362  s2.loss_cls: 0.6894  s2.pos_acc: 50.0000  s2.loss_bbox: 0.5518  s2.loss_iou: 0.4853  s3.loss_cls: 0.7085  s3.pos_acc: 50.0000  s3.loss_bbox: 0.5225  s3.loss_iou: 0.4647  s4.loss_cls: 0.7047  s4.pos_acc: 50.0000  s4.loss_bbox: 0.5153  s4.loss_iou: 0.4609  s5.loss_cls: 0.7288  s5.pos_acc: 50.0000  s5.loss_bbox: 0.5070  s5.loss_iou: 0.4577
2025/05/18 11:14:10 - mmengine - INFO - Epoch(train) [2][5050/8276]  lr: 2.5000e-05  eta: 2:37:19  time: 0.2590  data_time: 0.0063  memory: 2064  grad_norm: 133.8134  loss: 10.9764  s0.loss_cls: 0.9992  s0.pos_acc: 66.6667  s0.loss_bbox: 0.9304  s0.loss_iou: 0.7876  s1.loss_cls: 0.6865  s1.pos_acc: 100.0000  s1.loss_bbox: 0.6213  s1.loss_iou: 0.5541  s2.loss_cls: 0.6596  s2.pos_acc: 100.0000  s2.loss_bbox: 0.5147  s2.loss_iou: 0.4702  s3.loss_cls: 0.6506  s3.pos_acc: 100.0000  s3.loss_bbox: 0.4935  s3.loss_iou: 0.4563  s4.loss_cls: 0.6614  s4.pos_acc: 100.0000  s4.loss_bbox: 0.4749  s4.loss_iou: 0.4473  s5.loss_cls: 0.6635  s5.pos_acc: 100.0000  s5.loss_bbox: 0.4650  s5.loss_iou: 0.4401
2025/05/18 11:14:23 - mmengine - INFO - Epoch(train) [2][5100/8276]  lr: 2.5000e-05  eta: 2:37:06  time: 0.2576  data_time: 0.0061  memory: 2065  grad_norm: 149.3923  loss: 10.7492  s0.loss_cls: 0.9877  s0.pos_acc: 0.0000  s0.loss_bbox: 0.9896  s0.loss_iou: 0.7879  s1.loss_cls: 0.7124  s1.pos_acc: 50.0000  s1.loss_bbox: 0.6113  s1.loss_iou: 0.5056  s2.loss_cls: 0.6670  s2.pos_acc: 50.0000  s2.loss_bbox: 0.5142  s2.loss_iou: 0.4378  s3.loss_cls: 0.6194  s3.pos_acc: 50.0000  s3.loss_bbox: 0.4930  s3.loss_iou: 0.4222  s4.loss_cls: 0.6110  s4.pos_acc: 50.0000  s4.loss_bbox: 0.4813  s4.loss_iou: 0.4155  s5.loss_cls: 0.6217  s5.pos_acc: 50.0000  s5.loss_bbox: 0.4657  s5.loss_iou: 0.4059
2025/05/18 11:14:36 - mmengine - INFO - Epoch(train) [2][5150/8276]  lr: 2.5000e-05  eta: 2:36:52  time: 0.2546  data_time: 0.0061  memory: 2064  grad_norm: 141.7922  loss: 10.3072  s0.loss_cls: 1.0381  s0.pos_acc: 50.0000  s0.loss_bbox: 0.8991  s0.loss_iou: 0.7384  s1.loss_cls: 0.6764  s1.pos_acc: 50.0000  s1.loss_bbox: 0.5786  s1.loss_iou: 0.5070  s2.loss_cls: 0.6522  s2.pos_acc: 50.0000  s2.loss_bbox: 0.4648  s2.loss_iou: 0.4227  s3.loss_cls: 0.6438  s3.pos_acc: 100.0000  s3.loss_bbox: 0.4225  s3.loss_iou: 0.3950  s4.loss_cls: 0.6273  s4.pos_acc: 100.0000  s4.loss_bbox: 0.4214  s4.loss_iou: 0.3878  s5.loss_cls: 0.6303  s5.pos_acc: 100.0000  s5.loss_bbox: 0.4162  s5.loss_iou: 0.3855
2025/05/18 11:14:49 - mmengine - INFO - Epoch(train) [2][5200/8276]  lr: 2.5000e-05  eta: 2:36:38  time: 0.2530  data_time: 0.0055  memory: 2064  grad_norm: 132.8113  loss: 11.8887  s0.loss_cls: 1.1495  s0.pos_acc: 40.0000  s0.loss_bbox: 0.9936  s0.loss_iou: 0.8605  s1.loss_cls: 0.7525  s1.pos_acc: 60.0000  s1.loss_bbox: 0.6265  s1.loss_iou: 0.5965  s2.loss_cls: 0.7120  s2.pos_acc: 80.0000  s2.loss_bbox: 0.5393  s2.loss_iou: 0.5272  s3.loss_cls: 0.6789  s3.pos_acc: 80.0000  s3.loss_bbox: 0.5157  s3.loss_iou: 0.5052  s4.loss_cls: 0.6908  s4.pos_acc: 80.0000  s4.loss_bbox: 0.5129  s4.loss_iou: 0.4989  s5.loss_cls: 0.7115  s5.pos_acc: 80.0000  s5.loss_bbox: 0.5181  s5.loss_iou: 0.4991
2025/05/18 11:15:01 - mmengine - INFO - Epoch(train) [2][5250/8276]  lr: 2.5000e-05  eta: 2:36:25  time: 0.2556  data_time: 0.0056  memory: 2064  grad_norm: 136.3524  loss: 11.3176  s0.loss_cls: 1.0467  s0.pos_acc: 33.3333  s0.loss_bbox: 0.9167  s0.loss_iou: 0.7709  s1.loss_cls: 0.6978  s1.pos_acc: 66.6667  s1.loss_bbox: 0.6850  s1.loss_iou: 0.5816  s2.loss_cls: 0.6502  s2.pos_acc: 66.6667  s2.loss_bbox: 0.5617  s2.loss_iou: 0.4981  s3.loss_cls: 0.6461  s3.pos_acc: 66.6667  s3.loss_bbox: 0.5397  s3.loss_iou: 0.4759  s4.loss_cls: 0.6289  s4.pos_acc: 66.6667  s4.loss_bbox: 0.5200  s4.loss_iou: 0.4648  s5.loss_cls: 0.6490  s5.pos_acc: 66.6667  s5.loss_bbox: 0.5240  s5.loss_iou: 0.4603
2025/05/18 11:15:15 - mmengine - INFO - Epoch(train) [2][5300/8276]  lr: 2.5000e-05  eta: 2:36:12  time: 0.2623  data_time: 0.0069  memory: 2064  grad_norm: 141.3025  loss: 10.9289  s0.loss_cls: 1.0411  s0.pos_acc: 50.0000  s0.loss_bbox: 0.9030  s0.loss_iou: 0.7235  s1.loss_cls: 0.6878  s1.pos_acc: 100.0000  s1.loss_bbox: 0.6117  s1.loss_iou: 0.5128  s2.loss_cls: 0.6574  s2.pos_acc: 100.0000  s2.loss_bbox: 0.5392  s2.loss_iou: 0.4598  s3.loss_cls: 0.6582  s3.pos_acc: 100.0000  s3.loss_bbox: 0.5255  s3.loss_iou: 0.4486  s4.loss_cls: 0.6632  s4.pos_acc: 100.0000  s4.loss_bbox: 0.4908  s4.loss_iou: 0.4276  s5.loss_cls: 0.6845  s5.pos_acc: 100.0000  s5.loss_bbox: 0.4769  s5.loss_iou: 0.4171
2025/05/18 11:15:28 - mmengine - INFO - Epoch(train) [2][5350/8276]  lr: 2.5000e-05  eta: 2:35:59  time: 0.2605  data_time: 0.0067  memory: 2064  grad_norm: 135.1387  loss: 11.5090  s0.loss_cls: 1.0236  s0.pos_acc: 14.2857  s0.loss_bbox: 0.9574  s0.loss_iou: 0.8119  s1.loss_cls: 0.7020  s1.pos_acc: 85.7143  s1.loss_bbox: 0.6737  s1.loss_iou: 0.5993  s2.loss_cls: 0.6662  s2.pos_acc: 85.7143  s2.loss_bbox: 0.5653  s2.loss_iou: 0.5174  s3.loss_cls: 0.6482  s3.pos_acc: 100.0000  s3.loss_bbox: 0.5261  s3.loss_iou: 0.4881  s4.loss_cls: 0.6571  s4.pos_acc: 100.0000  s4.loss_bbox: 0.5229  s4.loss_iou: 0.4862  s5.loss_cls: 0.6898  s5.pos_acc: 100.0000  s5.loss_bbox: 0.5006  s5.loss_iou: 0.4733
2025/05/18 11:15:41 - mmengine - INFO - Epoch(train) [2][5400/8276]  lr: 2.5000e-05  eta: 2:35:46  time: 0.2601  data_time: 0.0062  memory: 2063  grad_norm: 153.3577  loss: 9.9359  s0.loss_cls: 0.9637  s0.pos_acc: 33.3333  s0.loss_bbox: 0.9605  s0.loss_iou: 0.7423  s1.loss_cls: 0.6194  s1.pos_acc: 66.6667  s1.loss_bbox: 0.5901  s1.loss_iou: 0.4965  s2.loss_cls: 0.5571  s2.pos_acc: 66.6667  s2.loss_bbox: 0.4887  s2.loss_iou: 0.4172  s3.loss_cls: 0.5289  s3.pos_acc: 33.3333  s3.loss_bbox: 0.4584  s3.loss_iou: 0.3969  s4.loss_cls: 0.5323  s4.pos_acc: 33.3333  s4.loss_bbox: 0.4429  s4.loss_iou: 0.3832  s5.loss_cls: 0.5435  s5.pos_acc: 66.6667  s5.loss_bbox: 0.4337  s5.loss_iou: 0.3806
2025/05/18 11:15:54 - mmengine - INFO - Epoch(train) [2][5450/8276]  lr: 2.5000e-05  eta: 2:35:34  time: 0.2608  data_time: 0.0066  memory: 2065  grad_norm: 131.0164  loss: 10.9486  s0.loss_cls: 1.1131  s0.pos_acc: 25.0000  s0.loss_bbox: 0.9152  s0.loss_iou: 0.7672  s1.loss_cls: 0.7409  s1.pos_acc: 75.0000  s1.loss_bbox: 0.6093  s1.loss_iou: 0.5287  s2.loss_cls: 0.7149  s2.pos_acc: 100.0000  s2.loss_bbox: 0.4822  s2.loss_iou: 0.4282  s3.loss_cls: 0.7101  s3.pos_acc: 100.0000  s3.loss_bbox: 0.4411  s3.loss_iou: 0.4046  s4.loss_cls: 0.7099  s4.pos_acc: 100.0000  s4.loss_bbox: 0.4290  s4.loss_iou: 0.3987  s5.loss_cls: 0.7311  s5.pos_acc: 100.0000  s5.loss_bbox: 0.4270  s5.loss_iou: 0.3972
2025/05/18 11:16:07 - mmengine - INFO - Epoch(train) [2][5500/8276]  lr: 2.5000e-05  eta: 2:35:21  time: 0.2608  data_time: 0.0068  memory: 2064  grad_norm: 126.7299  loss: 11.7791  s0.loss_cls: 1.0868  s0.pos_acc: 50.0000  s0.loss_bbox: 0.9259  s0.loss_iou: 0.8279  s1.loss_cls: 0.7172  s1.pos_acc: 100.0000  s1.loss_bbox: 0.6420  s1.loss_iou: 0.5863  s2.loss_cls: 0.6670  s2.pos_acc: 100.0000  s2.loss_bbox: 0.5716  s2.loss_iou: 0.5284  s3.loss_cls: 0.6699  s3.pos_acc: 75.0000  s3.loss_bbox: 0.5627  s3.loss_iou: 0.5226  s4.loss_cls: 0.6553  s4.pos_acc: 75.0000  s4.loss_bbox: 0.5594  s4.loss_iou: 0.5220  s5.loss_cls: 0.6562  s5.pos_acc: 75.0000  s5.loss_bbox: 0.5615  s5.loss_iou: 0.5162
2025/05/18 11:16:20 - mmengine - INFO - Epoch(train) [2][5550/8276]  lr: 2.5000e-05  eta: 2:35:09  time: 0.2674  data_time: 0.0072  memory: 2064  grad_norm: 8860028.5393  loss: 257967.2239  s0.loss_cls: 45422.7298  s0.pos_acc: 100.0000  s0.loss_bbox: 0.8701  s0.loss_iou: 0.6988  s1.loss_cls: 31180.9715  s1.pos_acc: 100.0000  s1.loss_bbox: 0.5900  s1.loss_iou: 0.4753  s2.loss_cls: 42163.6577  s2.pos_acc: 66.6667  s2.loss_bbox: 0.4811  s2.loss_iou: 0.4041  s3.loss_cls: 70336.7570  s3.pos_acc: 100.0000  s3.loss_bbox: 0.4589  s3.loss_iou: 0.3902  s4.loss_cls: 35798.6855  s4.pos_acc: 100.0000  s4.loss_bbox: 0.4665  s4.loss_iou: 0.3919  s5.loss_cls: 33058.3459  s5.pos_acc: 100.0000  s5.loss_bbox: 0.4600  s5.loss_iou: 0.3870
2025/05/18 11:16:33 - mmengine - INFO - Epoch(train) [2][5600/8276]  lr: 2.5000e-05  eta: 2:34:57  time: 0.2675  data_time: 0.0069  memory: 2064  grad_norm: 133.2923  loss: 11.1389  s0.loss_cls: 1.0269  s0.pos_acc: 0.0000  s0.loss_bbox: 0.9239  s0.loss_iou: 0.7348  s1.loss_cls: 0.7135  s1.pos_acc: 25.0000  s1.loss_bbox: 0.6466  s1.loss_iou: 0.5283  s2.loss_cls: 0.6723  s2.pos_acc: 75.0000  s2.loss_bbox: 0.5598  s2.loss_iou: 0.4661  s3.loss_cls: 0.6648  s3.pos_acc: 25.0000  s3.loss_bbox: 0.5290  s3.loss_iou: 0.4425  s4.loss_cls: 0.6703  s4.pos_acc: 25.0000  s4.loss_bbox: 0.5143  s4.loss_iou: 0.4354  s5.loss_cls: 0.6680  s5.pos_acc: 25.0000  s5.loss_bbox: 0.5075  s5.loss_iou: 0.4348
2025/05/18 11:16:47 - mmengine - INFO - Epoch(train) [2][5650/8276]  lr: 2.5000e-05  eta: 2:34:45  time: 0.2683  data_time: 0.0073  memory: 2065  grad_norm: 128.7919  loss: 10.7662  s0.loss_cls: 1.0769  s0.pos_acc: 0.0000  s0.loss_bbox: 0.8396  s0.loss_iou: 0.7122  s1.loss_cls: 0.7231  s1.pos_acc: 100.0000  s1.loss_bbox: 0.5787  s1.loss_iou: 0.5055  s2.loss_cls: 0.6851  s2.pos_acc: 100.0000  s2.loss_bbox: 0.4913  s2.loss_iou: 0.4486  s3.loss_cls: 0.6839  s3.pos_acc: 100.0000  s3.loss_bbox: 0.4714  s3.loss_iou: 0.4328  s4.loss_cls: 0.6900  s4.pos_acc: 100.0000  s4.loss_bbox: 0.4519  s4.loss_iou: 0.4215  s5.loss_cls: 0.6986  s5.pos_acc: 100.0000  s5.loss_bbox: 0.4393  s5.loss_iou: 0.4158
2025/05/18 11:17:00 - mmengine - INFO - Epoch(train) [2][5700/8276]  lr: 2.5000e-05  eta: 2:34:31  time: 0.2576  data_time: 0.0059  memory: 2064  grad_norm: 139.3972  loss: 10.4763  s0.loss_cls: 1.0147  s0.pos_acc: 50.0000  s0.loss_bbox: 0.8602  s0.loss_iou: 0.7057  s1.loss_cls: 0.6449  s1.pos_acc: 75.0000  s1.loss_bbox: 0.5801  s1.loss_iou: 0.5083  s2.loss_cls: 0.6350  s2.pos_acc: 100.0000  s2.loss_bbox: 0.4980  s2.loss_iou: 0.4400  s3.loss_cls: 0.6201  s3.pos_acc: 50.0000  s3.loss_bbox: 0.4910  s3.loss_iou: 0.4357  s4.loss_cls: 0.6076  s4.pos_acc: 75.0000  s4.loss_bbox: 0.4767  s4.loss_iou: 0.4300  s5.loss_cls: 0.6272  s5.pos_acc: 50.0000  s5.loss_bbox: 0.4711  s5.loss_iou: 0.4299
2025/05/18 11:17:06 - mmengine - INFO - Exp name: sparse-rcnn_voc_20250518_101231
2025/05/18 11:17:13 - mmengine - INFO - Epoch(train) [2][5750/8276]  lr: 2.5000e-05  eta: 2:34:19  time: 0.2632  data_time: 0.0066  memory: 2064  grad_norm: 141.9654  loss: 11.3858  s0.loss_cls: 1.0489  s0.pos_acc: 100.0000  s0.loss_bbox: 0.9231  s0.loss_iou: 0.7702  s1.loss_cls: 0.7746  s1.pos_acc: 100.0000  s1.loss_bbox: 0.5993  s1.loss_iou: 0.5125  s2.loss_cls: 0.7613  s2.pos_acc: 100.0000  s2.loss_bbox: 0.5226  s2.loss_iou: 0.4696  s3.loss_cls: 0.7545  s3.pos_acc: 100.0000  s3.loss_bbox: 0.4837  s3.loss_iou: 0.4391  s4.loss_cls: 0.7435  s4.pos_acc: 100.0000  s4.loss_bbox: 0.4799  s4.loss_iou: 0.4369  s5.loss_cls: 0.7380  s5.pos_acc: 75.0000  s5.loss_bbox: 0.4893  s5.loss_iou: 0.4388
2025/05/18 11:17:26 - mmengine - INFO - Epoch(train) [2][5800/8276]  lr: 2.5000e-05  eta: 2:34:05  time: 0.2560  data_time: 0.0059  memory: 2064  grad_norm: 146.2106  loss: 10.1378  s0.loss_cls: 0.9195  s0.pos_acc: 57.1429  s0.loss_bbox: 0.9174  s0.loss_iou: 0.7022  s1.loss_cls: 0.6496  s1.pos_acc: 71.4286  s1.loss_bbox: 0.6062  s1.loss_iou: 0.4740  s2.loss_cls: 0.6192  s2.pos_acc: 71.4286  s2.loss_bbox: 0.5008  s2.loss_iou: 0.4078  s3.loss_cls: 0.6207  s3.pos_acc: 42.8571  s3.loss_bbox: 0.4713  s3.loss_iou: 0.3830  s4.loss_cls: 0.5949  s4.pos_acc: 57.1429  s4.loss_bbox: 0.4655  s4.loss_iou: 0.3819  s5.loss_cls: 0.5977  s5.pos_acc: 42.8571  s5.loss_bbox: 0.4486  s5.loss_iou: 0.3775
2025/05/18 11:17:39 - mmengine - INFO - Epoch(train) [2][5850/8276]  lr: 2.5000e-05  eta: 2:33:52  time: 0.2579  data_time: 0.0059  memory: 2064  grad_norm: 137.1359  loss: 10.7939  s0.loss_cls: 1.0254  s0.pos_acc: 100.0000  s0.loss_bbox: 0.9315  s0.loss_iou: 0.8354  s1.loss_cls: 0.6559  s1.pos_acc: 66.6667  s1.loss_bbox: 0.5943  s1.loss_iou: 0.5685  s2.loss_cls: 0.6105  s2.pos_acc: 100.0000  s2.loss_bbox: 0.4995  s2.loss_iou: 0.4876  s3.loss_cls: 0.6060  s3.pos_acc: 100.0000  s3.loss_bbox: 0.4689  s3.loss_iou: 0.4616  s4.loss_cls: 0.5720  s4.pos_acc: 100.0000  s4.loss_bbox: 0.4841  s4.loss_iou: 0.4646  s5.loss_cls: 0.6004  s5.pos_acc: 100.0000  s5.loss_bbox: 0.4731  s5.loss_iou: 0.4546
2025/05/18 11:17:51 - mmengine - INFO - Epoch(train) [2][5900/8276]  lr: 2.5000e-05  eta: 2:33:39  time: 0.2561  data_time: 0.0064  memory: 2063  grad_norm: 139.1683  loss: 11.1171  s0.loss_cls: 1.0738  s0.pos_acc: 66.6667  s0.loss_bbox: 0.8925  s0.loss_iou: 0.7766  s1.loss_cls: 0.7209  s1.pos_acc: 100.0000  s1.loss_bbox: 0.5750  s1.loss_iou: 0.5319  s2.loss_cls: 0.6869  s2.pos_acc: 100.0000  s2.loss_bbox: 0.5003  s2.loss_iou: 0.4724  s3.loss_cls: 0.7097  s3.pos_acc: 100.0000  s3.loss_bbox: 0.4742  s3.loss_iou: 0.4505  s4.loss_cls: 0.7124  s4.pos_acc: 100.0000  s4.loss_bbox: 0.4604  s4.loss_iou: 0.4442  s5.loss_cls: 0.7265  s5.pos_acc: 66.6667  s5.loss_bbox: 0.4590  s5.loss_iou: 0.4498
2025/05/18 11:18:05 - mmengine - INFO - Epoch(train) [2][5950/8276]  lr: 2.5000e-05  eta: 2:33:26  time: 0.2621  data_time: 0.0066  memory: 2064  grad_norm: 144.1670  loss: 10.5727  s0.loss_cls: 1.0710  s0.pos_acc: 62.5000  s0.loss_bbox: 0.8605  s0.loss_iou: 0.7393  s1.loss_cls: 0.6738  s1.pos_acc: 75.0000  s1.loss_bbox: 0.5659  s1.loss_iou: 0.5032  s2.loss_cls: 0.6342  s2.pos_acc: 75.0000  s2.loss_bbox: 0.4924  s2.loss_iou: 0.4509  s3.loss_cls: 0.6314  s3.pos_acc: 75.0000  s3.loss_bbox: 0.4734  s3.loss_iou: 0.4380  s4.loss_cls: 0.6405  s4.pos_acc: 68.7500  s4.loss_bbox: 0.4545  s4.loss_iou: 0.4292  s5.loss_cls: 0.6502  s5.pos_acc: 68.7500  s5.loss_bbox: 0.4427  s5.loss_iou: 0.4217
2025/05/18 11:18:18 - mmengine - INFO - Epoch(train) [2][6000/8276]  lr: 2.5000e-05  eta: 2:33:13  time: 0.2625  data_time: 0.0068  memory: 2064  grad_norm: 134.2223  loss: 11.5866  s0.loss_cls: 1.0613  s0.pos_acc: 66.6667  s0.loss_bbox: 0.9037  s0.loss_iou: 0.7617  s1.loss_cls: 0.7429  s1.pos_acc: 66.6667  s1.loss_bbox: 0.6353  s1.loss_iou: 0.5593  s2.loss_cls: 0.6703  s2.pos_acc: 100.0000  s2.loss_bbox: 0.5801  s2.loss_iou: 0.5118  s3.loss_cls: 0.6853  s3.pos_acc: 100.0000  s3.loss_bbox: 0.5500  s3.loss_iou: 0.4935  s4.loss_cls: 0.6867  s4.pos_acc: 100.0000  s4.loss_bbox: 0.5424  s4.loss_iou: 0.4834  s5.loss_cls: 0.7167  s5.pos_acc: 100.0000  s5.loss_bbox: 0.5288  s5.loss_iou: 0.4734
2025/05/18 11:18:30 - mmengine - INFO - Epoch(train) [2][6050/8276]  lr: 2.5000e-05  eta: 2:33:00  time: 0.2540  data_time: 0.0057  memory: 2064  grad_norm: 128.9836  loss: 11.1719  s0.loss_cls: 1.0262  s0.pos_acc: 20.0000  s0.loss_bbox: 0.9287  s0.loss_iou: 0.7705  s1.loss_cls: 0.6707  s1.pos_acc: 40.0000  s1.loss_bbox: 0.6378  s1.loss_iou: 0.5422  s2.loss_cls: 0.6675  s2.pos_acc: 60.0000  s2.loss_bbox: 0.5480  s2.loss_iou: 0.4786  s3.loss_cls: 0.6392  s3.pos_acc: 60.0000  s3.loss_bbox: 0.5256  s3.loss_iou: 0.4689  s4.loss_cls: 0.6129  s4.pos_acc: 60.0000  s4.loss_bbox: 0.5398  s4.loss_iou: 0.4762  s5.loss_cls: 0.6349  s5.pos_acc: 60.0000  s5.loss_bbox: 0.5321  s5.loss_iou: 0.4723
2025/05/18 11:18:43 - mmengine - INFO - Epoch(train) [2][6100/8276]  lr: 2.5000e-05  eta: 2:32:46  time: 0.2575  data_time: 0.0063  memory: 2064  grad_norm: 138.1236  loss: 11.2848  s0.loss_cls: 1.0260  s0.pos_acc: 0.0000  s0.loss_bbox: 0.8662  s0.loss_iou: 0.7765  s1.loss_cls: 0.6790  s1.pos_acc: 50.0000  s1.loss_bbox: 0.6301  s1.loss_iou: 0.5653  s2.loss_cls: 0.6666  s2.pos_acc: 50.0000  s2.loss_bbox: 0.5515  s2.loss_iou: 0.5049  s3.loss_cls: 0.6480  s3.pos_acc: 50.0000  s3.loss_bbox: 0.5399  s3.loss_iou: 0.4958  s4.loss_cls: 0.6491  s4.pos_acc: 50.0000  s4.loss_bbox: 0.5272  s4.loss_iou: 0.4897  s5.loss_cls: 0.6577  s5.pos_acc: 50.0000  s5.loss_bbox: 0.5247  s5.loss_iou: 0.4869
2025/05/18 11:18:56 - mmengine - INFO - Epoch(train) [2][6150/8276]  lr: 2.5000e-05  eta: 2:32:33  time: 0.2573  data_time: 0.0059  memory: 2063  grad_norm: 132.4566  loss: 11.0867  s0.loss_cls: 1.0297  s0.pos_acc: 61.5385  s0.loss_bbox: 0.9272  s0.loss_iou: 0.7719  s1.loss_cls: 0.6842  s1.pos_acc: 76.9231  s1.loss_bbox: 0.6025  s1.loss_iou: 0.5390  s2.loss_cls: 0.6383  s2.pos_acc: 69.2308  s2.loss_bbox: 0.5311  s2.loss_iou: 0.4843  s3.loss_cls: 0.6280  s3.pos_acc: 76.9231  s3.loss_bbox: 0.5145  s3.loss_iou: 0.4685  s4.loss_cls: 0.6495  s4.pos_acc: 84.6154  s4.loss_bbox: 0.5147  s4.loss_iou: 0.4722  s5.loss_cls: 0.6735  s5.pos_acc: 100.0000  s5.loss_bbox: 0.4988  s5.loss_iou: 0.4588
2025/05/18 11:19:09 - mmengine - INFO - Epoch(train) [2][6200/8276]  lr: 2.5000e-05  eta: 2:32:20  time: 0.2607  data_time: 0.0065  memory: 2064  grad_norm: 144.2691  loss: 10.1352  s0.loss_cls: 0.9562  s0.pos_acc: 0.0000  s0.loss_bbox: 0.8809  s0.loss_iou: 0.7522  s1.loss_cls: 0.6118  s1.pos_acc: 50.0000  s1.loss_bbox: 0.5669  s1.loss_iou: 0.5061  s2.loss_cls: 0.5932  s2.pos_acc: 50.0000  s2.loss_bbox: 0.4941  s2.loss_iou: 0.4430  s3.loss_cls: 0.5587  s3.pos_acc: 50.0000  s3.loss_bbox: 0.4711  s3.loss_iou: 0.4277  s4.loss_cls: 0.5834  s4.pos_acc: 50.0000  s4.loss_bbox: 0.4493  s4.loss_iou: 0.4139  s5.loss_cls: 0.5978  s5.pos_acc: 50.0000  s5.loss_bbox: 0.4286  s5.loss_iou: 0.4005
2025/05/18 11:19:22 - mmengine - INFO - Epoch(train) [2][6250/8276]  lr: 2.5000e-05  eta: 2:32:07  time: 0.2551  data_time: 0.0057  memory: 2064  grad_norm: 139.5495  loss: 11.3639  s0.loss_cls: 1.0281  s0.pos_acc: 100.0000  s0.loss_bbox: 0.9685  s0.loss_iou: 0.7892  s1.loss_cls: 0.7003  s1.pos_acc: 100.0000  s1.loss_bbox: 0.6755  s1.loss_iou: 0.5748  s2.loss_cls: 0.6602  s2.pos_acc: 100.0000  s2.loss_bbox: 0.5860  s2.loss_iou: 0.4953  s3.loss_cls: 0.6186  s3.pos_acc: 100.0000  s3.loss_bbox: 0.5584  s3.loss_iou: 0.4789  s4.loss_cls: 0.6215  s4.pos_acc: 100.0000  s4.loss_bbox: 0.5391  s4.loss_iou: 0.4614  s5.loss_cls: 0.6474  s5.pos_acc: 100.0000  s5.loss_bbox: 0.5126  s5.loss_iou: 0.4481
2025/05/18 11:19:35 - mmengine - INFO - Epoch(train) [2][6300/8276]  lr: 2.5000e-05  eta: 2:31:54  time: 0.2645  data_time: 0.0071  memory: 2064  grad_norm: 141.9824  loss: 11.0099  s0.loss_cls: 1.0559  s0.pos_acc: 0.0000  s0.loss_bbox: 0.8893  s0.loss_iou: 0.7447  s1.loss_cls: 0.7254  s1.pos_acc: 50.0000  s1.loss_bbox: 0.6134  s1.loss_iou: 0.5352  s2.loss_cls: 0.7008  s2.pos_acc: 50.0000  s2.loss_bbox: 0.5090  s2.loss_iou: 0.4432  s3.loss_cls: 0.6904  s3.pos_acc: 75.0000  s3.loss_bbox: 0.4944  s3.loss_iou: 0.4326  s4.loss_cls: 0.6629  s4.pos_acc: 25.0000  s4.loss_bbox: 0.5032  s4.loss_iou: 0.4370  s5.loss_cls: 0.6714  s5.pos_acc: 75.0000  s5.loss_bbox: 0.4757  s5.loss_iou: 0.4255
2025/05/18 11:19:49 - mmengine - INFO - Epoch(train) [2][6350/8276]  lr: 2.5000e-05  eta: 2:31:42  time: 0.2673  data_time: 0.0074  memory: 2064  grad_norm: 127.4139  loss: 11.6297  s0.loss_cls: 1.0640  s0.pos_acc: 85.7143  s0.loss_bbox: 0.9220  s0.loss_iou: 0.8243  s1.loss_cls: 0.7090  s1.pos_acc: 71.4286  s1.loss_bbox: 0.6054  s1.loss_iou: 0.5927  s2.loss_cls: 0.7122  s2.pos_acc: 100.0000  s2.loss_bbox: 0.5373  s2.loss_iou: 0.5266  s3.loss_cls: 0.6860  s3.pos_acc: 100.0000  s3.loss_bbox: 0.5163  s3.loss_iou: 0.5184  s4.loss_cls: 0.6897  s4.pos_acc: 100.0000  s4.loss_bbox: 0.5071  s4.loss_iou: 0.5060  s5.loss_cls: 0.7115  s5.pos_acc: 100.0000  s5.loss_bbox: 0.4987  s5.loss_iou: 0.5025
2025/05/18 11:20:02 - mmengine - INFO - Epoch(train) [2][6400/8276]  lr: 2.5000e-05  eta: 2:31:30  time: 0.2665  data_time: 0.0075  memory: 2064  grad_norm: 127.2905  loss: 11.2668  s0.loss_cls: 1.0751  s0.pos_acc: 100.0000  s0.loss_bbox: 0.9160  s0.loss_iou: 0.7824  s1.loss_cls: 0.7395  s1.pos_acc: 100.0000  s1.loss_bbox: 0.6087  s1.loss_iou: 0.5270  s2.loss_cls: 0.6732  s2.pos_acc: 75.0000  s2.loss_bbox: 0.5435  s2.loss_iou: 0.4753  s3.loss_cls: 0.6573  s3.pos_acc: 75.0000  s3.loss_bbox: 0.5228  s3.loss_iou: 0.4629  s4.loss_cls: 0.6724  s4.pos_acc: 100.0000  s4.loss_bbox: 0.5132  s4.loss_iou: 0.4585  s5.loss_cls: 0.6766  s5.pos_acc: 75.0000  s5.loss_bbox: 0.5080  s5.loss_iou: 0.4545
2025/05/18 11:20:15 - mmengine - INFO - Epoch(train) [2][6450/8276]  lr: 2.5000e-05  eta: 2:31:17  time: 0.2647  data_time: 0.0070  memory: 2063  grad_norm: 136.3648  loss: 10.8404  s0.loss_cls: 1.0172  s0.pos_acc: 50.0000  s0.loss_bbox: 0.8942  s0.loss_iou: 0.7916  s1.loss_cls: 0.7011  s1.pos_acc: 100.0000  s1.loss_bbox: 0.5875  s1.loss_iou: 0.5567  s2.loss_cls: 0.6746  s2.pos_acc: 100.0000  s2.loss_bbox: 0.4758  s2.loss_iou: 0.4683  s3.loss_cls: 0.6453  s3.pos_acc: 100.0000  s3.loss_bbox: 0.4764  s3.loss_iou: 0.4609  s4.loss_cls: 0.6037  s4.pos_acc: 100.0000  s4.loss_bbox: 0.4840  s4.loss_iou: 0.4627  s5.loss_cls: 0.5917  s5.pos_acc: 100.0000  s5.loss_bbox: 0.4845  s5.loss_iou: 0.4643
2025/05/18 11:20:28 - mmengine - INFO - Epoch(train) [2][6500/8276]  lr: 2.5000e-05  eta: 2:31:05  time: 0.2677  data_time: 0.0076  memory: 2063  grad_norm: 132.9198  loss: 11.7149  s0.loss_cls: 1.0501  s0.pos_acc: 33.3333  s0.loss_bbox: 0.9624  s0.loss_iou: 0.8386  s1.loss_cls: 0.7274  s1.pos_acc: 100.0000  s1.loss_bbox: 0.6847  s1.loss_iou: 0.5999  s2.loss_cls: 0.6863  s2.pos_acc: 100.0000  s2.loss_bbox: 0.5801  s2.loss_iou: 0.5216  s3.loss_cls: 0.6443  s3.pos_acc: 100.0000  s3.loss_bbox: 0.5607  s3.loss_iou: 0.5052  s4.loss_cls: 0.6348  s4.pos_acc: 100.0000  s4.loss_bbox: 0.5530  s4.loss_iou: 0.4991  s5.loss_cls: 0.6532  s5.pos_acc: 66.6667  s5.loss_bbox: 0.5313  s5.loss_iou: 0.4821
2025/05/18 11:20:42 - mmengine - INFO - Epoch(train) [2][6550/8276]  lr: 2.5000e-05  eta: 2:30:53  time: 0.2656  data_time: 0.0073  memory: 2064  grad_norm: 134.2588  loss: 10.8313  s0.loss_cls: 1.0000  s0.pos_acc: 100.0000  s0.loss_bbox: 0.9451  s0.loss_iou: 0.7835  s1.loss_cls: 0.6784  s1.pos_acc: 100.0000  s1.loss_bbox: 0.6390  s1.loss_iou: 0.5322  s2.loss_cls: 0.6426  s2.pos_acc: 100.0000  s2.loss_bbox: 0.5098  s2.loss_iou: 0.4498  s3.loss_cls: 0.6427  s3.pos_acc: 100.0000  s3.loss_bbox: 0.4889  s3.loss_iou: 0.4344  s4.loss_cls: 0.6108  s4.pos_acc: 100.0000  s4.loss_bbox: 0.4990  s4.loss_iou: 0.4402  s5.loss_cls: 0.6267  s5.pos_acc: 100.0000  s5.loss_bbox: 0.4761  s5.loss_iou: 0.4320
2025/05/18 11:20:55 - mmengine - INFO - Epoch(train) [2][6600/8276]  lr: 2.5000e-05  eta: 2:30:40  time: 0.2602  data_time: 0.0063  memory: 2063  grad_norm: 140.0362  loss: 11.1205  s0.loss_cls: 0.9734  s0.pos_acc: 66.6667  s0.loss_bbox: 0.8840  s0.loss_iou: 0.7324  s1.loss_cls: 0.7038  s1.pos_acc: 66.6667  s1.loss_bbox: 0.6217  s1.loss_iou: 0.5411  s2.loss_cls: 0.6731  s2.pos_acc: 66.6667  s2.loss_bbox: 0.5496  s2.loss_iou: 0.4877  s3.loss_cls: 0.6307  s3.pos_acc: 100.0000  s3.loss_bbox: 0.5435  s3.loss_iou: 0.4789  s4.loss_cls: 0.6317  s4.pos_acc: 100.0000  s4.loss_bbox: 0.5351  s4.loss_iou: 0.4730  s5.loss_cls: 0.6316  s5.pos_acc: 66.6667  s5.loss_bbox: 0.5472  s5.loss_iou: 0.4820
2025/05/18 11:21:08 - mmengine - INFO - Epoch(train) [2][6650/8276]  lr: 2.5000e-05  eta: 2:30:27  time: 0.2613  data_time: 0.0073  memory: 2064  grad_norm: 136.4644  loss: 11.0196  s0.loss_cls: 0.9977  s0.pos_acc: 66.6667  s0.loss_bbox: 0.9596  s0.loss_iou: 0.7630  s1.loss_cls: 0.6982  s1.pos_acc: 66.6667  s1.loss_bbox: 0.6225  s1.loss_iou: 0.5194  s2.loss_cls: 0.6637  s2.pos_acc: 66.6667  s2.loss_bbox: 0.5456  s2.loss_iou: 0.4561  s3.loss_cls: 0.6513  s3.pos_acc: 100.0000  s3.loss_bbox: 0.5132  s3.loss_iou: 0.4356  s4.loss_cls: 0.6717  s4.pos_acc: 100.0000  s4.loss_bbox: 0.4997  s4.loss_iou: 0.4289  s5.loss_cls: 0.6812  s5.pos_acc: 66.6667  s5.loss_bbox: 0.4907  s5.loss_iou: 0.4213
2025/05/18 11:21:20 - mmengine - INFO - Epoch(train) [2][6700/8276]  lr: 2.5000e-05  eta: 2:30:13  time: 0.2528  data_time: 0.0057  memory: 2063  grad_norm: 144.9929  loss: 11.4355  s0.loss_cls: 1.0008  s0.pos_acc: 0.0000  s0.loss_bbox: 0.9305  s0.loss_iou: 0.7342  s1.loss_cls: 0.6952  s1.pos_acc: 100.0000  s1.loss_bbox: 0.7053  s1.loss_iou: 0.5547  s2.loss_cls: 0.6450  s2.pos_acc: 100.0000  s2.loss_bbox: 0.6177  s2.loss_iou: 0.4873  s3.loss_cls: 0.6355  s3.pos_acc: 100.0000  s3.loss_bbox: 0.5816  s3.loss_iou: 0.4665  s4.loss_cls: 0.6369  s4.pos_acc: 100.0000  s4.loss_bbox: 0.5871  s4.loss_iou: 0.4730  s5.loss_cls: 0.6580  s5.pos_acc: 100.0000  s5.loss_bbox: 0.5666  s5.loss_iou: 0.4598
2025/05/18 11:21:27 - mmengine - INFO - Exp name: sparse-rcnn_voc_20250518_101231
2025/05/18 11:21:34 - mmengine - INFO - Epoch(train) [2][6750/8276]  lr: 2.5000e-05  eta: 2:30:01  time: 0.2677  data_time: 0.0071  memory: 2063  grad_norm: 136.7942  loss: 11.0139  s0.loss_cls: 1.1058  s0.pos_acc: 100.0000  s0.loss_bbox: 0.8943  s0.loss_iou: 0.7270  s1.loss_cls: 0.7374  s1.pos_acc: 100.0000  s1.loss_bbox: 0.5993  s1.loss_iou: 0.5134  s2.loss_cls: 0.7304  s2.pos_acc: 100.0000  s2.loss_bbox: 0.4929  s2.loss_iou: 0.4321  s3.loss_cls: 0.7050  s3.pos_acc: 100.0000  s3.loss_bbox: 0.4792  s3.loss_iou: 0.4178  s4.loss_cls: 0.7034  s4.pos_acc: 100.0000  s4.loss_bbox: 0.4734  s4.loss_iou: 0.4126  s5.loss_cls: 0.7200  s5.pos_acc: 100.0000  s5.loss_bbox: 0.4642  s5.loss_iou: 0.4056
2025/05/18 11:21:47 - mmengine - INFO - Epoch(train) [2][6800/8276]  lr: 2.5000e-05  eta: 2:29:50  time: 0.2721  data_time: 0.0067  memory: 2064  grad_norm: 129.6401  loss: 10.2498  s0.loss_cls: 0.9891  s0.pos_acc: 50.0000  s0.loss_bbox: 0.8766  s0.loss_iou: 0.7622  s1.loss_cls: 0.6222  s1.pos_acc: 100.0000  s1.loss_bbox: 0.5755  s1.loss_iou: 0.5210  s2.loss_cls: 0.5849  s2.pos_acc: 100.0000  s2.loss_bbox: 0.4798  s2.loss_iou: 0.4647  s3.loss_cls: 0.5697  s3.pos_acc: 100.0000  s3.loss_bbox: 0.4474  s3.loss_iou: 0.4380  s4.loss_cls: 0.5726  s4.pos_acc: 100.0000  s4.loss_bbox: 0.4416  s4.loss_iou: 0.4337  s5.loss_cls: 0.5937  s5.pos_acc: 100.0000  s5.loss_bbox: 0.4461  s5.loss_iou: 0.4309
2025/05/18 11:22:00 - mmengine - INFO - Epoch(train) [2][6850/8276]  lr: 2.5000e-05  eta: 2:29:37  time: 0.2597  data_time: 0.0064  memory: 2063  grad_norm: 133.1347  loss: 10.3399  s0.loss_cls: 0.9822  s0.pos_acc: 22.2222  s0.loss_bbox: 0.9043  s0.loss_iou: 0.7723  s1.loss_cls: 0.6549  s1.pos_acc: 44.4444  s1.loss_bbox: 0.5601  s1.loss_iou: 0.4945  s2.loss_cls: 0.6011  s2.pos_acc: 55.5556  s2.loss_bbox: 0.4882  s2.loss_iou: 0.4371  s3.loss_cls: 0.5937  s3.pos_acc: 55.5556  s3.loss_bbox: 0.4579  s3.loss_iou: 0.4231  s4.loss_cls: 0.5755  s4.pos_acc: 66.6667  s4.loss_bbox: 0.4758  s4.loss_iou: 0.4319  s5.loss_cls: 0.5557  s5.pos_acc: 55.5556  s5.loss_bbox: 0.4892  s5.loss_iou: 0.4424
2025/05/18 11:22:13 - mmengine - INFO - Epoch(train) [2][6900/8276]  lr: 2.5000e-05  eta: 2:29:23  time: 0.2543  data_time: 0.0056  memory: 2064  grad_norm: 150.2539  loss: 11.8419  s0.loss_cls: 1.0409  s0.pos_acc: 0.0000  s0.loss_bbox: 0.9970  s0.loss_iou: 0.7589  s1.loss_cls: 0.7946  s1.pos_acc: 50.0000  s1.loss_bbox: 0.6866  s1.loss_iou: 0.5270  s2.loss_cls: 0.7671  s2.pos_acc: 50.0000  s2.loss_bbox: 0.5953  s2.loss_iou: 0.4747  s3.loss_cls: 0.7499  s3.pos_acc: 0.0000  s3.loss_bbox: 0.5599  s3.loss_iou: 0.4479  s4.loss_cls: 0.7506  s4.pos_acc: 0.0000  s4.loss_bbox: 0.5345  s4.loss_iou: 0.4310  s5.loss_cls: 0.7435  s5.pos_acc: 0.0000  s5.loss_bbox: 0.5485  s5.loss_iou: 0.4341
2025/05/18 11:22:26 - mmengine - INFO - Epoch(train) [2][6950/8276]  lr: 2.5000e-05  eta: 2:29:09  time: 0.2525  data_time: 0.0054  memory: 2064  grad_norm: 150.6619  loss: 10.4860  s0.loss_cls: 0.9944  s0.pos_acc: 0.0000  s0.loss_bbox: 0.9235  s0.loss_iou: 0.7396  s1.loss_cls: 0.6573  s1.pos_acc: 50.0000  s1.loss_bbox: 0.5946  s1.loss_iou: 0.5009  s2.loss_cls: 0.6554  s2.pos_acc: 100.0000  s2.loss_bbox: 0.4961  s2.loss_iou: 0.4300  s3.loss_cls: 0.5914  s3.pos_acc: 50.0000  s3.loss_bbox: 0.5071  s3.loss_iou: 0.4240  s4.loss_cls: 0.5870  s4.pos_acc: 50.0000  s4.loss_bbox: 0.4844  s4.loss_iou: 0.4103  s5.loss_cls: 0.5970  s5.pos_acc: 100.0000  s5.loss_bbox: 0.4850  s5.loss_iou: 0.4079
2025/05/18 11:22:39 - mmengine - INFO - Epoch(train) [2][7000/8276]  lr: 2.5000e-05  eta: 2:28:56  time: 0.2555  data_time: 0.0060  memory: 2065  grad_norm: 130.0056  loss: 11.2072  s0.loss_cls: 1.0607  s0.pos_acc: 50.0000  s0.loss_bbox: 0.9099  s0.loss_iou: 0.7780  s1.loss_cls: 0.7335  s1.pos_acc: 50.0000  s1.loss_bbox: 0.5927  s1.loss_iou: 0.5303  s2.loss_cls: 0.7012  s2.pos_acc: 50.0000  s2.loss_bbox: 0.5188  s2.loss_iou: 0.4748  s3.loss_cls: 0.6842  s3.pos_acc: 50.0000  s3.loss_bbox: 0.5044  s3.loss_iou: 0.4582  s4.loss_cls: 0.6850  s4.pos_acc: 50.0000  s4.loss_bbox: 0.4876  s4.loss_iou: 0.4497  s5.loss_cls: 0.6868  s5.pos_acc: 50.0000  s5.loss_bbox: 0.4954  s5.loss_iou: 0.4561
2025/05/18 11:22:52 - mmengine - INFO - Epoch(train) [2][7050/8276]  lr: 2.5000e-05  eta: 2:28:43  time: 0.2611  data_time: 0.0064  memory: 2064  grad_norm: 135.5008  loss: 10.9601  s0.loss_cls: 0.9721  s0.pos_acc: 100.0000  s0.loss_bbox: 0.9138  s0.loss_iou: 0.7204  s1.loss_cls: 0.6541  s1.pos_acc: 100.0000  s1.loss_bbox: 0.6670  s1.loss_iou: 0.5365  s2.loss_cls: 0.6554  s2.pos_acc: 100.0000  s2.loss_bbox: 0.5942  s2.loss_iou: 0.4789  s3.loss_cls: 0.6357  s3.pos_acc: 100.0000  s3.loss_bbox: 0.5373  s3.loss_iou: 0.4449  s4.loss_cls: 0.6319  s4.pos_acc: 100.0000  s4.loss_bbox: 0.5128  s4.loss_iou: 0.4320  s5.loss_cls: 0.6377  s5.pos_acc: 100.0000  s5.loss_bbox: 0.5056  s5.loss_iou: 0.4299
2025/05/18 11:23:05 - mmengine - INFO - Epoch(train) [2][7100/8276]  lr: 2.5000e-05  eta: 2:28:31  time: 0.2663  data_time: 0.0073  memory: 2063  grad_norm: 145.0737  loss: 11.2323  s0.loss_cls: 0.9647  s0.pos_acc: 100.0000  s0.loss_bbox: 0.8716  s0.loss_iou: 0.7356  s1.loss_cls: 0.6557  s1.pos_acc: 100.0000  s1.loss_bbox: 0.6489  s1.loss_iou: 0.5616  s2.loss_cls: 0.6336  s2.pos_acc: 100.0000  s2.loss_bbox: 0.5825  s2.loss_iou: 0.5060  s3.loss_cls: 0.6655  s3.pos_acc: 100.0000  s3.loss_bbox: 0.5341  s3.loss_iou: 0.4817  s4.loss_cls: 0.6651  s4.pos_acc: 100.0000  s4.loss_bbox: 0.5434  s4.loss_iou: 0.4896  s5.loss_cls: 0.6553  s5.pos_acc: 100.0000  s5.loss_bbox: 0.5457  s5.loss_iou: 0.4919
2025/05/18 11:23:18 - mmengine - INFO - Epoch(train) [2][7150/8276]  lr: 2.5000e-05  eta: 2:28:18  time: 0.2610  data_time: 0.0066  memory: 2063  grad_norm: 139.5204  loss: 10.3081  s0.loss_cls: 0.9506  s0.pos_acc: 0.0000  s0.loss_bbox: 0.9328  s0.loss_iou: 0.7649  s1.loss_cls: 0.5881  s1.pos_acc: 33.3333  s1.loss_bbox: 0.6033  s1.loss_iou: 0.5236  s2.loss_cls: 0.5701  s2.pos_acc: 100.0000  s2.loss_bbox: 0.5179  s2.loss_iou: 0.4513  s3.loss_cls: 0.5524  s3.pos_acc: 100.0000  s3.loss_bbox: 0.4856  s3.loss_iou: 0.4314  s4.loss_cls: 0.5524  s4.pos_acc: 100.0000  s4.loss_bbox: 0.4857  s4.loss_iou: 0.4309  s5.loss_cls: 0.5580  s5.pos_acc: 100.0000  s5.loss_bbox: 0.4770  s5.loss_iou: 0.4321
2025/05/18 11:23:31 - mmengine - INFO - Epoch(train) [2][7200/8276]  lr: 2.5000e-05  eta: 2:28:04  time: 0.2526  data_time: 0.0056  memory: 2063  grad_norm: 131.6612  loss: 11.2090  s0.loss_cls: 0.9796  s0.pos_acc: 0.0000  s0.loss_bbox: 0.9750  s0.loss_iou: 0.7847  s1.loss_cls: 0.6966  s1.pos_acc: 75.0000  s1.loss_bbox: 0.6315  s1.loss_iou: 0.5347  s2.loss_cls: 0.6554  s2.pos_acc: 75.0000  s2.loss_bbox: 0.5652  s2.loss_iou: 0.4869  s3.loss_cls: 0.6469  s3.pos_acc: 75.0000  s3.loss_bbox: 0.5368  s3.loss_iou: 0.4647  s4.loss_cls: 0.6240  s4.pos_acc: 75.0000  s4.loss_bbox: 0.5368  s4.loss_iou: 0.4687  s5.loss_cls: 0.6358  s5.pos_acc: 75.0000  s5.loss_bbox: 0.5263  s5.loss_iou: 0.4595
2025/05/18 11:23:43 - mmengine - INFO - Epoch(train) [2][7250/8276]  lr: 2.5000e-05  eta: 2:27:50  time: 0.2529  data_time: 0.0056  memory: 2063  grad_norm: 125.4752  loss: 11.2251  s0.loss_cls: 1.0253  s0.pos_acc: 75.0000  s0.loss_bbox: 0.8909  s0.loss_iou: 0.7846  s1.loss_cls: 0.7197  s1.pos_acc: 100.0000  s1.loss_bbox: 0.5919  s1.loss_iou: 0.5536  s2.loss_cls: 0.6881  s2.pos_acc: 75.0000  s2.loss_bbox: 0.5434  s2.loss_iou: 0.5067  s3.loss_cls: 0.6564  s3.pos_acc: 75.0000  s3.loss_bbox: 0.5260  s3.loss_iou: 0.4938  s4.loss_cls: 0.6710  s4.pos_acc: 75.0000  s4.loss_bbox: 0.4857  s4.loss_iou: 0.4690  s5.loss_cls: 0.6770  s5.pos_acc: 75.0000  s5.loss_bbox: 0.4798  s5.loss_iou: 0.4623
2025/05/18 11:23:56 - mmengine - INFO - Epoch(train) [2][7300/8276]  lr: 2.5000e-05  eta: 2:27:37  time: 0.2617  data_time: 0.0071  memory: 2063  grad_norm: 131.2399  loss: 10.8740  s0.loss_cls: 0.9923  s0.pos_acc: 83.3333  s0.loss_bbox: 0.9205  s0.loss_iou: 0.7783  s1.loss_cls: 0.6352  s1.pos_acc: 83.3333  s1.loss_bbox: 0.6243  s1.loss_iou: 0.5441  s2.loss_cls: 0.6128  s2.pos_acc: 100.0000  s2.loss_bbox: 0.5543  s2.loss_iou: 0.4832  s3.loss_cls: 0.5982  s3.pos_acc: 100.0000  s3.loss_bbox: 0.5284  s3.loss_iou: 0.4658  s4.loss_cls: 0.5985  s4.pos_acc: 100.0000  s4.loss_bbox: 0.5132  s4.loss_iou: 0.4610  s5.loss_cls: 0.6181  s5.pos_acc: 100.0000  s5.loss_bbox: 0.4926  s5.loss_iou: 0.4529
2025/05/18 11:24:10 - mmengine - INFO - Epoch(train) [2][7350/8276]  lr: 2.5000e-05  eta: 2:27:25  time: 0.2684  data_time: 0.0075  memory: 2065  grad_norm: 140.6413  loss: 10.4738  s0.loss_cls: 0.9751  s0.pos_acc: 50.0000  s0.loss_bbox: 0.9106  s0.loss_iou: 0.7737  s1.loss_cls: 0.5957  s1.pos_acc: 100.0000  s1.loss_bbox: 0.6245  s1.loss_iou: 0.5266  s2.loss_cls: 0.5565  s2.pos_acc: 100.0000  s2.loss_bbox: 0.5595  s2.loss_iou: 0.4800  s3.loss_cls: 0.5468  s3.pos_acc: 100.0000  s3.loss_bbox: 0.5120  s3.loss_iou: 0.4459  s4.loss_cls: 0.5617  s4.pos_acc: 100.0000  s4.loss_bbox: 0.4968  s4.loss_iou: 0.4360  s5.loss_cls: 0.5715  s5.pos_acc: 100.0000  s5.loss_bbox: 0.4792  s5.loss_iou: 0.4217
2025/05/18 11:24:23 - mmengine - INFO - Epoch(train) [2][7400/8276]  lr: 2.5000e-05  eta: 2:27:12  time: 0.2589  data_time: 0.0065  memory: 2064  grad_norm: 132.2539  loss: 9.7921  s0.loss_cls: 0.8818  s0.pos_acc: 50.0000  s0.loss_bbox: 0.8664  s0.loss_iou: 0.7383  s1.loss_cls: 0.5546  s1.pos_acc: 100.0000  s1.loss_bbox: 0.6006  s1.loss_iou: 0.5129  s2.loss_cls: 0.5381  s2.pos_acc: 100.0000  s2.loss_bbox: 0.5002  s2.loss_iou: 0.4377  s3.loss_cls: 0.5482  s3.pos_acc: 100.0000  s3.loss_bbox: 0.4487  s3.loss_iou: 0.4066  s4.loss_cls: 0.5250  s4.pos_acc: 50.0000  s4.loss_bbox: 0.4474  s4.loss_iou: 0.4066  s5.loss_cls: 0.5159  s5.pos_acc: 50.0000  s5.loss_bbox: 0.4529  s5.loss_iou: 0.4102
2025/05/18 11:24:36 - mmengine - INFO - Epoch(train) [2][7450/8276]  lr: 2.5000e-05  eta: 2:26:59  time: 0.2575  data_time: 0.0063  memory: 2063  grad_norm: 134.5697  loss: 11.5032  s0.loss_cls: 0.9764  s0.pos_acc: 80.0000  s0.loss_bbox: 0.9479  s0.loss_iou: 0.8616  s1.loss_cls: 0.6894  s1.pos_acc: 80.0000  s1.loss_bbox: 0.6352  s1.loss_iou: 0.5974  s2.loss_cls: 0.6449  s2.pos_acc: 100.0000  s2.loss_bbox: 0.5546  s2.loss_iou: 0.5378  s3.loss_cls: 0.6437  s3.pos_acc: 100.0000  s3.loss_bbox: 0.5333  s3.loss_iou: 0.5220  s4.loss_cls: 0.6514  s4.pos_acc: 100.0000  s4.loss_bbox: 0.5161  s4.loss_iou: 0.5104  s5.loss_cls: 0.6474  s5.pos_acc: 100.0000  s5.loss_bbox: 0.5234  s5.loss_iou: 0.5102
2025/05/18 11:24:49 - mmengine - INFO - Epoch(train) [2][7500/8276]  lr: 2.5000e-05  eta: 2:26:46  time: 0.2639  data_time: 0.0068  memory: 2063  grad_norm: 134.9900  loss: 10.6087  s0.loss_cls: 0.9550  s0.pos_acc: 66.6667  s0.loss_bbox: 0.9179  s0.loss_iou: 0.8091  s1.loss_cls: 0.5888  s1.pos_acc: 66.6667  s1.loss_bbox: 0.6082  s1.loss_iou: 0.5672  s2.loss_cls: 0.5849  s2.pos_acc: 100.0000  s2.loss_bbox: 0.5102  s2.loss_iou: 0.4925  s3.loss_cls: 0.5661  s3.pos_acc: 100.0000  s3.loss_bbox: 0.5006  s3.loss_iou: 0.4782  s4.loss_cls: 0.5854  s4.pos_acc: 100.0000  s4.loss_bbox: 0.4742  s4.loss_iou: 0.4547  s5.loss_cls: 0.6010  s5.pos_acc: 100.0000  s5.loss_bbox: 0.4597  s5.loss_iou: 0.4550
2025/05/18 11:25:01 - mmengine - INFO - Epoch(train) [2][7550/8276]  lr: 2.5000e-05  eta: 2:26:32  time: 0.2519  data_time: 0.0054  memory: 2065  grad_norm: 131.3435  loss: 10.4755  s0.loss_cls: 0.9884  s0.pos_acc: 50.0000  s0.loss_bbox: 0.9214  s0.loss_iou: 0.7902  s1.loss_cls: 0.6306  s1.pos_acc: 66.6667  s1.loss_bbox: 0.5937  s1.loss_iou: 0.5457  s2.loss_cls: 0.5834  s2.pos_acc: 66.6667  s2.loss_bbox: 0.5160  s2.loss_iou: 0.4810  s3.loss_cls: 0.5739  s3.pos_acc: 66.6667  s3.loss_bbox: 0.4686  s3.loss_iou: 0.4536  s4.loss_cls: 0.5796  s4.pos_acc: 66.6667  s4.loss_bbox: 0.4439  s4.loss_iou: 0.4374  s5.loss_cls: 0.5773  s5.pos_acc: 66.6667  s5.loss_bbox: 0.4504  s5.loss_iou: 0.4404
2025/05/18 11:25:14 - mmengine - INFO - Epoch(train) [2][7600/8276]  lr: 2.5000e-05  eta: 2:26:19  time: 0.2565  data_time: 0.0058  memory: 2064  grad_norm: 131.9190  loss: 10.9557  s0.loss_cls: 1.0614  s0.pos_acc: 75.0000  s0.loss_bbox: 0.9143  s0.loss_iou: 0.7491  s1.loss_cls: 0.6527  s1.pos_acc: 100.0000  s1.loss_bbox: 0.6385  s1.loss_iou: 0.5274  s2.loss_cls: 0.6301  s2.pos_acc: 75.0000  s2.loss_bbox: 0.5667  s2.loss_iou: 0.4688  s3.loss_cls: 0.6347  s3.pos_acc: 75.0000  s3.loss_bbox: 0.5196  s3.loss_iou: 0.4480  s4.loss_cls: 0.6329  s4.pos_acc: 75.0000  s4.loss_bbox: 0.4984  s4.loss_iou: 0.4382  s5.loss_cls: 0.6590  s5.pos_acc: 100.0000  s5.loss_bbox: 0.4844  s5.loss_iou: 0.4315
2025/05/18 11:25:27 - mmengine - INFO - Epoch(train) [2][7650/8276]  lr: 2.5000e-05  eta: 2:26:06  time: 0.2565  data_time: 0.0060  memory: 2064  grad_norm: 139.2336  loss: 10.9667  s0.loss_cls: 1.0515  s0.pos_acc: 100.0000  s0.loss_bbox: 0.9382  s0.loss_iou: 0.7936  s1.loss_cls: 0.7744  s1.pos_acc: 100.0000  s1.loss_bbox: 0.5774  s1.loss_iou: 0.5261  s2.loss_cls: 0.7039  s2.pos_acc: 50.0000  s2.loss_bbox: 0.4870  s2.loss_iou: 0.4534  s3.loss_cls: 0.7047  s3.pos_acc: 50.0000  s3.loss_bbox: 0.4374  s3.loss_iou: 0.4185  s4.loss_cls: 0.7087  s4.pos_acc: 100.0000  s4.loss_bbox: 0.4338  s4.loss_iou: 0.4161  s5.loss_cls: 0.7080  s5.pos_acc: 100.0000  s5.loss_bbox: 0.4240  s5.loss_iou: 0.4101
2025/05/18 11:25:40 - mmengine - INFO - Epoch(train) [2][7700/8276]  lr: 2.5000e-05  eta: 2:25:52  time: 0.2537  data_time: 0.0053  memory: 2064  grad_norm: 137.3141  loss: 10.6366  s0.loss_cls: 0.9959  s0.pos_acc: 100.0000  s0.loss_bbox: 0.9258  s0.loss_iou: 0.7527  s1.loss_cls: 0.6784  s1.pos_acc: 100.0000  s1.loss_bbox: 0.6087  s1.loss_iou: 0.5111  s2.loss_cls: 0.6891  s2.pos_acc: 100.0000  s2.loss_bbox: 0.4937  s2.loss_iou: 0.4198  s3.loss_cls: 0.6696  s3.pos_acc: 100.0000  s3.loss_bbox: 0.4643  s3.loss_iou: 0.4037  s4.loss_cls: 0.6536  s4.pos_acc: 100.0000  s4.loss_bbox: 0.4545  s4.loss_iou: 0.3981  s5.loss_cls: 0.6669  s5.pos_acc: 100.0000  s5.loss_bbox: 0.4537  s5.loss_iou: 0.3970
2025/05/18 11:25:46 - mmengine - INFO - Exp name: sparse-rcnn_voc_20250518_101231
2025/05/18 11:25:53 - mmengine - INFO - Epoch(train) [2][7750/8276]  lr: 2.5000e-05  eta: 2:25:39  time: 0.2561  data_time: 0.0062  memory: 2063  grad_norm: 140.6235  loss: 10.1474  s0.loss_cls: 0.9108  s0.pos_acc: 75.0000  s0.loss_bbox: 0.8885  s0.loss_iou: 0.7073  s1.loss_cls: 0.6134  s1.pos_acc: 100.0000  s1.loss_bbox: 0.6084  s1.loss_iou: 0.4985  s2.loss_cls: 0.5758  s2.pos_acc: 75.0000  s2.loss_bbox: 0.5163  s2.loss_iou: 0.4376  s3.loss_cls: 0.5759  s3.pos_acc: 75.0000  s3.loss_bbox: 0.4794  s3.loss_iou: 0.4140  s4.loss_cls: 0.5639  s4.pos_acc: 75.0000  s4.loss_bbox: 0.4798  s4.loss_iou: 0.4098  s5.loss_cls: 0.5801  s5.pos_acc: 75.0000  s5.loss_bbox: 0.4775  s5.loss_iou: 0.4103
2025/05/18 11:26:06 - mmengine - INFO - Epoch(train) [2][7800/8276]  lr: 2.5000e-05  eta: 2:25:26  time: 0.2610  data_time: 0.0064  memory: 2063  grad_norm: 150.0789  loss: 11.3585  s0.loss_cls: 1.0196  s0.pos_acc: 100.0000  s0.loss_bbox: 0.9731  s0.loss_iou: 0.7479  s1.loss_cls: 0.7242  s1.pos_acc: 66.6667  s1.loss_bbox: 0.6649  s1.loss_iou: 0.5424  s2.loss_cls: 0.7256  s2.pos_acc: 100.0000  s2.loss_bbox: 0.5572  s2.loss_iou: 0.4599  s3.loss_cls: 0.7100  s3.pos_acc: 100.0000  s3.loss_bbox: 0.5261  s3.loss_iou: 0.4316  s4.loss_cls: 0.7433  s4.pos_acc: 100.0000  s4.loss_bbox: 0.4776  s4.loss_iou: 0.4062  s5.loss_cls: 0.7464  s5.pos_acc: 100.0000  s5.loss_bbox: 0.4894  s5.loss_iou: 0.4132
2025/05/18 11:26:19 - mmengine - INFO - Epoch(train) [2][7850/8276]  lr: 2.5000e-05  eta: 2:25:13  time: 0.2652  data_time: 0.0068  memory: 2064  grad_norm: 143.6817  loss: 10.6334  s0.loss_cls: 0.9218  s0.pos_acc: 66.6667  s0.loss_bbox: 0.9064  s0.loss_iou: 0.7393  s1.loss_cls: 0.6788  s1.pos_acc: 55.5556  s1.loss_bbox: 0.6066  s1.loss_iou: 0.4953  s2.loss_cls: 0.6443  s2.pos_acc: 66.6667  s2.loss_bbox: 0.5391  s2.loss_iou: 0.4306  s3.loss_cls: 0.6392  s3.pos_acc: 88.8889  s3.loss_bbox: 0.5284  s3.loss_iou: 0.4095  s4.loss_cls: 0.6451  s4.pos_acc: 88.8889  s4.loss_bbox: 0.5034  s4.loss_iou: 0.3998  s5.loss_cls: 0.6545  s5.pos_acc: 88.8889  s5.loss_bbox: 0.4953  s5.loss_iou: 0.3962
2025/05/18 11:26:32 - mmengine - INFO - Epoch(train) [2][7900/8276]  lr: 2.5000e-05  eta: 2:25:01  time: 0.2619  data_time: 0.0066  memory: 2063  grad_norm: 133.9133  loss: 10.2081  s0.loss_cls: 0.9460  s0.pos_acc: 25.0000  s0.loss_bbox: 0.8772  s0.loss_iou: 0.7281  s1.loss_cls: 0.5894  s1.pos_acc: 75.0000  s1.loss_bbox: 0.5828  s1.loss_iou: 0.5058  s2.loss_cls: 0.6037  s2.pos_acc: 100.0000  s2.loss_bbox: 0.5185  s2.loss_iou: 0.4661  s3.loss_cls: 0.5864  s3.pos_acc: 100.0000  s3.loss_bbox: 0.4749  s3.loss_iou: 0.4371  s4.loss_cls: 0.5883  s4.pos_acc: 100.0000  s4.loss_bbox: 0.4502  s4.loss_iou: 0.4190  s5.loss_cls: 0.5942  s5.pos_acc: 75.0000  s5.loss_bbox: 0.4312  s5.loss_iou: 0.4093
2025/05/18 11:26:45 - mmengine - INFO - Epoch(train) [2][7950/8276]  lr: 2.5000e-05  eta: 2:24:48  time: 0.2660  data_time: 0.0071  memory: 2063  grad_norm: 139.3505  loss: 10.1245  s0.loss_cls: 0.9409  s0.pos_acc: 50.0000  s0.loss_bbox: 0.9243  s0.loss_iou: 0.7281  s1.loss_cls: 0.5508  s1.pos_acc: 100.0000  s1.loss_bbox: 0.6416  s1.loss_iou: 0.5171  s2.loss_cls: 0.6005  s2.pos_acc: 100.0000  s2.loss_bbox: 0.4934  s2.loss_iou: 0.4186  s3.loss_cls: 0.5893  s3.pos_acc: 100.0000  s3.loss_bbox: 0.4565  s3.loss_iou: 0.3918  s4.loss_cls: 0.5830  s4.pos_acc: 100.0000  s4.loss_bbox: 0.4464  s4.loss_iou: 0.3866  s5.loss_cls: 0.6135  s5.pos_acc: 100.0000  s5.loss_bbox: 0.4519  s5.loss_iou: 0.3903
2025/05/18 11:26:58 - mmengine - INFO - Epoch(train) [2][8000/8276]  lr: 2.5000e-05  eta: 2:24:36  time: 0.2639  data_time: 0.0068  memory: 2063  grad_norm: 129.9609  loss: 10.5965  s0.loss_cls: 0.9717  s0.pos_acc: 100.0000  s0.loss_bbox: 0.8946  s0.loss_iou: 0.7270  s1.loss_cls: 0.7161  s1.pos_acc: 50.0000  s1.loss_bbox: 0.5654  s1.loss_iou: 0.4816  s2.loss_cls: 0.6793  s2.pos_acc: 100.0000  s2.loss_bbox: 0.4959  s2.loss_iou: 0.4259  s3.loss_cls: 0.6849  s3.pos_acc: 75.0000  s3.loss_bbox: 0.4573  s3.loss_iou: 0.4023  s4.loss_cls: 0.6835  s4.pos_acc: 75.0000  s4.loss_bbox: 0.4569  s4.loss_iou: 0.4039  s5.loss_cls: 0.7061  s5.pos_acc: 75.0000  s5.loss_bbox: 0.4454  s5.loss_iou: 0.3988
2025/05/18 11:27:11 - mmengine - INFO - Epoch(train) [2][8050/8276]  lr: 2.5000e-05  eta: 2:24:22  time: 0.2546  data_time: 0.0060  memory: 2063  grad_norm: 130.8395  loss: 10.7617  s0.loss_cls: 1.0172  s0.pos_acc: 33.3333  s0.loss_bbox: 0.9213  s0.loss_iou: 0.7956  s1.loss_cls: 0.6529  s1.pos_acc: 100.0000  s1.loss_bbox: 0.6061  s1.loss_iou: 0.5531  s2.loss_cls: 0.6336  s2.pos_acc: 100.0000  s2.loss_bbox: 0.5065  s2.loss_iou: 0.4688  s3.loss_cls: 0.6155  s3.pos_acc: 100.0000  s3.loss_bbox: 0.4883  s3.loss_iou: 0.4540  s4.loss_cls: 0.6033  s4.pos_acc: 100.0000  s4.loss_bbox: 0.4740  s4.loss_iou: 0.4500  s5.loss_cls: 0.6340  s5.pos_acc: 100.0000  s5.loss_bbox: 0.4512  s5.loss_iou: 0.4362
2025/05/18 11:27:24 - mmengine - INFO - Epoch(train) [2][8100/8276]  lr: 2.5000e-05  eta: 2:24:09  time: 0.2569  data_time: 0.0064  memory: 2064  grad_norm: 137.9102  loss: 10.9233  s0.loss_cls: 1.0285  s0.pos_acc: 100.0000  s0.loss_bbox: 0.9263  s0.loss_iou: 0.7813  s1.loss_cls: 0.6839  s1.pos_acc: 83.3333  s1.loss_bbox: 0.6151  s1.loss_iou: 0.5386  s2.loss_cls: 0.6496  s2.pos_acc: 100.0000  s2.loss_bbox: 0.5203  s2.loss_iou: 0.4636  s3.loss_cls: 0.6490  s3.pos_acc: 100.0000  s3.loss_bbox: 0.5034  s3.loss_iou: 0.4454  s4.loss_cls: 0.6409  s4.pos_acc: 83.3333  s4.loss_bbox: 0.4914  s4.loss_iou: 0.4349  s5.loss_cls: 0.6411  s5.pos_acc: 100.0000  s5.loss_bbox: 0.4814  s5.loss_iou: 0.4288
2025/05/18 11:27:37 - mmengine - INFO - Epoch(train) [2][8150/8276]  lr: 2.5000e-05  eta: 2:23:55  time: 0.2527  data_time: 0.0055  memory: 2064  grad_norm: 125.9466  loss: 11.1235  s0.loss_cls: 0.9696  s0.pos_acc: 44.4444  s0.loss_bbox: 1.0074  s0.loss_iou: 0.8479  s1.loss_cls: 0.6401  s1.pos_acc: 100.0000  s1.loss_bbox: 0.6364  s1.loss_iou: 0.5770  s2.loss_cls: 0.6054  s2.pos_acc: 77.7778  s2.loss_bbox: 0.5563  s2.loss_iou: 0.5023  s3.loss_cls: 0.6301  s3.pos_acc: 77.7778  s3.loss_bbox: 0.5047  s3.loss_iou: 0.4780  s4.loss_cls: 0.6188  s4.pos_acc: 77.7778  s4.loss_bbox: 0.4884  s4.loss_iou: 0.4717  s5.loss_cls: 0.6164  s5.pos_acc: 77.7778  s5.loss_bbox: 0.5002  s5.loss_iou: 0.4727
2025/05/18 11:27:50 - mmengine - INFO - Epoch(train) [2][8200/8276]  lr: 2.5000e-05  eta: 2:23:43  time: 0.2651  data_time: 0.0068  memory: 2063  grad_norm: 131.4469  loss: 10.8804  s0.loss_cls: 1.0084  s0.pos_acc: 50.0000  s0.loss_bbox: 0.9723  s0.loss_iou: 0.8245  s1.loss_cls: 0.6609  s1.pos_acc: 75.0000  s1.loss_bbox: 0.5979  s1.loss_iou: 0.5457  s2.loss_cls: 0.6594  s2.pos_acc: 100.0000  s2.loss_bbox: 0.4879  s2.loss_iou: 0.4597  s3.loss_cls: 0.6464  s3.pos_acc: 100.0000  s3.loss_bbox: 0.4751  s3.loss_iou: 0.4540  s4.loss_cls: 0.6452  s4.pos_acc: 75.0000  s4.loss_bbox: 0.4566  s4.loss_iou: 0.4381  s5.loss_cls: 0.6443  s5.pos_acc: 75.0000  s5.loss_bbox: 0.4623  s5.loss_iou: 0.4418
2025/05/18 11:28:03 - mmengine - INFO - Epoch(train) [2][8250/8276]  lr: 2.5000e-05  eta: 2:23:30  time: 0.2655  data_time: 0.0069  memory: 2064  grad_norm: 135.4483  loss: 10.8154  s0.loss_cls: 0.9807  s0.pos_acc: 100.0000  s0.loss_bbox: 0.9971  s0.loss_iou: 0.8308  s1.loss_cls: 0.6674  s1.pos_acc: 50.0000  s1.loss_bbox: 0.6458  s1.loss_iou: 0.5541  s2.loss_cls: 0.6277  s2.pos_acc: 100.0000  s2.loss_bbox: 0.5264  s2.loss_iou: 0.4640  s3.loss_cls: 0.6088  s3.pos_acc: 100.0000  s3.loss_bbox: 0.4749  s3.loss_iou: 0.4299  s4.loss_cls: 0.6149  s4.pos_acc: 50.0000  s4.loss_bbox: 0.4637  s4.loss_iou: 0.4223  s5.loss_cls: 0.6072  s5.pos_acc: 100.0000  s5.loss_bbox: 0.4760  s5.loss_iou: 0.4237
2025/05/18 11:28:10 - mmengine - INFO - Exp name: sparse-rcnn_voc_20250518_101231
2025/05/18 11:28:10 - mmengine - INFO - Saving checkpoint at 2 epochs
2025/05/18 11:28:17 - mmengine - INFO - Epoch(val) [2][  50/4952]    eta: 0:03:39  time: 0.0448  data_time: 0.0026  memory: 2063  
2025/05/18 11:28:19 - mmengine - INFO - Epoch(val) [2][ 100/4952]    eta: 0:03:28  time: 0.0413  data_time: 0.0023  memory: 1292  
2025/05/18 11:28:21 - mmengine - INFO - Epoch(val) [2][ 150/4952]    eta: 0:03:32  time: 0.0464  data_time: 0.0029  memory: 1291  
2025/05/18 11:28:24 - mmengine - INFO - Epoch(val) [2][ 200/4952]    eta: 0:03:28  time: 0.0429  data_time: 0.0025  memory: 1291  
2025/05/18 11:28:26 - mmengine - INFO - Epoch(val) [2][ 250/4952]    eta: 0:03:24  time: 0.0426  data_time: 0.0023  memory: 1292  
2025/05/18 11:28:28 - mmengine - INFO - Epoch(val) [2][ 300/4952]    eta: 0:03:20  time: 0.0413  data_time: 0.0023  memory: 1292  
2025/05/18 11:28:30 - mmengine - INFO - Epoch(val) [2][ 350/4952]    eta: 0:03:17  time: 0.0407  data_time: 0.0022  memory: 1292  
2025/05/18 11:28:32 - mmengine - INFO - Epoch(val) [2][ 400/4952]    eta: 0:03:14  time: 0.0410  data_time: 0.0021  memory: 1292  
2025/05/18 11:28:34 - mmengine - INFO - Epoch(val) [2][ 450/4952]    eta: 0:03:11  time: 0.0409  data_time: 0.0021  memory: 1291  
2025/05/18 11:28:36 - mmengine - INFO - Epoch(val) [2][ 500/4952]    eta: 0:03:08  time: 0.0412  data_time: 0.0023  memory: 1291  
2025/05/18 11:28:38 - mmengine - INFO - Epoch(val) [2][ 550/4952]    eta: 0:03:05  time: 0.0411  data_time: 0.0021  memory: 1292  
2025/05/18 11:28:40 - mmengine - INFO - Epoch(val) [2][ 600/4952]    eta: 0:03:04  time: 0.0451  data_time: 0.0028  memory: 1291  
2025/05/18 11:28:43 - mmengine - INFO - Epoch(val) [2][ 650/4952]    eta: 0:03:03  time: 0.0454  data_time: 0.0029  memory: 1292  
2025/05/18 11:28:45 - mmengine - INFO - Epoch(val) [2][ 700/4952]    eta: 0:03:01  time: 0.0417  data_time: 0.0023  memory: 1291  
2025/05/18 11:28:47 - mmengine - INFO - Epoch(val) [2][ 750/4952]    eta: 0:02:59  time: 0.0436  data_time: 0.0025  memory: 1292  
2025/05/18 11:28:49 - mmengine - INFO - Epoch(val) [2][ 800/4952]    eta: 0:02:58  time: 0.0470  data_time: 0.0030  memory: 1291  
2025/05/18 11:28:51 - mmengine - INFO - Epoch(val) [2][ 850/4952]    eta: 0:02:56  time: 0.0454  data_time: 0.0029  memory: 1291  
2025/05/18 11:28:54 - mmengine - INFO - Epoch(val) [2][ 900/4952]    eta: 0:02:55  time: 0.0458  data_time: 0.0028  memory: 1292  
2025/05/18 11:28:56 - mmengine - INFO - Epoch(val) [2][ 950/4952]    eta: 0:02:52  time: 0.0421  data_time: 0.0023  memory: 1292  
2025/05/18 11:28:58 - mmengine - INFO - Epoch(val) [2][1000/4952]    eta: 0:02:50  time: 0.0411  data_time: 0.0024  memory: 1292  
2025/05/18 11:29:00 - mmengine - INFO - Epoch(val) [2][1050/4952]    eta: 0:02:48  time: 0.0439  data_time: 0.0026  memory: 1292  
2025/05/18 11:29:02 - mmengine - INFO - Epoch(val) [2][1100/4952]    eta: 0:02:46  time: 0.0455  data_time: 0.0028  memory: 1291  
2025/05/18 11:29:05 - mmengine - INFO - Epoch(val) [2][1150/4952]    eta: 0:02:44  time: 0.0438  data_time: 0.0026  memory: 1292  
2025/05/18 11:29:07 - mmengine - INFO - Epoch(val) [2][1200/4952]    eta: 0:02:41  time: 0.0408  data_time: 0.0021  memory: 1292  
2025/05/18 11:29:09 - mmengine - INFO - Epoch(val) [2][1250/4952]    eta: 0:02:39  time: 0.0414  data_time: 0.0022  memory: 1291  
2025/05/18 11:29:11 - mmengine - INFO - Epoch(val) [2][1300/4952]    eta: 0:02:37  time: 0.0452  data_time: 0.0029  memory: 1291  
2025/05/18 11:29:13 - mmengine - INFO - Epoch(val) [2][1350/4952]    eta: 0:02:35  time: 0.0453  data_time: 0.0029  memory: 1292  
2025/05/18 11:29:16 - mmengine - INFO - Epoch(val) [2][1400/4952]    eta: 0:02:33  time: 0.0458  data_time: 0.0029  memory: 1291  
2025/05/18 11:29:18 - mmengine - INFO - Epoch(val) [2][1450/4952]    eta: 0:02:31  time: 0.0447  data_time: 0.0030  memory: 1292  
2025/05/18 11:29:20 - mmengine - INFO - Epoch(val) [2][1500/4952]    eta: 0:02:29  time: 0.0425  data_time: 0.0024  memory: 1292  
2025/05/18 11:29:22 - mmengine - INFO - Epoch(val) [2][1550/4952]    eta: 0:02:27  time: 0.0406  data_time: 0.0021  memory: 1291  
2025/05/18 11:29:24 - mmengine - INFO - Epoch(val) [2][1600/4952]    eta: 0:02:24  time: 0.0406  data_time: 0.0023  memory: 1292  
2025/05/18 11:29:26 - mmengine - INFO - Epoch(val) [2][1650/4952]    eta: 0:02:22  time: 0.0453  data_time: 0.0029  memory: 1291  
2025/05/18 11:29:28 - mmengine - INFO - Epoch(val) [2][1700/4952]    eta: 0:02:20  time: 0.0404  data_time: 0.0023  memory: 1291  
2025/05/18 11:29:30 - mmengine - INFO - Epoch(val) [2][1750/4952]    eta: 0:02:17  time: 0.0404  data_time: 0.0022  memory: 1291  
2025/05/18 11:29:32 - mmengine - INFO - Epoch(val) [2][1800/4952]    eta: 0:02:15  time: 0.0403  data_time: 0.0022  memory: 1291  
2025/05/18 11:29:34 - mmengine - INFO - Epoch(val) [2][1850/4952]    eta: 0:02:13  time: 0.0404  data_time: 0.0021  memory: 1291  
2025/05/18 11:29:36 - mmengine - INFO - Epoch(val) [2][1900/4952]    eta: 0:02:10  time: 0.0409  data_time: 0.0022  memory: 1291  
2025/05/18 11:29:38 - mmengine - INFO - Epoch(val) [2][1950/4952]    eta: 0:02:08  time: 0.0405  data_time: 0.0022  memory: 1292  
2025/05/18 11:29:40 - mmengine - INFO - Epoch(val) [2][2000/4952]    eta: 0:02:06  time: 0.0407  data_time: 0.0021  memory: 1291  
2025/05/18 11:29:42 - mmengine - INFO - Epoch(val) [2][2050/4952]    eta: 0:02:03  time: 0.0405  data_time: 0.0022  memory: 1292  
2025/05/18 11:29:44 - mmengine - INFO - Epoch(val) [2][2100/4952]    eta: 0:02:01  time: 0.0409  data_time: 0.0024  memory: 1291  
2025/05/18 11:29:47 - mmengine - INFO - Epoch(val) [2][2150/4952]    eta: 0:01:59  time: 0.0415  data_time: 0.0023  memory: 1292  
2025/05/18 11:29:49 - mmengine - INFO - Epoch(val) [2][2200/4952]    eta: 0:01:57  time: 0.0405  data_time: 0.0020  memory: 1291  
2025/05/18 11:29:51 - mmengine - INFO - Epoch(val) [2][2250/4952]    eta: 0:01:54  time: 0.0407  data_time: 0.0021  memory: 1292  
2025/05/18 11:29:53 - mmengine - INFO - Epoch(val) [2][2300/4952]    eta: 0:01:52  time: 0.0448  data_time: 0.0028  memory: 1291  
2025/05/18 11:29:55 - mmengine - INFO - Epoch(val) [2][2350/4952]    eta: 0:01:50  time: 0.0453  data_time: 0.0029  memory: 1291  
2025/05/18 11:29:57 - mmengine - INFO - Epoch(val) [2][2400/4952]    eta: 0:01:48  time: 0.0443  data_time: 0.0027  memory: 1291  
2025/05/18 11:29:59 - mmengine - INFO - Epoch(val) [2][2450/4952]    eta: 0:01:46  time: 0.0416  data_time: 0.0025  memory: 1291  
2025/05/18 11:30:01 - mmengine - INFO - Epoch(val) [2][2500/4952]    eta: 0:01:44  time: 0.0406  data_time: 0.0022  memory: 1292  
2025/05/18 11:30:03 - mmengine - INFO - Epoch(val) [2][2550/4952]    eta: 0:01:42  time: 0.0404  data_time: 0.0021  memory: 1291  
2025/05/18 11:30:06 - mmengine - INFO - Epoch(val) [2][2600/4952]    eta: 0:01:40  time: 0.0408  data_time: 0.0020  memory: 1292  
2025/05/18 11:30:08 - mmengine - INFO - Epoch(val) [2][2650/4952]    eta: 0:01:37  time: 0.0404  data_time: 0.0021  memory: 1292  
2025/05/18 11:30:10 - mmengine - INFO - Epoch(val) [2][2700/4952]    eta: 0:01:35  time: 0.0426  data_time: 0.0023  memory: 1292  
2025/05/18 11:30:12 - mmengine - INFO - Epoch(val) [2][2750/4952]    eta: 0:01:33  time: 0.0442  data_time: 0.0027  memory: 1291  
2025/05/18 11:30:14 - mmengine - INFO - Epoch(val) [2][2800/4952]    eta: 0:01:31  time: 0.0403  data_time: 0.0020  memory: 1291  
2025/05/18 11:30:16 - mmengine - INFO - Epoch(val) [2][2850/4952]    eta: 0:01:29  time: 0.0421  data_time: 0.0023  memory: 1291  
2025/05/18 11:30:18 - mmengine - INFO - Epoch(val) [2][2900/4952]    eta: 0:01:27  time: 0.0444  data_time: 0.0027  memory: 1292  
2025/05/18 11:30:20 - mmengine - INFO - Epoch(val) [2][2950/4952]    eta: 0:01:25  time: 0.0434  data_time: 0.0026  memory: 1292  
2025/05/18 11:30:23 - mmengine - INFO - Epoch(val) [2][3000/4952]    eta: 0:01:23  time: 0.0455  data_time: 0.0028  memory: 1291  
2025/05/18 11:30:25 - mmengine - INFO - Epoch(val) [2][3050/4952]    eta: 0:01:21  time: 0.0469  data_time: 0.0029  memory: 1291  
2025/05/18 11:30:27 - mmengine - INFO - Epoch(val) [2][3100/4952]    eta: 0:01:19  time: 0.0450  data_time: 0.0027  memory: 1292  
2025/05/18 11:30:30 - mmengine - INFO - Epoch(val) [2][3150/4952]    eta: 0:01:16  time: 0.0445  data_time: 0.0027  memory: 1291  
2025/05/18 11:30:32 - mmengine - INFO - Epoch(val) [2][3200/4952]    eta: 0:01:14  time: 0.0406  data_time: 0.0020  memory: 1291  
2025/05/18 11:30:34 - mmengine - INFO - Epoch(val) [2][3250/4952]    eta: 0:01:12  time: 0.0404  data_time: 0.0020  memory: 1291  
2025/05/18 11:30:36 - mmengine - INFO - Epoch(val) [2][3300/4952]    eta: 0:01:10  time: 0.0412  data_time: 0.0022  memory: 1291  
2025/05/18 11:30:38 - mmengine - INFO - Epoch(val) [2][3350/4952]    eta: 0:01:08  time: 0.0404  data_time: 0.0020  memory: 1291  
2025/05/18 11:30:40 - mmengine - INFO - Epoch(val) [2][3400/4952]    eta: 0:01:06  time: 0.0408  data_time: 0.0021  memory: 1292  
2025/05/18 11:30:42 - mmengine - INFO - Epoch(val) [2][3450/4952]    eta: 0:01:03  time: 0.0405  data_time: 0.0021  memory: 1291  
2025/05/18 11:30:44 - mmengine - INFO - Epoch(val) [2][3500/4952]    eta: 0:01:01  time: 0.0405  data_time: 0.0021  memory: 1291  
2025/05/18 11:30:46 - mmengine - INFO - Epoch(val) [2][3550/4952]    eta: 0:00:59  time: 0.0411  data_time: 0.0022  memory: 1291  
2025/05/18 11:30:48 - mmengine - INFO - Epoch(val) [2][3600/4952]    eta: 0:00:57  time: 0.0405  data_time: 0.0020  memory: 1292  
2025/05/18 11:30:50 - mmengine - INFO - Epoch(val) [2][3650/4952]    eta: 0:00:55  time: 0.0413  data_time: 0.0025  memory: 1292  
2025/05/18 11:30:52 - mmengine - INFO - Epoch(val) [2][3700/4952]    eta: 0:00:53  time: 0.0403  data_time: 0.0020  memory: 1291  
2025/05/18 11:30:54 - mmengine - INFO - Epoch(val) [2][3750/4952]    eta: 0:00:50  time: 0.0404  data_time: 0.0021  memory: 1291  
2025/05/18 11:30:56 - mmengine - INFO - Epoch(val) [2][3800/4952]    eta: 0:00:48  time: 0.0424  data_time: 0.0024  memory: 1291  
2025/05/18 11:30:58 - mmengine - INFO - Epoch(val) [2][3850/4952]    eta: 0:00:46  time: 0.0406  data_time: 0.0023  memory: 1291  
2025/05/18 11:31:00 - mmengine - INFO - Epoch(val) [2][3900/4952]    eta: 0:00:44  time: 0.0443  data_time: 0.0027  memory: 1291  
2025/05/18 11:31:03 - mmengine - INFO - Epoch(val) [2][3950/4952]    eta: 0:00:42  time: 0.0446  data_time: 0.0028  memory: 1291  
2025/05/18 11:31:05 - mmengine - INFO - Epoch(val) [2][4000/4952]    eta: 0:00:40  time: 0.0458  data_time: 0.0028  memory: 1292  
2025/05/18 11:31:07 - mmengine - INFO - Epoch(val) [2][4050/4952]    eta: 0:00:38  time: 0.0451  data_time: 0.0030  memory: 1292  
2025/05/18 11:31:09 - mmengine - INFO - Epoch(val) [2][4100/4952]    eta: 0:00:36  time: 0.0447  data_time: 0.0030  memory: 1292  
2025/05/18 11:31:12 - mmengine - INFO - Epoch(val) [2][4150/4952]    eta: 0:00:34  time: 0.0447  data_time: 0.0028  memory: 1292  
2025/05/18 11:31:14 - mmengine - INFO - Epoch(val) [2][4200/4952]    eta: 0:00:32  time: 0.0450  data_time: 0.0029  memory: 1291  
2025/05/18 11:31:16 - mmengine - INFO - Epoch(val) [2][4250/4952]    eta: 0:00:29  time: 0.0453  data_time: 0.0030  memory: 1292  
2025/05/18 11:31:18 - mmengine - INFO - Epoch(val) [2][4300/4952]    eta: 0:00:27  time: 0.0453  data_time: 0.0029  memory: 1292  
2025/05/18 11:31:20 - mmengine - INFO - Epoch(val) [2][4350/4952]    eta: 0:00:25  time: 0.0411  data_time: 0.0022  memory: 1292  
2025/05/18 11:31:22 - mmengine - INFO - Epoch(val) [2][4400/4952]    eta: 0:00:23  time: 0.0403  data_time: 0.0020  memory: 1291  
2025/05/18 11:31:24 - mmengine - INFO - Epoch(val) [2][4450/4952]    eta: 0:00:21  time: 0.0410  data_time: 0.0021  memory: 1291  
2025/05/18 11:31:27 - mmengine - INFO - Epoch(val) [2][4500/4952]    eta: 0:00:19  time: 0.0419  data_time: 0.0022  memory: 1291  
2025/05/18 11:31:29 - mmengine - INFO - Epoch(val) [2][4550/4952]    eta: 0:00:17  time: 0.0410  data_time: 0.0020  memory: 1292  
2025/05/18 11:31:31 - mmengine - INFO - Epoch(val) [2][4600/4952]    eta: 0:00:14  time: 0.0404  data_time: 0.0021  memory: 1291  
2025/05/18 11:31:33 - mmengine - INFO - Epoch(val) [2][4650/4952]    eta: 0:00:12  time: 0.0405  data_time: 0.0022  memory: 1291  
2025/05/18 11:31:35 - mmengine - INFO - Epoch(val) [2][4700/4952]    eta: 0:00:10  time: 0.0410  data_time: 0.0021  memory: 1292  
2025/05/18 11:31:37 - mmengine - INFO - Epoch(val) [2][4750/4952]    eta: 0:00:08  time: 0.0403  data_time: 0.0022  memory: 1291  
2025/05/18 11:31:39 - mmengine - INFO - Epoch(val) [2][4800/4952]    eta: 0:00:06  time: 0.0436  data_time: 0.0027  memory: 1291  
2025/05/18 11:31:41 - mmengine - INFO - Epoch(val) [2][4850/4952]    eta: 0:00:04  time: 0.0405  data_time: 0.0022  memory: 1292  
2025/05/18 11:31:43 - mmengine - INFO - Epoch(val) [2][4900/4952]    eta: 0:00:02  time: 0.0405  data_time: 0.0022  memory: 1291  
2025/05/18 11:31:45 - mmengine - INFO - Epoch(val) [2][4950/4952]    eta: 0:00:00  time: 0.0427  data_time: 0.0023  memory: 1292  
2025/05/18 11:31:45 - mmengine - INFO - 
---------------iou_thr: 0.5---------------
2025/05/18 11:31:49 - mmengine - INFO - 
+-------------+------+--------+--------+-------+
| class       | gts  | dets   | recall | ap    |
+-------------+------+--------+--------+-------+
| aeroplane   | 285  | 18814  | 0.782  | 0.586 |
| bicycle     | 337  | 11715  | 0.926  | 0.570 |
| bird        | 459  | 15790  | 0.826  | 0.532 |
| boat        | 263  | 30786  | 0.749  | 0.308 |
| bottle      | 469  | 22549  | 0.529  | 0.200 |
| bus         | 213  | 16278  | 0.911  | 0.602 |
| car         | 1201 | 38297  | 0.829  | 0.599 |
| cat         | 358  | 25118  | 0.978  | 0.765 |
| chair       | 756  | 58981  | 0.839  | 0.224 |
| cow         | 244  | 18438  | 0.906  | 0.368 |
| diningtable | 206  | 3541   | 0.806  | 0.359 |
| dog         | 489  | 12125  | 0.941  | 0.665 |
| horse       | 348  | 8160   | 0.905  | 0.670 |
| motorbike   | 325  | 21335  | 0.905  | 0.567 |
| person      | 4528 | 106973 | 0.822  | 0.466 |
| pottedplant | 480  | 30727  | 0.633  | 0.182 |
| sheep       | 242  | 6423   | 0.752  | 0.372 |
| sofa        | 239  | 17778  | 0.929  | 0.447 |
| train       | 282  | 17304  | 0.954  | 0.688 |
| tvmonitor   | 308  | 14068  | 0.834  | 0.397 |
+-------------+------+--------+--------+-------+
| mAP         |      |        |        | 0.478 |
+-------------+------+--------+--------+-------+
2025/05/18 11:31:50 - mmengine - INFO - Epoch(val) [2][4952/4952]    pascal_voc/mAP: 0.4783  pascal_voc/AP50: 0.4780  data_time: 0.0024  time: 0.0425
2025/05/18 11:32:03 - mmengine - INFO - Epoch(train) [3][  50/8276]  lr: 2.5000e-05  eta: 2:23:10  time: 0.2620  data_time: 0.0070  memory: 2063  grad_norm: 132.0417  loss: 9.9856  s0.loss_cls: 0.9508  s0.pos_acc: 66.6667  s0.loss_bbox: 0.8580  s0.loss_iou: 0.7444  s1.loss_cls: 0.6017  s1.pos_acc: 66.6667  s1.loss_bbox: 0.5635  s1.loss_iou: 0.5041  s2.loss_cls: 0.5697  s2.pos_acc: 66.6667  s2.loss_bbox: 0.4901  s2.loss_iou: 0.4361  s3.loss_cls: 0.5500  s3.pos_acc: 66.6667  s3.loss_bbox: 0.4579  s3.loss_iou: 0.4144  s4.loss_cls: 0.5554  s4.pos_acc: 66.6667  s4.loss_bbox: 0.4524  s4.loss_iou: 0.4144  s5.loss_cls: 0.5682  s5.pos_acc: 66.6667  s5.loss_bbox: 0.4465  s5.loss_iou: 0.4079
2025/05/18 11:32:15 - mmengine - INFO - Epoch(train) [3][ 100/8276]  lr: 2.5000e-05  eta: 2:22:57  time: 0.2540  data_time: 0.0057  memory: 2063  grad_norm: 147.9452  loss: 9.9027  s0.loss_cls: 0.9619  s0.pos_acc: 33.3333  s0.loss_bbox: 0.8390  s0.loss_iou: 0.6955  s1.loss_cls: 0.6177  s1.pos_acc: 33.3333  s1.loss_bbox: 0.5845  s1.loss_iou: 0.4784  s2.loss_cls: 0.5662  s2.pos_acc: 33.3333  s2.loss_bbox: 0.4929  s2.loss_iou: 0.4174  s3.loss_cls: 0.5491  s3.pos_acc: 66.6667  s3.loss_bbox: 0.4782  s3.loss_iou: 0.4080  s4.loss_cls: 0.5710  s4.pos_acc: 33.3333  s4.loss_bbox: 0.4566  s4.loss_iou: 0.3969  s5.loss_cls: 0.5720  s5.pos_acc: 33.3333  s5.loss_bbox: 0.4344  s5.loss_iou: 0.3830
2025/05/18 11:32:29 - mmengine - INFO - Epoch(train) [3][ 150/8276]  lr: 2.5000e-05  eta: 2:22:45  time: 0.2676  data_time: 0.0071  memory: 2064  grad_norm: 133.2938  loss: 10.5369  s0.loss_cls: 0.9545  s0.pos_acc: 50.0000  s0.loss_bbox: 0.8803  s0.loss_iou: 0.7686  s1.loss_cls: 0.6065  s1.pos_acc: 100.0000  s1.loss_bbox: 0.5969  s1.loss_iou: 0.5371  s2.loss_cls: 0.5985  s2.pos_acc: 100.0000  s2.loss_bbox: 0.5283  s2.loss_iou: 0.4748  s3.loss_cls: 0.6101  s3.pos_acc: 100.0000  s3.loss_bbox: 0.4867  s3.loss_iou: 0.4425  s4.loss_cls: 0.5906  s4.pos_acc: 100.0000  s4.loss_bbox: 0.4933  s4.loss_iou: 0.4471  s5.loss_cls: 0.6000  s5.pos_acc: 100.0000  s5.loss_bbox: 0.4788  s5.loss_iou: 0.4423
2025/05/18 11:32:42 - mmengine - INFO - Epoch(train) [3][ 200/8276]  lr: 2.5000e-05  eta: 2:22:32  time: 0.2675  data_time: 0.0073  memory: 2065  grad_norm: 128.2693  loss: 10.7561  s0.loss_cls: 1.0101  s0.pos_acc: 66.6667  s0.loss_bbox: 0.9185  s0.loss_iou: 0.8027  s1.loss_cls: 0.6360  s1.pos_acc: 83.3333  s1.loss_bbox: 0.5932  s1.loss_iou: 0.5515  s2.loss_cls: 0.6194  s2.pos_acc: 83.3333  s2.loss_bbox: 0.5141  s2.loss_iou: 0.4766  s3.loss_cls: 0.6307  s3.pos_acc: 83.3333  s3.loss_bbox: 0.4811  s3.loss_iou: 0.4507  s4.loss_cls: 0.6152  s4.pos_acc: 66.6667  s4.loss_bbox: 0.4744  s4.loss_iou: 0.4458  s5.loss_cls: 0.6196  s5.pos_acc: 66.6667  s5.loss_bbox: 0.4728  s5.loss_iou: 0.4435
2025/05/18 11:32:55 - mmengine - INFO - Epoch(train) [3][ 250/8276]  lr: 2.5000e-05  eta: 2:22:19  time: 0.2576  data_time: 0.0062  memory: 2064  grad_norm: 140.6585  loss: 10.2217  s0.loss_cls: 0.9437  s0.pos_acc: 75.0000  s0.loss_bbox: 0.9343  s0.loss_iou: 0.7596  s1.loss_cls: 0.6361  s1.pos_acc: 75.0000  s1.loss_bbox: 0.5908  s1.loss_iou: 0.4968  s2.loss_cls: 0.6021  s2.pos_acc: 75.0000  s2.loss_bbox: 0.4975  s2.loss_iou: 0.4225  s3.loss_cls: 0.5911  s3.pos_acc: 75.0000  s3.loss_bbox: 0.4593  s3.loss_iou: 0.4068  s4.loss_cls: 0.5929  s4.pos_acc: 100.0000  s4.loss_bbox: 0.4410  s4.loss_iou: 0.3993  s5.loss_cls: 0.6131  s5.pos_acc: 100.0000  s5.loss_bbox: 0.4383  s5.loss_iou: 0.3965
2025/05/18 11:33:08 - mmengine - INFO - Epoch(train) [3][ 300/8276]  lr: 2.5000e-05  eta: 2:22:06  time: 0.2585  data_time: 0.0064  memory: 2063  grad_norm: 142.4385  loss: 10.6178  s0.loss_cls: 1.0173  s0.pos_acc: 50.0000  s0.loss_bbox: 0.9247  s0.loss_iou: 0.7584  s1.loss_cls: 0.6149  s1.pos_acc: 100.0000  s1.loss_bbox: 0.6394  s1.loss_iou: 0.5399  s2.loss_cls: 0.5821  s2.pos_acc: 100.0000  s2.loss_bbox: 0.5484  s2.loss_iou: 0.4546  s3.loss_cls: 0.5725  s3.pos_acc: 100.0000  s3.loss_bbox: 0.5123  s3.loss_iou: 0.4348  s4.loss_cls: 0.5755  s4.pos_acc: 100.0000  s4.loss_bbox: 0.4995  s4.loss_iou: 0.4256  s5.loss_cls: 0.5909  s5.pos_acc: 100.0000  s5.loss_bbox: 0.5018  s5.loss_iou: 0.4251
2025/05/18 11:33:21 - mmengine - INFO - Epoch(train) [3][ 350/8276]  lr: 2.5000e-05  eta: 2:21:53  time: 0.2577  data_time: 0.0062  memory: 2064  grad_norm: 139.9011  loss: 9.7996  s0.loss_cls: 0.9893  s0.pos_acc: 0.0000  s0.loss_bbox: 0.8455  s0.loss_iou: 0.6939  s1.loss_cls: 0.6519  s1.pos_acc: 100.0000  s1.loss_bbox: 0.5571  s1.loss_iou: 0.4662  s2.loss_cls: 0.5960  s2.pos_acc: 100.0000  s2.loss_bbox: 0.4756  s2.loss_iou: 0.4009  s3.loss_cls: 0.5811  s3.pos_acc: 100.0000  s3.loss_bbox: 0.4313  s3.loss_iou: 0.3659  s4.loss_cls: 0.5690  s4.pos_acc: 100.0000  s4.loss_bbox: 0.4384  s4.loss_iou: 0.3689  s5.loss_cls: 0.5861  s5.pos_acc: 100.0000  s5.loss_bbox: 0.4234  s5.loss_iou: 0.3590
2025/05/18 11:33:34 - mmengine - INFO - Epoch(train) [3][ 400/8276]  lr: 2.5000e-05  eta: 2:21:39  time: 0.2555  data_time: 0.0064  memory: 2064  grad_norm: 3609275.1191  loss: 132840.7588  s0.loss_cls: 41591.6823  s0.pos_acc: 100.0000  s0.loss_bbox: 0.8560  s0.loss_iou: 0.7292  s1.loss_cls: 12139.8878  s1.pos_acc: 100.0000  s1.loss_bbox: 0.5555  s1.loss_iou: 0.5013  s2.loss_cls: 13658.8898  s2.pos_acc: 100.0000  s2.loss_bbox: 0.4776  s2.loss_iou: 0.4412  s3.loss_cls: 18894.0051  s3.pos_acc: 100.0000  s3.loss_bbox: 0.4647  s3.loss_iou: 0.4275  s4.loss_cls: 19650.2536  s4.pos_acc: 100.0000  s4.loss_bbox: 0.4509  s4.loss_iou: 0.4220  s5.loss_cls: 26899.8407  s5.pos_acc: 100.0000  s5.loss_bbox: 0.4487  s5.loss_iou: 0.4199
2025/05/18 11:33:46 - mmengine - INFO - Exp name: sparse-rcnn_voc_20250518_101231
2025/05/18 11:33:46 - mmengine - INFO - Epoch(train) [3][ 450/8276]  lr: 2.5000e-05  eta: 2:21:26  time: 0.2549  data_time: 0.0062  memory: 2064  grad_norm: 134.9205  loss: 9.9662  s0.loss_cls: 0.8553  s0.pos_acc: 50.0000  s0.loss_bbox: 0.8620  s0.loss_iou: 0.7290  s1.loss_cls: 0.5967  s1.pos_acc: 50.0000  s1.loss_bbox: 0.6010  s1.loss_iou: 0.5096  s2.loss_cls: 0.5377  s2.pos_acc: 50.0000  s2.loss_bbox: 0.5074  s2.loss_iou: 0.4424  s3.loss_cls: 0.5572  s3.pos_acc: 50.0000  s3.loss_bbox: 0.4590  s3.loss_iou: 0.4162  s4.loss_cls: 0.5466  s4.pos_acc: 50.0000  s4.loss_bbox: 0.4711  s4.loss_iou: 0.4213  s5.loss_cls: 0.5698  s5.pos_acc: 50.0000  s5.loss_bbox: 0.4673  s5.loss_iou: 0.4166
2025/05/18 11:33:59 - mmengine - INFO - Epoch(train) [3][ 500/8276]  lr: 2.5000e-05  eta: 2:21:13  time: 0.2577  data_time: 0.0064  memory: 2064  grad_norm: 133.1710  loss: 10.0190  s0.loss_cls: 0.9076  s0.pos_acc: 75.0000  s0.loss_bbox: 0.8737  s0.loss_iou: 0.7450  s1.loss_cls: 0.5912  s1.pos_acc: 75.0000  s1.loss_bbox: 0.5849  s1.loss_iou: 0.5040  s2.loss_cls: 0.5601  s2.pos_acc: 75.0000  s2.loss_bbox: 0.4910  s2.loss_iou: 0.4418  s3.loss_cls: 0.5508  s3.pos_acc: 75.0000  s3.loss_bbox: 0.4615  s3.loss_iou: 0.4217  s4.loss_cls: 0.5532  s4.pos_acc: 75.0000  s4.loss_bbox: 0.4625  s4.loss_iou: 0.4212  s5.loss_cls: 0.5517  s5.pos_acc: 75.0000  s5.loss_bbox: 0.4697  s5.loss_iou: 0.4273
2025/05/18 11:34:13 - mmengine - INFO - Epoch(train) [3][ 550/8276]  lr: 2.5000e-05  eta: 2:21:00  time: 0.2686  data_time: 0.0069  memory: 2063  grad_norm: 143.9907  loss: 9.7929  s0.loss_cls: 0.9094  s0.pos_acc: 83.3333  s0.loss_bbox: 0.8912  s0.loss_iou: 0.7117  s1.loss_cls: 0.5713  s1.pos_acc: 83.3333  s1.loss_bbox: 0.5935  s1.loss_iou: 0.4787  s2.loss_cls: 0.5062  s2.pos_acc: 100.0000  s2.loss_bbox: 0.5126  s2.loss_iou: 0.4199  s3.loss_cls: 0.5082  s3.pos_acc: 100.0000  s3.loss_bbox: 0.5002  s3.loss_iou: 0.4068  s4.loss_cls: 0.5172  s4.pos_acc: 83.3333  s4.loss_bbox: 0.4839  s4.loss_iou: 0.3953  s5.loss_cls: 0.5206  s5.pos_acc: 100.0000  s5.loss_bbox: 0.4734  s5.loss_iou: 0.3926
2025/05/18 11:34:26 - mmengine - INFO - Epoch(train) [3][ 600/8276]  lr: 2.5000e-05  eta: 2:20:47  time: 0.2563  data_time: 0.0061  memory: 2065  grad_norm: 133.4521  loss: 9.6851  s0.loss_cls: 0.9108  s0.pos_acc: 66.6667  s0.loss_bbox: 0.8116  s0.loss_iou: 0.7003  s1.loss_cls: 0.5958  s1.pos_acc: 66.6667  s1.loss_bbox: 0.5444  s1.loss_iou: 0.4777  s2.loss_cls: 0.5743  s2.pos_acc: 66.6667  s2.loss_bbox: 0.4655  s2.loss_iou: 0.4176  s3.loss_cls: 0.5667  s3.pos_acc: 66.6667  s3.loss_bbox: 0.4393  s3.loss_iou: 0.4067  s4.loss_cls: 0.5675  s4.pos_acc: 66.6667  s4.loss_bbox: 0.4300  s4.loss_iou: 0.3973  s5.loss_cls: 0.5779  s5.pos_acc: 66.6667  s5.loss_bbox: 0.4119  s5.loss_iou: 0.3897
2025/05/18 11:34:38 - mmengine - INFO - Epoch(train) [3][ 650/8276]  lr: 2.5000e-05  eta: 2:20:34  time: 0.2555  data_time: 0.0058  memory: 2063  grad_norm: 126.7343  loss: 10.4237  s0.loss_cls: 0.9169  s0.pos_acc: 40.0000  s0.loss_bbox: 0.8910  s0.loss_iou: 0.7843  s1.loss_cls: 0.6146  s1.pos_acc: 80.0000  s1.loss_bbox: 0.5968  s1.loss_iou: 0.5413  s2.loss_cls: 0.5856  s2.pos_acc: 80.0000  s2.loss_bbox: 0.5152  s2.loss_iou: 0.4736  s3.loss_cls: 0.5779  s3.pos_acc: 60.0000  s3.loss_bbox: 0.4872  s3.loss_iou: 0.4561  s4.loss_cls: 0.5791  s4.pos_acc: 80.0000  s4.loss_bbox: 0.4695  s4.loss_iou: 0.4411  s5.loss_cls: 0.5949  s5.pos_acc: 80.0000  s5.loss_bbox: 0.4646  s5.loss_iou: 0.4341
2025/05/18 11:34:51 - mmengine - INFO - Epoch(train) [3][ 700/8276]  lr: 2.5000e-05  eta: 2:20:20  time: 0.2557  data_time: 0.0059  memory: 2063  grad_norm: 132.9129  loss: 9.6349  s0.loss_cls: 0.8858  s0.pos_acc: 100.0000  s0.loss_bbox: 0.8568  s0.loss_iou: 0.7065  s1.loss_cls: 0.5769  s1.pos_acc: 100.0000  s1.loss_bbox: 0.5370  s1.loss_iou: 0.4832  s2.loss_cls: 0.5428  s2.pos_acc: 100.0000  s2.loss_bbox: 0.4663  s2.loss_iou: 0.4249  s3.loss_cls: 0.5438  s3.pos_acc: 100.0000  s3.loss_bbox: 0.4511  s3.loss_iou: 0.4076  s4.loss_cls: 0.5378  s4.pos_acc: 100.0000  s4.loss_bbox: 0.4368  s4.loss_iou: 0.4010  s5.loss_cls: 0.5396  s5.pos_acc: 100.0000  s5.loss_bbox: 0.4383  s5.loss_iou: 0.3990
2025/05/18 11:35:04 - mmengine - INFO - Epoch(train) [3][ 750/8276]  lr: 2.5000e-05  eta: 2:20:07  time: 0.2568  data_time: 0.0059  memory: 2065  grad_norm: 139.0691  loss: 10.1935  s0.loss_cls: 0.9596  s0.pos_acc: 50.0000  s0.loss_bbox: 0.9010  s0.loss_iou: 0.7559  s1.loss_cls: 0.5756  s1.pos_acc: 100.0000  s1.loss_bbox: 0.6049  s1.loss_iou: 0.5165  s2.loss_cls: 0.5533  s2.pos_acc: 50.0000  s2.loss_bbox: 0.5281  s2.loss_iou: 0.4579  s3.loss_cls: 0.5115  s3.pos_acc: 50.0000  s3.loss_bbox: 0.5140  s3.loss_iou: 0.4431  s4.loss_cls: 0.5093  s4.pos_acc: 50.0000  s4.loss_bbox: 0.4951  s4.loss_iou: 0.4305  s5.loss_cls: 0.5039  s5.pos_acc: 50.0000  s5.loss_bbox: 0.4997  s5.loss_iou: 0.4336
2025/05/18 11:35:17 - mmengine - INFO - Epoch(train) [3][ 800/8276]  lr: 2.5000e-05  eta: 2:19:54  time: 0.2604  data_time: 0.0065  memory: 2064  grad_norm: 138.7481  loss: 10.0219  s0.loss_cls: 0.9236  s0.pos_acc: 50.0000  s0.loss_bbox: 0.9180  s0.loss_iou: 0.7361  s1.loss_cls: 0.5756  s1.pos_acc: 66.6667  s1.loss_bbox: 0.5884  s1.loss_iou: 0.4918  s2.loss_cls: 0.5994  s2.pos_acc: 66.6667  s2.loss_bbox: 0.4955  s2.loss_iou: 0.4192  s3.loss_cls: 0.5856  s3.pos_acc: 66.6667  s3.loss_bbox: 0.4583  s3.loss_iou: 0.4004  s4.loss_cls: 0.5955  s4.pos_acc: 66.6667  s4.loss_bbox: 0.4335  s4.loss_iou: 0.3830  s5.loss_cls: 0.6037  s5.pos_acc: 66.6667  s5.loss_bbox: 0.4335  s5.loss_iou: 0.3811
2025/05/18 11:35:30 - mmengine - INFO - Epoch(train) [3][ 850/8276]  lr: 2.5000e-05  eta: 2:19:41  time: 0.2589  data_time: 0.0062  memory: 2063  grad_norm: 132.4146  loss: 9.3642  s0.loss_cls: 0.9221  s0.pos_acc: 42.8571  s0.loss_bbox: 0.8494  s0.loss_iou: 0.6941  s1.loss_cls: 0.5581  s1.pos_acc: 71.4286  s1.loss_bbox: 0.5738  s1.loss_iou: 0.4854  s2.loss_cls: 0.5460  s2.pos_acc: 85.7143  s2.loss_bbox: 0.4547  s2.loss_iou: 0.3957  s3.loss_cls: 0.5391  s3.pos_acc: 85.7143  s3.loss_bbox: 0.4099  s3.loss_iou: 0.3624  s4.loss_cls: 0.5305  s4.pos_acc: 100.0000  s4.loss_bbox: 0.4102  s4.loss_iou: 0.3608  s5.loss_cls: 0.5317  s5.pos_acc: 100.0000  s5.loss_bbox: 0.3930  s5.loss_iou: 0.3475
2025/05/18 11:35:43 - mmengine - INFO - Epoch(train) [3][ 900/8276]  lr: 2.5000e-05  eta: 2:19:29  time: 0.2677  data_time: 0.0075  memory: 2063  grad_norm: 134.5138  loss: 10.2012  s0.loss_cls: 0.9475  s0.pos_acc: 25.0000  s0.loss_bbox: 0.9561  s0.loss_iou: 0.7918  s1.loss_cls: 0.5948  s1.pos_acc: 50.0000  s1.loss_bbox: 0.6218  s1.loss_iou: 0.5298  s2.loss_cls: 0.5745  s2.pos_acc: 25.0000  s2.loss_bbox: 0.4883  s2.loss_iou: 0.4402  s3.loss_cls: 0.5620  s3.pos_acc: 25.0000  s3.loss_bbox: 0.4473  s3.loss_iou: 0.4183  s4.loss_cls: 0.5656  s4.pos_acc: 50.0000  s4.loss_bbox: 0.4447  s4.loss_iou: 0.4123  s5.loss_cls: 0.5627  s5.pos_acc: 25.0000  s5.loss_bbox: 0.4322  s5.loss_iou: 0.4111
2025/05/18 11:35:56 - mmengine - INFO - Epoch(train) [3][ 950/8276]  lr: 2.5000e-05  eta: 2:19:16  time: 0.2602  data_time: 0.0066  memory: 2065  grad_norm: 125.0390  loss: 10.4085  s0.loss_cls: 0.9105  s0.pos_acc: 50.0000  s0.loss_bbox: 0.9311  s0.loss_iou: 0.7914  s1.loss_cls: 0.5980  s1.pos_acc: 100.0000  s1.loss_bbox: 0.5828  s1.loss_iou: 0.5289  s2.loss_cls: 0.5890  s2.pos_acc: 100.0000  s2.loss_bbox: 0.5041  s2.loss_iou: 0.4738  s3.loss_cls: 0.5772  s3.pos_acc: 100.0000  s3.loss_bbox: 0.4866  s3.loss_iou: 0.4568  s4.loss_cls: 0.5984  s4.pos_acc: 100.0000  s4.loss_bbox: 0.4612  s4.loss_iou: 0.4324  s5.loss_cls: 0.6279  s5.pos_acc: 100.0000  s5.loss_bbox: 0.4386  s5.loss_iou: 0.4197
2025/05/18 11:36:09 - mmengine - INFO - Epoch(train) [3][1000/8276]  lr: 2.5000e-05  eta: 2:19:02  time: 0.2564  data_time: 0.0063  memory: 2063  grad_norm: 133.8410  loss: 10.4173  s0.loss_cls: 0.9086  s0.pos_acc: 66.6667  s0.loss_bbox: 0.9662  s0.loss_iou: 0.7918  s1.loss_cls: 0.5816  s1.pos_acc: 83.3333  s1.loss_bbox: 0.6216  s1.loss_iou: 0.5281  s2.loss_cls: 0.5810  s2.pos_acc: 100.0000  s2.loss_bbox: 0.5159  s2.loss_iou: 0.4482  s3.loss_cls: 0.5807  s3.pos_acc: 100.0000  s3.loss_bbox: 0.4786  s3.loss_iou: 0.4261  s4.loss_cls: 0.5827  s4.pos_acc: 100.0000  s4.loss_bbox: 0.4816  s4.loss_iou: 0.4238  s5.loss_cls: 0.6044  s5.pos_acc: 100.0000  s5.loss_bbox: 0.4729  s5.loss_iou: 0.4233
2025/05/18 11:36:22 - mmengine - INFO - Epoch(train) [3][1050/8276]  lr: 2.5000e-05  eta: 2:18:49  time: 0.2523  data_time: 0.0061  memory: 2063  grad_norm: 134.8440  loss: 10.1383  s0.loss_cls: 0.8919  s0.pos_acc: 50.0000  s0.loss_bbox: 0.8862  s0.loss_iou: 0.8021  s1.loss_cls: 0.5536  s1.pos_acc: 50.0000  s1.loss_bbox: 0.5786  s1.loss_iou: 0.5469  s2.loss_cls: 0.5446  s2.pos_acc: 50.0000  s2.loss_bbox: 0.4914  s2.loss_iou: 0.4793  s3.loss_cls: 0.5474  s3.pos_acc: 50.0000  s3.loss_bbox: 0.4679  s3.loss_iou: 0.4666  s4.loss_cls: 0.5466  s4.pos_acc: 0.0000  s4.loss_bbox: 0.4499  s4.loss_iou: 0.4537  s5.loss_cls: 0.5520  s5.pos_acc: 0.0000  s5.loss_bbox: 0.4370  s5.loss_iou: 0.4426
2025/05/18 11:36:35 - mmengine - INFO - Epoch(train) [3][1100/8276]  lr: 2.5000e-05  eta: 2:18:36  time: 0.2631  data_time: 0.0069  memory: 2063  grad_norm: 125.5308  loss: 9.7527  s0.loss_cls: 0.8503  s0.pos_acc: 60.0000  s0.loss_bbox: 0.8941  s0.loss_iou: 0.7613  s1.loss_cls: 0.6212  s1.pos_acc: 60.0000  s1.loss_bbox: 0.5595  s1.loss_iou: 0.4951  s2.loss_cls: 0.5987  s2.pos_acc: 80.0000  s2.loss_bbox: 0.4501  s2.loss_iou: 0.4095  s3.loss_cls: 0.5882  s3.pos_acc: 100.0000  s3.loss_bbox: 0.4121  s3.loss_iou: 0.3767  s4.loss_cls: 0.5819  s4.pos_acc: 100.0000  s4.loss_bbox: 0.4044  s4.loss_iou: 0.3751  s5.loss_cls: 0.5902  s5.pos_acc: 80.0000  s5.loss_bbox: 0.4080  s5.loss_iou: 0.3762
2025/05/18 11:36:48 - mmengine - INFO - Epoch(train) [3][1150/8276]  lr: 2.5000e-05  eta: 2:18:23  time: 0.2573  data_time: 0.0063  memory: 2064  grad_norm: 128.3381  loss: 10.1909  s0.loss_cls: 0.8810  s0.pos_acc: 100.0000  s0.loss_bbox: 0.8808  s0.loss_iou: 0.7707  s1.loss_cls: 0.5435  s1.pos_acc: 100.0000  s1.loss_bbox: 0.5798  s1.loss_iou: 0.5427  s2.loss_cls: 0.5471  s2.pos_acc: 100.0000  s2.loss_bbox: 0.5102  s2.loss_iou: 0.4823  s3.loss_cls: 0.5441  s3.pos_acc: 100.0000  s3.loss_bbox: 0.4827  s3.loss_iou: 0.4608  s4.loss_cls: 0.5482  s4.pos_acc: 100.0000  s4.loss_bbox: 0.4750  s4.loss_iou: 0.4524  s5.loss_cls: 0.5859  s5.pos_acc: 100.0000  s5.loss_bbox: 0.4564  s5.loss_iou: 0.4472
2025/05/18 11:37:01 - mmengine - INFO - Epoch(train) [3][1200/8276]  lr: 2.5000e-05  eta: 2:18:10  time: 0.2582  data_time: 0.0060  memory: 2064  grad_norm: 127.5818  loss: 10.3087  s0.loss_cls: 0.9725  s0.pos_acc: 45.4545  s0.loss_bbox: 0.8887  s0.loss_iou: 0.7674  s1.loss_cls: 0.6362  s1.pos_acc: 54.5455  s1.loss_bbox: 0.5888  s1.loss_iou: 0.5362  s2.loss_cls: 0.6007  s2.pos_acc: 45.4545  s2.loss_bbox: 0.4873  s2.loss_iou: 0.4513  s3.loss_cls: 0.5854  s3.pos_acc: 54.5455  s3.loss_bbox: 0.4568  s3.loss_iou: 0.4267  s4.loss_cls: 0.5718  s4.pos_acc: 54.5455  s4.loss_bbox: 0.4562  s4.loss_iou: 0.4272  s5.loss_cls: 0.5731  s5.pos_acc: 54.5455  s5.loss_bbox: 0.4549  s5.loss_iou: 0.4276
2025/05/18 11:37:14 - mmengine - INFO - Epoch(train) [3][1250/8276]  lr: 2.5000e-05  eta: 2:17:57  time: 0.2571  data_time: 0.0060  memory: 2064  grad_norm: 135.1701  loss: 10.4404  s0.loss_cls: 0.9693  s0.pos_acc: 50.0000  s0.loss_bbox: 0.9212  s0.loss_iou: 0.8308  s1.loss_cls: 0.6460  s1.pos_acc: 75.0000  s1.loss_bbox: 0.5716  s1.loss_iou: 0.5449  s2.loss_cls: 0.5986  s2.pos_acc: 100.0000  s2.loss_bbox: 0.4951  s2.loss_iou: 0.4654  s3.loss_cls: 0.5757  s3.pos_acc: 100.0000  s3.loss_bbox: 0.4623  s3.loss_iou: 0.4532  s4.loss_cls: 0.5809  s4.pos_acc: 75.0000  s4.loss_bbox: 0.4425  s4.loss_iou: 0.4361  s5.loss_cls: 0.5775  s5.pos_acc: 100.0000  s5.loss_bbox: 0.4401  s5.loss_iou: 0.4292
2025/05/18 11:37:26 - mmengine - INFO - Epoch(train) [3][1300/8276]  lr: 2.5000e-05  eta: 2:17:43  time: 0.2551  data_time: 0.0062  memory: 2064  grad_norm: 142.4621  loss: 9.6300  s0.loss_cls: 0.9208  s0.pos_acc: 85.7143  s0.loss_bbox: 0.8976  s0.loss_iou: 0.7452  s1.loss_cls: 0.5370  s1.pos_acc: 85.7143  s1.loss_bbox: 0.5700  s1.loss_iou: 0.4982  s2.loss_cls: 0.5063  s2.pos_acc: 85.7143  s2.loss_bbox: 0.4891  s2.loss_iou: 0.4260  s3.loss_cls: 0.4762  s3.pos_acc: 85.7143  s3.loss_bbox: 0.4608  s3.loss_iou: 0.4069  s4.loss_cls: 0.4757  s4.pos_acc: 85.7143  s4.loss_bbox: 0.4633  s4.loss_iou: 0.4082  s5.loss_cls: 0.4610  s5.pos_acc: 100.0000  s5.loss_bbox: 0.4744  s5.loss_iou: 0.4133
2025/05/18 11:37:39 - mmengine - INFO - Epoch(train) [3][1350/8276]  lr: 2.5000e-05  eta: 2:17:30  time: 0.2559  data_time: 0.0061  memory: 2064  grad_norm: 130.4371  loss: 10.7341  s0.loss_cls: 0.8995  s0.pos_acc: 0.0000  s0.loss_bbox: 0.9141  s0.loss_iou: 0.7967  s1.loss_cls: 0.6294  s1.pos_acc: 71.4286  s1.loss_bbox: 0.6062  s1.loss_iou: 0.5662  s2.loss_cls: 0.6061  s2.pos_acc: 100.0000  s2.loss_bbox: 0.5166  s2.loss_iou: 0.4973  s3.loss_cls: 0.6106  s3.pos_acc: 100.0000  s3.loss_bbox: 0.4982  s3.loss_iou: 0.4795  s4.loss_cls: 0.6092  s4.pos_acc: 100.0000  s4.loss_bbox: 0.4918  s4.loss_iou: 0.4709  s5.loss_cls: 0.6281  s5.pos_acc: 85.7143  s5.loss_bbox: 0.4616  s5.loss_iou: 0.4520
2025/05/18 11:37:52 - mmengine - INFO - Epoch(train) [3][1400/8276]  lr: 2.5000e-05  eta: 2:17:17  time: 0.2588  data_time: 0.0064  memory: 2064  grad_norm: 133.9053  loss: 10.3543  s0.loss_cls: 0.9865  s0.pos_acc: 0.0000  s0.loss_bbox: 0.9391  s0.loss_iou: 0.7460  s1.loss_cls: 0.6611  s1.pos_acc: 100.0000  s1.loss_bbox: 0.5755  s1.loss_iou: 0.5033  s2.loss_cls: 0.6148  s2.pos_acc: 100.0000  s2.loss_bbox: 0.4871  s2.loss_iou: 0.4370  s3.loss_cls: 0.6058  s3.pos_acc: 100.0000  s3.loss_bbox: 0.4526  s3.loss_iou: 0.4166  s4.loss_cls: 0.5939  s4.pos_acc: 100.0000  s4.loss_bbox: 0.4562  s4.loss_iou: 0.4124  s5.loss_cls: 0.6206  s5.pos_acc: 100.0000  s5.loss_bbox: 0.4443  s5.loss_iou: 0.4014
2025/05/18 11:38:04 - mmengine - INFO - Exp name: sparse-rcnn_voc_20250518_101231
2025/05/18 11:38:05 - mmengine - INFO - Epoch(train) [3][1450/8276]  lr: 2.5000e-05  eta: 2:17:04  time: 0.2593  data_time: 0.0064  memory: 2064  grad_norm: 143.6313  loss: 10.4481  s0.loss_cls: 0.9664  s0.pos_acc: 50.0000  s0.loss_bbox: 0.9812  s0.loss_iou: 0.7834  s1.loss_cls: 0.6317  s1.pos_acc: 75.0000  s1.loss_bbox: 0.6000  s1.loss_iou: 0.5002  s2.loss_cls: 0.6051  s2.pos_acc: 75.0000  s2.loss_bbox: 0.5137  s2.loss_iou: 0.4343  s3.loss_cls: 0.5693  s3.pos_acc: 100.0000  s3.loss_bbox: 0.5042  s3.loss_iou: 0.4263  s4.loss_cls: 0.5497  s4.pos_acc: 75.0000  s4.loss_bbox: 0.4968  s4.loss_iou: 0.4160  s5.loss_cls: 0.5704  s5.pos_acc: 75.0000  s5.loss_bbox: 0.4887  s5.loss_iou: 0.4107
2025/05/18 11:38:18 - mmengine - INFO - Epoch(train) [3][1500/8276]  lr: 2.5000e-05  eta: 2:16:51  time: 0.2678  data_time: 0.0071  memory: 2065  grad_norm: 141.7777  loss: 9.3604  s0.loss_cls: 0.8632  s0.pos_acc: 42.8571  s0.loss_bbox: 0.8532  s0.loss_iou: 0.7032  s1.loss_cls: 0.5369  s1.pos_acc: 100.0000  s1.loss_bbox: 0.5674  s1.loss_iou: 0.4681  s2.loss_cls: 0.5477  s2.pos_acc: 100.0000  s2.loss_bbox: 0.4644  s2.loss_iou: 0.3916  s3.loss_cls: 0.5408  s3.pos_acc: 100.0000  s3.loss_bbox: 0.4342  s3.loss_iou: 0.3729  s4.loss_cls: 0.5419  s4.pos_acc: 100.0000  s4.loss_bbox: 0.4130  s4.loss_iou: 0.3637  s5.loss_cls: 0.5442  s5.pos_acc: 100.0000  s5.loss_bbox: 0.4010  s5.loss_iou: 0.3531
2025/05/18 11:38:31 - mmengine - INFO - Epoch(train) [3][1550/8276]  lr: 2.5000e-05  eta: 2:16:38  time: 0.2595  data_time: 0.0062  memory: 2065  grad_norm: 143.9109  loss: 9.9915  s0.loss_cls: 0.9751  s0.pos_acc: 50.0000  s0.loss_bbox: 0.8440  s0.loss_iou: 0.7131  s1.loss_cls: 0.6386  s1.pos_acc: 100.0000  s1.loss_bbox: 0.5545  s1.loss_iou: 0.4745  s2.loss_cls: 0.6448  s2.pos_acc: 100.0000  s2.loss_bbox: 0.4663  s2.loss_iou: 0.4148  s3.loss_cls: 0.6076  s3.pos_acc: 100.0000  s3.loss_bbox: 0.4304  s3.loss_iou: 0.3936  s4.loss_cls: 0.6062  s4.pos_acc: 100.0000  s4.loss_bbox: 0.4267  s4.loss_iou: 0.3864  s5.loss_cls: 0.6090  s5.pos_acc: 100.0000  s5.loss_bbox: 0.4206  s5.loss_iou: 0.3853
2025/05/18 11:38:44 - mmengine - INFO - Epoch(train) [3][1600/8276]  lr: 2.5000e-05  eta: 2:16:25  time: 0.2565  data_time: 0.0060  memory: 2065  grad_norm: 129.4592  loss: 11.3681  s0.loss_cls: 0.9567  s0.pos_acc: 66.6667  s0.loss_bbox: 0.9502  s0.loss_iou: 0.8138  s1.loss_cls: 0.6349  s1.pos_acc: 100.0000  s1.loss_bbox: 0.6720  s1.loss_iou: 0.5758  s2.loss_cls: 0.6350  s2.pos_acc: 100.0000  s2.loss_bbox: 0.5853  s2.loss_iou: 0.5176  s3.loss_cls: 0.6488  s3.pos_acc: 100.0000  s3.loss_bbox: 0.5469  s3.loss_iou: 0.4918  s4.loss_cls: 0.6627  s4.pos_acc: 100.0000  s4.loss_bbox: 0.5270  s4.loss_iou: 0.4808  s5.loss_cls: 0.6725  s5.pos_acc: 100.0000  s5.loss_bbox: 0.5168  s5.loss_iou: 0.4793
2025/05/18 11:38:57 - mmengine - INFO - Epoch(train) [3][1650/8276]  lr: 2.5000e-05  eta: 2:16:12  time: 0.2552  data_time: 0.0058  memory: 2065  grad_norm: 137.2347  loss: 9.8795  s0.loss_cls: 0.9261  s0.pos_acc: 50.0000  s0.loss_bbox: 0.8784  s0.loss_iou: 0.7681  s1.loss_cls: 0.5543  s1.pos_acc: 100.0000  s1.loss_bbox: 0.5835  s1.loss_iou: 0.5329  s2.loss_cls: 0.5197  s2.pos_acc: 100.0000  s2.loss_bbox: 0.4814  s2.loss_iou: 0.4475  s3.loss_cls: 0.5180  s3.pos_acc: 100.0000  s3.loss_bbox: 0.4592  s3.loss_iou: 0.4309  s4.loss_cls: 0.5045  s4.pos_acc: 100.0000  s4.loss_bbox: 0.4545  s4.loss_iou: 0.4292  s5.loss_cls: 0.5199  s5.pos_acc: 100.0000  s5.loss_bbox: 0.4470  s5.loss_iou: 0.4242
2025/05/18 11:39:10 - mmengine - INFO - Epoch(train) [3][1700/8276]  lr: 2.5000e-05  eta: 2:15:59  time: 0.2607  data_time: 0.0069  memory: 2064  grad_norm: 132.0008  loss: 10.3427  s0.loss_cls: 0.9645  s0.pos_acc: 80.0000  s0.loss_bbox: 0.9160  s0.loss_iou: 0.8323  s1.loss_cls: 0.5824  s1.pos_acc: 100.0000  s1.loss_bbox: 0.6063  s1.loss_iou: 0.5543  s2.loss_cls: 0.5400  s2.pos_acc: 100.0000  s2.loss_bbox: 0.4845  s2.loss_iou: 0.4694  s3.loss_cls: 0.5506  s3.pos_acc: 100.0000  s3.loss_bbox: 0.4514  s3.loss_iou: 0.4475  s4.loss_cls: 0.5428  s4.pos_acc: 100.0000  s4.loss_bbox: 0.4687  s4.loss_iou: 0.4573  s5.loss_cls: 0.5509  s5.pos_acc: 100.0000  s5.loss_bbox: 0.4682  s5.loss_iou: 0.4557
2025/05/18 11:39:23 - mmengine - INFO - Epoch(train) [3][1750/8276]  lr: 2.5000e-05  eta: 2:15:46  time: 0.2603  data_time: 0.0064  memory: 2064  grad_norm: 135.1952  loss: 10.2911  s0.loss_cls: 0.9007  s0.pos_acc: 37.5000  s0.loss_bbox: 0.8799  s0.loss_iou: 0.7583  s1.loss_cls: 0.5883  s1.pos_acc: 100.0000  s1.loss_bbox: 0.5874  s1.loss_iou: 0.5304  s2.loss_cls: 0.5545  s2.pos_acc: 100.0000  s2.loss_bbox: 0.5306  s2.loss_iou: 0.4723  s3.loss_cls: 0.5564  s3.pos_acc: 100.0000  s3.loss_bbox: 0.4977  s3.loss_iou: 0.4517  s4.loss_cls: 0.5412  s4.pos_acc: 100.0000  s4.loss_bbox: 0.4968  s4.loss_iou: 0.4482  s5.loss_cls: 0.5608  s5.pos_acc: 100.0000  s5.loss_bbox: 0.4936  s5.loss_iou: 0.4423
2025/05/18 11:39:36 - mmengine - INFO - Epoch(train) [3][1800/8276]  lr: 2.5000e-05  eta: 2:15:33  time: 0.2610  data_time: 0.0066  memory: 2064  grad_norm: 134.0283  loss: 10.8023  s0.loss_cls: 0.9495  s0.pos_acc: 0.0000  s0.loss_bbox: 0.9483  s0.loss_iou: 0.7800  s1.loss_cls: 0.6688  s1.pos_acc: 66.6667  s1.loss_bbox: 0.6110  s1.loss_iou: 0.5322  s2.loss_cls: 0.6480  s2.pos_acc: 100.0000  s2.loss_bbox: 0.5467  s2.loss_iou: 0.4741  s3.loss_cls: 0.6517  s3.pos_acc: 100.0000  s3.loss_bbox: 0.4930  s3.loss_iou: 0.4336  s4.loss_cls: 0.6060  s4.pos_acc: 100.0000  s4.loss_bbox: 0.4892  s4.loss_iou: 0.4393  s5.loss_cls: 0.6372  s5.pos_acc: 100.0000  s5.loss_bbox: 0.4687  s5.loss_iou: 0.4251
2025/05/18 11:39:49 - mmengine - INFO - Epoch(train) [3][1850/8276]  lr: 2.5000e-05  eta: 2:15:20  time: 0.2606  data_time: 0.0065  memory: 2064  grad_norm: 137.0125  loss: 10.1250  s0.loss_cls: 0.8923  s0.pos_acc: 100.0000  s0.loss_bbox: 0.9084  s0.loss_iou: 0.7207  s1.loss_cls: 0.6086  s1.pos_acc: 75.0000  s1.loss_bbox: 0.5777  s1.loss_iou: 0.4928  s2.loss_cls: 0.5756  s2.pos_acc: 75.0000  s2.loss_bbox: 0.5226  s2.loss_iou: 0.4472  s3.loss_cls: 0.5825  s3.pos_acc: 100.0000  s3.loss_bbox: 0.4671  s3.loss_iou: 0.4150  s4.loss_cls: 0.5819  s4.pos_acc: 100.0000  s4.loss_bbox: 0.4601  s4.loss_iou: 0.4106  s5.loss_cls: 0.5946  s5.pos_acc: 100.0000  s5.loss_bbox: 0.4598  s5.loss_iou: 0.4076
2025/05/18 11:40:02 - mmengine - INFO - Epoch(train) [3][1900/8276]  lr: 2.5000e-05  eta: 2:15:06  time: 0.2535  data_time: 0.0054  memory: 2063  grad_norm: 119.2492  loss: 10.8428  s0.loss_cls: 0.9160  s0.pos_acc: 66.6667  s0.loss_bbox: 0.9188  s0.loss_iou: 0.7901  s1.loss_cls: 0.6454  s1.pos_acc: 66.6667  s1.loss_bbox: 0.6110  s1.loss_iou: 0.5417  s2.loss_cls: 0.6275  s2.pos_acc: 66.6667  s2.loss_bbox: 0.5359  s2.loss_iou: 0.4917  s3.loss_cls: 0.6123  s3.pos_acc: 66.6667  s3.loss_bbox: 0.5143  s3.loss_iou: 0.4813  s4.loss_cls: 0.6367  s4.pos_acc: 66.6667  s4.loss_bbox: 0.4818  s4.loss_iou: 0.4644  s5.loss_cls: 0.6336  s5.pos_acc: 66.6667  s5.loss_bbox: 0.4768  s5.loss_iou: 0.4633
2025/05/18 11:40:15 - mmengine - INFO - Epoch(train) [3][1950/8276]  lr: 2.5000e-05  eta: 2:14:53  time: 0.2599  data_time: 0.0063  memory: 2064  grad_norm: 138.3091  loss: 9.9811  s0.loss_cls: 0.9023  s0.pos_acc: 100.0000  s0.loss_bbox: 0.9203  s0.loss_iou: 0.7517  s1.loss_cls: 0.5986  s1.pos_acc: 100.0000  s1.loss_bbox: 0.5688  s1.loss_iou: 0.4957  s2.loss_cls: 0.5673  s2.pos_acc: 100.0000  s2.loss_bbox: 0.4887  s2.loss_iou: 0.4306  s3.loss_cls: 0.5547  s3.pos_acc: 100.0000  s3.loss_bbox: 0.4617  s3.loss_iou: 0.4187  s4.loss_cls: 0.5571  s4.pos_acc: 100.0000  s4.loss_bbox: 0.4488  s4.loss_iou: 0.4090  s5.loss_cls: 0.5653  s5.pos_acc: 100.0000  s5.loss_bbox: 0.4376  s5.loss_iou: 0.4043
2025/05/18 11:40:28 - mmengine - INFO - Epoch(train) [3][2000/8276]  lr: 2.5000e-05  eta: 2:14:41  time: 0.2611  data_time: 0.0063  memory: 2065  grad_norm: 140.0940  loss: 10.0800  s0.loss_cls: 0.9199  s0.pos_acc: 55.5556  s0.loss_bbox: 0.8434  s0.loss_iou: 0.6875  s1.loss_cls: 0.6160  s1.pos_acc: 66.6667  s1.loss_bbox: 0.5794  s1.loss_iou: 0.4800  s2.loss_cls: 0.6237  s2.pos_acc: 66.6667  s2.loss_bbox: 0.4912  s2.loss_iou: 0.4108  s3.loss_cls: 0.6027  s3.pos_acc: 66.6667  s3.loss_bbox: 0.4713  s3.loss_iou: 0.3995  s4.loss_cls: 0.6142  s4.pos_acc: 66.6667  s4.loss_bbox: 0.4665  s4.loss_iou: 0.3936  s5.loss_cls: 0.6276  s5.pos_acc: 66.6667  s5.loss_bbox: 0.4618  s5.loss_iou: 0.3908
2025/05/18 11:40:40 - mmengine - INFO - Epoch(train) [3][2050/8276]  lr: 2.5000e-05  eta: 2:14:27  time: 0.2513  data_time: 0.0055  memory: 2064  grad_norm: 119.2936  loss: 10.7155  s0.loss_cls: 0.9902  s0.pos_acc: 25.0000  s0.loss_bbox: 0.9147  s0.loss_iou: 0.7971  s1.loss_cls: 0.6264  s1.pos_acc: 100.0000  s1.loss_bbox: 0.6014  s1.loss_iou: 0.5388  s2.loss_cls: 0.6257  s2.pos_acc: 100.0000  s2.loss_bbox: 0.5135  s2.loss_iou: 0.4641  s3.loss_cls: 0.6406  s3.pos_acc: 100.0000  s3.loss_bbox: 0.4818  s3.loss_iou: 0.4405  s4.loss_cls: 0.6508  s4.pos_acc: 100.0000  s4.loss_bbox: 0.4592  s4.loss_iou: 0.4233  s5.loss_cls: 0.6786  s5.pos_acc: 75.0000  s5.loss_bbox: 0.4536  s5.loss_iou: 0.4151
2025/05/18 11:40:53 - mmengine - INFO - Epoch(train) [3][2100/8276]  lr: 2.5000e-05  eta: 2:14:14  time: 0.2581  data_time: 0.0063  memory: 2063  grad_norm: 135.0074  loss: 10.6020  s0.loss_cls: 0.9227  s0.pos_acc: 0.0000  s0.loss_bbox: 0.9744  s0.loss_iou: 0.7931  s1.loss_cls: 0.6690  s1.pos_acc: 100.0000  s1.loss_bbox: 0.6147  s1.loss_iou: 0.5138  s2.loss_cls: 0.6477  s2.pos_acc: 100.0000  s2.loss_bbox: 0.5023  s2.loss_iou: 0.4317  s3.loss_cls: 0.6447  s3.pos_acc: 100.0000  s3.loss_bbox: 0.4776  s3.loss_iou: 0.4165  s4.loss_cls: 0.6542  s4.pos_acc: 100.0000  s4.loss_bbox: 0.4487  s4.loss_iou: 0.3950  s5.loss_cls: 0.6725  s5.pos_acc: 100.0000  s5.loss_bbox: 0.4353  s5.loss_iou: 0.3881
2025/05/18 11:41:06 - mmengine - INFO - Epoch(train) [3][2150/8276]  lr: 2.5000e-05  eta: 2:14:01  time: 0.2572  data_time: 0.0061  memory: 2063  grad_norm: 135.6398  loss: 10.3080  s0.loss_cls: 0.9415  s0.pos_acc: 66.6667  s0.loss_bbox: 0.8312  s0.loss_iou: 0.7105  s1.loss_cls: 0.6096  s1.pos_acc: 100.0000  s1.loss_bbox: 0.5845  s1.loss_iou: 0.5047  s2.loss_cls: 0.6070  s2.pos_acc: 100.0000  s2.loss_bbox: 0.5219  s2.loss_iou: 0.4552  s3.loss_cls: 0.5803  s3.pos_acc: 100.0000  s3.loss_bbox: 0.4932  s3.loss_iou: 0.4381  s4.loss_cls: 0.5768  s4.pos_acc: 100.0000  s4.loss_bbox: 0.4945  s4.loss_iou: 0.4425  s5.loss_cls: 0.5744  s5.pos_acc: 100.0000  s5.loss_bbox: 0.5003  s5.loss_iou: 0.4419
2025/05/18 11:41:19 - mmengine - INFO - Epoch(train) [3][2200/8276]  lr: 2.5000e-05  eta: 2:13:47  time: 0.2522  data_time: 0.0055  memory: 2064  grad_norm: 132.1782  loss: 10.2896  s0.loss_cls: 0.9159  s0.pos_acc: 50.0000  s0.loss_bbox: 0.9141  s0.loss_iou: 0.7540  s1.loss_cls: 0.6449  s1.pos_acc: 100.0000  s1.loss_bbox: 0.5721  s1.loss_iou: 0.5002  s2.loss_cls: 0.6306  s2.pos_acc: 75.0000  s2.loss_bbox: 0.4838  s2.loss_iou: 0.4338  s3.loss_cls: 0.6181  s3.pos_acc: 75.0000  s3.loss_bbox: 0.4605  s3.loss_iou: 0.4163  s4.loss_cls: 0.6285  s4.pos_acc: 75.0000  s4.loss_bbox: 0.4461  s4.loss_iou: 0.4079  s5.loss_cls: 0.6373  s5.pos_acc: 75.0000  s5.loss_bbox: 0.4257  s5.loss_iou: 0.3998
2025/05/18 11:41:32 - mmengine - INFO - Epoch(train) [3][2250/8276]  lr: 2.5000e-05  eta: 2:13:34  time: 0.2621  data_time: 0.0067  memory: 2065  grad_norm: 128.8896  loss: 9.8346  s0.loss_cls: 0.8578  s0.pos_acc: 100.0000  s0.loss_bbox: 0.8641  s0.loss_iou: 0.7804  s1.loss_cls: 0.5676  s1.pos_acc: 100.0000  s1.loss_bbox: 0.5430  s1.loss_iou: 0.5191  s2.loss_cls: 0.5675  s2.pos_acc: 100.0000  s2.loss_bbox: 0.4641  s2.loss_iou: 0.4502  s3.loss_cls: 0.5480  s3.pos_acc: 100.0000  s3.loss_bbox: 0.4522  s3.loss_iou: 0.4330  s4.loss_cls: 0.5444  s4.pos_acc: 100.0000  s4.loss_bbox: 0.4267  s4.loss_iou: 0.4202  s5.loss_cls: 0.5544  s5.pos_acc: 100.0000  s5.loss_bbox: 0.4256  s5.loss_iou: 0.4161
2025/05/18 11:41:45 - mmengine - INFO - Epoch(train) [3][2300/8276]  lr: 2.5000e-05  eta: 2:13:21  time: 0.2575  data_time: 0.0060  memory: 2065  grad_norm: 139.5676  loss: 9.9316  s0.loss_cls: 0.8742  s0.pos_acc: 33.3333  s0.loss_bbox: 0.8482  s0.loss_iou: 0.7394  s1.loss_cls: 0.5856  s1.pos_acc: 33.3333  s1.loss_bbox: 0.5823  s1.loss_iou: 0.5116  s2.loss_cls: 0.5890  s2.pos_acc: 33.3333  s2.loss_bbox: 0.4980  s2.loss_iou: 0.4363  s3.loss_cls: 0.5700  s3.pos_acc: 0.0000  s3.loss_bbox: 0.4545  s3.loss_iou: 0.4072  s4.loss_cls: 0.5723  s4.pos_acc: 33.3333  s4.loss_bbox: 0.4401  s4.loss_iou: 0.4024  s5.loss_cls: 0.5703  s5.pos_acc: 33.3333  s5.loss_bbox: 0.4438  s5.loss_iou: 0.4064
2025/05/18 11:41:57 - mmengine - INFO - Epoch(train) [3][2350/8276]  lr: 2.5000e-05  eta: 2:13:07  time: 0.2534  data_time: 0.0060  memory: 2064  grad_norm: 124.3507  loss: 10.4145  s0.loss_cls: 0.9582  s0.pos_acc: 50.0000  s0.loss_bbox: 0.8885  s0.loss_iou: 0.7602  s1.loss_cls: 0.6495  s1.pos_acc: 100.0000  s1.loss_bbox: 0.5575  s1.loss_iou: 0.5027  s2.loss_cls: 0.5947  s2.pos_acc: 100.0000  s2.loss_bbox: 0.5131  s2.loss_iou: 0.4607  s3.loss_cls: 0.6205  s3.pos_acc: 100.0000  s3.loss_bbox: 0.4734  s3.loss_iou: 0.4326  s4.loss_cls: 0.6347  s4.pos_acc: 100.0000  s4.loss_bbox: 0.4452  s4.loss_iou: 0.4188  s5.loss_cls: 0.6158  s5.pos_acc: 100.0000  s5.loss_bbox: 0.4609  s5.loss_iou: 0.4277
2025/05/18 11:42:11 - mmengine - INFO - Epoch(train) [3][2400/8276]  lr: 2.5000e-05  eta: 2:12:56  time: 0.2731  data_time: 0.0069  memory: 2064  grad_norm: 136.6803  loss: 10.4780  s0.loss_cls: 0.9542  s0.pos_acc: 80.0000  s0.loss_bbox: 0.8672  s0.loss_iou: 0.7611  s1.loss_cls: 0.6939  s1.pos_acc: 80.0000  s1.loss_bbox: 0.5907  s1.loss_iou: 0.5306  s2.loss_cls: 0.6574  s2.pos_acc: 80.0000  s2.loss_bbox: 0.4909  s2.loss_iou: 0.4484  s3.loss_cls: 0.6369  s3.pos_acc: 80.0000  s3.loss_bbox: 0.4507  s3.loss_iou: 0.4280  s4.loss_cls: 0.6427  s4.pos_acc: 80.0000  s4.loss_bbox: 0.4337  s4.loss_iou: 0.4129  s5.loss_cls: 0.6336  s5.pos_acc: 80.0000  s5.loss_bbox: 0.4342  s5.loss_iou: 0.4110
2025/05/18 11:42:24 - mmengine - INFO - Exp name: sparse-rcnn_voc_20250518_101231
2025/05/18 11:42:24 - mmengine - INFO - Epoch(train) [3][2450/8276]  lr: 2.5000e-05  eta: 2:12:43  time: 0.2663  data_time: 0.0071  memory: 2064  grad_norm: 137.7003  loss: 10.3131  s0.loss_cls: 0.8469  s0.pos_acc: 30.0000  s0.loss_bbox: 0.8862  s0.loss_iou: 0.7969  s1.loss_cls: 0.5799  s1.pos_acc: 40.0000  s1.loss_bbox: 0.5586  s1.loss_iou: 0.5382  s2.loss_cls: 0.5377  s2.pos_acc: 40.0000  s2.loss_bbox: 0.5289  s2.loss_iou: 0.4999  s3.loss_cls: 0.5416  s3.pos_acc: 40.0000  s3.loss_bbox: 0.4942  s3.loss_iou: 0.4808  s4.loss_cls: 0.5317  s4.pos_acc: 40.0000  s4.loss_bbox: 0.4884  s4.loss_iou: 0.4758  s5.loss_cls: 0.5489  s5.pos_acc: 40.0000  s5.loss_bbox: 0.4983  s5.loss_iou: 0.4802
2025/05/18 11:42:38 - mmengine - INFO - Epoch(train) [3][2500/8276]  lr: 2.5000e-05  eta: 2:12:31  time: 0.2670  data_time: 0.0073  memory: 2064  grad_norm: 137.3350  loss: 10.0147  s0.loss_cls: 0.8616  s0.pos_acc: 42.8571  s0.loss_bbox: 0.8683  s0.loss_iou: 0.6953  s1.loss_cls: 0.6243  s1.pos_acc: 57.1429  s1.loss_bbox: 0.5732  s1.loss_iou: 0.4845  s2.loss_cls: 0.6130  s2.pos_acc: 57.1429  s2.loss_bbox: 0.4915  s2.loss_iou: 0.4218  s3.loss_cls: 0.6077  s3.pos_acc: 57.1429  s3.loss_bbox: 0.4666  s3.loss_iou: 0.4023  s4.loss_cls: 0.6246  s4.pos_acc: 71.4286  s4.loss_bbox: 0.4449  s4.loss_iou: 0.3909  s5.loss_cls: 0.6222  s5.pos_acc: 71.4286  s5.loss_bbox: 0.4379  s5.loss_iou: 0.3842
2025/05/18 11:42:51 - mmengine - INFO - Epoch(train) [3][2550/8276]  lr: 2.5000e-05  eta: 2:12:18  time: 0.2603  data_time: 0.0068  memory: 2064  grad_norm: 131.4295  loss: 10.9704  s0.loss_cls: 0.9118  s0.pos_acc: 100.0000  s0.loss_bbox: 0.9334  s0.loss_iou: 0.7900  s1.loss_cls: 0.7079  s1.pos_acc: 100.0000  s1.loss_bbox: 0.5886  s1.loss_iou: 0.5339  s2.loss_cls: 0.6931  s2.pos_acc: 100.0000  s2.loss_bbox: 0.5203  s2.loss_iou: 0.4704  s3.loss_cls: 0.6705  s3.pos_acc: 100.0000  s3.loss_bbox: 0.4913  s3.loss_iou: 0.4466  s4.loss_cls: 0.6756  s4.pos_acc: 100.0000  s4.loss_bbox: 0.4873  s4.loss_iou: 0.4452  s5.loss_cls: 0.6686  s5.pos_acc: 100.0000  s5.loss_bbox: 0.4876  s5.loss_iou: 0.4483
2025/05/18 11:43:04 - mmengine - INFO - Epoch(train) [3][2600/8276]  lr: 2.5000e-05  eta: 2:12:04  time: 0.2559  data_time: 0.0062  memory: 2064  grad_norm: 130.2973  loss: 9.2960  s0.loss_cls: 0.9553  s0.pos_acc: 50.0000  s0.loss_bbox: 0.8544  s0.loss_iou: 0.8200  s1.loss_cls: 0.5537  s1.pos_acc: 50.0000  s1.loss_bbox: 0.4937  s1.loss_iou: 0.4983  s2.loss_cls: 0.5409  s2.pos_acc: 100.0000  s2.loss_bbox: 0.3975  s2.loss_iou: 0.4083  s3.loss_cls: 0.5402  s3.pos_acc: 50.0000  s3.loss_bbox: 0.3645  s3.loss_iou: 0.3811  s4.loss_cls: 0.5265  s4.pos_acc: 50.0000  s4.loss_bbox: 0.3472  s4.loss_iou: 0.3730  s5.loss_cls: 0.5208  s5.pos_acc: 50.0000  s5.loss_bbox: 0.3487  s5.loss_iou: 0.3718
2025/05/18 11:43:17 - mmengine - INFO - Epoch(train) [3][2650/8276]  lr: 2.5000e-05  eta: 2:11:52  time: 0.2667  data_time: 0.0071  memory: 2064  grad_norm: 127.7710  loss: 10.1261  s0.loss_cls: 0.8813  s0.pos_acc: 33.3333  s0.loss_bbox: 0.9124  s0.loss_iou: 0.7935  s1.loss_cls: 0.5720  s1.pos_acc: 100.0000  s1.loss_bbox: 0.5857  s1.loss_iou: 0.5360  s2.loss_cls: 0.5410  s2.pos_acc: 100.0000  s2.loss_bbox: 0.4984  s2.loss_iou: 0.4650  s3.loss_cls: 0.5237  s3.pos_acc: 100.0000  s3.loss_bbox: 0.4768  s3.loss_iou: 0.4462  s4.loss_cls: 0.5371  s4.pos_acc: 100.0000  s4.loss_bbox: 0.4752  s4.loss_iou: 0.4437  s5.loss_cls: 0.5249  s5.pos_acc: 100.0000  s5.loss_bbox: 0.4728  s5.loss_iou: 0.4403
2025/05/18 11:43:30 - mmengine - INFO - Epoch(train) [3][2700/8276]  lr: 2.5000e-05  eta: 2:11:39  time: 0.2553  data_time: 0.0058  memory: 2063  grad_norm: 133.5465  loss: 9.5583  s0.loss_cls: 0.8299  s0.pos_acc: 66.6667  s0.loss_bbox: 0.9509  s0.loss_iou: 0.7515  s1.loss_cls: 0.5318  s1.pos_acc: 100.0000  s1.loss_bbox: 0.5791  s1.loss_iou: 0.4934  s2.loss_cls: 0.5356  s2.pos_acc: 100.0000  s2.loss_bbox: 0.4689  s2.loss_iou: 0.4057  s3.loss_cls: 0.5247  s3.pos_acc: 100.0000  s3.loss_bbox: 0.4465  s3.loss_iou: 0.3880  s4.loss_cls: 0.5098  s4.pos_acc: 100.0000  s4.loss_bbox: 0.4406  s4.loss_iou: 0.3833  s5.loss_cls: 0.5034  s5.pos_acc: 100.0000  s5.loss_bbox: 0.4365  s5.loss_iou: 0.3785
2025/05/18 11:43:43 - mmengine - INFO - Epoch(train) [3][2750/8276]  lr: 2.5000e-05  eta: 2:11:26  time: 0.2601  data_time: 0.0067  memory: 2063  grad_norm: 132.7290  loss: 9.3623  s0.loss_cls: 0.8703  s0.pos_acc: 66.6667  s0.loss_bbox: 0.8611  s0.loss_iou: 0.7279  s1.loss_cls: 0.5389  s1.pos_acc: 100.0000  s1.loss_bbox: 0.5641  s1.loss_iou: 0.4739  s2.loss_cls: 0.5117  s2.pos_acc: 100.0000  s2.loss_bbox: 0.4748  s2.loss_iou: 0.3980  s3.loss_cls: 0.5156  s3.pos_acc: 100.0000  s3.loss_bbox: 0.4348  s3.loss_iou: 0.3730  s4.loss_cls: 0.5145  s4.pos_acc: 100.0000  s4.loss_bbox: 0.4200  s4.loss_iou: 0.3676  s5.loss_cls: 0.5169  s5.pos_acc: 83.3333  s5.loss_bbox: 0.4267  s5.loss_iou: 0.3725
2025/05/18 11:43:55 - mmengine - INFO - Epoch(train) [3][2800/8276]  lr: 2.5000e-05  eta: 2:11:12  time: 0.2528  data_time: 0.0056  memory: 2064  grad_norm: 126.2748  loss: 10.6505  s0.loss_cls: 0.9857  s0.pos_acc: 50.0000  s0.loss_bbox: 0.8612  s0.loss_iou: 0.7899  s1.loss_cls: 0.6630  s1.pos_acc: 100.0000  s1.loss_bbox: 0.5492  s1.loss_iou: 0.5349  s2.loss_cls: 0.6081  s2.pos_acc: 100.0000  s2.loss_bbox: 0.5014  s2.loss_iou: 0.4934  s3.loss_cls: 0.6424  s3.pos_acc: 100.0000  s3.loss_bbox: 0.4523  s3.loss_iou: 0.4666  s4.loss_cls: 0.6132  s4.pos_acc: 100.0000  s4.loss_bbox: 0.4622  s4.loss_iou: 0.4670  s5.loss_cls: 0.6511  s5.pos_acc: 100.0000  s5.loss_bbox: 0.4465  s5.loss_iou: 0.4623
2025/05/18 11:44:08 - mmengine - INFO - Epoch(train) [3][2850/8276]  lr: 2.5000e-05  eta: 2:10:59  time: 0.2581  data_time: 0.0060  memory: 2064  grad_norm: 143.7280  loss: 9.4357  s0.loss_cls: 0.9173  s0.pos_acc: 66.6667  s0.loss_bbox: 0.9161  s0.loss_iou: 0.7310  s1.loss_cls: 0.6088  s1.pos_acc: 83.3333  s1.loss_bbox: 0.5315  s1.loss_iou: 0.4517  s2.loss_cls: 0.5546  s2.pos_acc: 83.3333  s2.loss_bbox: 0.4627  s2.loss_iou: 0.3888  s3.loss_cls: 0.5323  s3.pos_acc: 100.0000  s3.loss_bbox: 0.4199  s3.loss_iou: 0.3592  s4.loss_cls: 0.5474  s4.pos_acc: 83.3333  s4.loss_bbox: 0.3943  s4.loss_iou: 0.3406  s5.loss_cls: 0.5602  s5.pos_acc: 83.3333  s5.loss_bbox: 0.3844  s5.loss_iou: 0.3349
2025/05/18 11:44:21 - mmengine - INFO - Epoch(train) [3][2900/8276]  lr: 2.5000e-05  eta: 2:10:46  time: 0.2632  data_time: 0.0069  memory: 2064  grad_norm: 143.5826  loss: 9.6061  s0.loss_cls: 0.8584  s0.pos_acc: 60.0000  s0.loss_bbox: 0.8510  s0.loss_iou: 0.6845  s1.loss_cls: 0.6197  s1.pos_acc: 100.0000  s1.loss_bbox: 0.5527  s1.loss_iou: 0.4508  s2.loss_cls: 0.5435  s2.pos_acc: 100.0000  s2.loss_bbox: 0.4954  s2.loss_iou: 0.3995  s3.loss_cls: 0.5966  s3.pos_acc: 80.0000  s3.loss_bbox: 0.4360  s3.loss_iou: 0.3644  s4.loss_cls: 0.5667  s4.pos_acc: 80.0000  s4.loss_bbox: 0.4336  s4.loss_iou: 0.3641  s5.loss_cls: 0.5456  s5.pos_acc: 80.0000  s5.loss_bbox: 0.4638  s5.loss_iou: 0.3796
2025/05/18 11:44:34 - mmengine - INFO - Epoch(train) [3][2950/8276]  lr: 2.5000e-05  eta: 2:10:33  time: 0.2558  data_time: 0.0058  memory: 2063  grad_norm: 145.2911  loss: 9.7278  s0.loss_cls: 0.8225  s0.pos_acc: 50.0000  s0.loss_bbox: 0.8280  s0.loss_iou: 0.6994  s1.loss_cls: 0.5798  s1.pos_acc: 66.6667  s1.loss_bbox: 0.5749  s1.loss_iou: 0.4908  s2.loss_cls: 0.5175  s2.pos_acc: 100.0000  s2.loss_bbox: 0.5133  s2.loss_iou: 0.4363  s3.loss_cls: 0.5100  s3.pos_acc: 100.0000  s3.loss_bbox: 0.4858  s3.loss_iou: 0.4238  s4.loss_cls: 0.5160  s4.pos_acc: 100.0000  s4.loss_bbox: 0.4892  s4.loss_iou: 0.4231  s5.loss_cls: 0.5216  s5.pos_acc: 83.3333  s5.loss_bbox: 0.4786  s5.loss_iou: 0.4171
2025/05/18 11:44:47 - mmengine - INFO - Epoch(train) [3][3000/8276]  lr: 2.5000e-05  eta: 2:10:20  time: 0.2605  data_time: 0.0064  memory: 2065  grad_norm: 134.0788  loss: 9.9851  s0.loss_cls: 0.8947  s0.pos_acc: 62.5000  s0.loss_bbox: 0.8824  s0.loss_iou: 0.6911  s1.loss_cls: 0.6364  s1.pos_acc: 62.5000  s1.loss_bbox: 0.6073  s1.loss_iou: 0.4738  s2.loss_cls: 0.6003  s2.pos_acc: 75.0000  s2.loss_bbox: 0.5048  s2.loss_iou: 0.4030  s3.loss_cls: 0.5812  s3.pos_acc: 87.5000  s3.loss_bbox: 0.4715  s3.loss_iou: 0.3836  s4.loss_cls: 0.5609  s4.pos_acc: 87.5000  s4.loss_bbox: 0.4874  s4.loss_iou: 0.3858  s5.loss_cls: 0.5799  s5.pos_acc: 62.5000  s5.loss_bbox: 0.4605  s5.loss_iou: 0.3805
2025/05/18 11:45:01 - mmengine - INFO - Epoch(train) [3][3050/8276]  lr: 2.5000e-05  eta: 2:10:08  time: 0.2663  data_time: 0.0070  memory: 2065  grad_norm: 132.0022  loss: 10.5556  s0.loss_cls: 0.9080  s0.pos_acc: 80.0000  s0.loss_bbox: 0.9432  s0.loss_iou: 0.7545  s1.loss_cls: 0.6402  s1.pos_acc: 60.0000  s1.loss_bbox: 0.6052  s1.loss_iou: 0.5137  s2.loss_cls: 0.6055  s2.pos_acc: 60.0000  s2.loss_bbox: 0.5354  s2.loss_iou: 0.4513  s3.loss_cls: 0.6044  s3.pos_acc: 80.0000  s3.loss_bbox: 0.5022  s3.loss_iou: 0.4346  s4.loss_cls: 0.5960  s4.pos_acc: 80.0000  s4.loss_bbox: 0.5050  s4.loss_iou: 0.4254  s5.loss_cls: 0.6171  s5.pos_acc: 80.0000  s5.loss_bbox: 0.4911  s5.loss_iou: 0.4227
2025/05/18 11:45:14 - mmengine - INFO - Epoch(train) [3][3100/8276]  lr: 2.5000e-05  eta: 2:09:55  time: 0.2650  data_time: 0.0071  memory: 2064  grad_norm: 133.5766  loss: 10.5504  s0.loss_cls: 0.9029  s0.pos_acc: 100.0000  s0.loss_bbox: 0.9842  s0.loss_iou: 0.8208  s1.loss_cls: 0.5891  s1.pos_acc: 100.0000  s1.loss_bbox: 0.6153  s1.loss_iou: 0.5689  s2.loss_cls: 0.5931  s2.pos_acc: 100.0000  s2.loss_bbox: 0.5095  s2.loss_iou: 0.4787  s3.loss_cls: 0.5911  s3.pos_acc: 100.0000  s3.loss_bbox: 0.4739  s3.loss_iou: 0.4609  s4.loss_cls: 0.5901  s4.pos_acc: 50.0000  s4.loss_bbox: 0.4549  s4.loss_iou: 0.4471  s5.loss_cls: 0.5871  s5.pos_acc: 100.0000  s5.loss_bbox: 0.4411  s5.loss_iou: 0.4418
2025/05/18 11:45:27 - mmengine - INFO - Epoch(train) [3][3150/8276]  lr: 2.5000e-05  eta: 2:09:42  time: 0.2567  data_time: 0.0065  memory: 2064  grad_norm: 136.4319  loss: 10.4816  s0.loss_cls: 0.9739  s0.pos_acc: 83.3333  s0.loss_bbox: 0.9113  s0.loss_iou: 0.7768  s1.loss_cls: 0.6846  s1.pos_acc: 100.0000  s1.loss_bbox: 0.5625  s1.loss_iou: 0.5038  s2.loss_cls: 0.6533  s2.pos_acc: 100.0000  s2.loss_bbox: 0.4787  s2.loss_iou: 0.4309  s3.loss_cls: 0.6358  s3.pos_acc: 100.0000  s3.loss_bbox: 0.4509  s3.loss_iou: 0.4127  s4.loss_cls: 0.6480  s4.pos_acc: 100.0000  s4.loss_bbox: 0.4496  s4.loss_iou: 0.4104  s5.loss_cls: 0.6533  s5.pos_acc: 100.0000  s5.loss_bbox: 0.4402  s5.loss_iou: 0.4047
2025/05/18 11:45:39 - mmengine - INFO - Epoch(train) [3][3200/8276]  lr: 2.5000e-05  eta: 2:09:28  time: 0.2535  data_time: 0.0058  memory: 2063  grad_norm: 124.1792  loss: 10.1764  s0.loss_cls: 0.9675  s0.pos_acc: 50.0000  s0.loss_bbox: 0.8530  s0.loss_iou: 0.7640  s1.loss_cls: 0.6759  s1.pos_acc: 66.6667  s1.loss_bbox: 0.5431  s1.loss_iou: 0.5083  s2.loss_cls: 0.6356  s2.pos_acc: 83.3333  s2.loss_bbox: 0.4471  s2.loss_iou: 0.4246  s3.loss_cls: 0.6258  s3.pos_acc: 83.3333  s3.loss_bbox: 0.4361  s3.loss_iou: 0.4145  s4.loss_cls: 0.6077  s4.pos_acc: 50.0000  s4.loss_bbox: 0.4201  s4.loss_iou: 0.4070  s5.loss_cls: 0.6089  s5.pos_acc: 83.3333  s5.loss_bbox: 0.4272  s5.loss_iou: 0.4102
2025/05/18 11:45:52 - mmengine - INFO - Epoch(train) [3][3250/8276]  lr: 2.5000e-05  eta: 2:09:15  time: 0.2551  data_time: 0.0058  memory: 2063  grad_norm: 129.1521  loss: 9.4988  s0.loss_cls: 0.8488  s0.pos_acc: 71.4286  s0.loss_bbox: 0.8269  s0.loss_iou: 0.7356  s1.loss_cls: 0.5481  s1.pos_acc: 71.4286  s1.loss_bbox: 0.5373  s1.loss_iou: 0.5068  s2.loss_cls: 0.5295  s2.pos_acc: 71.4286  s2.loss_bbox: 0.4562  s2.loss_iou: 0.4410  s3.loss_cls: 0.5040  s3.pos_acc: 71.4286  s3.loss_bbox: 0.4409  s3.loss_iou: 0.4271  s4.loss_cls: 0.4966  s4.pos_acc: 100.0000  s4.loss_bbox: 0.4290  s4.loss_iou: 0.4174  s5.loss_cls: 0.5047  s5.pos_acc: 85.7143  s5.loss_bbox: 0.4334  s5.loss_iou: 0.4156
2025/05/18 11:46:05 - mmengine - INFO - Epoch(train) [3][3300/8276]  lr: 2.5000e-05  eta: 2:09:02  time: 0.2557  data_time: 0.0056  memory: 2065  grad_norm: 126.9526  loss: 10.1042  s0.loss_cls: 0.9440  s0.pos_acc: 50.0000  s0.loss_bbox: 0.8193  s0.loss_iou: 0.7303  s1.loss_cls: 0.5949  s1.pos_acc: 75.0000  s1.loss_bbox: 0.5679  s1.loss_iou: 0.5204  s2.loss_cls: 0.5191  s2.pos_acc: 100.0000  s2.loss_bbox: 0.5264  s2.loss_iou: 0.4771  s3.loss_cls: 0.5106  s3.pos_acc: 100.0000  s3.loss_bbox: 0.5139  s3.loss_iou: 0.4647  s4.loss_cls: 0.4985  s4.pos_acc: 100.0000  s4.loss_bbox: 0.5032  s4.loss_iou: 0.4582  s5.loss_cls: 0.5013  s5.pos_acc: 100.0000  s5.loss_bbox: 0.4945  s5.loss_iou: 0.4597
2025/05/18 11:46:18 - mmengine - INFO - Epoch(train) [3][3350/8276]  lr: 2.5000e-05  eta: 2:08:49  time: 0.2601  data_time: 0.0064  memory: 2065  grad_norm: 136.8823  loss: 9.5259  s0.loss_cls: 0.8524  s0.pos_acc: 83.3333  s0.loss_bbox: 0.8247  s0.loss_iou: 0.7263  s1.loss_cls: 0.5723  s1.pos_acc: 100.0000  s1.loss_bbox: 0.5424  s1.loss_iou: 0.5017  s2.loss_cls: 0.5553  s2.pos_acc: 100.0000  s2.loss_bbox: 0.4504  s2.loss_iou: 0.4246  s3.loss_cls: 0.5330  s3.pos_acc: 100.0000  s3.loss_bbox: 0.4280  s3.loss_iou: 0.4058  s4.loss_cls: 0.5444  s4.pos_acc: 100.0000  s4.loss_bbox: 0.4141  s4.loss_iou: 0.3971  s5.loss_cls: 0.5470  s5.pos_acc: 100.0000  s5.loss_bbox: 0.4098  s5.loss_iou: 0.3966
2025/05/18 11:46:31 - mmengine - INFO - Epoch(train) [3][3400/8276]  lr: 2.5000e-05  eta: 2:08:36  time: 0.2591  data_time: 0.0061  memory: 2064  grad_norm: 139.9773  loss: 9.9801  s0.loss_cls: 0.8752  s0.pos_acc: 100.0000  s0.loss_bbox: 0.9054  s0.loss_iou: 0.7254  s1.loss_cls: 0.6236  s1.pos_acc: 100.0000  s1.loss_bbox: 0.5743  s1.loss_iou: 0.4972  s2.loss_cls: 0.6031  s2.pos_acc: 100.0000  s2.loss_bbox: 0.4869  s2.loss_iou: 0.4252  s3.loss_cls: 0.5879  s3.pos_acc: 100.0000  s3.loss_bbox: 0.4502  s3.loss_iou: 0.3979  s4.loss_cls: 0.5974  s4.pos_acc: 100.0000  s4.loss_bbox: 0.4370  s4.loss_iou: 0.3864  s5.loss_cls: 0.6079  s5.pos_acc: 100.0000  s5.loss_bbox: 0.4197  s5.loss_iou: 0.3792
2025/05/18 11:46:43 - mmengine - INFO - Exp name: sparse-rcnn_voc_20250518_101231
2025/05/18 11:46:44 - mmengine - INFO - Epoch(train) [3][3450/8276]  lr: 2.5000e-05  eta: 2:08:22  time: 0.2550  data_time: 0.0056  memory: 2064  grad_norm: 123.5796  loss: 9.9025  s0.loss_cls: 0.9103  s0.pos_acc: 66.6667  s0.loss_bbox: 0.8561  s0.loss_iou: 0.7614  s1.loss_cls: 0.5640  s1.pos_acc: 100.0000  s1.loss_bbox: 0.5612  s1.loss_iou: 0.5024  s2.loss_cls: 0.5405  s2.pos_acc: 100.0000  s2.loss_bbox: 0.4798  s2.loss_iou: 0.4403  s3.loss_cls: 0.5433  s3.pos_acc: 100.0000  s3.loss_bbox: 0.4581  s3.loss_iou: 0.4268  s4.loss_cls: 0.5580  s4.pos_acc: 100.0000  s4.loss_bbox: 0.4561  s4.loss_iou: 0.4242  s5.loss_cls: 0.5695  s5.pos_acc: 100.0000  s5.loss_bbox: 0.4326  s5.loss_iou: 0.4179
2025/05/18 11:46:57 - mmengine - INFO - Epoch(train) [3][3500/8276]  lr: 2.5000e-05  eta: 2:08:09  time: 0.2612  data_time: 0.0070  memory: 2064  grad_norm: 139.4002  loss: 9.3954  s0.loss_cls: 0.7512  s0.pos_acc: 83.3333  s0.loss_bbox: 0.8883  s0.loss_iou: 0.7089  s1.loss_cls: 0.5375  s1.pos_acc: 100.0000  s1.loss_bbox: 0.5629  s1.loss_iou: 0.4838  s2.loss_cls: 0.5271  s2.pos_acc: 100.0000  s2.loss_bbox: 0.4666  s2.loss_iou: 0.4221  s3.loss_cls: 0.5350  s3.pos_acc: 100.0000  s3.loss_bbox: 0.4326  s3.loss_iou: 0.3981  s4.loss_cls: 0.5479  s4.pos_acc: 100.0000  s4.loss_bbox: 0.4147  s4.loss_iou: 0.3848  s5.loss_cls: 0.5388  s5.pos_acc: 100.0000  s5.loss_bbox: 0.4125  s5.loss_iou: 0.3827
2025/05/18 11:47:09 - mmengine - INFO - Epoch(train) [3][3550/8276]  lr: 2.5000e-05  eta: 2:07:56  time: 0.2516  data_time: 0.0057  memory: 2065  grad_norm: 129.5520  loss: 9.4423  s0.loss_cls: 0.8386  s0.pos_acc: 33.3333  s0.loss_bbox: 0.8558  s0.loss_iou: 0.7367  s1.loss_cls: 0.5651  s1.pos_acc: 100.0000  s1.loss_bbox: 0.5442  s1.loss_iou: 0.4818  s2.loss_cls: 0.5259  s2.pos_acc: 100.0000  s2.loss_bbox: 0.4783  s2.loss_iou: 0.4265  s3.loss_cls: 0.5090  s3.pos_acc: 100.0000  s3.loss_bbox: 0.4361  s3.loss_iou: 0.4033  s4.loss_cls: 0.5025  s4.pos_acc: 100.0000  s4.loss_bbox: 0.4212  s4.loss_iou: 0.3941  s5.loss_cls: 0.5110  s5.pos_acc: 66.6667  s5.loss_bbox: 0.4182  s5.loss_iou: 0.3939
2025/05/18 11:47:22 - mmengine - INFO - Epoch(train) [3][3600/8276]  lr: 2.5000e-05  eta: 2:07:42  time: 0.2537  data_time: 0.0057  memory: 2065  grad_norm: 142.4276  loss: 8.6262  s0.loss_cls: 0.7950  s0.pos_acc: 100.0000  s0.loss_bbox: 0.8651  s0.loss_iou: 0.6914  s1.loss_cls: 0.4982  s1.pos_acc: 100.0000  s1.loss_bbox: 0.5198  s1.loss_iou: 0.4249  s2.loss_cls: 0.4577  s2.pos_acc: 100.0000  s2.loss_bbox: 0.4675  s2.loss_iou: 0.3748  s3.loss_cls: 0.4601  s3.pos_acc: 100.0000  s3.loss_bbox: 0.4012  s3.loss_iou: 0.3380  s4.loss_cls: 0.4471  s4.pos_acc: 100.0000  s4.loss_bbox: 0.3938  s4.loss_iou: 0.3319  s5.loss_cls: 0.4512  s5.pos_acc: 100.0000  s5.loss_bbox: 0.3830  s5.loss_iou: 0.3254
2025/05/18 11:47:35 - mmengine - INFO - Epoch(train) [3][3650/8276]  lr: 2.5000e-05  eta: 2:07:29  time: 0.2552  data_time: 0.0055  memory: 2064  grad_norm: 138.3490  loss: 9.3256  s0.loss_cls: 0.7780  s0.pos_acc: 60.0000  s0.loss_bbox: 0.8633  s0.loss_iou: 0.7515  s1.loss_cls: 0.5114  s1.pos_acc: 80.0000  s1.loss_bbox: 0.5496  s1.loss_iou: 0.4878  s2.loss_cls: 0.4997  s2.pos_acc: 100.0000  s2.loss_bbox: 0.4903  s2.loss_iou: 0.4330  s3.loss_cls: 0.4777  s3.pos_acc: 100.0000  s3.loss_bbox: 0.4582  s3.loss_iou: 0.4131  s4.loss_cls: 0.4777  s4.pos_acc: 100.0000  s4.loss_bbox: 0.4428  s4.loss_iou: 0.4028  s5.loss_cls: 0.4841  s5.pos_acc: 100.0000  s5.loss_bbox: 0.4194  s5.loss_iou: 0.3852
2025/05/18 11:47:47 - mmengine - INFO - Epoch(train) [3][3700/8276]  lr: 2.5000e-05  eta: 2:07:16  time: 0.2557  data_time: 0.0057  memory: 2064  grad_norm: 127.7969  loss: 9.3173  s0.loss_cls: 0.7820  s0.pos_acc: 80.0000  s0.loss_bbox: 0.8607  s0.loss_iou: 0.7231  s1.loss_cls: 0.5256  s1.pos_acc: 100.0000  s1.loss_bbox: 0.5666  s1.loss_iou: 0.4827  s2.loss_cls: 0.4865  s2.pos_acc: 100.0000  s2.loss_bbox: 0.4845  s2.loss_iou: 0.4168  s3.loss_cls: 0.4792  s3.pos_acc: 100.0000  s3.loss_bbox: 0.4619  s3.loss_iou: 0.3998  s4.loss_cls: 0.4796  s4.pos_acc: 100.0000  s4.loss_bbox: 0.4549  s4.loss_iou: 0.3972  s5.loss_cls: 0.4639  s5.pos_acc: 100.0000  s5.loss_bbox: 0.4538  s5.loss_iou: 0.3985
2025/05/18 11:48:00 - mmengine - INFO - Epoch(train) [3][3750/8276]  lr: 2.5000e-05  eta: 2:07:03  time: 0.2573  data_time: 0.0064  memory: 2065  grad_norm: 133.2508  loss: 10.7481  s0.loss_cls: 0.9128  s0.pos_acc: 25.0000  s0.loss_bbox: 0.8916  s0.loss_iou: 0.7524  s1.loss_cls: 0.6329  s1.pos_acc: 50.0000  s1.loss_bbox: 0.6279  s1.loss_iou: 0.5290  s2.loss_cls: 0.5932  s2.pos_acc: 75.0000  s2.loss_bbox: 0.5584  s2.loss_iou: 0.4795  s3.loss_cls: 0.5732  s3.pos_acc: 75.0000  s3.loss_bbox: 0.5442  s3.loss_iou: 0.4688  s4.loss_cls: 0.6058  s4.pos_acc: 50.0000  s4.loss_bbox: 0.5302  s4.loss_iou: 0.4623  s5.loss_cls: 0.5896  s5.pos_acc: 25.0000  s5.loss_bbox: 0.5306  s5.loss_iou: 0.4655
2025/05/18 11:48:13 - mmengine - INFO - Epoch(train) [3][3800/8276]  lr: 2.5000e-05  eta: 2:06:50  time: 0.2594  data_time: 0.0063  memory: 2063  grad_norm: 141.8093  loss: 8.5673  s0.loss_cls: 0.7399  s0.pos_acc: 33.3333  s0.loss_bbox: 0.7645  s0.loss_iou: 0.6176  s1.loss_cls: 0.4587  s1.pos_acc: 33.3333  s1.loss_bbox: 0.5421  s1.loss_iou: 0.4304  s2.loss_cls: 0.4470  s2.pos_acc: 33.3333  s2.loss_bbox: 0.4851  s2.loss_iou: 0.3889  s3.loss_cls: 0.4373  s3.pos_acc: 66.6667  s3.loss_bbox: 0.4381  s3.loss_iou: 0.3562  s4.loss_cls: 0.4361  s4.pos_acc: 33.3333  s4.loss_bbox: 0.4306  s4.loss_iou: 0.3526  s5.loss_cls: 0.4397  s5.pos_acc: 66.6667  s5.loss_bbox: 0.4434  s5.loss_iou: 0.3590
2025/05/18 11:48:26 - mmengine - INFO - Epoch(train) [3][3850/8276]  lr: 2.5000e-05  eta: 2:06:37  time: 0.2616  data_time: 0.0067  memory: 2063  grad_norm: 133.0450  loss: 10.6223  s0.loss_cls: 0.9088  s0.pos_acc: 30.0000  s0.loss_bbox: 0.8895  s0.loss_iou: 0.7504  s1.loss_cls: 0.5962  s1.pos_acc: 70.0000  s1.loss_bbox: 0.6561  s1.loss_iou: 0.5552  s2.loss_cls: 0.5541  s2.pos_acc: 100.0000  s2.loss_bbox: 0.5539  s2.loss_iou: 0.4882  s3.loss_cls: 0.5435  s3.pos_acc: 90.0000  s3.loss_bbox: 0.5263  s3.loss_iou: 0.4688  s4.loss_cls: 0.5753  s4.pos_acc: 90.0000  s4.loss_bbox: 0.5145  s4.loss_iou: 0.4650  s5.loss_cls: 0.5653  s5.pos_acc: 90.0000  s5.loss_bbox: 0.5330  s5.loss_iou: 0.4783
2025/05/18 11:48:39 - mmengine - INFO - Epoch(train) [3][3900/8276]  lr: 2.5000e-05  eta: 2:06:23  time: 0.2525  data_time: 0.0056  memory: 2065  grad_norm: 139.7128  loss: 9.4134  s0.loss_cls: 0.7747  s0.pos_acc: 100.0000  s0.loss_bbox: 0.9017  s0.loss_iou: 0.7327  s1.loss_cls: 0.5342  s1.pos_acc: 100.0000  s1.loss_bbox: 0.5689  s1.loss_iou: 0.4819  s2.loss_cls: 0.5098  s2.pos_acc: 100.0000  s2.loss_bbox: 0.4737  s2.loss_iou: 0.4076  s3.loss_cls: 0.5020  s3.pos_acc: 100.0000  s3.loss_bbox: 0.4486  s3.loss_iou: 0.3948  s4.loss_cls: 0.5070  s4.pos_acc: 100.0000  s4.loss_bbox: 0.4438  s4.loss_iou: 0.3879  s5.loss_cls: 0.5205  s5.pos_acc: 100.0000  s5.loss_bbox: 0.4411  s5.loss_iou: 0.3825
2025/05/18 11:48:52 - mmengine - INFO - Epoch(train) [3][3950/8276]  lr: 2.5000e-05  eta: 2:06:10  time: 0.2621  data_time: 0.0061  memory: 2064  grad_norm: 128.3500  loss: 9.9821  s0.loss_cls: 0.8588  s0.pos_acc: 80.0000  s0.loss_bbox: 0.9304  s0.loss_iou: 0.7688  s1.loss_cls: 0.5929  s1.pos_acc: 90.0000  s1.loss_bbox: 0.5723  s1.loss_iou: 0.5078  s2.loss_cls: 0.5591  s2.pos_acc: 70.0000  s2.loss_bbox: 0.4945  s2.loss_iou: 0.4356  s3.loss_cls: 0.5543  s3.pos_acc: 70.0000  s3.loss_bbox: 0.4520  s3.loss_iou: 0.4112  s4.loss_cls: 0.5382  s4.pos_acc: 70.0000  s4.loss_bbox: 0.4532  s4.loss_iou: 0.4138  s5.loss_cls: 0.5430  s5.pos_acc: 80.0000  s5.loss_bbox: 0.4713  s5.loss_iou: 0.4249
2025/05/18 11:49:05 - mmengine - INFO - Epoch(train) [3][4000/8276]  lr: 2.5000e-05  eta: 2:05:57  time: 0.2595  data_time: 0.0065  memory: 2064  grad_norm: 133.1008  loss: 9.5307  s0.loss_cls: 0.8968  s0.pos_acc: 33.3333  s0.loss_bbox: 0.8146  s0.loss_iou: 0.7270  s1.loss_cls: 0.5859  s1.pos_acc: 66.6667  s1.loss_bbox: 0.5160  s1.loss_iou: 0.4689  s2.loss_cls: 0.5471  s2.pos_acc: 66.6667  s2.loss_bbox: 0.4600  s2.loss_iou: 0.4190  s3.loss_cls: 0.5481  s3.pos_acc: 66.6667  s3.loss_bbox: 0.4347  s3.loss_iou: 0.4004  s4.loss_cls: 0.5332  s4.pos_acc: 66.6667  s4.loss_bbox: 0.4190  s4.loss_iou: 0.3934  s5.loss_cls: 0.5474  s5.pos_acc: 66.6667  s5.loss_bbox: 0.4251  s5.loss_iou: 0.3939
2025/05/18 11:49:18 - mmengine - INFO - Epoch(train) [3][4050/8276]  lr: 2.5000e-05  eta: 2:05:45  time: 0.2629  data_time: 0.0067  memory: 2063  grad_norm: 137.2387  loss: 10.2096  s0.loss_cls: 0.8918  s0.pos_acc: 50.0000  s0.loss_bbox: 0.8816  s0.loss_iou: 0.7520  s1.loss_cls: 0.5939  s1.pos_acc: 50.0000  s1.loss_bbox: 0.5858  s1.loss_iou: 0.5113  s2.loss_cls: 0.5592  s2.pos_acc: 50.0000  s2.loss_bbox: 0.5368  s2.loss_iou: 0.4629  s3.loss_cls: 0.5360  s3.pos_acc: 50.0000  s3.loss_bbox: 0.5040  s3.loss_iou: 0.4477  s4.loss_cls: 0.5378  s4.pos_acc: 50.0000  s4.loss_bbox: 0.4925  s4.loss_iou: 0.4387  s5.loss_cls: 0.5465  s5.pos_acc: 50.0000  s5.loss_bbox: 0.4954  s5.loss_iou: 0.4357
2025/05/18 11:49:31 - mmengine - INFO - Epoch(train) [3][4100/8276]  lr: 2.5000e-05  eta: 2:05:32  time: 0.2649  data_time: 0.0070  memory: 2064  grad_norm: 138.3448  loss: 9.6971  s0.loss_cls: 0.7607  s0.pos_acc: 87.5000  s0.loss_bbox: 0.8703  s0.loss_iou: 0.7310  s1.loss_cls: 0.5550  s1.pos_acc: 62.5000  s1.loss_bbox: 0.6054  s1.loss_iou: 0.5012  s2.loss_cls: 0.5289  s2.pos_acc: 62.5000  s2.loss_bbox: 0.5018  s2.loss_iou: 0.4383  s3.loss_cls: 0.5112  s3.pos_acc: 62.5000  s3.loss_bbox: 0.4753  s3.loss_iou: 0.4209  s4.loss_cls: 0.5140  s4.pos_acc: 62.5000  s4.loss_bbox: 0.4588  s4.loss_iou: 0.4121  s5.loss_cls: 0.5295  s5.pos_acc: 75.0000  s5.loss_bbox: 0.4676  s5.loss_iou: 0.4150
2025/05/18 11:49:44 - mmengine - INFO - Epoch(train) [3][4150/8276]  lr: 2.5000e-05  eta: 2:05:19  time: 0.2575  data_time: 0.0061  memory: 2064  grad_norm: 123.9628  loss: 10.3338  s0.loss_cls: 0.9080  s0.pos_acc: 66.6667  s0.loss_bbox: 0.8959  s0.loss_iou: 0.7574  s1.loss_cls: 0.6258  s1.pos_acc: 66.6667  s1.loss_bbox: 0.5953  s1.loss_iou: 0.5282  s2.loss_cls: 0.5946  s2.pos_acc: 100.0000  s2.loss_bbox: 0.4921  s2.loss_iou: 0.4522  s3.loss_cls: 0.5977  s3.pos_acc: 100.0000  s3.loss_bbox: 0.4627  s3.loss_iou: 0.4393  s4.loss_cls: 0.5954  s4.pos_acc: 100.0000  s4.loss_bbox: 0.4627  s4.loss_iou: 0.4383  s5.loss_cls: 0.6055  s5.pos_acc: 100.0000  s5.loss_bbox: 0.4491  s5.loss_iou: 0.4336
2025/05/18 11:49:57 - mmengine - INFO - Epoch(train) [3][4200/8276]  lr: 2.5000e-05  eta: 2:05:06  time: 0.2581  data_time: 0.0062  memory: 2063  grad_norm: 136.5851  loss: 9.4754  s0.loss_cls: 0.7685  s0.pos_acc: 33.3333  s0.loss_bbox: 0.8768  s0.loss_iou: 0.7251  s1.loss_cls: 0.5828  s1.pos_acc: 100.0000  s1.loss_bbox: 0.5325  s1.loss_iou: 0.4521  s2.loss_cls: 0.5543  s2.pos_acc: 100.0000  s2.loss_bbox: 0.4589  s2.loss_iou: 0.4083  s3.loss_cls: 0.5441  s3.pos_acc: 100.0000  s3.loss_bbox: 0.4296  s3.loss_iou: 0.3946  s4.loss_cls: 0.5326  s4.pos_acc: 100.0000  s4.loss_bbox: 0.4424  s4.loss_iou: 0.3958  s5.loss_cls: 0.5176  s5.pos_acc: 100.0000  s5.loss_bbox: 0.4556  s5.loss_iou: 0.4038
2025/05/18 11:50:10 - mmengine - INFO - Epoch(train) [3][4250/8276]  lr: 2.5000e-05  eta: 2:04:53  time: 0.2597  data_time: 0.0068  memory: 2064  grad_norm: 129.5951  loss: 9.8386  s0.loss_cls: 0.9102  s0.pos_acc: 40.0000  s0.loss_bbox: 0.8287  s0.loss_iou: 0.7331  s1.loss_cls: 0.6261  s1.pos_acc: 90.0000  s1.loss_bbox: 0.5378  s1.loss_iou: 0.4817  s2.loss_cls: 0.5856  s2.pos_acc: 100.0000  s2.loss_bbox: 0.4676  s2.loss_iou: 0.4318  s3.loss_cls: 0.5708  s3.pos_acc: 100.0000  s3.loss_bbox: 0.4466  s3.loss_iou: 0.4147  s4.loss_cls: 0.5793  s4.pos_acc: 100.0000  s4.loss_bbox: 0.4321  s4.loss_iou: 0.4030  s5.loss_cls: 0.5798  s5.pos_acc: 100.0000  s5.loss_bbox: 0.4166  s5.loss_iou: 0.3933
2025/05/18 11:50:23 - mmengine - INFO - Epoch(train) [3][4300/8276]  lr: 2.5000e-05  eta: 2:04:40  time: 0.2591  data_time: 0.0063  memory: 2064  grad_norm: 131.2466  loss: 10.3853  s0.loss_cls: 0.8678  s0.pos_acc: 40.0000  s0.loss_bbox: 0.8843  s0.loss_iou: 0.7183  s1.loss_cls: 0.5770  s1.pos_acc: 80.0000  s1.loss_bbox: 0.6163  s1.loss_iou: 0.5366  s2.loss_cls: 0.6033  s2.pos_acc: 80.0000  s2.loss_bbox: 0.5229  s2.loss_iou: 0.4703  s3.loss_cls: 0.6126  s3.pos_acc: 60.0000  s3.loss_bbox: 0.4853  s3.loss_iou: 0.4400  s4.loss_cls: 0.6156  s4.pos_acc: 60.0000  s4.loss_bbox: 0.4707  s4.loss_iou: 0.4315  s5.loss_cls: 0.6340  s5.pos_acc: 60.0000  s5.loss_bbox: 0.4684  s5.loss_iou: 0.4303
2025/05/18 11:50:36 - mmengine - INFO - Epoch(train) [3][4350/8276]  lr: 2.5000e-05  eta: 2:04:27  time: 0.2634  data_time: 0.0067  memory: 2063  grad_norm: 135.6876  loss: 9.7918  s0.loss_cls: 0.9168  s0.pos_acc: 40.0000  s0.loss_bbox: 0.8576  s0.loss_iou: 0.7284  s1.loss_cls: 0.6397  s1.pos_acc: 100.0000  s1.loss_bbox: 0.5344  s1.loss_iou: 0.4780  s2.loss_cls: 0.5541  s2.pos_acc: 80.0000  s2.loss_bbox: 0.4741  s2.loss_iou: 0.4264  s3.loss_cls: 0.5353  s3.pos_acc: 80.0000  s3.loss_bbox: 0.4536  s3.loss_iou: 0.4102  s4.loss_cls: 0.5450  s4.pos_acc: 80.0000  s4.loss_bbox: 0.4378  s4.loss_iou: 0.4030  s5.loss_cls: 0.5453  s5.pos_acc: 80.0000  s5.loss_bbox: 0.4443  s5.loss_iou: 0.4078
2025/05/18 11:50:50 - mmengine - INFO - Epoch(train) [3][4400/8276]  lr: 2.5000e-05  eta: 2:04:14  time: 0.2629  data_time: 0.0067  memory: 2064  grad_norm: 143.9814  loss: 9.3929  s0.loss_cls: 0.8319  s0.pos_acc: 100.0000  s0.loss_bbox: 0.8612  s0.loss_iou: 0.6904  s1.loss_cls: 0.5539  s1.pos_acc: 100.0000  s1.loss_bbox: 0.5551  s1.loss_iou: 0.4521  s2.loss_cls: 0.5417  s2.pos_acc: 100.0000  s2.loss_bbox: 0.4740  s2.loss_iou: 0.3872  s3.loss_cls: 0.5768  s3.pos_acc: 100.0000  s3.loss_bbox: 0.4332  s3.loss_iou: 0.3570  s4.loss_cls: 0.5856  s4.pos_acc: 100.0000  s4.loss_bbox: 0.4064  s4.loss_iou: 0.3425  s5.loss_cls: 0.6051  s5.pos_acc: 100.0000  s5.loss_bbox: 0.4032  s5.loss_iou: 0.3356
2025/05/18 11:51:02 - mmengine - INFO - Exp name: sparse-rcnn_voc_20250518_101231
2025/05/18 11:51:03 - mmengine - INFO - Epoch(train) [3][4450/8276]  lr: 2.5000e-05  eta: 2:04:01  time: 0.2600  data_time: 0.0065  memory: 2064  grad_norm: 129.8156  loss: 9.2351  s0.loss_cls: 0.7877  s0.pos_acc: 50.0000  s0.loss_bbox: 0.8511  s0.loss_iou: 0.7148  s1.loss_cls: 0.5415  s1.pos_acc: 100.0000  s1.loss_bbox: 0.5413  s1.loss_iou: 0.4664  s2.loss_cls: 0.5003  s2.pos_acc: 100.0000  s2.loss_bbox: 0.4728  s2.loss_iou: 0.4093  s3.loss_cls: 0.4863  s3.pos_acc: 83.3333  s3.loss_bbox: 0.4523  s3.loss_iou: 0.3887  s4.loss_cls: 0.4899  s4.pos_acc: 100.0000  s4.loss_bbox: 0.4373  s4.loss_iou: 0.3802  s5.loss_cls: 0.5257  s5.pos_acc: 100.0000  s5.loss_bbox: 0.4200  s5.loss_iou: 0.3696
2025/05/18 11:51:15 - mmengine - INFO - Epoch(train) [3][4500/8276]  lr: 2.5000e-05  eta: 2:03:48  time: 0.2508  data_time: 0.0054  memory: 2064  grad_norm: 123.0478  loss: 9.9890  s0.loss_cls: 0.8405  s0.pos_acc: 83.3333  s0.loss_bbox: 0.9376  s0.loss_iou: 0.7738  s1.loss_cls: 0.5930  s1.pos_acc: 83.3333  s1.loss_bbox: 0.5774  s1.loss_iou: 0.4857  s2.loss_cls: 0.5702  s2.pos_acc: 83.3333  s2.loss_bbox: 0.4790  s2.loss_iou: 0.4244  s3.loss_cls: 0.6090  s3.pos_acc: 83.3333  s3.loss_bbox: 0.4460  s3.loss_iou: 0.3971  s4.loss_cls: 0.6109  s4.pos_acc: 83.3333  s4.loss_bbox: 0.4388  s4.loss_iou: 0.3943  s5.loss_cls: 0.6030  s5.pos_acc: 83.3333  s5.loss_bbox: 0.4242  s5.loss_iou: 0.3843
2025/05/18 11:51:28 - mmengine - INFO - Epoch(train) [3][4550/8276]  lr: 2.5000e-05  eta: 2:03:34  time: 0.2540  data_time: 0.0056  memory: 2063  grad_norm: 125.5642  loss: 8.8834  s0.loss_cls: 0.8200  s0.pos_acc: 100.0000  s0.loss_bbox: 0.8289  s0.loss_iou: 0.7460  s1.loss_cls: 0.4827  s1.pos_acc: 100.0000  s1.loss_bbox: 0.5236  s1.loss_iou: 0.4823  s2.loss_cls: 0.5069  s2.pos_acc: 100.0000  s2.loss_bbox: 0.4172  s2.loss_iou: 0.3840  s3.loss_cls: 0.4893  s3.pos_acc: 100.0000  s3.loss_bbox: 0.3849  s3.loss_iou: 0.3635  s4.loss_cls: 0.4822  s4.pos_acc: 100.0000  s4.loss_bbox: 0.3849  s4.loss_iou: 0.3619  s5.loss_cls: 0.4900  s5.pos_acc: 100.0000  s5.loss_bbox: 0.3769  s5.loss_iou: 0.3580
2025/05/18 11:51:40 - mmengine - INFO - Epoch(train) [3][4600/8276]  lr: 2.5000e-05  eta: 2:03:21  time: 0.2531  data_time: 0.0052  memory: 2064  grad_norm: 124.1158  loss: 9.7395  s0.loss_cls: 0.8729  s0.pos_acc: 50.0000  s0.loss_bbox: 0.8697  s0.loss_iou: 0.7701  s1.loss_cls: 0.5999  s1.pos_acc: 100.0000  s1.loss_bbox: 0.5063  s1.loss_iou: 0.4846  s2.loss_cls: 0.5400  s2.pos_acc: 66.6667  s2.loss_bbox: 0.4615  s2.loss_iou: 0.4357  s3.loss_cls: 0.5356  s3.pos_acc: 83.3333  s3.loss_bbox: 0.4457  s3.loss_iou: 0.4267  s4.loss_cls: 0.5251  s4.pos_acc: 83.3333  s4.loss_bbox: 0.4393  s4.loss_iou: 0.4240  s5.loss_cls: 0.5386  s5.pos_acc: 66.6667  s5.loss_bbox: 0.4412  s5.loss_iou: 0.4225
2025/05/18 11:51:53 - mmengine - INFO - Epoch(train) [3][4650/8276]  lr: 2.5000e-05  eta: 2:03:08  time: 0.2532  data_time: 0.0053  memory: 2064  grad_norm: 139.0447  loss: 10.1516  s0.loss_cls: 0.9975  s0.pos_acc: 50.0000  s0.loss_bbox: 0.8972  s0.loss_iou: 0.7646  s1.loss_cls: 0.6761  s1.pos_acc: 100.0000  s1.loss_bbox: 0.5368  s1.loss_iou: 0.4686  s2.loss_cls: 0.6272  s2.pos_acc: 100.0000  s2.loss_bbox: 0.4553  s2.loss_iou: 0.4127  s3.loss_cls: 0.6218  s3.pos_acc: 100.0000  s3.loss_bbox: 0.4336  s3.loss_iou: 0.4011  s4.loss_cls: 0.6380  s4.pos_acc: 100.0000  s4.loss_bbox: 0.4126  s4.loss_iou: 0.3845  s5.loss_cls: 0.6232  s5.pos_acc: 100.0000  s5.loss_bbox: 0.4157  s5.loss_iou: 0.3850
2025/05/18 11:52:06 - mmengine - INFO - Epoch(train) [3][4700/8276]  lr: 2.5000e-05  eta: 2:02:54  time: 0.2561  data_time: 0.0060  memory: 2063  grad_norm: 127.7419  loss: 9.3213  s0.loss_cls: 0.8060  s0.pos_acc: 80.0000  s0.loss_bbox: 0.8630  s0.loss_iou: 0.7397  s1.loss_cls: 0.5600  s1.pos_acc: 100.0000  s1.loss_bbox: 0.5493  s1.loss_iou: 0.4744  s2.loss_cls: 0.5543  s2.pos_acc: 100.0000  s2.loss_bbox: 0.4505  s2.loss_iou: 0.3936  s3.loss_cls: 0.5369  s3.pos_acc: 100.0000  s3.loss_bbox: 0.4264  s3.loss_iou: 0.3767  s4.loss_cls: 0.5439  s4.pos_acc: 100.0000  s4.loss_bbox: 0.4035  s4.loss_iou: 0.3628  s5.loss_cls: 0.5355  s5.pos_acc: 100.0000  s5.loss_bbox: 0.3921  s5.loss_iou: 0.3526
2025/05/18 11:52:19 - mmengine - INFO - Epoch(train) [3][4750/8276]  lr: 2.5000e-05  eta: 2:02:41  time: 0.2521  data_time: 0.0055  memory: 2064  grad_norm: 129.4567  loss: 9.4478  s0.loss_cls: 0.8036  s0.pos_acc: 100.0000  s0.loss_bbox: 0.8815  s0.loss_iou: 0.6917  s1.loss_cls: 0.5210  s1.pos_acc: 100.0000  s1.loss_bbox: 0.5718  s1.loss_iou: 0.4742  s2.loss_cls: 0.4962  s2.pos_acc: 100.0000  s2.loss_bbox: 0.4995  s2.loss_iou: 0.4223  s3.loss_cls: 0.5014  s3.pos_acc: 75.0000  s3.loss_bbox: 0.4679  s3.loss_iou: 0.3997  s4.loss_cls: 0.5071  s4.pos_acc: 100.0000  s4.loss_bbox: 0.4529  s4.loss_iou: 0.3846  s5.loss_cls: 0.5215  s5.pos_acc: 100.0000  s5.loss_bbox: 0.4635  s5.loss_iou: 0.3874
2025/05/18 11:52:31 - mmengine - INFO - Epoch(train) [3][4800/8276]  lr: 2.5000e-05  eta: 2:02:27  time: 0.2523  data_time: 0.0057  memory: 2064  grad_norm: 126.3344  loss: 9.5177  s0.loss_cls: 0.7876  s0.pos_acc: 80.0000  s0.loss_bbox: 0.8596  s0.loss_iou: 0.7010  s1.loss_cls: 0.5404  s1.pos_acc: 100.0000  s1.loss_bbox: 0.5665  s1.loss_iou: 0.4748  s2.loss_cls: 0.5520  s2.pos_acc: 100.0000  s2.loss_bbox: 0.4815  s2.loss_iou: 0.4192  s3.loss_cls: 0.5138  s3.pos_acc: 100.0000  s3.loss_bbox: 0.4644  s3.loss_iou: 0.4111  s4.loss_cls: 0.5295  s4.pos_acc: 80.0000  s4.loss_bbox: 0.4457  s4.loss_iou: 0.3957  s5.loss_cls: 0.5314  s5.pos_acc: 80.0000  s5.loss_bbox: 0.4448  s5.loss_iou: 0.3986
2025/05/18 11:52:44 - mmengine - INFO - Epoch(train) [3][4850/8276]  lr: 2.5000e-05  eta: 2:02:14  time: 0.2575  data_time: 0.0066  memory: 2065  grad_norm: 128.9611  loss: 9.4104  s0.loss_cls: 0.9053  s0.pos_acc: 66.6667  s0.loss_bbox: 0.8646  s0.loss_iou: 0.7418  s1.loss_cls: 0.5802  s1.pos_acc: 66.6667  s1.loss_bbox: 0.5091  s1.loss_iou: 0.4596  s2.loss_cls: 0.5433  s2.pos_acc: 66.6667  s2.loss_bbox: 0.4342  s2.loss_iou: 0.3959  s3.loss_cls: 0.5121  s3.pos_acc: 66.6667  s3.loss_bbox: 0.4225  s3.loss_iou: 0.3916  s4.loss_cls: 0.5266  s4.pos_acc: 100.0000  s4.loss_bbox: 0.4103  s4.loss_iou: 0.3911  s5.loss_cls: 0.5231  s5.pos_acc: 100.0000  s5.loss_bbox: 0.4102  s5.loss_iou: 0.3888
2025/05/18 11:52:57 - mmengine - INFO - Epoch(train) [3][4900/8276]  lr: 2.5000e-05  eta: 2:02:02  time: 0.2630  data_time: 0.0068  memory: 2064  grad_norm: 138.2415  loss: 10.0551  s0.loss_cls: 0.9021  s0.pos_acc: 33.3333  s0.loss_bbox: 0.8584  s0.loss_iou: 0.7309  s1.loss_cls: 0.6444  s1.pos_acc: 100.0000  s1.loss_bbox: 0.5558  s1.loss_iou: 0.4917  s2.loss_cls: 0.6352  s2.pos_acc: 66.6667  s2.loss_bbox: 0.4803  s2.loss_iou: 0.4268  s3.loss_cls: 0.6146  s3.pos_acc: 66.6667  s3.loss_bbox: 0.4485  s3.loss_iou: 0.4086  s4.loss_cls: 0.6096  s4.pos_acc: 100.0000  s4.loss_bbox: 0.4254  s4.loss_iou: 0.3968  s5.loss_cls: 0.6216  s5.pos_acc: 66.6667  s5.loss_bbox: 0.4148  s5.loss_iou: 0.3897
2025/05/18 11:53:10 - mmengine - INFO - Epoch(train) [3][4950/8276]  lr: 2.5000e-05  eta: 2:01:49  time: 0.2625  data_time: 0.0071  memory: 2064  grad_norm: 131.9732  loss: 10.4321  s0.loss_cls: 0.9284  s0.pos_acc: 0.0000  s0.loss_bbox: 0.9235  s0.loss_iou: 0.7610  s1.loss_cls: 0.6657  s1.pos_acc: 66.6667  s1.loss_bbox: 0.6108  s1.loss_iou: 0.5293  s2.loss_cls: 0.6308  s2.pos_acc: 66.6667  s2.loss_bbox: 0.4941  s2.loss_iou: 0.4417  s3.loss_cls: 0.5915  s3.pos_acc: 66.6667  s3.loss_bbox: 0.4795  s3.loss_iou: 0.4247  s4.loss_cls: 0.6092  s4.pos_acc: 66.6667  s4.loss_bbox: 0.4609  s4.loss_iou: 0.4102  s5.loss_cls: 0.5883  s5.pos_acc: 66.6667  s5.loss_bbox: 0.4686  s5.loss_iou: 0.4139
2025/05/18 11:53:23 - mmengine - INFO - Epoch(train) [3][5000/8276]  lr: 2.5000e-05  eta: 2:01:35  time: 0.2529  data_time: 0.0055  memory: 2065  grad_norm: 137.8214  loss: 9.9667  s0.loss_cls: 0.9319  s0.pos_acc: 60.0000  s0.loss_bbox: 0.8540  s0.loss_iou: 0.7135  s1.loss_cls: 0.6424  s1.pos_acc: 60.0000  s1.loss_bbox: 0.5589  s1.loss_iou: 0.4662  s2.loss_cls: 0.6101  s2.pos_acc: 40.0000  s2.loss_bbox: 0.4687  s2.loss_iou: 0.4006  s3.loss_cls: 0.6155  s3.pos_acc: 40.0000  s3.loss_bbox: 0.4478  s3.loss_iou: 0.3905  s4.loss_cls: 0.6014  s4.pos_acc: 60.0000  s4.loss_bbox: 0.4473  s4.loss_iou: 0.3947  s5.loss_cls: 0.6129  s5.pos_acc: 60.0000  s5.loss_bbox: 0.4267  s5.loss_iou: 0.3836
2025/05/18 11:53:36 - mmengine - INFO - Epoch(train) [3][5050/8276]  lr: 2.5000e-05  eta: 2:01:22  time: 0.2538  data_time: 0.0056  memory: 2064  grad_norm: 127.9985  loss: 10.1388  s0.loss_cls: 0.9283  s0.pos_acc: 0.0000  s0.loss_bbox: 0.8423  s0.loss_iou: 0.7461  s1.loss_cls: 0.5842  s1.pos_acc: 66.6667  s1.loss_bbox: 0.5925  s1.loss_iou: 0.5362  s2.loss_cls: 0.5496  s2.pos_acc: 100.0000  s2.loss_bbox: 0.4992  s2.loss_iou: 0.4696  s3.loss_cls: 0.5524  s3.pos_acc: 100.0000  s3.loss_bbox: 0.4769  s3.loss_iou: 0.4505  s4.loss_cls: 0.5646  s4.pos_acc: 100.0000  s4.loss_bbox: 0.4566  s4.loss_iou: 0.4373  s5.loss_cls: 0.5707  s5.pos_acc: 100.0000  s5.loss_bbox: 0.4495  s5.loss_iou: 0.4323
2025/05/18 11:53:49 - mmengine - INFO - Epoch(train) [3][5100/8276]  lr: 2.5000e-05  eta: 2:01:09  time: 0.2658  data_time: 0.0070  memory: 2065  grad_norm: 124.2191  loss: 9.8127  s0.loss_cls: 0.8607  s0.pos_acc: 75.0000  s0.loss_bbox: 0.8963  s0.loss_iou: 0.7638  s1.loss_cls: 0.5749  s1.pos_acc: 100.0000  s1.loss_bbox: 0.5264  s1.loss_iou: 0.4975  s2.loss_cls: 0.5516  s2.pos_acc: 100.0000  s2.loss_bbox: 0.4685  s2.loss_iou: 0.4461  s3.loss_cls: 0.5479  s3.pos_acc: 100.0000  s3.loss_bbox: 0.4471  s3.loss_iou: 0.4326  s4.loss_cls: 0.5381  s4.pos_acc: 100.0000  s4.loss_bbox: 0.4306  s4.loss_iou: 0.4232  s5.loss_cls: 0.5470  s5.pos_acc: 100.0000  s5.loss_bbox: 0.4348  s5.loss_iou: 0.4254
2025/05/18 11:54:02 - mmengine - INFO - Epoch(train) [3][5150/8276]  lr: 2.5000e-05  eta: 2:00:56  time: 0.2599  data_time: 0.0068  memory: 2064  grad_norm: 126.9292  loss: 8.8251  s0.loss_cls: 0.7697  s0.pos_acc: 53.8462  s0.loss_bbox: 0.8091  s0.loss_iou: 0.7072  s1.loss_cls: 0.4992  s1.pos_acc: 100.0000  s1.loss_bbox: 0.4858  s1.loss_iou: 0.4554  s2.loss_cls: 0.4430  s2.pos_acc: 84.6154  s2.loss_bbox: 0.4472  s2.loss_iou: 0.4192  s3.loss_cls: 0.4433  s3.pos_acc: 92.3077  s3.loss_bbox: 0.4216  s3.loss_iou: 0.4044  s4.loss_cls: 0.4601  s4.pos_acc: 92.3077  s4.loss_bbox: 0.4115  s4.loss_iou: 0.3949  s5.loss_cls: 0.4644  s5.pos_acc: 100.0000  s5.loss_bbox: 0.4002  s5.loss_iou: 0.3890
2025/05/18 11:54:15 - mmengine - INFO - Epoch(train) [3][5200/8276]  lr: 2.5000e-05  eta: 2:00:44  time: 0.2651  data_time: 0.0069  memory: 2064  grad_norm: 129.0983  loss: 9.4708  s0.loss_cls: 0.9135  s0.pos_acc: 100.0000  s0.loss_bbox: 0.8115  s0.loss_iou: 0.7123  s1.loss_cls: 0.5859  s1.pos_acc: 100.0000  s1.loss_bbox: 0.5124  s1.loss_iou: 0.4748  s2.loss_cls: 0.5587  s2.pos_acc: 100.0000  s2.loss_bbox: 0.4320  s2.loss_iou: 0.4135  s3.loss_cls: 0.5629  s3.pos_acc: 100.0000  s3.loss_bbox: 0.4107  s3.loss_iou: 0.4001  s4.loss_cls: 0.5602  s4.pos_acc: 100.0000  s4.loss_bbox: 0.3895  s4.loss_iou: 0.3920  s5.loss_cls: 0.5460  s5.pos_acc: 100.0000  s5.loss_bbox: 0.3985  s5.loss_iou: 0.3962
2025/05/18 11:54:28 - mmengine - INFO - Epoch(train) [3][5250/8276]  lr: 2.5000e-05  eta: 2:00:31  time: 0.2587  data_time: 0.0064  memory: 2064  grad_norm: 134.7635  loss: 9.4891  s0.loss_cls: 0.8326  s0.pos_acc: 75.0000  s0.loss_bbox: 0.8491  s0.loss_iou: 0.6934  s1.loss_cls: 0.5644  s1.pos_acc: 100.0000  s1.loss_bbox: 0.5755  s1.loss_iou: 0.4881  s2.loss_cls: 0.5238  s2.pos_acc: 100.0000  s2.loss_bbox: 0.4929  s2.loss_iou: 0.4231  s3.loss_cls: 0.5020  s3.pos_acc: 100.0000  s3.loss_bbox: 0.4551  s3.loss_iou: 0.3990  s4.loss_cls: 0.5113  s4.pos_acc: 100.0000  s4.loss_bbox: 0.4432  s4.loss_iou: 0.3898  s5.loss_cls: 0.5040  s5.pos_acc: 100.0000  s5.loss_bbox: 0.4477  s5.loss_iou: 0.3941
2025/05/18 11:54:41 - mmengine - INFO - Epoch(train) [3][5300/8276]  lr: 2.5000e-05  eta: 2:00:18  time: 0.2641  data_time: 0.0070  memory: 2064  grad_norm: 131.4837  loss: 9.7194  s0.loss_cls: 0.8635  s0.pos_acc: 50.0000  s0.loss_bbox: 0.8236  s0.loss_iou: 0.7193  s1.loss_cls: 0.5896  s1.pos_acc: 100.0000  s1.loss_bbox: 0.5493  s1.loss_iou: 0.4799  s2.loss_cls: 0.5795  s2.pos_acc: 100.0000  s2.loss_bbox: 0.4563  s2.loss_iou: 0.4089  s3.loss_cls: 0.5794  s3.pos_acc: 100.0000  s3.loss_bbox: 0.4437  s3.loss_iou: 0.3962  s4.loss_cls: 0.5810  s4.pos_acc: 100.0000  s4.loss_bbox: 0.4384  s4.loss_iou: 0.3909  s5.loss_cls: 0.5842  s5.pos_acc: 100.0000  s5.loss_bbox: 0.4424  s5.loss_iou: 0.3932
2025/05/18 11:54:55 - mmengine - INFO - Epoch(train) [3][5350/8276]  lr: 2.5000e-05  eta: 2:00:05  time: 0.2655  data_time: 0.0068  memory: 2064  grad_norm: 126.1180  loss: 9.6520  s0.loss_cls: 0.8630  s0.pos_acc: 50.0000  s0.loss_bbox: 0.8683  s0.loss_iou: 0.6927  s1.loss_cls: 0.5753  s1.pos_acc: 80.0000  s1.loss_bbox: 0.5659  s1.loss_iou: 0.4749  s2.loss_cls: 0.5781  s2.pos_acc: 80.0000  s2.loss_bbox: 0.4593  s2.loss_iou: 0.4037  s3.loss_cls: 0.5851  s3.pos_acc: 100.0000  s3.loss_bbox: 0.4400  s3.loss_iou: 0.3872  s4.loss_cls: 0.5686  s4.pos_acc: 90.0000  s4.loss_bbox: 0.4324  s4.loss_iou: 0.3859  s5.loss_cls: 0.5762  s5.pos_acc: 90.0000  s5.loss_bbox: 0.4181  s5.loss_iou: 0.3774
2025/05/18 11:55:07 - mmengine - INFO - Epoch(train) [3][5400/8276]  lr: 2.5000e-05  eta: 1:59:52  time: 0.2576  data_time: 0.0063  memory: 2064  grad_norm: 134.0341  loss: 9.1302  s0.loss_cls: 0.7820  s0.pos_acc: 66.6667  s0.loss_bbox: 0.8182  s0.loss_iou: 0.6753  s1.loss_cls: 0.5514  s1.pos_acc: 100.0000  s1.loss_bbox: 0.5241  s1.loss_iou: 0.4387  s2.loss_cls: 0.5328  s2.pos_acc: 100.0000  s2.loss_bbox: 0.4626  s2.loss_iou: 0.3944  s3.loss_cls: 0.5250  s3.pos_acc: 100.0000  s3.loss_bbox: 0.4265  s3.loss_iou: 0.3752  s4.loss_cls: 0.5256  s4.pos_acc: 100.0000  s4.loss_bbox: 0.4115  s4.loss_iou: 0.3645  s5.loss_cls: 0.5299  s5.pos_acc: 100.0000  s5.loss_bbox: 0.4221  s5.loss_iou: 0.3705
2025/05/18 11:55:20 - mmengine - INFO - Exp name: sparse-rcnn_voc_20250518_101231
2025/05/18 11:55:20 - mmengine - INFO - Epoch(train) [3][5450/8276]  lr: 2.5000e-05  eta: 1:59:39  time: 0.2563  data_time: 0.0063  memory: 2064  grad_norm: 141.6707  loss: 9.8298  s0.loss_cls: 0.9274  s0.pos_acc: 80.0000  s0.loss_bbox: 0.8906  s0.loss_iou: 0.7116  s1.loss_cls: 0.6357  s1.pos_acc: 80.0000  s1.loss_bbox: 0.5458  s1.loss_iou: 0.4514  s2.loss_cls: 0.6067  s2.pos_acc: 80.0000  s2.loss_bbox: 0.4736  s2.loss_iou: 0.3948  s3.loss_cls: 0.5878  s3.pos_acc: 80.0000  s3.loss_bbox: 0.4381  s3.loss_iou: 0.3790  s4.loss_cls: 0.5885  s4.pos_acc: 80.0000  s4.loss_bbox: 0.4263  s4.loss_iou: 0.3730  s5.loss_cls: 0.5838  s5.pos_acc: 80.0000  s5.loss_bbox: 0.4366  s5.loss_iou: 0.3789
2025/05/18 11:55:33 - mmengine - INFO - Epoch(train) [3][5500/8276]  lr: 2.5000e-05  eta: 1:59:26  time: 0.2515  data_time: 0.0055  memory: 2065  grad_norm: 121.9723  loss: 10.0988  s0.loss_cls: 0.8385  s0.pos_acc: 100.0000  s0.loss_bbox: 0.8847  s0.loss_iou: 0.7513  s1.loss_cls: 0.6098  s1.pos_acc: 100.0000  s1.loss_bbox: 0.6024  s1.loss_iou: 0.5171  s2.loss_cls: 0.6063  s2.pos_acc: 100.0000  s2.loss_bbox: 0.4808  s2.loss_iou: 0.4327  s3.loss_cls: 0.5826  s3.pos_acc: 100.0000  s3.loss_bbox: 0.4599  s3.loss_iou: 0.4213  s4.loss_cls: 0.5711  s4.pos_acc: 100.0000  s4.loss_bbox: 0.4689  s4.loss_iou: 0.4225  s5.loss_cls: 0.5697  s5.pos_acc: 100.0000  s5.loss_bbox: 0.4607  s5.loss_iou: 0.4186
2025/05/18 11:55:46 - mmengine - INFO - Epoch(train) [3][5550/8276]  lr: 2.5000e-05  eta: 1:59:13  time: 0.2569  data_time: 0.0063  memory: 2063  grad_norm: 127.5580  loss: 10.7564  s0.loss_cls: 0.9058  s0.pos_acc: 100.0000  s0.loss_bbox: 0.8950  s0.loss_iou: 0.7428  s1.loss_cls: 0.6947  s1.pos_acc: 100.0000  s1.loss_bbox: 0.5884  s1.loss_iou: 0.5106  s2.loss_cls: 0.6797  s2.pos_acc: 100.0000  s2.loss_bbox: 0.5095  s2.loss_iou: 0.4517  s3.loss_cls: 0.6684  s3.pos_acc: 100.0000  s3.loss_bbox: 0.4932  s3.loss_iou: 0.4427  s4.loss_cls: 0.6846  s4.pos_acc: 100.0000  s4.loss_bbox: 0.4757  s4.loss_iou: 0.4291  s5.loss_cls: 0.6924  s5.pos_acc: 100.0000  s5.loss_bbox: 0.4661  s5.loss_iou: 0.4262
2025/05/18 11:55:58 - mmengine - INFO - Epoch(train) [3][5600/8276]  lr: 2.5000e-05  eta: 1:58:59  time: 0.2531  data_time: 0.0053  memory: 2064  grad_norm: 131.0010  loss: 10.1381  s0.loss_cls: 0.8596  s0.pos_acc: 83.3333  s0.loss_bbox: 0.8625  s0.loss_iou: 0.7280  s1.loss_cls: 0.6383  s1.pos_acc: 83.3333  s1.loss_bbox: 0.5927  s1.loss_iou: 0.5114  s2.loss_cls: 0.6516  s2.pos_acc: 100.0000  s2.loss_bbox: 0.4736  s2.loss_iou: 0.4215  s3.loss_cls: 0.6521  s3.pos_acc: 100.0000  s3.loss_bbox: 0.4412  s3.loss_iou: 0.3957  s4.loss_cls: 0.6570  s4.pos_acc: 83.3333  s4.loss_bbox: 0.4165  s4.loss_iou: 0.3795  s5.loss_cls: 0.6677  s5.pos_acc: 83.3333  s5.loss_bbox: 0.4133  s5.loss_iou: 0.3758
2025/05/18 11:56:11 - mmengine - INFO - Epoch(train) [3][5650/8276]  lr: 2.5000e-05  eta: 1:58:46  time: 0.2566  data_time: 0.0058  memory: 2064  grad_norm: 139.5062  loss: 9.3026  s0.loss_cls: 0.7781  s0.pos_acc: 75.0000  s0.loss_bbox: 0.8142  s0.loss_iou: 0.6367  s1.loss_cls: 0.5042  s1.pos_acc: 100.0000  s1.loss_bbox: 0.5809  s1.loss_iou: 0.4483  s2.loss_cls: 0.5064  s2.pos_acc: 75.0000  s2.loss_bbox: 0.4979  s2.loss_iou: 0.3943  s3.loss_cls: 0.5223  s3.pos_acc: 100.0000  s3.loss_bbox: 0.4713  s3.loss_iou: 0.3850  s4.loss_cls: 0.5265  s4.pos_acc: 100.0000  s4.loss_bbox: 0.4685  s4.loss_iou: 0.3802  s5.loss_cls: 0.5365  s5.pos_acc: 100.0000  s5.loss_bbox: 0.4712  s5.loss_iou: 0.3800
2025/05/18 11:56:25 - mmengine - INFO - Epoch(train) [3][5700/8276]  lr: 2.5000e-05  eta: 1:58:33  time: 0.2658  data_time: 0.0067  memory: 2064  grad_norm: 137.2724  loss: 9.6724  s0.loss_cls: 0.7979  s0.pos_acc: 50.0000  s0.loss_bbox: 0.9028  s0.loss_iou: 0.7181  s1.loss_cls: 0.5542  s1.pos_acc: 100.0000  s1.loss_bbox: 0.5773  s1.loss_iou: 0.4759  s2.loss_cls: 0.5233  s2.pos_acc: 100.0000  s2.loss_bbox: 0.4901  s2.loss_iou: 0.4197  s3.loss_cls: 0.5353  s3.pos_acc: 100.0000  s3.loss_bbox: 0.4567  s3.loss_iou: 0.4026  s4.loss_cls: 0.5607  s4.pos_acc: 100.0000  s4.loss_bbox: 0.4563  s4.loss_iou: 0.3957  s5.loss_cls: 0.5753  s5.pos_acc: 100.0000  s5.loss_bbox: 0.4435  s5.loss_iou: 0.3871
2025/05/18 11:56:38 - mmengine - INFO - Epoch(train) [3][5750/8276]  lr: 2.5000e-05  eta: 1:58:20  time: 0.2608  data_time: 0.0068  memory: 2063  grad_norm: 142.8364  loss: 9.7846  s0.loss_cls: 0.8729  s0.pos_acc: 100.0000  s0.loss_bbox: 0.8683  s0.loss_iou: 0.7336  s1.loss_cls: 0.6163  s1.pos_acc: 100.0000  s1.loss_bbox: 0.5460  s1.loss_iou: 0.4743  s2.loss_cls: 0.5866  s2.pos_acc: 100.0000  s2.loss_bbox: 0.4706  s2.loss_iou: 0.4159  s3.loss_cls: 0.5467  s3.pos_acc: 100.0000  s3.loss_bbox: 0.4695  s3.loss_iou: 0.4106  s4.loss_cls: 0.5567  s4.pos_acc: 100.0000  s4.loss_bbox: 0.4458  s4.loss_iou: 0.3951  s5.loss_cls: 0.5553  s5.pos_acc: 100.0000  s5.loss_bbox: 0.4286  s5.loss_iou: 0.3916
2025/05/18 11:56:50 - mmengine - INFO - Epoch(train) [3][5800/8276]  lr: 2.5000e-05  eta: 1:58:07  time: 0.2547  data_time: 0.0059  memory: 2064  grad_norm: 129.0716  loss: 9.5330  s0.loss_cls: 0.8239  s0.pos_acc: 50.0000  s0.loss_bbox: 0.8819  s0.loss_iou: 0.7496  s1.loss_cls: 0.5444  s1.pos_acc: 100.0000  s1.loss_bbox: 0.5439  s1.loss_iou: 0.4880  s2.loss_cls: 0.5443  s2.pos_acc: 100.0000  s2.loss_bbox: 0.4651  s2.loss_iou: 0.4226  s3.loss_cls: 0.5378  s3.pos_acc: 100.0000  s3.loss_bbox: 0.4419  s3.loss_iou: 0.4039  s4.loss_cls: 0.5422  s4.pos_acc: 100.0000  s4.loss_bbox: 0.4096  s4.loss_iou: 0.3880  s5.loss_cls: 0.5400  s5.pos_acc: 100.0000  s5.loss_bbox: 0.4156  s5.loss_iou: 0.3903
2025/05/18 11:57:04 - mmengine - INFO - Epoch(train) [3][5850/8276]  lr: 2.5000e-05  eta: 1:57:55  time: 0.2663  data_time: 0.0064  memory: 2065  grad_norm: 129.9564  loss: 9.6817  s0.loss_cls: 0.8337  s0.pos_acc: 25.0000  s0.loss_bbox: 0.8490  s0.loss_iou: 0.7714  s1.loss_cls: 0.5795  s1.pos_acc: 75.0000  s1.loss_bbox: 0.5208  s1.loss_iou: 0.5074  s2.loss_cls: 0.5654  s2.pos_acc: 75.0000  s2.loss_bbox: 0.4488  s2.loss_iou: 0.4446  s3.loss_cls: 0.5789  s3.pos_acc: 75.0000  s3.loss_bbox: 0.4163  s3.loss_iou: 0.4282  s4.loss_cls: 0.5665  s4.pos_acc: 75.0000  s4.loss_bbox: 0.3971  s4.loss_iou: 0.4114  s5.loss_cls: 0.5805  s5.pos_acc: 50.0000  s5.loss_bbox: 0.3812  s5.loss_iou: 0.4011
2025/05/18 11:57:17 - mmengine - INFO - Epoch(train) [3][5900/8276]  lr: 2.5000e-05  eta: 1:57:42  time: 0.2646  data_time: 0.0067  memory: 2065  grad_norm: 136.2265  loss: 8.9964  s0.loss_cls: 0.7795  s0.pos_acc: 33.3333  s0.loss_bbox: 0.8095  s0.loss_iou: 0.6967  s1.loss_cls: 0.5342  s1.pos_acc: 33.3333  s1.loss_bbox: 0.5168  s1.loss_iou: 0.4504  s2.loss_cls: 0.5012  s2.pos_acc: 66.6667  s2.loss_bbox: 0.4350  s2.loss_iou: 0.3964  s3.loss_cls: 0.4982  s3.pos_acc: 66.6667  s3.loss_bbox: 0.4294  s3.loss_iou: 0.3829  s4.loss_cls: 0.5084  s4.pos_acc: 66.6667  s4.loss_bbox: 0.4109  s4.loss_iou: 0.3638  s5.loss_cls: 0.5168  s5.pos_acc: 66.6667  s5.loss_bbox: 0.4063  s5.loss_iou: 0.3601
2025/05/18 11:57:30 - mmengine - INFO - Epoch(train) [3][5950/8276]  lr: 2.5000e-05  eta: 1:57:29  time: 0.2592  data_time: 0.0062  memory: 2065  grad_norm: 129.3437  loss: 10.0878  s0.loss_cls: 0.8464  s0.pos_acc: 55.5556  s0.loss_bbox: 0.8883  s0.loss_iou: 0.7130  s1.loss_cls: 0.5760  s1.pos_acc: 77.7778  s1.loss_bbox: 0.6038  s1.loss_iou: 0.5021  s2.loss_cls: 0.5815  s2.pos_acc: 77.7778  s2.loss_bbox: 0.5167  s2.loss_iou: 0.4424  s3.loss_cls: 0.5475  s3.pos_acc: 77.7778  s3.loss_bbox: 0.5067  s3.loss_iou: 0.4293  s4.loss_cls: 0.5625  s4.pos_acc: 77.7778  s4.loss_bbox: 0.4876  s4.loss_iou: 0.4186  s5.loss_cls: 0.5911  s5.pos_acc: 77.7778  s5.loss_bbox: 0.4667  s5.loss_iou: 0.4076
2025/05/18 11:57:43 - mmengine - INFO - Epoch(train) [3][6000/8276]  lr: 2.5000e-05  eta: 1:57:16  time: 0.2564  data_time: 0.0062  memory: 2065  grad_norm: 134.6453  loss: 9.3688  s0.loss_cls: 0.8582  s0.pos_acc: 66.6667  s0.loss_bbox: 0.8176  s0.loss_iou: 0.7393  s1.loss_cls: 0.5493  s1.pos_acc: 100.0000  s1.loss_bbox: 0.5151  s1.loss_iou: 0.4813  s2.loss_cls: 0.5124  s2.pos_acc: 100.0000  s2.loss_bbox: 0.4533  s2.loss_iou: 0.4300  s3.loss_cls: 0.5092  s3.pos_acc: 100.0000  s3.loss_bbox: 0.4312  s3.loss_iou: 0.4081  s4.loss_cls: 0.5156  s4.pos_acc: 100.0000  s4.loss_bbox: 0.4201  s4.loss_iou: 0.4021  s5.loss_cls: 0.5216  s5.pos_acc: 100.0000  s5.loss_bbox: 0.4121  s5.loss_iou: 0.3922
2025/05/18 11:57:56 - mmengine - INFO - Epoch(train) [3][6050/8276]  lr: 2.5000e-05  eta: 1:57:03  time: 0.2666  data_time: 0.0072  memory: 2065  grad_norm: 141.3308  loss: 9.3132  s0.loss_cls: 0.7968  s0.pos_acc: 100.0000  s0.loss_bbox: 0.8502  s0.loss_iou: 0.6842  s1.loss_cls: 0.5750  s1.pos_acc: 100.0000  s1.loss_bbox: 0.5678  s1.loss_iou: 0.4694  s2.loss_cls: 0.5156  s2.pos_acc: 100.0000  s2.loss_bbox: 0.4908  s2.loss_iou: 0.4108  s3.loss_cls: 0.5072  s3.pos_acc: 100.0000  s3.loss_bbox: 0.4507  s3.loss_iou: 0.3777  s4.loss_cls: 0.5014  s4.pos_acc: 100.0000  s4.loss_bbox: 0.4284  s4.loss_iou: 0.3731  s5.loss_cls: 0.4940  s5.pos_acc: 100.0000  s5.loss_bbox: 0.4406  s5.loss_iou: 0.3794
2025/05/18 11:58:09 - mmengine - INFO - Epoch(train) [3][6100/8276]  lr: 2.5000e-05  eta: 1:56:50  time: 0.2553  data_time: 0.0057  memory: 2064  grad_norm: 127.1750  loss: 9.2216  s0.loss_cls: 0.8378  s0.pos_acc: 100.0000  s0.loss_bbox: 0.8109  s0.loss_iou: 0.6918  s1.loss_cls: 0.5394  s1.pos_acc: 100.0000  s1.loss_bbox: 0.5367  s1.loss_iou: 0.4752  s2.loss_cls: 0.5302  s2.pos_acc: 100.0000  s2.loss_bbox: 0.4555  s2.loss_iou: 0.4021  s3.loss_cls: 0.4850  s3.pos_acc: 100.0000  s3.loss_bbox: 0.4450  s3.loss_iou: 0.3966  s4.loss_cls: 0.4786  s4.pos_acc: 100.0000  s4.loss_bbox: 0.4423  s4.loss_iou: 0.3908  s5.loss_cls: 0.4906  s5.pos_acc: 100.0000  s5.loss_bbox: 0.4268  s5.loss_iou: 0.3861
2025/05/18 11:58:21 - mmengine - INFO - Epoch(train) [3][6150/8276]  lr: 2.5000e-05  eta: 1:56:37  time: 0.2523  data_time: 0.0055  memory: 2064  grad_norm: 140.7912  loss: 9.4521  s0.loss_cls: 0.8264  s0.pos_acc: 50.0000  s0.loss_bbox: 0.8466  s0.loss_iou: 0.6914  s1.loss_cls: 0.6524  s1.pos_acc: 50.0000  s1.loss_bbox: 0.4958  s1.loss_iou: 0.4311  s2.loss_cls: 0.5952  s2.pos_acc: 50.0000  s2.loss_bbox: 0.4274  s2.loss_iou: 0.3768  s3.loss_cls: 0.6057  s3.pos_acc: 25.0000  s3.loss_bbox: 0.4197  s3.loss_iou: 0.3689  s4.loss_cls: 0.5934  s4.pos_acc: 50.0000  s4.loss_bbox: 0.4104  s4.loss_iou: 0.3600  s5.loss_cls: 0.5828  s5.pos_acc: 50.0000  s5.loss_bbox: 0.4080  s5.loss_iou: 0.3601
2025/05/18 11:58:34 - mmengine - INFO - Epoch(train) [3][6200/8276]  lr: 2.5000e-05  eta: 1:56:24  time: 0.2611  data_time: 0.0066  memory: 2064  grad_norm: 132.5557  loss: 9.6632  s0.loss_cls: 0.7996  s0.pos_acc: 66.6667  s0.loss_bbox: 0.8461  s0.loss_iou: 0.7369  s1.loss_cls: 0.5782  s1.pos_acc: 83.3333  s1.loss_bbox: 0.5530  s1.loss_iou: 0.5051  s2.loss_cls: 0.5331  s2.pos_acc: 100.0000  s2.loss_bbox: 0.4852  s2.loss_iou: 0.4399  s3.loss_cls: 0.5378  s3.pos_acc: 83.3333  s3.loss_bbox: 0.4524  s3.loss_iou: 0.4207  s4.loss_cls: 0.5190  s4.pos_acc: 100.0000  s4.loss_bbox: 0.4586  s4.loss_iou: 0.4176  s5.loss_cls: 0.5304  s5.pos_acc: 100.0000  s5.loss_bbox: 0.4419  s5.loss_iou: 0.4077
2025/05/18 11:58:48 - mmengine - INFO - Epoch(train) [3][6250/8276]  lr: 2.5000e-05  eta: 1:56:11  time: 0.2628  data_time: 0.0070  memory: 2064  grad_norm: 124.3240  loss: 9.7889  s0.loss_cls: 0.7533  s0.pos_acc: 100.0000  s0.loss_bbox: 0.8493  s0.loss_iou: 0.7631  s1.loss_cls: 0.5322  s1.pos_acc: 100.0000  s1.loss_bbox: 0.5703  s1.loss_iou: 0.5247  s2.loss_cls: 0.5135  s2.pos_acc: 100.0000  s2.loss_bbox: 0.5200  s2.loss_iou: 0.4747  s3.loss_cls: 0.4855  s3.pos_acc: 100.0000  s3.loss_bbox: 0.5009  s3.loss_iou: 0.4594  s4.loss_cls: 0.5015  s4.pos_acc: 100.0000  s4.loss_bbox: 0.4796  s4.loss_iou: 0.4434  s5.loss_cls: 0.4984  s5.pos_acc: 100.0000  s5.loss_bbox: 0.4761  s5.loss_iou: 0.4429
2025/05/18 11:59:00 - mmengine - INFO - Epoch(train) [3][6300/8276]  lr: 2.5000e-05  eta: 1:55:58  time: 0.2535  data_time: 0.0058  memory: 2064  grad_norm: 135.4411  loss: 9.3957  s0.loss_cls: 0.7870  s0.pos_acc: 100.0000  s0.loss_bbox: 0.8936  s0.loss_iou: 0.7420  s1.loss_cls: 0.5841  s1.pos_acc: 0.0000  s1.loss_bbox: 0.5314  s1.loss_iou: 0.4753  s2.loss_cls: 0.5426  s2.pos_acc: 100.0000  s2.loss_bbox: 0.4487  s2.loss_iou: 0.4134  s3.loss_cls: 0.5347  s3.pos_acc: 100.0000  s3.loss_bbox: 0.4202  s3.loss_iou: 0.3902  s4.loss_cls: 0.5282  s4.pos_acc: 0.0000  s4.loss_bbox: 0.4113  s4.loss_iou: 0.3820  s5.loss_cls: 0.5352  s5.pos_acc: 100.0000  s5.loss_bbox: 0.4011  s5.loss_iou: 0.3746
2025/05/18 11:59:13 - mmengine - INFO - Epoch(train) [3][6350/8276]  lr: 2.5000e-05  eta: 1:55:45  time: 0.2585  data_time: 0.0063  memory: 2064  grad_norm: 125.1535  loss: 9.2204  s0.loss_cls: 0.8004  s0.pos_acc: 33.3333  s0.loss_bbox: 0.8173  s0.loss_iou: 0.7049  s1.loss_cls: 0.5327  s1.pos_acc: 100.0000  s1.loss_bbox: 0.5303  s1.loss_iou: 0.4595  s2.loss_cls: 0.4861  s2.pos_acc: 100.0000  s2.loss_bbox: 0.4666  s2.loss_iou: 0.4103  s3.loss_cls: 0.5029  s3.pos_acc: 100.0000  s3.loss_bbox: 0.4456  s3.loss_iou: 0.3944  s4.loss_cls: 0.5117  s4.pos_acc: 100.0000  s4.loss_bbox: 0.4432  s4.loss_iou: 0.3938  s5.loss_cls: 0.5117  s5.pos_acc: 100.0000  s5.loss_bbox: 0.4238  s5.loss_iou: 0.3851
2025/05/18 11:59:26 - mmengine - INFO - Epoch(train) [3][6400/8276]  lr: 2.5000e-05  eta: 1:55:31  time: 0.2523  data_time: 0.0054  memory: 2065  grad_norm: 132.1582  loss: 9.5292  s0.loss_cls: 0.8168  s0.pos_acc: 50.0000  s0.loss_bbox: 0.8424  s0.loss_iou: 0.7333  s1.loss_cls: 0.5722  s1.pos_acc: 100.0000  s1.loss_bbox: 0.5298  s1.loss_iou: 0.4873  s2.loss_cls: 0.5287  s2.pos_acc: 100.0000  s2.loss_bbox: 0.4684  s2.loss_iou: 0.4336  s3.loss_cls: 0.5556  s3.pos_acc: 100.0000  s3.loss_bbox: 0.4384  s3.loss_iou: 0.4143  s4.loss_cls: 0.5538  s4.pos_acc: 100.0000  s4.loss_bbox: 0.4101  s4.loss_iou: 0.3942  s5.loss_cls: 0.5435  s5.pos_acc: 100.0000  s5.loss_bbox: 0.4130  s5.loss_iou: 0.3938
2025/05/18 11:59:38 - mmengine - INFO - Exp name: sparse-rcnn_voc_20250518_101231
2025/05/18 11:59:38 - mmengine - INFO - Epoch(train) [3][6450/8276]  lr: 2.5000e-05  eta: 1:55:18  time: 0.2527  data_time: 0.0055  memory: 2065  grad_norm: 140.1660  loss: 8.6184  s0.loss_cls: 0.7801  s0.pos_acc: 69.2308  s0.loss_bbox: 0.8165  s0.loss_iou: 0.6739  s1.loss_cls: 0.5243  s1.pos_acc: 84.6154  s1.loss_bbox: 0.5130  s1.loss_iou: 0.4257  s2.loss_cls: 0.4669  s2.pos_acc: 84.6154  s2.loss_bbox: 0.4394  s2.loss_iou: 0.3769  s3.loss_cls: 0.4567  s3.pos_acc: 84.6154  s3.loss_bbox: 0.4100  s3.loss_iou: 0.3626  s4.loss_cls: 0.4290  s4.pos_acc: 84.6154  s4.loss_bbox: 0.3996  s4.loss_iou: 0.3559  s5.loss_cls: 0.4434  s5.pos_acc: 84.6154  s5.loss_bbox: 0.3915  s5.loss_iou: 0.3529
2025/05/18 11:59:51 - mmengine - INFO - Epoch(train) [3][6500/8276]  lr: 2.5000e-05  eta: 1:55:05  time: 0.2608  data_time: 0.0065  memory: 2064  grad_norm: 130.6702  loss: 9.3353  s0.loss_cls: 0.8508  s0.pos_acc: 66.6667  s0.loss_bbox: 0.8399  s0.loss_iou: 0.7181  s1.loss_cls: 0.5526  s1.pos_acc: 100.0000  s1.loss_bbox: 0.5186  s1.loss_iou: 0.4605  s2.loss_cls: 0.5320  s2.pos_acc: 100.0000  s2.loss_bbox: 0.4544  s2.loss_iou: 0.4143  s3.loss_cls: 0.5136  s3.pos_acc: 100.0000  s3.loss_bbox: 0.4381  s3.loss_iou: 0.4034  s4.loss_cls: 0.5061  s4.pos_acc: 100.0000  s4.loss_bbox: 0.4271  s4.loss_iou: 0.3936  s5.loss_cls: 0.5047  s5.pos_acc: 100.0000  s5.loss_bbox: 0.4184  s5.loss_iou: 0.3890
2025/05/18 12:00:04 - mmengine - INFO - Epoch(train) [3][6550/8276]  lr: 2.5000e-05  eta: 1:54:52  time: 0.2544  data_time: 0.0061  memory: 2063  grad_norm: 124.9528  loss: 9.1472  s0.loss_cls: 0.8408  s0.pos_acc: 75.0000  s0.loss_bbox: 0.8625  s0.loss_iou: 0.7377  s1.loss_cls: 0.5585  s1.pos_acc: 100.0000  s1.loss_bbox: 0.5138  s1.loss_iou: 0.4639  s2.loss_cls: 0.5323  s2.pos_acc: 100.0000  s2.loss_bbox: 0.4238  s2.loss_iou: 0.3949  s3.loss_cls: 0.5143  s3.pos_acc: 100.0000  s3.loss_bbox: 0.3985  s3.loss_iou: 0.3719  s4.loss_cls: 0.5098  s4.pos_acc: 100.0000  s4.loss_bbox: 0.3974  s4.loss_iou: 0.3716  s5.loss_cls: 0.5095  s5.pos_acc: 100.0000  s5.loss_bbox: 0.3834  s5.loss_iou: 0.3625
2025/05/18 12:00:17 - mmengine - INFO - Epoch(train) [3][6600/8276]  lr: 2.5000e-05  eta: 1:54:38  time: 0.2554  data_time: 0.0059  memory: 2065  grad_norm: 133.5016  loss: 9.2667  s0.loss_cls: 0.8655  s0.pos_acc: 0.0000  s0.loss_bbox: 0.7978  s0.loss_iou: 0.7225  s1.loss_cls: 0.5734  s1.pos_acc: 50.0000  s1.loss_bbox: 0.4921  s1.loss_iou: 0.4705  s2.loss_cls: 0.5742  s2.pos_acc: 0.0000  s2.loss_bbox: 0.4183  s2.loss_iou: 0.4049  s3.loss_cls: 0.5320  s3.pos_acc: 100.0000  s3.loss_bbox: 0.3956  s3.loss_iou: 0.3898  s4.loss_cls: 0.5380  s4.pos_acc: 100.0000  s4.loss_bbox: 0.3907  s4.loss_iou: 0.3827  s5.loss_cls: 0.5446  s5.pos_acc: 100.0000  s5.loss_bbox: 0.3926  s5.loss_iou: 0.3813
2025/05/18 12:00:30 - mmengine - INFO - Epoch(train) [3][6650/8276]  lr: 2.5000e-05  eta: 1:54:25  time: 0.2527  data_time: 0.0055  memory: 2065  grad_norm: 139.4104  loss: 9.1046  s0.loss_cls: 0.7343  s0.pos_acc: 100.0000  s0.loss_bbox: 0.8217  s0.loss_iou: 0.6840  s1.loss_cls: 0.5216  s1.pos_acc: 100.0000  s1.loss_bbox: 0.5506  s1.loss_iou: 0.4637  s2.loss_cls: 0.4776  s2.pos_acc: 100.0000  s2.loss_bbox: 0.4917  s2.loss_iou: 0.4107  s3.loss_cls: 0.4460  s3.pos_acc: 100.0000  s3.loss_bbox: 0.4743  s3.loss_iou: 0.4022  s4.loss_cls: 0.4499  s4.pos_acc: 100.0000  s4.loss_bbox: 0.4694  s4.loss_iou: 0.4001  s5.loss_cls: 0.4853  s5.pos_acc: 100.0000  s5.loss_bbox: 0.4409  s5.loss_iou: 0.3804
2025/05/18 12:00:42 - mmengine - INFO - Epoch(train) [3][6700/8276]  lr: 2.5000e-05  eta: 1:54:12  time: 0.2540  data_time: 0.0057  memory: 2064  grad_norm: 123.1363  loss: 10.0533  s0.loss_cls: 0.8644  s0.pos_acc: 50.0000  s0.loss_bbox: 0.8221  s0.loss_iou: 0.7738  s1.loss_cls: 0.6089  s1.pos_acc: 100.0000  s1.loss_bbox: 0.5520  s1.loss_iou: 0.5314  s2.loss_cls: 0.5471  s2.pos_acc: 87.5000  s2.loss_bbox: 0.4983  s2.loss_iou: 0.4825  s3.loss_cls: 0.5534  s3.pos_acc: 87.5000  s3.loss_bbox: 0.4607  s3.loss_iou: 0.4536  s4.loss_cls: 0.5564  s4.pos_acc: 87.5000  s4.loss_bbox: 0.4500  s4.loss_iou: 0.4466  s5.loss_cls: 0.5818  s5.pos_acc: 100.0000  s5.loss_bbox: 0.4337  s5.loss_iou: 0.4367
2025/05/18 12:00:56 - mmengine - INFO - Epoch(train) [3][6750/8276]  lr: 2.5000e-05  eta: 1:53:59  time: 0.2658  data_time: 0.0073  memory: 2064  grad_norm: 132.0908  loss: 9.1323  s0.loss_cls: 0.7756  s0.pos_acc: 33.3333  s0.loss_bbox: 0.8144  s0.loss_iou: 0.6776  s1.loss_cls: 0.5620  s1.pos_acc: 66.6667  s1.loss_bbox: 0.5160  s1.loss_iou: 0.4512  s2.loss_cls: 0.5184  s2.pos_acc: 66.6667  s2.loss_bbox: 0.4599  s2.loss_iou: 0.4003  s3.loss_cls: 0.5041  s3.pos_acc: 66.6667  s3.loss_bbox: 0.4421  s3.loss_iou: 0.3869  s4.loss_cls: 0.5085  s4.pos_acc: 66.6667  s4.loss_bbox: 0.4240  s4.loss_iou: 0.3778  s5.loss_cls: 0.5186  s5.pos_acc: 66.6667  s5.loss_bbox: 0.4195  s5.loss_iou: 0.3754
2025/05/18 12:01:09 - mmengine - INFO - Epoch(train) [3][6800/8276]  lr: 2.5000e-05  eta: 1:53:46  time: 0.2652  data_time: 0.0070  memory: 2064  grad_norm: 136.1560  loss: 9.1118  s0.loss_cls: 0.8041  s0.pos_acc: 57.1429  s0.loss_bbox: 0.8556  s0.loss_iou: 0.6885  s1.loss_cls: 0.5214  s1.pos_acc: 85.7143  s1.loss_bbox: 0.5358  s1.loss_iou: 0.4527  s2.loss_cls: 0.4933  s2.pos_acc: 85.7143  s2.loss_bbox: 0.4602  s2.loss_iou: 0.3945  s3.loss_cls: 0.4826  s3.pos_acc: 100.0000  s3.loss_bbox: 0.4417  s3.loss_iou: 0.3760  s4.loss_cls: 0.4951  s4.pos_acc: 100.0000  s4.loss_bbox: 0.4247  s4.loss_iou: 0.3669  s5.loss_cls: 0.4966  s5.pos_acc: 100.0000  s5.loss_bbox: 0.4429  s5.loss_iou: 0.3793
2025/05/18 12:01:22 - mmengine - INFO - Epoch(train) [3][6850/8276]  lr: 2.5000e-05  eta: 1:53:34  time: 0.2636  data_time: 0.0071  memory: 2064  grad_norm: 129.7570  loss: 9.3006  s0.loss_cls: 0.8067  s0.pos_acc: 50.0000  s0.loss_bbox: 0.8219  s0.loss_iou: 0.6731  s1.loss_cls: 0.5770  s1.pos_acc: 50.0000  s1.loss_bbox: 0.5526  s1.loss_iou: 0.4431  s2.loss_cls: 0.5303  s2.pos_acc: 50.0000  s2.loss_bbox: 0.4789  s2.loss_iou: 0.3925  s3.loss_cls: 0.5269  s3.pos_acc: 50.0000  s3.loss_bbox: 0.4437  s3.loss_iou: 0.3717  s4.loss_cls: 0.5183  s4.pos_acc: 50.0000  s4.loss_bbox: 0.4482  s4.loss_iou: 0.3755  s5.loss_cls: 0.5305  s5.pos_acc: 50.0000  s5.loss_bbox: 0.4397  s5.loss_iou: 0.3700
2025/05/18 12:01:35 - mmengine - INFO - Epoch(train) [3][6900/8276]  lr: 2.5000e-05  eta: 1:53:21  time: 0.2646  data_time: 0.0067  memory: 2065  grad_norm: 128.0707  loss: 9.3704  s0.loss_cls: 0.7919  s0.pos_acc: 18.1818  s0.loss_bbox: 0.8204  s0.loss_iou: 0.6780  s1.loss_cls: 0.5691  s1.pos_acc: 54.5455  s1.loss_bbox: 0.5539  s1.loss_iou: 0.4532  s2.loss_cls: 0.5410  s2.pos_acc: 81.8182  s2.loss_bbox: 0.4876  s2.loss_iou: 0.3970  s3.loss_cls: 0.5245  s3.pos_acc: 100.0000  s3.loss_bbox: 0.4634  s3.loss_iou: 0.3844  s4.loss_cls: 0.5223  s4.pos_acc: 100.0000  s4.loss_bbox: 0.4434  s4.loss_iou: 0.3740  s5.loss_cls: 0.5526  s5.pos_acc: 100.0000  s5.loss_bbox: 0.4412  s5.loss_iou: 0.3725
2025/05/18 12:01:48 - mmengine - INFO - Epoch(train) [3][6950/8276]  lr: 2.5000e-05  eta: 1:53:08  time: 0.2528  data_time: 0.0054  memory: 2065  grad_norm: 128.7384  loss: 9.2467  s0.loss_cls: 0.8102  s0.pos_acc: 50.0000  s0.loss_bbox: 0.7720  s0.loss_iou: 0.6683  s1.loss_cls: 0.5649  s1.pos_acc: 50.0000  s1.loss_bbox: 0.5246  s1.loss_iou: 0.4749  s2.loss_cls: 0.5470  s2.pos_acc: 50.0000  s2.loss_bbox: 0.4476  s2.loss_iou: 0.4091  s3.loss_cls: 0.5431  s3.pos_acc: 50.0000  s3.loss_bbox: 0.4202  s3.loss_iou: 0.3901  s4.loss_cls: 0.5514  s4.pos_acc: 50.0000  s4.loss_bbox: 0.4109  s4.loss_iou: 0.3835  s5.loss_cls: 0.5673  s5.pos_acc: 50.0000  s5.loss_bbox: 0.3897  s5.loss_iou: 0.3717
2025/05/18 12:02:01 - mmengine - INFO - Epoch(train) [3][7000/8276]  lr: 2.5000e-05  eta: 1:52:55  time: 0.2647  data_time: 0.0069  memory: 2065  grad_norm: 126.7413  loss: 9.6881  s0.loss_cls: 0.8792  s0.pos_acc: 50.0000  s0.loss_bbox: 0.8856  s0.loss_iou: 0.7693  s1.loss_cls: 0.6163  s1.pos_acc: 100.0000  s1.loss_bbox: 0.5390  s1.loss_iou: 0.4886  s2.loss_cls: 0.5693  s2.pos_acc: 50.0000  s2.loss_bbox: 0.4530  s2.loss_iou: 0.4251  s3.loss_cls: 0.5712  s3.pos_acc: 50.0000  s3.loss_bbox: 0.4163  s3.loss_iou: 0.4021  s4.loss_cls: 0.5646  s4.pos_acc: 50.0000  s4.loss_bbox: 0.3892  s4.loss_iou: 0.3825  s5.loss_cls: 0.5678  s5.pos_acc: 50.0000  s5.loss_bbox: 0.3876  s5.loss_iou: 0.3814
2025/05/18 12:02:14 - mmengine - INFO - Epoch(train) [3][7050/8276]  lr: 2.5000e-05  eta: 1:52:42  time: 0.2608  data_time: 0.0067  memory: 2063  grad_norm: 125.0851  loss: 9.0159  s0.loss_cls: 0.7595  s0.pos_acc: 100.0000  s0.loss_bbox: 0.8185  s0.loss_iou: 0.7055  s1.loss_cls: 0.5516  s1.pos_acc: 100.0000  s1.loss_bbox: 0.5118  s1.loss_iou: 0.4698  s2.loss_cls: 0.4930  s2.pos_acc: 100.0000  s2.loss_bbox: 0.4463  s2.loss_iou: 0.4114  s3.loss_cls: 0.5053  s3.pos_acc: 100.0000  s3.loss_bbox: 0.4039  s3.loss_iou: 0.3826  s4.loss_cls: 0.5037  s4.pos_acc: 100.0000  s4.loss_bbox: 0.4019  s4.loss_iou: 0.3777  s5.loss_cls: 0.5074  s5.pos_acc: 100.0000  s5.loss_bbox: 0.3943  s5.loss_iou: 0.3716
2025/05/18 12:02:27 - mmengine - INFO - Epoch(train) [3][7100/8276]  lr: 2.5000e-05  eta: 1:52:29  time: 0.2647  data_time: 0.0066  memory: 2065  grad_norm: 132.8964  loss: 8.7582  s0.loss_cls: 0.7330  s0.pos_acc: 57.1429  s0.loss_bbox: 0.7999  s0.loss_iou: 0.6915  s1.loss_cls: 0.5215  s1.pos_acc: 71.4286  s1.loss_bbox: 0.4906  s1.loss_iou: 0.4513  s2.loss_cls: 0.4877  s2.pos_acc: 71.4286  s2.loss_bbox: 0.4200  s2.loss_iou: 0.3912  s3.loss_cls: 0.4829  s3.pos_acc: 71.4286  s3.loss_bbox: 0.4068  s3.loss_iou: 0.3777  s4.loss_cls: 0.4851  s4.pos_acc: 71.4286  s4.loss_bbox: 0.3951  s4.loss_iou: 0.3723  s5.loss_cls: 0.4824  s5.pos_acc: 85.7143  s5.loss_bbox: 0.3950  s5.loss_iou: 0.3742
2025/05/18 12:02:41 - mmengine - INFO - Epoch(train) [3][7150/8276]  lr: 2.5000e-05  eta: 1:52:16  time: 0.2620  data_time: 0.0067  memory: 2064  grad_norm: 135.2657  loss: 9.0518  s0.loss_cls: 0.8758  s0.pos_acc: 50.0000  s0.loss_bbox: 0.8023  s0.loss_iou: 0.6676  s1.loss_cls: 0.6001  s1.pos_acc: 100.0000  s1.loss_bbox: 0.4952  s1.loss_iou: 0.4300  s2.loss_cls: 0.5560  s2.pos_acc: 100.0000  s2.loss_bbox: 0.4082  s2.loss_iou: 0.3641  s3.loss_cls: 0.5616  s3.pos_acc: 100.0000  s3.loss_bbox: 0.3864  s3.loss_iou: 0.3514  s4.loss_cls: 0.5821  s4.pos_acc: 100.0000  s4.loss_bbox: 0.3532  s4.loss_iou: 0.3316  s5.loss_cls: 0.5962  s5.pos_acc: 100.0000  s5.loss_bbox: 0.3579  s5.loss_iou: 0.3321
2025/05/18 12:02:53 - mmengine - INFO - Epoch(train) [3][7200/8276]  lr: 2.5000e-05  eta: 1:52:03  time: 0.2549  data_time: 0.0061  memory: 2064  grad_norm: 122.3745  loss: 9.6934  s0.loss_cls: 0.8453  s0.pos_acc: 75.0000  s0.loss_bbox: 0.8758  s0.loss_iou: 0.7417  s1.loss_cls: 0.5648  s1.pos_acc: 75.0000  s1.loss_bbox: 0.5509  s1.loss_iou: 0.4859  s2.loss_cls: 0.5182  s2.pos_acc: 75.0000  s2.loss_bbox: 0.5011  s2.loss_iou: 0.4409  s3.loss_cls: 0.5305  s3.pos_acc: 75.0000  s3.loss_bbox: 0.4640  s3.loss_iou: 0.4126  s4.loss_cls: 0.5404  s4.pos_acc: 75.0000  s4.loss_bbox: 0.4461  s4.loss_iou: 0.4010  s5.loss_cls: 0.5521  s5.pos_acc: 75.0000  s5.loss_bbox: 0.4270  s5.loss_iou: 0.3949
2025/05/18 12:03:06 - mmengine - INFO - Epoch(train) [3][7250/8276]  lr: 2.5000e-05  eta: 1:51:50  time: 0.2588  data_time: 0.0065  memory: 2063  grad_norm: 129.8290  loss: 9.0781  s0.loss_cls: 0.8025  s0.pos_acc: 0.0000  s0.loss_bbox: 0.8633  s0.loss_iou: 0.7027  s1.loss_cls: 0.5818  s1.pos_acc: 100.0000  s1.loss_bbox: 0.5024  s1.loss_iou: 0.4345  s2.loss_cls: 0.5375  s2.pos_acc: 100.0000  s2.loss_bbox: 0.4314  s2.loss_iou: 0.3744  s3.loss_cls: 0.5211  s3.pos_acc: 100.0000  s3.loss_bbox: 0.4172  s3.loss_iou: 0.3597  s4.loss_cls: 0.5132  s4.pos_acc: 100.0000  s4.loss_bbox: 0.4095  s4.loss_iou: 0.3564  s5.loss_cls: 0.5127  s5.pos_acc: 100.0000  s5.loss_bbox: 0.4038  s5.loss_iou: 0.3539
2025/05/18 12:03:19 - mmengine - INFO - Epoch(train) [3][7300/8276]  lr: 2.5000e-05  eta: 1:51:37  time: 0.2526  data_time: 0.0054  memory: 2065  grad_norm: 131.2208  loss: 9.3637  s0.loss_cls: 0.8576  s0.pos_acc: 100.0000  s0.loss_bbox: 0.8155  s0.loss_iou: 0.6999  s1.loss_cls: 0.5522  s1.pos_acc: 100.0000  s1.loss_bbox: 0.5318  s1.loss_iou: 0.4823  s2.loss_cls: 0.5419  s2.pos_acc: 66.6667  s2.loss_bbox: 0.4458  s2.loss_iou: 0.4123  s3.loss_cls: 0.5327  s3.pos_acc: 66.6667  s3.loss_bbox: 0.4195  s3.loss_iou: 0.3923  s4.loss_cls: 0.5346  s4.pos_acc: 66.6667  s4.loss_bbox: 0.4068  s4.loss_iou: 0.3879  s5.loss_cls: 0.5502  s5.pos_acc: 66.6667  s5.loss_bbox: 0.4125  s5.loss_iou: 0.3880
2025/05/18 12:03:32 - mmengine - INFO - Epoch(train) [3][7350/8276]  lr: 2.5000e-05  eta: 1:51:24  time: 0.2564  data_time: 0.0060  memory: 2064  grad_norm: 129.9489  loss: 9.6324  s0.loss_cls: 0.8440  s0.pos_acc: 33.3333  s0.loss_bbox: 0.8361  s0.loss_iou: 0.7143  s1.loss_cls: 0.5962  s1.pos_acc: 66.6667  s1.loss_bbox: 0.5333  s1.loss_iou: 0.4746  s2.loss_cls: 0.5989  s2.pos_acc: 100.0000  s2.loss_bbox: 0.4536  s2.loss_iou: 0.4107  s3.loss_cls: 0.5828  s3.pos_acc: 100.0000  s3.loss_bbox: 0.4334  s3.loss_iou: 0.3915  s4.loss_cls: 0.6022  s4.pos_acc: 100.0000  s4.loss_bbox: 0.4042  s4.loss_iou: 0.3776  s5.loss_cls: 0.5898  s5.pos_acc: 66.6667  s5.loss_bbox: 0.4101  s5.loss_iou: 0.3792
2025/05/18 12:03:45 - mmengine - INFO - Epoch(train) [3][7400/8276]  lr: 2.5000e-05  eta: 1:51:11  time: 0.2635  data_time: 0.0061  memory: 2065  grad_norm: 120.0302  loss: 9.6364  s0.loss_cls: 0.8242  s0.pos_acc: 64.2857  s0.loss_bbox: 0.8592  s0.loss_iou: 0.7086  s1.loss_cls: 0.5711  s1.pos_acc: 92.8571  s1.loss_bbox: 0.5658  s1.loss_iou: 0.4786  s2.loss_cls: 0.5398  s2.pos_acc: 100.0000  s2.loss_bbox: 0.4915  s2.loss_iou: 0.4206  s3.loss_cls: 0.5323  s3.pos_acc: 100.0000  s3.loss_bbox: 0.4676  s3.loss_iou: 0.4083  s4.loss_cls: 0.5485  s4.pos_acc: 100.0000  s4.loss_bbox: 0.4545  s4.loss_iou: 0.3932  s5.loss_cls: 0.5600  s5.pos_acc: 100.0000  s5.loss_bbox: 0.4330  s5.loss_iou: 0.3797
2025/05/18 12:03:57 - mmengine - INFO - Exp name: sparse-rcnn_voc_20250518_101231
2025/05/18 12:03:58 - mmengine - INFO - Epoch(train) [3][7450/8276]  lr: 2.5000e-05  eta: 1:50:58  time: 0.2550  data_time: 0.0058  memory: 2064  grad_norm: 133.1029  loss: 9.3537  s0.loss_cls: 0.8164  s0.pos_acc: 66.6667  s0.loss_bbox: 0.8414  s0.loss_iou: 0.7302  s1.loss_cls: 0.5882  s1.pos_acc: 100.0000  s1.loss_bbox: 0.5125  s1.loss_iou: 0.4596  s2.loss_cls: 0.5374  s2.pos_acc: 100.0000  s2.loss_bbox: 0.4606  s2.loss_iou: 0.4050  s3.loss_cls: 0.5216  s3.pos_acc: 100.0000  s3.loss_bbox: 0.4383  s3.loss_iou: 0.3820  s4.loss_cls: 0.5306  s4.pos_acc: 100.0000  s4.loss_bbox: 0.4241  s4.loss_iou: 0.3771  s5.loss_cls: 0.5494  s5.pos_acc: 100.0000  s5.loss_bbox: 0.4111  s5.loss_iou: 0.3681
2025/05/18 12:04:11 - mmengine - INFO - Epoch(train) [3][7500/8276]  lr: 2.5000e-05  eta: 1:50:45  time: 0.2630  data_time: 0.0070  memory: 2064  grad_norm: 133.3871  loss: 10.0459  s0.loss_cls: 0.8960  s0.pos_acc: 50.0000  s0.loss_bbox: 0.8597  s0.loss_iou: 0.7412  s1.loss_cls: 0.6284  s1.pos_acc: 83.3333  s1.loss_bbox: 0.5498  s1.loss_iou: 0.4961  s2.loss_cls: 0.6245  s2.pos_acc: 66.6667  s2.loss_bbox: 0.4541  s2.loss_iou: 0.4247  s3.loss_cls: 0.6062  s3.pos_acc: 83.3333  s3.loss_bbox: 0.4318  s3.loss_iou: 0.4057  s4.loss_cls: 0.6108  s4.pos_acc: 83.3333  s4.loss_bbox: 0.4371  s4.loss_iou: 0.4062  s5.loss_cls: 0.6574  s5.pos_acc: 66.6667  s5.loss_bbox: 0.4221  s5.loss_iou: 0.3940
2025/05/18 12:04:23 - mmengine - INFO - Epoch(train) [3][7550/8276]  lr: 2.5000e-05  eta: 1:50:32  time: 0.2538  data_time: 0.0057  memory: 2064  grad_norm: 122.7974  loss: 10.1210  s0.loss_cls: 0.8633  s0.pos_acc: 25.0000  s0.loss_bbox: 0.8873  s0.loss_iou: 0.7635  s1.loss_cls: 0.6198  s1.pos_acc: 87.5000  s1.loss_bbox: 0.5743  s1.loss_iou: 0.5193  s2.loss_cls: 0.6027  s2.pos_acc: 87.5000  s2.loss_bbox: 0.4797  s2.loss_iou: 0.4446  s3.loss_cls: 0.6038  s3.pos_acc: 87.5000  s3.loss_bbox: 0.4470  s3.loss_iou: 0.4227  s4.loss_cls: 0.5936  s4.pos_acc: 100.0000  s4.loss_bbox: 0.4336  s4.loss_iou: 0.4107  s5.loss_cls: 0.6168  s5.pos_acc: 100.0000  s5.loss_bbox: 0.4271  s5.loss_iou: 0.4111
2025/05/18 12:04:36 - mmengine - INFO - Epoch(train) [3][7600/8276]  lr: 2.5000e-05  eta: 1:50:19  time: 0.2605  data_time: 0.0063  memory: 2063  grad_norm: 137.5851  loss: 9.5673  s0.loss_cls: 0.9019  s0.pos_acc: 100.0000  s0.loss_bbox: 0.8062  s0.loss_iou: 0.7246  s1.loss_cls: 0.5723  s1.pos_acc: 100.0000  s1.loss_bbox: 0.5223  s1.loss_iou: 0.4892  s2.loss_cls: 0.5313  s2.pos_acc: 100.0000  s2.loss_bbox: 0.4603  s2.loss_iou: 0.4325  s3.loss_cls: 0.5521  s3.pos_acc: 100.0000  s3.loss_bbox: 0.4405  s3.loss_iou: 0.4110  s4.loss_cls: 0.5209  s4.pos_acc: 100.0000  s4.loss_bbox: 0.4316  s4.loss_iou: 0.4097  s5.loss_cls: 0.5387  s5.pos_acc: 100.0000  s5.loss_bbox: 0.4187  s5.loss_iou: 0.4032
2025/05/18 12:04:50 - mmengine - INFO - Epoch(train) [3][7650/8276]  lr: 2.5000e-05  eta: 1:50:06  time: 0.2617  data_time: 0.0066  memory: 2064  grad_norm: 124.4519  loss: 10.2467  s0.loss_cls: 0.8582  s0.pos_acc: 66.6667  s0.loss_bbox: 0.9031  s0.loss_iou: 0.7591  s1.loss_cls: 0.6323  s1.pos_acc: 100.0000  s1.loss_bbox: 0.5768  s1.loss_iou: 0.5051  s2.loss_cls: 0.5741  s2.pos_acc: 100.0000  s2.loss_bbox: 0.5143  s2.loss_iou: 0.4435  s3.loss_cls: 0.5658  s3.pos_acc: 100.0000  s3.loss_bbox: 0.4907  s3.loss_iou: 0.4270  s4.loss_cls: 0.5677  s4.pos_acc: 100.0000  s4.loss_bbox: 0.4934  s4.loss_iou: 0.4298  s5.loss_cls: 0.5863  s5.pos_acc: 100.0000  s5.loss_bbox: 0.4923  s5.loss_iou: 0.4272
2025/05/18 12:05:03 - mmengine - INFO - Epoch(train) [3][7700/8276]  lr: 2.5000e-05  eta: 1:49:53  time: 0.2660  data_time: 0.0071  memory: 2065  grad_norm: 128.0040  loss: 10.2016  s0.loss_cls: 0.8568  s0.pos_acc: 50.0000  s0.loss_bbox: 0.8699  s0.loss_iou: 0.7441  s1.loss_cls: 0.6047  s1.pos_acc: 100.0000  s1.loss_bbox: 0.5952  s1.loss_iou: 0.5111  s2.loss_cls: 0.6025  s2.pos_acc: 100.0000  s2.loss_bbox: 0.5178  s2.loss_iou: 0.4534  s3.loss_cls: 0.5690  s3.pos_acc: 100.0000  s3.loss_bbox: 0.5003  s3.loss_iou: 0.4391  s4.loss_cls: 0.5592  s4.pos_acc: 100.0000  s4.loss_bbox: 0.4727  s4.loss_iou: 0.4280  s5.loss_cls: 0.5771  s5.pos_acc: 100.0000  s5.loss_bbox: 0.4730  s5.loss_iou: 0.4280
2025/05/18 12:05:16 - mmengine - INFO - Epoch(train) [3][7750/8276]  lr: 2.5000e-05  eta: 1:49:40  time: 0.2631  data_time: 0.0067  memory: 2064  grad_norm: 130.1031  loss: 9.3168  s0.loss_cls: 0.8319  s0.pos_acc: 0.0000  s0.loss_bbox: 0.8293  s0.loss_iou: 0.7527  s1.loss_cls: 0.5526  s1.pos_acc: 50.0000  s1.loss_bbox: 0.5212  s1.loss_iou: 0.4841  s2.loss_cls: 0.5273  s2.pos_acc: 50.0000  s2.loss_bbox: 0.4386  s2.loss_iou: 0.4165  s3.loss_cls: 0.5096  s3.pos_acc: 50.0000  s3.loss_bbox: 0.4232  s3.loss_iou: 0.3991  s4.loss_cls: 0.4960  s4.pos_acc: 50.0000  s4.loss_bbox: 0.4254  s4.loss_iou: 0.4009  s5.loss_cls: 0.5209  s5.pos_acc: 50.0000  s5.loss_bbox: 0.4026  s5.loss_iou: 0.3850
2025/05/18 12:05:29 - mmengine - INFO - Epoch(train) [3][7800/8276]  lr: 2.5000e-05  eta: 1:49:27  time: 0.2578  data_time: 0.0064  memory: 2063  grad_norm: 130.1305  loss: 9.7013  s0.loss_cls: 0.8228  s0.pos_acc: 100.0000  s0.loss_bbox: 0.8339  s0.loss_iou: 0.7129  s1.loss_cls: 0.5779  s1.pos_acc: 100.0000  s1.loss_bbox: 0.5545  s1.loss_iou: 0.4872  s2.loss_cls: 0.5587  s2.pos_acc: 100.0000  s2.loss_bbox: 0.4783  s2.loss_iou: 0.4355  s3.loss_cls: 0.5603  s3.pos_acc: 100.0000  s3.loss_bbox: 0.4462  s3.loss_iou: 0.4137  s4.loss_cls: 0.5538  s4.pos_acc: 100.0000  s4.loss_bbox: 0.4332  s4.loss_iou: 0.4105  s5.loss_cls: 0.5776  s5.pos_acc: 100.0000  s5.loss_bbox: 0.4354  s5.loss_iou: 0.4089
2025/05/18 12:05:42 - mmengine - INFO - Epoch(train) [3][7850/8276]  lr: 2.5000e-05  eta: 1:49:14  time: 0.2566  data_time: 0.0058  memory: 2063  grad_norm: 126.8696  loss: 9.6168  s0.loss_cls: 0.8036  s0.pos_acc: 50.0000  s0.loss_bbox: 0.8468  s0.loss_iou: 0.7536  s1.loss_cls: 0.5420  s1.pos_acc: 100.0000  s1.loss_bbox: 0.5647  s1.loss_iou: 0.5162  s2.loss_cls: 0.5186  s2.pos_acc: 100.0000  s2.loss_bbox: 0.4942  s2.loss_iou: 0.4527  s3.loss_cls: 0.5135  s3.pos_acc: 100.0000  s3.loss_bbox: 0.4507  s3.loss_iou: 0.4275  s4.loss_cls: 0.5118  s4.pos_acc: 100.0000  s4.loss_bbox: 0.4334  s4.loss_iou: 0.4127  s5.loss_cls: 0.5248  s5.pos_acc: 100.0000  s5.loss_bbox: 0.4359  s5.loss_iou: 0.4140
2025/05/18 12:05:55 - mmengine - INFO - Epoch(train) [3][7900/8276]  lr: 2.5000e-05  eta: 1:49:02  time: 0.2691  data_time: 0.0072  memory: 2064  grad_norm: 127.2750  loss: 8.9962  s0.loss_cls: 0.7769  s0.pos_acc: 50.0000  s0.loss_bbox: 0.8247  s0.loss_iou: 0.6525  s1.loss_cls: 0.5186  s1.pos_acc: 50.0000  s1.loss_bbox: 0.5601  s1.loss_iou: 0.4499  s2.loss_cls: 0.4468  s2.pos_acc: 100.0000  s2.loss_bbox: 0.4995  s2.loss_iou: 0.3993  s3.loss_cls: 0.4384  s3.pos_acc: 100.0000  s3.loss_bbox: 0.4714  s3.loss_iou: 0.3818  s4.loss_cls: 0.4441  s4.pos_acc: 100.0000  s4.loss_bbox: 0.4619  s4.loss_iou: 0.3801  s5.loss_cls: 0.4469  s5.pos_acc: 100.0000  s5.loss_bbox: 0.4609  s5.loss_iou: 0.3825
2025/05/18 12:06:08 - mmengine - INFO - Epoch(train) [3][7950/8276]  lr: 2.5000e-05  eta: 1:48:49  time: 0.2583  data_time: 0.0061  memory: 2064  grad_norm: 124.4033  loss: 9.4041  s0.loss_cls: 0.7641  s0.pos_acc: 50.0000  s0.loss_bbox: 0.8264  s0.loss_iou: 0.7597  s1.loss_cls: 0.5410  s1.pos_acc: 50.0000  s1.loss_bbox: 0.5308  s1.loss_iou: 0.5020  s2.loss_cls: 0.5263  s2.pos_acc: 50.0000  s2.loss_bbox: 0.4712  s2.loss_iou: 0.4526  s3.loss_cls: 0.5071  s3.pos_acc: 50.0000  s3.loss_bbox: 0.4424  s3.loss_iou: 0.4265  s4.loss_cls: 0.4962  s4.pos_acc: 50.0000  s4.loss_bbox: 0.4184  s4.loss_iou: 0.4104  s5.loss_cls: 0.5114  s5.pos_acc: 50.0000  s5.loss_bbox: 0.4105  s5.loss_iou: 0.4070
2025/05/18 12:06:21 - mmengine - INFO - Epoch(train) [3][8000/8276]  lr: 2.5000e-05  eta: 1:48:35  time: 0.2544  data_time: 0.0058  memory: 2063  grad_norm: 120.6056  loss: 9.6217  s0.loss_cls: 0.8310  s0.pos_acc: 66.6667  s0.loss_bbox: 0.8600  s0.loss_iou: 0.7639  s1.loss_cls: 0.5844  s1.pos_acc: 100.0000  s1.loss_bbox: 0.5451  s1.loss_iou: 0.5038  s2.loss_cls: 0.5460  s2.pos_acc: 100.0000  s2.loss_bbox: 0.4558  s2.loss_iou: 0.4362  s3.loss_cls: 0.5399  s3.pos_acc: 83.3333  s3.loss_bbox: 0.4166  s3.loss_iou: 0.4135  s4.loss_cls: 0.5391  s4.pos_acc: 100.0000  s4.loss_bbox: 0.4156  s4.loss_iou: 0.4090  s5.loss_cls: 0.5382  s5.pos_acc: 100.0000  s5.loss_bbox: 0.4155  s5.loss_iou: 0.4081
2025/05/18 12:06:34 - mmengine - INFO - Epoch(train) [3][8050/8276]  lr: 2.5000e-05  eta: 1:48:23  time: 0.2603  data_time: 0.0062  memory: 2065  grad_norm: 136.1620  loss: 9.3083  s0.loss_cls: 0.8074  s0.pos_acc: 100.0000  s0.loss_bbox: 0.8606  s0.loss_iou: 0.7182  s1.loss_cls: 0.5689  s1.pos_acc: 66.6667  s1.loss_bbox: 0.5202  s1.loss_iou: 0.4452  s2.loss_cls: 0.5407  s2.pos_acc: 66.6667  s2.loss_bbox: 0.4541  s2.loss_iou: 0.3904  s3.loss_cls: 0.5513  s3.pos_acc: 66.6667  s3.loss_bbox: 0.4254  s3.loss_iou: 0.3784  s4.loss_cls: 0.5455  s4.pos_acc: 66.6667  s4.loss_bbox: 0.4065  s4.loss_iou: 0.3694  s5.loss_cls: 0.5477  s5.pos_acc: 100.0000  s5.loss_bbox: 0.4085  s5.loss_iou: 0.3702
2025/05/18 12:06:47 - mmengine - INFO - Epoch(train) [3][8100/8276]  lr: 2.5000e-05  eta: 1:48:10  time: 0.2660  data_time: 0.0070  memory: 2064  grad_norm: 128.3268  loss: 9.4550  s0.loss_cls: 0.8339  s0.pos_acc: 50.0000  s0.loss_bbox: 0.8666  s0.loss_iou: 0.7408  s1.loss_cls: 0.5308  s1.pos_acc: 100.0000  s1.loss_bbox: 0.5433  s1.loss_iou: 0.4883  s2.loss_cls: 0.5133  s2.pos_acc: 50.0000  s2.loss_bbox: 0.4627  s2.loss_iou: 0.4276  s3.loss_cls: 0.5118  s3.pos_acc: 100.0000  s3.loss_bbox: 0.4499  s3.loss_iou: 0.4135  s4.loss_cls: 0.5257  s4.pos_acc: 100.0000  s4.loss_bbox: 0.4218  s4.loss_iou: 0.4006  s5.loss_cls: 0.5034  s5.pos_acc: 100.0000  s5.loss_bbox: 0.4212  s5.loss_iou: 0.3997
2025/05/18 12:07:01 - mmengine - INFO - Epoch(train) [3][8150/8276]  lr: 2.5000e-05  eta: 1:47:57  time: 0.2673  data_time: 0.0071  memory: 2064  grad_norm: 132.0390  loss: 9.3754  s0.loss_cls: 0.7789  s0.pos_acc: 100.0000  s0.loss_bbox: 0.8737  s0.loss_iou: 0.7482  s1.loss_cls: 0.5978  s1.pos_acc: 100.0000  s1.loss_bbox: 0.5261  s1.loss_iou: 0.4631  s2.loss_cls: 0.5353  s2.pos_acc: 100.0000  s2.loss_bbox: 0.4599  s2.loss_iou: 0.4180  s3.loss_cls: 0.5191  s3.pos_acc: 100.0000  s3.loss_bbox: 0.4328  s3.loss_iou: 0.3983  s4.loss_cls: 0.5069  s4.pos_acc: 100.0000  s4.loss_bbox: 0.4220  s4.loss_iou: 0.3869  s5.loss_cls: 0.5086  s5.pos_acc: 100.0000  s5.loss_bbox: 0.4159  s5.loss_iou: 0.3842
2025/05/18 12:07:14 - mmengine - INFO - Epoch(train) [3][8200/8276]  lr: 2.5000e-05  eta: 1:47:44  time: 0.2612  data_time: 0.0064  memory: 2065  grad_norm: 132.8173  loss: 9.7517  s0.loss_cls: 0.8236  s0.pos_acc: 66.6667  s0.loss_bbox: 0.8994  s0.loss_iou: 0.7227  s1.loss_cls: 0.5610  s1.pos_acc: 100.0000  s1.loss_bbox: 0.5883  s1.loss_iou: 0.4747  s2.loss_cls: 0.5534  s2.pos_acc: 100.0000  s2.loss_bbox: 0.5009  s2.loss_iou: 0.4076  s3.loss_cls: 0.5532  s3.pos_acc: 100.0000  s3.loss_bbox: 0.4747  s3.loss_iou: 0.3850  s4.loss_cls: 0.5548  s4.pos_acc: 100.0000  s4.loss_bbox: 0.4675  s4.loss_iou: 0.3813  s5.loss_cls: 0.5602  s5.pos_acc: 100.0000  s5.loss_bbox: 0.4646  s5.loss_iou: 0.3789
2025/05/18 12:07:26 - mmengine - INFO - Epoch(train) [3][8250/8276]  lr: 2.5000e-05  eta: 1:47:31  time: 0.2526  data_time: 0.0058  memory: 2063  grad_norm: 129.5802  loss: 9.3955  s0.loss_cls: 0.7979  s0.pos_acc: 100.0000  s0.loss_bbox: 0.8401  s0.loss_iou: 0.7120  s1.loss_cls: 0.5509  s1.pos_acc: 100.0000  s1.loss_bbox: 0.5380  s1.loss_iou: 0.4726  s2.loss_cls: 0.5410  s2.pos_acc: 100.0000  s2.loss_bbox: 0.4643  s2.loss_iou: 0.4161  s3.loss_cls: 0.5080  s3.pos_acc: 66.6667  s3.loss_bbox: 0.4511  s3.loss_iou: 0.4065  s4.loss_cls: 0.5054  s4.pos_acc: 100.0000  s4.loss_bbox: 0.4369  s4.loss_iou: 0.3984  s5.loss_cls: 0.5126  s5.pos_acc: 66.6667  s5.loss_bbox: 0.4460  s5.loss_iou: 0.3978
2025/05/18 12:07:33 - mmengine - INFO - Exp name: sparse-rcnn_voc_20250518_101231
2025/05/18 12:07:33 - mmengine - INFO - Saving checkpoint at 3 epochs
2025/05/18 12:07:39 - mmengine - INFO - Epoch(val) [3][  50/4952]    eta: 0:03:54  time: 0.0479  data_time: 0.0030  memory: 2063  
2025/05/18 12:07:42 - mmengine - INFO - Epoch(val) [3][ 100/4952]    eta: 0:03:46  time: 0.0455  data_time: 0.0028  memory: 1292  
2025/05/18 12:07:44 - mmengine - INFO - Epoch(val) [3][ 150/4952]    eta: 0:03:41  time: 0.0447  data_time: 0.0025  memory: 1291  
2025/05/18 12:07:46 - mmengine - INFO - Epoch(val) [3][ 200/4952]    eta: 0:03:36  time: 0.0444  data_time: 0.0025  memory: 1291  
2025/05/18 12:07:48 - mmengine - INFO - Epoch(val) [3][ 250/4952]    eta: 0:03:29  time: 0.0406  data_time: 0.0023  memory: 1292  
2025/05/18 12:07:50 - mmengine - INFO - Epoch(val) [3][ 300/4952]    eta: 0:03:25  time: 0.0419  data_time: 0.0023  memory: 1292  
2025/05/18 12:07:53 - mmengine - INFO - Epoch(val) [3][ 350/4952]    eta: 0:03:25  time: 0.0471  data_time: 0.0029  memory: 1292  
2025/05/18 12:07:55 - mmengine - INFO - Epoch(val) [3][ 400/4952]    eta: 0:03:25  time: 0.0484  data_time: 0.0031  memory: 1292  
2025/05/18 12:07:57 - mmengine - INFO - Epoch(val) [3][ 450/4952]    eta: 0:03:22  time: 0.0448  data_time: 0.0027  memory: 1291  
2025/05/18 12:07:59 - mmengine - INFO - Epoch(val) [3][ 500/4952]    eta: 0:03:19  time: 0.0433  data_time: 0.0028  memory: 1291  
2025/05/18 12:08:01 - mmengine - INFO - Epoch(val) [3][ 550/4952]    eta: 0:03:15  time: 0.0403  data_time: 0.0020  memory: 1292  
2025/05/18 12:08:03 - mmengine - INFO - Epoch(val) [3][ 600/4952]    eta: 0:03:12  time: 0.0405  data_time: 0.0020  memory: 1291  
2025/05/18 12:08:06 - mmengine - INFO - Epoch(val) [3][ 650/4952]    eta: 0:03:08  time: 0.0408  data_time: 0.0020  memory: 1292  
2025/05/18 12:08:08 - mmengine - INFO - Epoch(val) [3][ 700/4952]    eta: 0:03:05  time: 0.0409  data_time: 0.0021  memory: 1291  
2025/05/18 12:08:10 - mmengine - INFO - Epoch(val) [3][ 750/4952]    eta: 0:03:02  time: 0.0403  data_time: 0.0020  memory: 1292  
2025/05/18 12:08:12 - mmengine - INFO - Epoch(val) [3][ 800/4952]    eta: 0:02:59  time: 0.0404  data_time: 0.0020  memory: 1291  
2025/05/18 12:08:14 - mmengine - INFO - Epoch(val) [3][ 850/4952]    eta: 0:02:57  time: 0.0422  data_time: 0.0025  memory: 1291  
2025/05/18 12:08:16 - mmengine - INFO - Epoch(val) [3][ 900/4952]    eta: 0:02:55  time: 0.0453  data_time: 0.0027  memory: 1292  
2025/05/18 12:08:18 - mmengine - INFO - Epoch(val) [3][ 950/4952]    eta: 0:02:53  time: 0.0445  data_time: 0.0026  memory: 1292  
2025/05/18 12:08:20 - mmengine - INFO - Epoch(val) [3][1000/4952]    eta: 0:02:51  time: 0.0451  data_time: 0.0030  memory: 1292  
2025/05/18 12:08:23 - mmengine - INFO - Epoch(val) [3][1050/4952]    eta: 0:02:49  time: 0.0408  data_time: 0.0021  memory: 1292  
2025/05/18 12:08:25 - mmengine - INFO - Epoch(val) [3][1100/4952]    eta: 0:02:46  time: 0.0421  data_time: 0.0023  memory: 1291  
2025/05/18 12:08:27 - mmengine - INFO - Epoch(val) [3][1150/4952]    eta: 0:02:44  time: 0.0421  data_time: 0.0026  memory: 1292  
2025/05/18 12:08:29 - mmengine - INFO - Epoch(val) [3][1200/4952]    eta: 0:02:41  time: 0.0409  data_time: 0.0022  memory: 1292  
2025/05/18 12:08:31 - mmengine - INFO - Epoch(val) [3][1250/4952]    eta: 0:02:39  time: 0.0442  data_time: 0.0027  memory: 1291  
2025/05/18 12:08:33 - mmengine - INFO - Epoch(val) [3][1300/4952]    eta: 0:02:37  time: 0.0448  data_time: 0.0030  memory: 1291  
2025/05/18 12:08:35 - mmengine - INFO - Epoch(val) [3][1350/4952]    eta: 0:02:35  time: 0.0441  data_time: 0.0027  memory: 1292  
2025/05/18 12:08:38 - mmengine - INFO - Epoch(val) [3][1400/4952]    eta: 0:02:33  time: 0.0441  data_time: 0.0026  memory: 1291  
2025/05/18 12:08:40 - mmengine - INFO - Epoch(val) [3][1450/4952]    eta: 0:02:31  time: 0.0446  data_time: 0.0027  memory: 1292  
2025/05/18 12:08:42 - mmengine - INFO - Epoch(val) [3][1500/4952]    eta: 0:02:29  time: 0.0448  data_time: 0.0027  memory: 1292  
2025/05/18 12:08:44 - mmengine - INFO - Epoch(val) [3][1550/4952]    eta: 0:02:27  time: 0.0402  data_time: 0.0021  memory: 1291  
2025/05/18 12:08:46 - mmengine - INFO - Epoch(val) [3][1600/4952]    eta: 0:02:24  time: 0.0413  data_time: 0.0023  memory: 1292  
2025/05/18 12:08:48 - mmengine - INFO - Epoch(val) [3][1650/4952]    eta: 0:02:22  time: 0.0406  data_time: 0.0024  memory: 1291  
2025/05/18 12:08:50 - mmengine - INFO - Epoch(val) [3][1700/4952]    eta: 0:02:20  time: 0.0403  data_time: 0.0021  memory: 1291  
2025/05/18 12:08:52 - mmengine - INFO - Epoch(val) [3][1750/4952]    eta: 0:02:17  time: 0.0404  data_time: 0.0021  memory: 1291  
2025/05/18 12:08:54 - mmengine - INFO - Epoch(val) [3][1800/4952]    eta: 0:02:15  time: 0.0409  data_time: 0.0021  memory: 1291  
2025/05/18 12:08:56 - mmengine - INFO - Epoch(val) [3][1850/4952]    eta: 0:02:13  time: 0.0413  data_time: 0.0023  memory: 1291  
2025/05/18 12:08:59 - mmengine - INFO - Epoch(val) [3][1900/4952]    eta: 0:02:10  time: 0.0435  data_time: 0.0027  memory: 1291  
2025/05/18 12:09:01 - mmengine - INFO - Epoch(val) [3][1950/4952]    eta: 0:02:08  time: 0.0409  data_time: 0.0023  memory: 1292  
2025/05/18 12:09:03 - mmengine - INFO - Epoch(val) [3][2000/4952]    eta: 0:02:06  time: 0.0405  data_time: 0.0022  memory: 1291  
2025/05/18 12:09:05 - mmengine - INFO - Epoch(val) [3][2050/4952]    eta: 0:02:04  time: 0.0434  data_time: 0.0024  memory: 1292  
2025/05/18 12:09:07 - mmengine - INFO - Epoch(val) [3][2100/4952]    eta: 0:02:01  time: 0.0405  data_time: 0.0021  memory: 1291  
2025/05/18 12:09:09 - mmengine - INFO - Epoch(val) [3][2150/4952]    eta: 0:01:59  time: 0.0419  data_time: 0.0024  memory: 1292  
2025/05/18 12:09:11 - mmengine - INFO - Epoch(val) [3][2200/4952]    eta: 0:01:57  time: 0.0447  data_time: 0.0028  memory: 1291  
2025/05/18 12:09:13 - mmengine - INFO - Epoch(val) [3][2250/4952]    eta: 0:01:55  time: 0.0448  data_time: 0.0029  memory: 1292  
2025/05/18 12:09:16 - mmengine - INFO - Epoch(val) [3][2300/4952]    eta: 0:01:53  time: 0.0453  data_time: 0.0028  memory: 1291  
2025/05/18 12:09:18 - mmengine - INFO - Epoch(val) [3][2350/4952]    eta: 0:01:51  time: 0.0443  data_time: 0.0027  memory: 1291  
2025/05/18 12:09:20 - mmengine - INFO - Epoch(val) [3][2400/4952]    eta: 0:01:49  time: 0.0408  data_time: 0.0020  memory: 1291  
2025/05/18 12:09:22 - mmengine - INFO - Epoch(val) [3][2450/4952]    eta: 0:01:47  time: 0.0404  data_time: 0.0021  memory: 1291  
2025/05/18 12:09:24 - mmengine - INFO - Epoch(val) [3][2500/4952]    eta: 0:01:44  time: 0.0404  data_time: 0.0020  memory: 1292  
2025/05/18 12:09:26 - mmengine - INFO - Epoch(val) [3][2550/4952]    eta: 0:01:42  time: 0.0408  data_time: 0.0023  memory: 1291  
2025/05/18 12:09:28 - mmengine - INFO - Epoch(val) [3][2600/4952]    eta: 0:01:40  time: 0.0420  data_time: 0.0023  memory: 1292  
2025/05/18 12:09:30 - mmengine - INFO - Epoch(val) [3][2650/4952]    eta: 0:01:38  time: 0.0453  data_time: 0.0028  memory: 1292  
2025/05/18 12:09:32 - mmengine - INFO - Epoch(val) [3][2700/4952]    eta: 0:01:36  time: 0.0403  data_time: 0.0020  memory: 1292  
2025/05/18 12:09:35 - mmengine - INFO - Epoch(val) [3][2750/4952]    eta: 0:01:34  time: 0.0428  data_time: 0.0023  memory: 1291  
2025/05/18 12:09:37 - mmengine - INFO - Epoch(val) [3][2800/4952]    eta: 0:01:32  time: 0.0448  data_time: 0.0027  memory: 1291  
2025/05/18 12:09:39 - mmengine - INFO - Epoch(val) [3][2850/4952]    eta: 0:01:29  time: 0.0445  data_time: 0.0028  memory: 1291  
2025/05/18 12:09:41 - mmengine - INFO - Epoch(val) [3][2900/4952]    eta: 0:01:27  time: 0.0444  data_time: 0.0027  memory: 1292  
2025/05/18 12:09:43 - mmengine - INFO - Epoch(val) [3][2950/4952]    eta: 0:01:25  time: 0.0424  data_time: 0.0024  memory: 1292  
2025/05/18 12:09:45 - mmengine - INFO - Epoch(val) [3][3000/4952]    eta: 0:01:23  time: 0.0411  data_time: 0.0023  memory: 1291  
2025/05/18 12:09:48 - mmengine - INFO - Epoch(val) [3][3050/4952]    eta: 0:01:21  time: 0.0407  data_time: 0.0022  memory: 1291  
2025/05/18 12:09:50 - mmengine - INFO - Epoch(val) [3][3100/4952]    eta: 0:01:19  time: 0.0439  data_time: 0.0026  memory: 1292  
2025/05/18 12:09:52 - mmengine - INFO - Epoch(val) [3][3150/4952]    eta: 0:01:17  time: 0.0495  data_time: 0.0021  memory: 1291  
2025/05/18 12:09:54 - mmengine - INFO - Epoch(val) [3][3200/4952]    eta: 0:01:15  time: 0.0409  data_time: 0.0022  memory: 1291  
2025/05/18 12:09:56 - mmengine - INFO - Epoch(val) [3][3250/4952]    eta: 0:01:12  time: 0.0444  data_time: 0.0027  memory: 1291  
2025/05/18 12:09:59 - mmengine - INFO - Epoch(val) [3][3300/4952]    eta: 0:01:10  time: 0.0437  data_time: 0.0027  memory: 1291  
2025/05/18 12:10:01 - mmengine - INFO - Epoch(val) [3][3350/4952]    eta: 0:01:08  time: 0.0417  data_time: 0.0022  memory: 1291  
2025/05/18 12:10:03 - mmengine - INFO - Epoch(val) [3][3400/4952]    eta: 0:01:06  time: 0.0405  data_time: 0.0021  memory: 1292  
2025/05/18 12:10:05 - mmengine - INFO - Epoch(val) [3][3450/4952]    eta: 0:01:04  time: 0.0409  data_time: 0.0020  memory: 1291  
2025/05/18 12:10:07 - mmengine - INFO - Epoch(val) [3][3500/4952]    eta: 0:01:02  time: 0.0403  data_time: 0.0020  memory: 1291  
2025/05/18 12:10:09 - mmengine - INFO - Epoch(val) [3][3550/4952]    eta: 0:00:59  time: 0.0404  data_time: 0.0020  memory: 1291  
2025/05/18 12:10:11 - mmengine - INFO - Epoch(val) [3][3600/4952]    eta: 0:00:57  time: 0.0404  data_time: 0.0022  memory: 1292  
2025/05/18 12:10:13 - mmengine - INFO - Epoch(val) [3][3650/4952]    eta: 0:00:55  time: 0.0403  data_time: 0.0020  memory: 1292  
2025/05/18 12:10:15 - mmengine - INFO - Epoch(val) [3][3700/4952]    eta: 0:00:53  time: 0.0407  data_time: 0.0021  memory: 1291  
2025/05/18 12:10:17 - mmengine - INFO - Epoch(val) [3][3750/4952]    eta: 0:00:51  time: 0.0403  data_time: 0.0022  memory: 1291  
2025/05/18 12:10:19 - mmengine - INFO - Epoch(val) [3][3800/4952]    eta: 0:00:49  time: 0.0404  data_time: 0.0024  memory: 1291  
2025/05/18 12:10:21 - mmengine - INFO - Epoch(val) [3][3850/4952]    eta: 0:00:46  time: 0.0403  data_time: 0.0023  memory: 1291  
2025/05/18 12:10:23 - mmengine - INFO - Epoch(val) [3][3900/4952]    eta: 0:00:44  time: 0.0404  data_time: 0.0022  memory: 1291  
2025/05/18 12:10:25 - mmengine - INFO - Epoch(val) [3][3950/4952]    eta: 0:00:42  time: 0.0412  data_time: 0.0023  memory: 1291  
2025/05/18 12:10:27 - mmengine - INFO - Epoch(val) [3][4000/4952]    eta: 0:00:40  time: 0.0408  data_time: 0.0022  memory: 1292  
2025/05/18 12:10:29 - mmengine - INFO - Epoch(val) [3][4050/4952]    eta: 0:00:38  time: 0.0404  data_time: 0.0021  memory: 1292  
2025/05/18 12:10:31 - mmengine - INFO - Epoch(val) [3][4100/4952]    eta: 0:00:36  time: 0.0408  data_time: 0.0023  memory: 1292  
2025/05/18 12:10:33 - mmengine - INFO - Epoch(val) [3][4150/4952]    eta: 0:00:34  time: 0.0408  data_time: 0.0021  memory: 1292  
2025/05/18 12:10:35 - mmengine - INFO - Epoch(val) [3][4200/4952]    eta: 0:00:31  time: 0.0407  data_time: 0.0022  memory: 1291  
2025/05/18 12:10:37 - mmengine - INFO - Epoch(val) [3][4250/4952]    eta: 0:00:29  time: 0.0405  data_time: 0.0021  memory: 1292  
2025/05/18 12:10:39 - mmengine - INFO - Epoch(val) [3][4300/4952]    eta: 0:00:27  time: 0.0408  data_time: 0.0020  memory: 1292  
2025/05/18 12:10:41 - mmengine - INFO - Epoch(val) [3][4350/4952]    eta: 0:00:25  time: 0.0406  data_time: 0.0022  memory: 1292  
2025/05/18 12:10:44 - mmengine - INFO - Epoch(val) [3][4400/4952]    eta: 0:00:23  time: 0.0447  data_time: 0.0029  memory: 1291  
2025/05/18 12:10:46 - mmengine - INFO - Epoch(val) [3][4450/4952]    eta: 0:00:21  time: 0.0443  data_time: 0.0027  memory: 1291  
2025/05/18 12:10:48 - mmengine - INFO - Epoch(val) [3][4500/4952]    eta: 0:00:19  time: 0.0405  data_time: 0.0021  memory: 1291  
2025/05/18 12:10:50 - mmengine - INFO - Epoch(val) [3][4550/4952]    eta: 0:00:17  time: 0.0404  data_time: 0.0021  memory: 1292  
2025/05/18 12:10:52 - mmengine - INFO - Epoch(val) [3][4600/4952]    eta: 0:00:14  time: 0.0404  data_time: 0.0023  memory: 1291  
2025/05/18 12:10:54 - mmengine - INFO - Epoch(val) [3][4650/4952]    eta: 0:00:12  time: 0.0411  data_time: 0.0021  memory: 1291  
2025/05/18 12:10:56 - mmengine - INFO - Epoch(val) [3][4700/4952]    eta: 0:00:10  time: 0.0409  data_time: 0.0020  memory: 1292  
2025/05/18 12:10:58 - mmengine - INFO - Epoch(val) [3][4750/4952]    eta: 0:00:08  time: 0.0437  data_time: 0.0026  memory: 1291  
2025/05/18 12:11:00 - mmengine - INFO - Epoch(val) [3][4800/4952]    eta: 0:00:06  time: 0.0446  data_time: 0.0027  memory: 1291  
2025/05/18 12:11:03 - mmengine - INFO - Epoch(val) [3][4850/4952]    eta: 0:00:04  time: 0.0443  data_time: 0.0027  memory: 1292  
2025/05/18 12:11:05 - mmengine - INFO - Epoch(val) [3][4900/4952]    eta: 0:00:02  time: 0.0471  data_time: 0.0031  memory: 1291  
2025/05/18 12:11:07 - mmengine - INFO - Epoch(val) [3][4950/4952]    eta: 0:00:00  time: 0.0451  data_time: 0.0027  memory: 1292  
2025/05/18 12:11:07 - mmengine - INFO - 
---------------iou_thr: 0.5---------------
2025/05/18 12:11:11 - mmengine - INFO - 
+-------------+------+-------+--------+-------+
| class       | gts  | dets  | recall | ap    |
+-------------+------+-------+--------+-------+
| aeroplane   | 285  | 14057 | 0.814  | 0.651 |
| bicycle     | 337  | 20474 | 0.950  | 0.629 |
| bird        | 459  | 19377 | 0.863  | 0.622 |
| boat        | 263  | 40719 | 0.852  | 0.431 |
| bottle      | 469  | 19227 | 0.559  | 0.265 |
| bus         | 213  | 6391  | 0.901  | 0.613 |
| car         | 1201 | 36483 | 0.862  | 0.634 |
| cat         | 358  | 27186 | 0.983  | 0.821 |
| chair       | 756  | 77046 | 0.841  | 0.279 |
| cow         | 244  | 14115 | 0.943  | 0.546 |
| diningtable | 206  | 11748 | 0.879  | 0.478 |
| dog         | 489  | 19989 | 0.973  | 0.732 |
| horse       | 348  | 19507 | 0.951  | 0.744 |
| motorbike   | 325  | 19787 | 0.886  | 0.555 |
| person      | 4528 | 91711 | 0.845  | 0.561 |
| pottedplant | 480  | 17077 | 0.706  | 0.242 |
| sheep       | 242  | 9634  | 0.888  | 0.508 |
| sofa        | 239  | 14613 | 0.946  | 0.545 |
| train       | 282  | 8118  | 0.933  | 0.711 |
| tvmonitor   | 308  | 7941  | 0.834  | 0.548 |
+-------------+------+-------+--------+-------+
| mAP         |      |       |        | 0.556 |
+-------------+------+-------+--------+-------+
2025/05/18 12:11:12 - mmengine - INFO - Epoch(val) [3][4952/4952]    pascal_voc/mAP: 0.5557  pascal_voc/AP50: 0.5560  data_time: 0.0024  time: 0.0424
2025/05/18 12:11:24 - mmengine - INFO - Epoch(train) [4][  50/8276]  lr: 2.5000e-05  eta: 1:47:11  time: 0.2550  data_time: 0.0061  memory: 2064  grad_norm: 138.2093  loss: 7.8669  s0.loss_cls: 0.7224  s0.pos_acc: 75.0000  s0.loss_bbox: 0.7409  s0.loss_iou: 0.6456  s1.loss_cls: 0.4690  s1.pos_acc: 100.0000  s1.loss_bbox: 0.4534  s1.loss_iou: 0.4103  s2.loss_cls: 0.4389  s2.pos_acc: 100.0000  s2.loss_bbox: 0.3730  s2.loss_iou: 0.3400  s3.loss_cls: 0.4312  s3.pos_acc: 100.0000  s3.loss_bbox: 0.3461  s3.loss_iou: 0.3209  s4.loss_cls: 0.4177  s4.pos_acc: 100.0000  s4.loss_bbox: 0.3429  s4.loss_iou: 0.3179  s5.loss_cls: 0.4359  s5.pos_acc: 100.0000  s5.loss_bbox: 0.3432  s5.loss_iou: 0.3174
2025/05/18 12:11:37 - mmengine - INFO - Epoch(train) [4][ 100/8276]  lr: 2.5000e-05  eta: 1:46:58  time: 0.2609  data_time: 0.0064  memory: 2064  grad_norm: 121.6902  loss: 8.8251  s0.loss_cls: 0.7826  s0.pos_acc: 50.0000  s0.loss_bbox: 0.8264  s0.loss_iou: 0.7124  s1.loss_cls: 0.5103  s1.pos_acc: 100.0000  s1.loss_bbox: 0.5236  s1.loss_iou: 0.4652  s2.loss_cls: 0.4880  s2.pos_acc: 100.0000  s2.loss_bbox: 0.4294  s2.loss_iou: 0.3966  s3.loss_cls: 0.4827  s3.pos_acc: 100.0000  s3.loss_bbox: 0.3884  s3.loss_iou: 0.3643  s4.loss_cls: 0.4705  s4.pos_acc: 100.0000  s4.loss_bbox: 0.3842  s4.loss_iou: 0.3639  s5.loss_cls: 0.4864  s5.pos_acc: 100.0000  s5.loss_bbox: 0.3859  s5.loss_iou: 0.3642
2025/05/18 12:11:50 - mmengine - INFO - Epoch(train) [4][ 150/8276]  lr: 2.5000e-05  eta: 1:46:45  time: 0.2587  data_time: 0.0059  memory: 2063  grad_norm: 127.8140  loss: 8.5160  s0.loss_cls: 0.7511  s0.pos_acc: 100.0000  s0.loss_bbox: 0.8003  s0.loss_iou: 0.6574  s1.loss_cls: 0.5060  s1.pos_acc: 100.0000  s1.loss_bbox: 0.4879  s1.loss_iou: 0.4231  s2.loss_cls: 0.4869  s2.pos_acc: 100.0000  s2.loss_bbox: 0.4301  s2.loss_iou: 0.3624  s3.loss_cls: 0.4726  s3.pos_acc: 100.0000  s3.loss_bbox: 0.4022  s3.loss_iou: 0.3428  s4.loss_cls: 0.4642  s4.pos_acc: 100.0000  s4.loss_bbox: 0.3904  s4.loss_iou: 0.3390  s5.loss_cls: 0.4643  s5.pos_acc: 100.0000  s5.loss_bbox: 0.3954  s5.loss_iou: 0.3398
2025/05/18 12:11:56 - mmengine - INFO - Exp name: sparse-rcnn_voc_20250518_101231
2025/05/18 12:12:04 - mmengine - INFO - Epoch(train) [4][ 200/8276]  lr: 2.5000e-05  eta: 1:46:32  time: 0.2658  data_time: 0.0066  memory: 2063  grad_norm: 125.0142  loss: 9.0173  s0.loss_cls: 0.7870  s0.pos_acc: 100.0000  s0.loss_bbox: 0.8305  s0.loss_iou: 0.7241  s1.loss_cls: 0.5142  s1.pos_acc: 100.0000  s1.loss_bbox: 0.5249  s1.loss_iou: 0.4780  s2.loss_cls: 0.4792  s2.pos_acc: 100.0000  s2.loss_bbox: 0.4563  s2.loss_iou: 0.4222  s3.loss_cls: 0.4709  s3.pos_acc: 100.0000  s3.loss_bbox: 0.4247  s3.loss_iou: 0.3974  s4.loss_cls: 0.4590  s4.pos_acc: 100.0000  s4.loss_bbox: 0.4095  s4.loss_iou: 0.3856  s5.loss_cls: 0.4714  s5.pos_acc: 100.0000  s5.loss_bbox: 0.4004  s5.loss_iou: 0.3818
2025/05/18 12:12:17 - mmengine - INFO - Epoch(train) [4][ 250/8276]  lr: 2.5000e-05  eta: 1:46:19  time: 0.2614  data_time: 0.0068  memory: 2063  grad_norm: 134.2067  loss: 8.6575  s0.loss_cls: 0.7431  s0.pos_acc: 25.0000  s0.loss_bbox: 0.8711  s0.loss_iou: 0.6918  s1.loss_cls: 0.4955  s1.pos_acc: 100.0000  s1.loss_bbox: 0.5163  s1.loss_iou: 0.4453  s2.loss_cls: 0.4625  s2.pos_acc: 100.0000  s2.loss_bbox: 0.4358  s2.loss_iou: 0.3803  s3.loss_cls: 0.4351  s3.pos_acc: 100.0000  s3.loss_bbox: 0.4203  s3.loss_iou: 0.3693  s4.loss_cls: 0.4421  s4.pos_acc: 100.0000  s4.loss_bbox: 0.4015  s4.loss_iou: 0.3568  s5.loss_cls: 0.4565  s5.pos_acc: 100.0000  s5.loss_bbox: 0.3864  s5.loss_iou: 0.3479
2025/05/18 12:12:30 - mmengine - INFO - Epoch(train) [4][ 300/8276]  lr: 2.5000e-05  eta: 1:46:07  time: 0.2635  data_time: 0.0067  memory: 2063  grad_norm: 127.2032  loss: 8.7032  s0.loss_cls: 0.7369  s0.pos_acc: 100.0000  s0.loss_bbox: 0.8417  s0.loss_iou: 0.6837  s1.loss_cls: 0.5037  s1.pos_acc: 100.0000  s1.loss_bbox: 0.5204  s1.loss_iou: 0.4546  s2.loss_cls: 0.4747  s2.pos_acc: 100.0000  s2.loss_bbox: 0.4461  s2.loss_iou: 0.3790  s3.loss_cls: 0.4532  s3.pos_acc: 100.0000  s3.loss_bbox: 0.4141  s3.loss_iou: 0.3600  s4.loss_cls: 0.4630  s4.pos_acc: 100.0000  s4.loss_bbox: 0.3953  s4.loss_iou: 0.3512  s5.loss_cls: 0.4873  s5.pos_acc: 100.0000  s5.loss_bbox: 0.3922  s5.loss_iou: 0.3460
2025/05/18 12:12:43 - mmengine - INFO - Epoch(train) [4][ 350/8276]  lr: 2.5000e-05  eta: 1:45:53  time: 0.2558  data_time: 0.0058  memory: 2064  grad_norm: 132.6057  loss: 8.5581  s0.loss_cls: 0.7054  s0.pos_acc: 100.0000  s0.loss_bbox: 0.8223  s0.loss_iou: 0.6535  s1.loss_cls: 0.4952  s1.pos_acc: 100.0000  s1.loss_bbox: 0.5458  s1.loss_iou: 0.4352  s2.loss_cls: 0.4714  s2.pos_acc: 100.0000  s2.loss_bbox: 0.4452  s2.loss_iou: 0.3650  s3.loss_cls: 0.4555  s3.pos_acc: 100.0000  s3.loss_bbox: 0.4246  s3.loss_iou: 0.3482  s4.loss_cls: 0.4554  s4.pos_acc: 100.0000  s4.loss_bbox: 0.4062  s4.loss_iou: 0.3375  s5.loss_cls: 0.4690  s5.pos_acc: 100.0000  s5.loss_bbox: 0.3931  s5.loss_iou: 0.3298
2025/05/18 12:12:56 - mmengine - INFO - Epoch(train) [4][ 400/8276]  lr: 2.5000e-05  eta: 1:45:40  time: 0.2578  data_time: 0.0060  memory: 2064  grad_norm: 125.3095  loss: 8.8721  s0.loss_cls: 0.8000  s0.pos_acc: 25.0000  s0.loss_bbox: 0.8141  s0.loss_iou: 0.7167  s1.loss_cls: 0.5678  s1.pos_acc: 75.0000  s1.loss_bbox: 0.4711  s1.loss_iou: 0.4296  s2.loss_cls: 0.4940  s2.pos_acc: 100.0000  s2.loss_bbox: 0.4234  s2.loss_iou: 0.3824  s3.loss_cls: 0.4980  s3.pos_acc: 100.0000  s3.loss_bbox: 0.4039  s3.loss_iou: 0.3688  s4.loss_cls: 0.4967  s4.pos_acc: 100.0000  s4.loss_bbox: 0.4008  s4.loss_iou: 0.3663  s5.loss_cls: 0.5056  s5.pos_acc: 100.0000  s5.loss_bbox: 0.3829  s5.loss_iou: 0.3499
2025/05/18 12:13:09 - mmengine - INFO - Epoch(train) [4][ 450/8276]  lr: 2.5000e-05  eta: 1:45:27  time: 0.2618  data_time: 0.0068  memory: 2065  grad_norm: 124.9422  loss: 8.7285  s0.loss_cls: 0.7565  s0.pos_acc: 80.0000  s0.loss_bbox: 0.8435  s0.loss_iou: 0.7465  s1.loss_cls: 0.4939  s1.pos_acc: 100.0000  s1.loss_bbox: 0.5022  s1.loss_iou: 0.4624  s2.loss_cls: 0.4560  s2.pos_acc: 100.0000  s2.loss_bbox: 0.4156  s2.loss_iou: 0.3988  s3.loss_cls: 0.4602  s3.pos_acc: 100.0000  s3.loss_bbox: 0.3924  s3.loss_iou: 0.3832  s4.loss_cls: 0.4566  s4.pos_acc: 100.0000  s4.loss_bbox: 0.3773  s4.loss_iou: 0.3738  s5.loss_cls: 0.4507  s5.pos_acc: 100.0000  s5.loss_bbox: 0.3823  s5.loss_iou: 0.3767
2025/05/18 12:13:21 - mmengine - INFO - Epoch(train) [4][ 500/8276]  lr: 2.5000e-05  eta: 1:45:14  time: 0.2546  data_time: 0.0060  memory: 2065  grad_norm: 123.5630  loss: 9.2387  s0.loss_cls: 0.7742  s0.pos_acc: 72.7273  s0.loss_bbox: 0.8436  s0.loss_iou: 0.7054  s1.loss_cls: 0.5289  s1.pos_acc: 100.0000  s1.loss_bbox: 0.5482  s1.loss_iou: 0.4722  s2.loss_cls: 0.5213  s2.pos_acc: 100.0000  s2.loss_bbox: 0.4884  s2.loss_iou: 0.4175  s3.loss_cls: 0.4781  s3.pos_acc: 100.0000  s3.loss_bbox: 0.4673  s3.loss_iou: 0.3983  s4.loss_cls: 0.4901  s4.pos_acc: 100.0000  s4.loss_bbox: 0.4272  s4.loss_iou: 0.3754  s5.loss_cls: 0.4899  s5.pos_acc: 100.0000  s5.loss_bbox: 0.4319  s5.loss_iou: 0.3806
2025/05/18 12:13:34 - mmengine - INFO - Epoch(train) [4][ 550/8276]  lr: 2.5000e-05  eta: 1:45:01  time: 0.2555  data_time: 0.0062  memory: 2064  grad_norm: 127.1099  loss: 9.1347  s0.loss_cls: 0.7665  s0.pos_acc: 100.0000  s0.loss_bbox: 0.8306  s0.loss_iou: 0.7465  s1.loss_cls: 0.5291  s1.pos_acc: 100.0000  s1.loss_bbox: 0.5218  s1.loss_iou: 0.4876  s2.loss_cls: 0.5032  s2.pos_acc: 100.0000  s2.loss_bbox: 0.4287  s2.loss_iou: 0.4163  s3.loss_cls: 0.4776  s3.pos_acc: 100.0000  s3.loss_bbox: 0.4239  s3.loss_iou: 0.4059  s4.loss_cls: 0.4868  s4.pos_acc: 100.0000  s4.loss_bbox: 0.4121  s4.loss_iou: 0.3982  s5.loss_cls: 0.4791  s5.pos_acc: 100.0000  s5.loss_bbox: 0.4175  s5.loss_iou: 0.4032
2025/05/18 12:13:47 - mmengine - INFO - Epoch(train) [4][ 600/8276]  lr: 2.5000e-05  eta: 1:44:48  time: 0.2611  data_time: 0.0067  memory: 2064  grad_norm: 120.4314  loss: 9.7091  s0.loss_cls: 0.8135  s0.pos_acc: 25.0000  s0.loss_bbox: 0.8208  s0.loss_iou: 0.7443  s1.loss_cls: 0.5615  s1.pos_acc: 50.0000  s1.loss_bbox: 0.5577  s1.loss_iou: 0.5211  s2.loss_cls: 0.5497  s2.pos_acc: 75.0000  s2.loss_bbox: 0.4743  s2.loss_iou: 0.4494  s3.loss_cls: 0.5419  s3.pos_acc: 50.0000  s3.loss_bbox: 0.4442  s3.loss_iou: 0.4260  s4.loss_cls: 0.5254  s4.pos_acc: 75.0000  s4.loss_bbox: 0.4483  s4.loss_iou: 0.4282  s5.loss_cls: 0.5155  s5.pos_acc: 100.0000  s5.loss_bbox: 0.4565  s5.loss_iou: 0.4308
2025/05/18 12:14:00 - mmengine - INFO - Epoch(train) [4][ 650/8276]  lr: 2.5000e-05  eta: 1:44:35  time: 0.2551  data_time: 0.0058  memory: 2064  grad_norm: 131.0787  loss: 9.4178  s0.loss_cls: 0.8192  s0.pos_acc: 20.0000  s0.loss_bbox: 0.8399  s0.loss_iou: 0.7311  s1.loss_cls: 0.5561  s1.pos_acc: 100.0000  s1.loss_bbox: 0.5482  s1.loss_iou: 0.4933  s2.loss_cls: 0.5252  s2.pos_acc: 100.0000  s2.loss_bbox: 0.4665  s2.loss_iou: 0.4276  s3.loss_cls: 0.4853  s3.pos_acc: 100.0000  s3.loss_bbox: 0.4496  s3.loss_iou: 0.4150  s4.loss_cls: 0.4797  s4.pos_acc: 100.0000  s4.loss_bbox: 0.4401  s4.loss_iou: 0.4077  s5.loss_cls: 0.4712  s5.pos_acc: 100.0000  s5.loss_bbox: 0.4487  s5.loss_iou: 0.4134
2025/05/18 12:14:13 - mmengine - INFO - Epoch(train) [4][ 700/8276]  lr: 2.5000e-05  eta: 1:44:22  time: 0.2519  data_time: 0.0055  memory: 2064  grad_norm: 127.6143  loss: 9.0251  s0.loss_cls: 0.7346  s0.pos_acc: 75.0000  s0.loss_bbox: 0.8636  s0.loss_iou: 0.7365  s1.loss_cls: 0.4887  s1.pos_acc: 100.0000  s1.loss_bbox: 0.5699  s1.loss_iou: 0.4843  s2.loss_cls: 0.4551  s2.pos_acc: 100.0000  s2.loss_bbox: 0.4496  s2.loss_iou: 0.4016  s3.loss_cls: 0.4374  s3.pos_acc: 100.0000  s3.loss_bbox: 0.4414  s3.loss_iou: 0.4004  s4.loss_cls: 0.4432  s4.pos_acc: 100.0000  s4.loss_bbox: 0.4396  s4.loss_iou: 0.4016  s5.loss_cls: 0.4311  s5.pos_acc: 100.0000  s5.loss_bbox: 0.4431  s5.loss_iou: 0.4035
2025/05/18 12:14:25 - mmengine - INFO - Epoch(train) [4][ 750/8276]  lr: 2.5000e-05  eta: 1:44:08  time: 0.2539  data_time: 0.0059  memory: 2063  grad_norm: 140.5735  loss: 8.2407  s0.loss_cls: 0.7572  s0.pos_acc: 33.3333  s0.loss_bbox: 0.8027  s0.loss_iou: 0.6884  s1.loss_cls: 0.5129  s1.pos_acc: 100.0000  s1.loss_bbox: 0.4831  s1.loss_iou: 0.4239  s2.loss_cls: 0.4488  s2.pos_acc: 100.0000  s2.loss_bbox: 0.3989  s2.loss_iou: 0.3509  s3.loss_cls: 0.4333  s3.pos_acc: 100.0000  s3.loss_bbox: 0.3743  s3.loss_iou: 0.3320  s4.loss_cls: 0.4306  s4.pos_acc: 100.0000  s4.loss_bbox: 0.3641  s4.loss_iou: 0.3244  s5.loss_cls: 0.4264  s5.pos_acc: 100.0000  s5.loss_bbox: 0.3653  s5.loss_iou: 0.3236
2025/05/18 12:14:38 - mmengine - INFO - Epoch(train) [4][ 800/8276]  lr: 2.5000e-05  eta: 1:43:55  time: 0.2568  data_time: 0.0058  memory: 2064  grad_norm: 129.3868  loss: 9.2015  s0.loss_cls: 0.7880  s0.pos_acc: 50.0000  s0.loss_bbox: 0.8794  s0.loss_iou: 0.7410  s1.loss_cls: 0.5446  s1.pos_acc: 75.0000  s1.loss_bbox: 0.5473  s1.loss_iou: 0.4645  s2.loss_cls: 0.5211  s2.pos_acc: 100.0000  s2.loss_bbox: 0.4497  s2.loss_iou: 0.3962  s3.loss_cls: 0.5116  s3.pos_acc: 100.0000  s3.loss_bbox: 0.4209  s3.loss_iou: 0.3778  s4.loss_cls: 0.5221  s4.pos_acc: 100.0000  s4.loss_bbox: 0.4053  s4.loss_iou: 0.3659  s5.loss_cls: 0.5161  s5.pos_acc: 100.0000  s5.loss_bbox: 0.3923  s5.loss_iou: 0.3577
2025/05/18 12:14:51 - mmengine - INFO - Epoch(train) [4][ 850/8276]  lr: 2.5000e-05  eta: 1:43:42  time: 0.2586  data_time: 0.0061  memory: 2065  grad_norm: 146.1553  loss: 8.5075  s0.loss_cls: 0.7635  s0.pos_acc: 50.0000  s0.loss_bbox: 0.8274  s0.loss_iou: 0.6856  s1.loss_cls: 0.5108  s1.pos_acc: 100.0000  s1.loss_bbox: 0.5128  s1.loss_iou: 0.4379  s2.loss_cls: 0.4815  s2.pos_acc: 50.0000  s2.loss_bbox: 0.4138  s2.loss_iou: 0.3642  s3.loss_cls: 0.4630  s3.pos_acc: 75.0000  s3.loss_bbox: 0.3802  s3.loss_iou: 0.3406  s4.loss_cls: 0.4803  s4.pos_acc: 50.0000  s4.loss_bbox: 0.3598  s4.loss_iou: 0.3304  s5.loss_cls: 0.4660  s5.pos_acc: 50.0000  s5.loss_bbox: 0.3574  s5.loss_iou: 0.3324
2025/05/18 12:15:04 - mmengine - INFO - Epoch(train) [4][ 900/8276]  lr: 2.5000e-05  eta: 1:43:29  time: 0.2626  data_time: 0.0064  memory: 2064  grad_norm: 130.3191  loss: 8.6052  s0.loss_cls: 0.7184  s0.pos_acc: 100.0000  s0.loss_bbox: 0.8504  s0.loss_iou: 0.7194  s1.loss_cls: 0.5080  s1.pos_acc: 100.0000  s1.loss_bbox: 0.5263  s1.loss_iou: 0.4564  s2.loss_cls: 0.4809  s2.pos_acc: 100.0000  s2.loss_bbox: 0.4161  s2.loss_iou: 0.3756  s3.loss_cls: 0.4486  s3.pos_acc: 100.0000  s3.loss_bbox: 0.4013  s3.loss_iou: 0.3597  s4.loss_cls: 0.4426  s4.pos_acc: 100.0000  s4.loss_bbox: 0.3774  s4.loss_iou: 0.3459  s5.loss_cls: 0.4450  s5.pos_acc: 100.0000  s5.loss_bbox: 0.3843  s5.loss_iou: 0.3489
2025/05/18 12:15:17 - mmengine - INFO - Epoch(train) [4][ 950/8276]  lr: 2.5000e-05  eta: 1:43:16  time: 0.2559  data_time: 0.0061  memory: 2063  grad_norm: 122.8213  loss: 9.0520  s0.loss_cls: 0.7426  s0.pos_acc: 85.7143  s0.loss_bbox: 0.8291  s0.loss_iou: 0.7401  s1.loss_cls: 0.5104  s1.pos_acc: 100.0000  s1.loss_bbox: 0.5201  s1.loss_iou: 0.4774  s2.loss_cls: 0.5199  s2.pos_acc: 71.4286  s2.loss_bbox: 0.4234  s2.loss_iou: 0.4099  s3.loss_cls: 0.4695  s3.pos_acc: 100.0000  s3.loss_bbox: 0.4257  s3.loss_iou: 0.4090  s4.loss_cls: 0.4918  s4.pos_acc: 100.0000  s4.loss_bbox: 0.4053  s4.loss_iou: 0.3989  s5.loss_cls: 0.4674  s5.pos_acc: 100.0000  s5.loss_bbox: 0.4114  s5.loss_iou: 0.4000
2025/05/18 12:15:30 - mmengine - INFO - Epoch(train) [4][1000/8276]  lr: 2.5000e-05  eta: 1:43:03  time: 0.2517  data_time: 0.0056  memory: 2065  grad_norm: 132.4823  loss: 8.6731  s0.loss_cls: 0.7607  s0.pos_acc: 50.0000  s0.loss_bbox: 0.8362  s0.loss_iou: 0.7400  s1.loss_cls: 0.5009  s1.pos_acc: 100.0000  s1.loss_bbox: 0.5186  s1.loss_iou: 0.4654  s2.loss_cls: 0.4609  s2.pos_acc: 100.0000  s2.loss_bbox: 0.4412  s2.loss_iou: 0.4054  s3.loss_cls: 0.4483  s3.pos_acc: 100.0000  s3.loss_bbox: 0.3842  s3.loss_iou: 0.3665  s4.loss_cls: 0.4379  s4.pos_acc: 100.0000  s4.loss_bbox: 0.3690  s4.loss_iou: 0.3573  s5.loss_cls: 0.4335  s5.pos_acc: 100.0000  s5.loss_bbox: 0.3803  s5.loss_iou: 0.3667
2025/05/18 12:15:42 - mmengine - INFO - Epoch(train) [4][1050/8276]  lr: 2.5000e-05  eta: 1:42:50  time: 0.2520  data_time: 0.0056  memory: 2064  grad_norm: 133.6466  loss: 8.8803  s0.loss_cls: 0.7624  s0.pos_acc: 0.0000  s0.loss_bbox: 0.8289  s0.loss_iou: 0.6839  s1.loss_cls: 0.5401  s1.pos_acc: 14.2857  s1.loss_bbox: 0.5265  s1.loss_iou: 0.4477  s2.loss_cls: 0.5456  s2.pos_acc: 28.5714  s2.loss_bbox: 0.4166  s2.loss_iou: 0.3684  s3.loss_cls: 0.5190  s3.pos_acc: 71.4286  s3.loss_bbox: 0.4037  s3.loss_iou: 0.3619  s4.loss_cls: 0.5019  s4.pos_acc: 57.1429  s4.loss_bbox: 0.3892  s4.loss_iou: 0.3571  s5.loss_cls: 0.4904  s5.pos_acc: 71.4286  s5.loss_bbox: 0.3845  s5.loss_iou: 0.3524
2025/05/18 12:15:56 - mmengine - INFO - Epoch(train) [4][1100/8276]  lr: 2.5000e-05  eta: 1:42:37  time: 0.2665  data_time: 0.0072  memory: 2064  grad_norm: 133.0539  loss: 8.2944  s0.loss_cls: 0.6982  s0.pos_acc: 100.0000  s0.loss_bbox: 0.7753  s0.loss_iou: 0.6133  s1.loss_cls: 0.4780  s1.pos_acc: 100.0000  s1.loss_bbox: 0.5282  s1.loss_iou: 0.4211  s2.loss_cls: 0.4577  s2.pos_acc: 100.0000  s2.loss_bbox: 0.4523  s2.loss_iou: 0.3523  s3.loss_cls: 0.4371  s3.pos_acc: 100.0000  s3.loss_bbox: 0.4300  s3.loss_iou: 0.3395  s4.loss_cls: 0.4136  s4.pos_acc: 100.0000  s4.loss_bbox: 0.4099  s4.loss_iou: 0.3297  s5.loss_cls: 0.4404  s5.pos_acc: 100.0000  s5.loss_bbox: 0.3932  s5.loss_iou: 0.3247
2025/05/18 12:16:09 - mmengine - INFO - Epoch(train) [4][1150/8276]  lr: 2.5000e-05  eta: 1:42:24  time: 0.2652  data_time: 0.0070  memory: 2064  grad_norm: 128.9360  loss: 8.7721  s0.loss_cls: 0.7395  s0.pos_acc: 66.6667  s0.loss_bbox: 0.8107  s0.loss_iou: 0.6855  s1.loss_cls: 0.5048  s1.pos_acc: 100.0000  s1.loss_bbox: 0.5093  s1.loss_iou: 0.4610  s2.loss_cls: 0.4760  s2.pos_acc: 100.0000  s2.loss_bbox: 0.4424  s2.loss_iou: 0.4072  s3.loss_cls: 0.4457  s3.pos_acc: 100.0000  s3.loss_bbox: 0.4261  s3.loss_iou: 0.3908  s4.loss_cls: 0.4461  s4.pos_acc: 100.0000  s4.loss_bbox: 0.4052  s4.loss_iou: 0.3808  s5.loss_cls: 0.4719  s5.pos_acc: 100.0000  s5.loss_bbox: 0.3953  s5.loss_iou: 0.3736
2025/05/18 12:16:14 - mmengine - INFO - Exp name: sparse-rcnn_voc_20250518_101231
2025/05/18 12:16:22 - mmengine - INFO - Epoch(train) [4][1200/8276]  lr: 2.5000e-05  eta: 1:42:11  time: 0.2531  data_time: 0.0059  memory: 2065  grad_norm: 127.6767  loss: 8.8959  s0.loss_cls: 0.8367  s0.pos_acc: 50.0000  s0.loss_bbox: 0.7699  s0.loss_iou: 0.6893  s1.loss_cls: 0.5738  s1.pos_acc: 100.0000  s1.loss_bbox: 0.4612  s1.loss_iou: 0.4197  s2.loss_cls: 0.5637  s2.pos_acc: 50.0000  s2.loss_bbox: 0.4002  s2.loss_iou: 0.3687  s3.loss_cls: 0.5594  s3.pos_acc: 50.0000  s3.loss_bbox: 0.3710  s3.loss_iou: 0.3501  s4.loss_cls: 0.5621  s4.pos_acc: 100.0000  s4.loss_bbox: 0.3663  s4.loss_iou: 0.3473  s5.loss_cls: 0.5516  s5.pos_acc: 100.0000  s5.loss_bbox: 0.3595  s5.loss_iou: 0.3453
2025/05/18 12:16:35 - mmengine - INFO - Epoch(train) [4][1250/8276]  lr: 2.5000e-05  eta: 1:41:59  time: 0.2752  data_time: 0.0069  memory: 2064  grad_norm: 121.4749  loss: 8.2150  s0.loss_cls: 0.7835  s0.pos_acc: 33.3333  s0.loss_bbox: 0.7985  s0.loss_iou: 0.6870  s1.loss_cls: 0.5099  s1.pos_acc: 100.0000  s1.loss_bbox: 0.4628  s1.loss_iou: 0.4143  s2.loss_cls: 0.4885  s2.pos_acc: 100.0000  s2.loss_bbox: 0.3721  s2.loss_iou: 0.3516  s3.loss_cls: 0.4492  s3.pos_acc: 100.0000  s3.loss_bbox: 0.3469  s3.loss_iou: 0.3298  s4.loss_cls: 0.4431  s4.pos_acc: 100.0000  s4.loss_bbox: 0.3428  s4.loss_iou: 0.3284  s5.loss_cls: 0.4541  s5.pos_acc: 100.0000  s5.loss_bbox: 0.3332  s5.loss_iou: 0.3191
2025/05/18 12:16:48 - mmengine - INFO - Epoch(train) [4][1300/8276]  lr: 2.5000e-05  eta: 1:41:46  time: 0.2561  data_time: 0.0057  memory: 2065  grad_norm: 129.3637  loss: 9.3259  s0.loss_cls: 0.8466  s0.pos_acc: 100.0000  s0.loss_bbox: 0.8414  s0.loss_iou: 0.7075  s1.loss_cls: 0.6117  s1.pos_acc: 100.0000  s1.loss_bbox: 0.5092  s1.loss_iou: 0.4483  s2.loss_cls: 0.5460  s2.pos_acc: 100.0000  s2.loss_bbox: 0.4611  s2.loss_iou: 0.4064  s3.loss_cls: 0.5384  s3.pos_acc: 100.0000  s3.loss_bbox: 0.4216  s3.loss_iou: 0.3806  s4.loss_cls: 0.5222  s4.pos_acc: 100.0000  s4.loss_bbox: 0.4166  s4.loss_iou: 0.3779  s5.loss_cls: 0.5309  s5.pos_acc: 100.0000  s5.loss_bbox: 0.3971  s5.loss_iou: 0.3624
2025/05/18 12:17:01 - mmengine - INFO - Epoch(train) [4][1350/8276]  lr: 2.5000e-05  eta: 1:41:33  time: 0.2598  data_time: 0.0065  memory: 2064  grad_norm: 130.2869  loss: 8.7045  s0.loss_cls: 0.7630  s0.pos_acc: 66.6667  s0.loss_bbox: 0.8060  s0.loss_iou: 0.6915  s1.loss_cls: 0.5188  s1.pos_acc: 100.0000  s1.loss_bbox: 0.5114  s1.loss_iou: 0.4460  s2.loss_cls: 0.5014  s2.pos_acc: 100.0000  s2.loss_bbox: 0.4243  s2.loss_iou: 0.3673  s3.loss_cls: 0.4977  s3.pos_acc: 66.6667  s3.loss_bbox: 0.3950  s3.loss_iou: 0.3500  s4.loss_cls: 0.4981  s4.pos_acc: 66.6667  s4.loss_bbox: 0.3830  s4.loss_iou: 0.3388  s5.loss_cls: 0.5030  s5.pos_acc: 100.0000  s5.loss_bbox: 0.3747  s5.loss_iou: 0.3347
2025/05/18 12:17:14 - mmengine - INFO - Epoch(train) [4][1400/8276]  lr: 2.5000e-05  eta: 1:41:20  time: 0.2647  data_time: 0.0068  memory: 2064  grad_norm: 124.9378  loss: 8.6080  s0.loss_cls: 0.7127  s0.pos_acc: 62.5000  s0.loss_bbox: 0.7999  s0.loss_iou: 0.6874  s1.loss_cls: 0.4779  s1.pos_acc: 87.5000  s1.loss_bbox: 0.5137  s1.loss_iou: 0.4447  s2.loss_cls: 0.4434  s2.pos_acc: 87.5000  s2.loss_bbox: 0.4569  s2.loss_iou: 0.4006  s3.loss_cls: 0.3953  s3.pos_acc: 87.5000  s3.loss_bbox: 0.4415  s3.loss_iou: 0.3858  s4.loss_cls: 0.3950  s4.pos_acc: 87.5000  s4.loss_bbox: 0.4393  s4.loss_iou: 0.3861  s5.loss_cls: 0.4126  s5.pos_acc: 87.5000  s5.loss_bbox: 0.4302  s5.loss_iou: 0.3850
2025/05/18 12:17:28 - mmengine - INFO - Epoch(train) [4][1450/8276]  lr: 2.5000e-05  eta: 1:41:07  time: 0.2659  data_time: 0.0068  memory: 2063  grad_norm: 136.5887  loss: 8.4300  s0.loss_cls: 0.7215  s0.pos_acc: 77.7778  s0.loss_bbox: 0.7685  s0.loss_iou: 0.7060  s1.loss_cls: 0.5118  s1.pos_acc: 88.8889  s1.loss_bbox: 0.4417  s1.loss_iou: 0.4321  s2.loss_cls: 0.4929  s2.pos_acc: 77.7778  s2.loss_bbox: 0.4065  s2.loss_iou: 0.3871  s3.loss_cls: 0.4670  s3.pos_acc: 88.8889  s3.loss_bbox: 0.3785  s3.loss_iou: 0.3600  s4.loss_cls: 0.4603  s4.pos_acc: 100.0000  s4.loss_bbox: 0.3625  s4.loss_iou: 0.3520  s5.loss_cls: 0.4532  s5.pos_acc: 88.8889  s5.loss_bbox: 0.3722  s5.loss_iou: 0.3563
2025/05/18 12:17:41 - mmengine - INFO - Epoch(train) [4][1500/8276]  lr: 2.5000e-05  eta: 1:40:54  time: 0.2646  data_time: 0.0071  memory: 2064  grad_norm: 124.1714  loss: 8.5025  s0.loss_cls: 0.7726  s0.pos_acc: 66.6667  s0.loss_bbox: 0.8341  s0.loss_iou: 0.7347  s1.loss_cls: 0.5062  s1.pos_acc: 66.6667  s1.loss_bbox: 0.5036  s1.loss_iou: 0.4706  s2.loss_cls: 0.4788  s2.pos_acc: 66.6667  s2.loss_bbox: 0.3981  s2.loss_iou: 0.3776  s3.loss_cls: 0.4554  s3.pos_acc: 66.6667  s3.loss_bbox: 0.3535  s3.loss_iou: 0.3435  s4.loss_cls: 0.4593  s4.pos_acc: 66.6667  s4.loss_bbox: 0.3405  s4.loss_iou: 0.3354  s5.loss_cls: 0.4558  s5.pos_acc: 66.6667  s5.loss_bbox: 0.3456  s5.loss_iou: 0.3374
2025/05/18 12:17:54 - mmengine - INFO - Epoch(train) [4][1550/8276]  lr: 2.5000e-05  eta: 1:40:42  time: 0.2652  data_time: 0.0069  memory: 2065  grad_norm: 134.0989  loss: 8.2903  s0.loss_cls: 0.7429  s0.pos_acc: 100.0000  s0.loss_bbox: 0.7637  s0.loss_iou: 0.6795  s1.loss_cls: 0.4955  s1.pos_acc: 100.0000  s1.loss_bbox: 0.4684  s1.loss_iou: 0.4099  s2.loss_cls: 0.4274  s2.pos_acc: 100.0000  s2.loss_bbox: 0.4241  s2.loss_iou: 0.3714  s3.loss_cls: 0.4193  s3.pos_acc: 100.0000  s3.loss_bbox: 0.3926  s3.loss_iou: 0.3555  s4.loss_cls: 0.4149  s4.pos_acc: 100.0000  s4.loss_bbox: 0.3963  s4.loss_iou: 0.3614  s5.loss_cls: 0.4252  s5.pos_acc: 100.0000  s5.loss_bbox: 0.3871  s5.loss_iou: 0.3552
2025/05/18 12:18:07 - mmengine - INFO - Epoch(train) [4][1600/8276]  lr: 2.5000e-05  eta: 1:40:29  time: 0.2665  data_time: 0.0072  memory: 2063  grad_norm: 131.5370  loss: 8.7544  s0.loss_cls: 0.7885  s0.pos_acc: 75.0000  s0.loss_bbox: 0.7850  s0.loss_iou: 0.6570  s1.loss_cls: 0.5287  s1.pos_acc: 100.0000  s1.loss_bbox: 0.4862  s1.loss_iou: 0.4400  s2.loss_cls: 0.4945  s2.pos_acc: 75.0000  s2.loss_bbox: 0.4213  s2.loss_iou: 0.3822  s3.loss_cls: 0.4726  s3.pos_acc: 100.0000  s3.loss_bbox: 0.4148  s3.loss_iou: 0.3729  s4.loss_cls: 0.4831  s4.pos_acc: 100.0000  s4.loss_bbox: 0.4081  s4.loss_iou: 0.3711  s5.loss_cls: 0.4889  s5.pos_acc: 100.0000  s5.loss_bbox: 0.3956  s5.loss_iou: 0.3640
2025/05/18 12:18:21 - mmengine - INFO - Epoch(train) [4][1650/8276]  lr: 2.5000e-05  eta: 1:40:16  time: 0.2614  data_time: 0.0069  memory: 2064  grad_norm: 132.7705  loss: 8.5107  s0.loss_cls: 0.7192  s0.pos_acc: 66.6667  s0.loss_bbox: 0.7764  s0.loss_iou: 0.6411  s1.loss_cls: 0.4818  s1.pos_acc: 100.0000  s1.loss_bbox: 0.5438  s1.loss_iou: 0.4397  s2.loss_cls: 0.4539  s2.pos_acc: 100.0000  s2.loss_bbox: 0.4403  s2.loss_iou: 0.3696  s3.loss_cls: 0.4294  s3.pos_acc: 100.0000  s3.loss_bbox: 0.4206  s3.loss_iou: 0.3565  s4.loss_cls: 0.4317  s4.pos_acc: 100.0000  s4.loss_bbox: 0.4279  s4.loss_iou: 0.3614  s5.loss_cls: 0.4139  s5.pos_acc: 100.0000  s5.loss_bbox: 0.4380  s5.loss_iou: 0.3655
2025/05/18 12:18:33 - mmengine - INFO - Epoch(train) [4][1700/8276]  lr: 2.5000e-05  eta: 1:40:03  time: 0.2536  data_time: 0.0062  memory: 2064  grad_norm: 134.6405  loss: 8.8879  s0.loss_cls: 0.7663  s0.pos_acc: 100.0000  s0.loss_bbox: 0.8210  s0.loss_iou: 0.6925  s1.loss_cls: 0.5134  s1.pos_acc: 100.0000  s1.loss_bbox: 0.5092  s1.loss_iou: 0.4335  s2.loss_cls: 0.5145  s2.pos_acc: 100.0000  s2.loss_bbox: 0.4337  s2.loss_iou: 0.3705  s3.loss_cls: 0.5167  s3.pos_acc: 100.0000  s3.loss_bbox: 0.4153  s3.loss_iou: 0.3536  s4.loss_cls: 0.5053  s4.pos_acc: 100.0000  s4.loss_bbox: 0.4098  s4.loss_iou: 0.3480  s5.loss_cls: 0.5233  s5.pos_acc: 100.0000  s5.loss_bbox: 0.4116  s5.loss_iou: 0.3497
2025/05/18 12:18:46 - mmengine - INFO - Epoch(train) [4][1750/8276]  lr: 2.5000e-05  eta: 1:39:50  time: 0.2628  data_time: 0.0069  memory: 2064  grad_norm: 123.5376  loss: 8.5081  s0.loss_cls: 0.7212  s0.pos_acc: 100.0000  s0.loss_bbox: 0.8353  s0.loss_iou: 0.7135  s1.loss_cls: 0.4414  s1.pos_acc: 100.0000  s1.loss_bbox: 0.5114  s1.loss_iou: 0.4685  s2.loss_cls: 0.4258  s2.pos_acc: 100.0000  s2.loss_bbox: 0.4297  s2.loss_iou: 0.3989  s3.loss_cls: 0.4071  s3.pos_acc: 100.0000  s3.loss_bbox: 0.4119  s3.loss_iou: 0.3832  s4.loss_cls: 0.4156  s4.pos_acc: 100.0000  s4.loss_bbox: 0.3995  s4.loss_iou: 0.3758  s5.loss_cls: 0.4027  s5.pos_acc: 100.0000  s5.loss_bbox: 0.3938  s5.loss_iou: 0.3725
2025/05/18 12:19:00 - mmengine - INFO - Epoch(train) [4][1800/8276]  lr: 2.5000e-05  eta: 1:39:37  time: 0.2655  data_time: 0.0070  memory: 2064  grad_norm: 132.5276  loss: 8.3223  s0.loss_cls: 0.6851  s0.pos_acc: 66.6667  s0.loss_bbox: 0.7425  s0.loss_iou: 0.6652  s1.loss_cls: 0.5225  s1.pos_acc: 66.6667  s1.loss_bbox: 0.4516  s1.loss_iou: 0.4121  s2.loss_cls: 0.5056  s2.pos_acc: 100.0000  s2.loss_bbox: 0.3775  s2.loss_iou: 0.3616  s3.loss_cls: 0.4881  s3.pos_acc: 100.0000  s3.loss_bbox: 0.3622  s3.loss_iou: 0.3513  s4.loss_cls: 0.4823  s4.pos_acc: 100.0000  s4.loss_bbox: 0.3544  s4.loss_iou: 0.3461  s5.loss_cls: 0.5077  s5.pos_acc: 100.0000  s5.loss_bbox: 0.3600  s5.loss_iou: 0.3467
2025/05/18 12:19:12 - mmengine - INFO - Epoch(train) [4][1850/8276]  lr: 2.5000e-05  eta: 1:39:24  time: 0.2542  data_time: 0.0059  memory: 2064  grad_norm: 135.5882  loss: 8.8094  s0.loss_cls: 0.7515  s0.pos_acc: 66.6667  s0.loss_bbox: 0.7787  s0.loss_iou: 0.7030  s1.loss_cls: 0.5144  s1.pos_acc: 100.0000  s1.loss_bbox: 0.4928  s1.loss_iou: 0.4500  s2.loss_cls: 0.4893  s2.pos_acc: 100.0000  s2.loss_bbox: 0.4174  s2.loss_iou: 0.3997  s3.loss_cls: 0.4832  s3.pos_acc: 100.0000  s3.loss_bbox: 0.3975  s3.loss_iou: 0.3895  s4.loss_cls: 0.4644  s4.pos_acc: 100.0000  s4.loss_bbox: 0.4009  s4.loss_iou: 0.3948  s5.loss_cls: 0.4639  s5.pos_acc: 100.0000  s5.loss_bbox: 0.4152  s5.loss_iou: 0.4031
2025/05/18 12:19:25 - mmengine - INFO - Epoch(train) [4][1900/8276]  lr: 2.5000e-05  eta: 1:39:11  time: 0.2519  data_time: 0.0056  memory: 2064  grad_norm: 143.4875  loss: 8.7639  s0.loss_cls: 0.7035  s0.pos_acc: 100.0000  s0.loss_bbox: 0.7922  s0.loss_iou: 0.6225  s1.loss_cls: 0.5309  s1.pos_acc: 100.0000  s1.loss_bbox: 0.4994  s1.loss_iou: 0.3980  s2.loss_cls: 0.5357  s2.pos_acc: 100.0000  s2.loss_bbox: 0.4367  s2.loss_iou: 0.3566  s3.loss_cls: 0.5302  s3.pos_acc: 100.0000  s3.loss_bbox: 0.4303  s3.loss_iou: 0.3494  s4.loss_cls: 0.5163  s4.pos_acc: 100.0000  s4.loss_bbox: 0.4269  s4.loss_iou: 0.3479  s5.loss_cls: 0.5066  s5.pos_acc: 100.0000  s5.loss_bbox: 0.4279  s5.loss_iou: 0.3529
2025/05/18 12:19:38 - mmengine - INFO - Epoch(train) [4][1950/8276]  lr: 2.5000e-05  eta: 1:38:58  time: 0.2567  data_time: 0.0061  memory: 2064  grad_norm: 126.9829  loss: 9.1595  s0.loss_cls: 0.8127  s0.pos_acc: 66.6667  s0.loss_bbox: 0.8385  s0.loss_iou: 0.6945  s1.loss_cls: 0.5640  s1.pos_acc: 100.0000  s1.loss_bbox: 0.5003  s1.loss_iou: 0.4399  s2.loss_cls: 0.5113  s2.pos_acc: 100.0000  s2.loss_bbox: 0.4510  s2.loss_iou: 0.3988  s3.loss_cls: 0.4961  s3.pos_acc: 100.0000  s3.loss_bbox: 0.4441  s3.loss_iou: 0.3908  s4.loss_cls: 0.4996  s4.pos_acc: 100.0000  s4.loss_bbox: 0.4194  s4.loss_iou: 0.3820  s5.loss_cls: 0.5085  s5.pos_acc: 100.0000  s5.loss_bbox: 0.4244  s5.loss_iou: 0.3838
2025/05/18 12:19:51 - mmengine - INFO - Epoch(train) [4][2000/8276]  lr: 2.5000e-05  eta: 1:38:45  time: 0.2604  data_time: 0.0068  memory: 2064  grad_norm: 128.6798  loss: 8.9557  s0.loss_cls: 0.7720  s0.pos_acc: 50.0000  s0.loss_bbox: 0.8092  s0.loss_iou: 0.6665  s1.loss_cls: 0.5423  s1.pos_acc: 50.0000  s1.loss_bbox: 0.5055  s1.loss_iou: 0.4331  s2.loss_cls: 0.5054  s2.pos_acc: 50.0000  s2.loss_bbox: 0.4505  s2.loss_iou: 0.3863  s3.loss_cls: 0.5031  s3.pos_acc: 50.0000  s3.loss_bbox: 0.4231  s3.loss_iou: 0.3663  s4.loss_cls: 0.4991  s4.pos_acc: 50.0000  s4.loss_bbox: 0.4241  s4.loss_iou: 0.3676  s5.loss_cls: 0.5095  s5.pos_acc: 50.0000  s5.loss_bbox: 0.4268  s5.loss_iou: 0.3655
2025/05/18 12:20:03 - mmengine - INFO - Epoch(train) [4][2050/8276]  lr: 2.5000e-05  eta: 1:38:31  time: 0.2526  data_time: 0.0057  memory: 2063  grad_norm: 124.8869  loss: 8.7533  s0.loss_cls: 0.7051  s0.pos_acc: 33.3333  s0.loss_bbox: 0.8210  s0.loss_iou: 0.7217  s1.loss_cls: 0.5022  s1.pos_acc: 100.0000  s1.loss_bbox: 0.5078  s1.loss_iou: 0.4620  s2.loss_cls: 0.4566  s2.pos_acc: 100.0000  s2.loss_bbox: 0.4535  s2.loss_iou: 0.4145  s3.loss_cls: 0.4486  s3.pos_acc: 100.0000  s3.loss_bbox: 0.4184  s3.loss_iou: 0.3877  s4.loss_cls: 0.4349  s4.pos_acc: 100.0000  s4.loss_bbox: 0.4065  s4.loss_iou: 0.3869  s5.loss_cls: 0.4372  s5.pos_acc: 83.3333  s5.loss_bbox: 0.4032  s5.loss_iou: 0.3855
2025/05/18 12:20:16 - mmengine - INFO - Epoch(train) [4][2100/8276]  lr: 2.5000e-05  eta: 1:38:18  time: 0.2585  data_time: 0.0060  memory: 2065  grad_norm: 133.3419  loss: 9.2695  s0.loss_cls: 0.7680  s0.pos_acc: 100.0000  s0.loss_bbox: 0.8342  s0.loss_iou: 0.7093  s1.loss_cls: 0.5556  s1.pos_acc: 100.0000  s1.loss_bbox: 0.5556  s1.loss_iou: 0.4949  s2.loss_cls: 0.5056  s2.pos_acc: 100.0000  s2.loss_bbox: 0.4787  s2.loss_iou: 0.4242  s3.loss_cls: 0.4907  s3.pos_acc: 100.0000  s3.loss_bbox: 0.4424  s3.loss_iou: 0.4013  s4.loss_cls: 0.4945  s4.pos_acc: 100.0000  s4.loss_bbox: 0.4269  s4.loss_iou: 0.3874  s5.loss_cls: 0.4975  s5.pos_acc: 100.0000  s5.loss_bbox: 0.4211  s5.loss_iou: 0.3816
2025/05/18 12:20:30 - mmengine - INFO - Epoch(train) [4][2150/8276]  lr: 2.5000e-05  eta: 1:38:06  time: 0.2646  data_time: 0.0068  memory: 2064  grad_norm: 126.0261  loss: 9.1067  s0.loss_cls: 0.7408  s0.pos_acc: 66.6667  s0.loss_bbox: 0.8440  s0.loss_iou: 0.7068  s1.loss_cls: 0.4972  s1.pos_acc: 66.6667  s1.loss_bbox: 0.5500  s1.loss_iou: 0.4690  s2.loss_cls: 0.4761  s2.pos_acc: 66.6667  s2.loss_bbox: 0.4813  s2.loss_iou: 0.4147  s3.loss_cls: 0.4632  s3.pos_acc: 100.0000  s3.loss_bbox: 0.4499  s3.loss_iou: 0.3981  s4.loss_cls: 0.4673  s4.pos_acc: 100.0000  s4.loss_bbox: 0.4390  s4.loss_iou: 0.3929  s5.loss_cls: 0.4815  s5.pos_acc: 100.0000  s5.loss_bbox: 0.4414  s5.loss_iou: 0.3933
2025/05/18 12:20:35 - mmengine - INFO - Exp name: sparse-rcnn_voc_20250518_101231
2025/05/18 12:20:42 - mmengine - INFO - Epoch(train) [4][2200/8276]  lr: 2.5000e-05  eta: 1:37:53  time: 0.2561  data_time: 0.0058  memory: 2065  grad_norm: 128.0471  loss: 8.8442  s0.loss_cls: 0.8022  s0.pos_acc: 100.0000  s0.loss_bbox: 0.8393  s0.loss_iou: 0.7481  s1.loss_cls: 0.5263  s1.pos_acc: 100.0000  s1.loss_bbox: 0.5160  s1.loss_iou: 0.4622  s2.loss_cls: 0.4738  s2.pos_acc: 100.0000  s2.loss_bbox: 0.4251  s2.loss_iou: 0.3973  s3.loss_cls: 0.4492  s3.pos_acc: 100.0000  s3.loss_bbox: 0.3964  s3.loss_iou: 0.3788  s4.loss_cls: 0.4487  s4.pos_acc: 100.0000  s4.loss_bbox: 0.3932  s4.loss_iou: 0.3757  s5.loss_cls: 0.4431  s5.pos_acc: 100.0000  s5.loss_bbox: 0.3951  s5.loss_iou: 0.3738
2025/05/18 12:20:56 - mmengine - INFO - Epoch(train) [4][2250/8276]  lr: 2.5000e-05  eta: 1:37:40  time: 0.2654  data_time: 0.0072  memory: 2064  grad_norm: 126.1711  loss: 9.5699  s0.loss_cls: 0.8138  s0.pos_acc: 75.0000  s0.loss_bbox: 0.7944  s0.loss_iou: 0.6840  s1.loss_cls: 0.5506  s1.pos_acc: 100.0000  s1.loss_bbox: 0.5634  s1.loss_iou: 0.4777  s2.loss_cls: 0.5511  s2.pos_acc: 100.0000  s2.loss_bbox: 0.4996  s2.loss_iou: 0.4277  s3.loss_cls: 0.5333  s3.pos_acc: 100.0000  s3.loss_bbox: 0.4759  s3.loss_iou: 0.4165  s4.loss_cls: 0.5182  s4.pos_acc: 75.0000  s4.loss_bbox: 0.4627  s4.loss_iou: 0.4063  s5.loss_cls: 0.5302  s5.pos_acc: 75.0000  s5.loss_bbox: 0.4585  s5.loss_iou: 0.4058
2025/05/18 12:21:09 - mmengine - INFO - Epoch(train) [4][2300/8276]  lr: 2.5000e-05  eta: 1:37:27  time: 0.2654  data_time: 0.0074  memory: 2063  grad_norm: 130.4583  loss: 9.2253  s0.loss_cls: 0.8060  s0.pos_acc: 40.0000  s0.loss_bbox: 0.8362  s0.loss_iou: 0.7332  s1.loss_cls: 0.5872  s1.pos_acc: 100.0000  s1.loss_bbox: 0.5193  s1.loss_iou: 0.4739  s2.loss_cls: 0.5433  s2.pos_acc: 100.0000  s2.loss_bbox: 0.4197  s2.loss_iou: 0.4063  s3.loss_cls: 0.5469  s3.pos_acc: 100.0000  s3.loss_bbox: 0.3897  s3.loss_iou: 0.3827  s4.loss_cls: 0.5538  s4.pos_acc: 100.0000  s4.loss_bbox: 0.3730  s4.loss_iou: 0.3699  s5.loss_cls: 0.5505  s5.pos_acc: 100.0000  s5.loss_bbox: 0.3678  s5.loss_iou: 0.3658
2025/05/18 12:21:22 - mmengine - INFO - Epoch(train) [4][2350/8276]  lr: 2.5000e-05  eta: 1:37:14  time: 0.2652  data_time: 0.0071  memory: 2064  grad_norm: 123.5364  loss: 8.9813  s0.loss_cls: 0.7830  s0.pos_acc: 66.6667  s0.loss_bbox: 0.7873  s0.loss_iou: 0.6518  s1.loss_cls: 0.5688  s1.pos_acc: 100.0000  s1.loss_bbox: 0.5130  s1.loss_iou: 0.4430  s2.loss_cls: 0.5387  s2.pos_acc: 100.0000  s2.loss_bbox: 0.4375  s2.loss_iou: 0.3794  s3.loss_cls: 0.5245  s3.pos_acc: 100.0000  s3.loss_bbox: 0.4101  s3.loss_iou: 0.3691  s4.loss_cls: 0.5241  s4.pos_acc: 100.0000  s4.loss_bbox: 0.3952  s4.loss_iou: 0.3632  s5.loss_cls: 0.5408  s5.pos_acc: 100.0000  s5.loss_bbox: 0.3923  s5.loss_iou: 0.3596
2025/05/18 12:21:35 - mmengine - INFO - Epoch(train) [4][2400/8276]  lr: 2.5000e-05  eta: 1:37:02  time: 0.2654  data_time: 0.0068  memory: 2064  grad_norm: 121.5219  loss: 9.4084  s0.loss_cls: 0.8729  s0.pos_acc: 100.0000  s0.loss_bbox: 0.8376  s0.loss_iou: 0.7386  s1.loss_cls: 0.5464  s1.pos_acc: 100.0000  s1.loss_bbox: 0.5117  s1.loss_iou: 0.4855  s2.loss_cls: 0.5421  s2.pos_acc: 100.0000  s2.loss_bbox: 0.4441  s2.loss_iou: 0.4243  s3.loss_cls: 0.5207  s3.pos_acc: 100.0000  s3.loss_bbox: 0.4075  s3.loss_iou: 0.4018  s4.loss_cls: 0.5255  s4.pos_acc: 100.0000  s4.loss_bbox: 0.4076  s4.loss_iou: 0.3964  s5.loss_cls: 0.5337  s5.pos_acc: 100.0000  s5.loss_bbox: 0.4153  s5.loss_iou: 0.3965
2025/05/18 12:21:48 - mmengine - INFO - Epoch(train) [4][2450/8276]  lr: 2.5000e-05  eta: 1:36:49  time: 0.2560  data_time: 0.0060  memory: 2063  grad_norm: 129.4624  loss: 9.1688  s0.loss_cls: 0.7753  s0.pos_acc: 75.0000  s0.loss_bbox: 0.8308  s0.loss_iou: 0.7229  s1.loss_cls: 0.5506  s1.pos_acc: 100.0000  s1.loss_bbox: 0.5186  s1.loss_iou: 0.4781  s2.loss_cls: 0.5136  s2.pos_acc: 100.0000  s2.loss_bbox: 0.4520  s2.loss_iou: 0.4216  s3.loss_cls: 0.4868  s3.pos_acc: 100.0000  s3.loss_bbox: 0.4209  s3.loss_iou: 0.4021  s4.loss_cls: 0.4984  s4.pos_acc: 100.0000  s4.loss_bbox: 0.3972  s4.loss_iou: 0.3896  s5.loss_cls: 0.4950  s5.pos_acc: 100.0000  s5.loss_bbox: 0.4170  s5.loss_iou: 0.3984
2025/05/18 12:22:02 - mmengine - INFO - Epoch(train) [4][2500/8276]  lr: 2.5000e-05  eta: 1:36:36  time: 0.2645  data_time: 0.0070  memory: 2064  grad_norm: 136.6561  loss: 8.6945  s0.loss_cls: 0.7135  s0.pos_acc: 75.0000  s0.loss_bbox: 0.8005  s0.loss_iou: 0.7070  s1.loss_cls: 0.4997  s1.pos_acc: 75.0000  s1.loss_bbox: 0.4815  s1.loss_iou: 0.4492  s2.loss_cls: 0.4814  s2.pos_acc: 75.0000  s2.loss_bbox: 0.4117  s2.loss_iou: 0.3927  s3.loss_cls: 0.4798  s3.pos_acc: 50.0000  s3.loss_bbox: 0.4025  s3.loss_iou: 0.3858  s4.loss_cls: 0.4610  s4.pos_acc: 50.0000  s4.loss_bbox: 0.3985  s4.loss_iou: 0.3823  s5.loss_cls: 0.4664  s5.pos_acc: 50.0000  s5.loss_bbox: 0.3981  s5.loss_iou: 0.3831
2025/05/18 12:22:15 - mmengine - INFO - Epoch(train) [4][2550/8276]  lr: 2.5000e-05  eta: 1:36:23  time: 0.2652  data_time: 0.0067  memory: 2063  grad_norm: 132.7670  loss: 8.2264  s0.loss_cls: 0.6598  s0.pos_acc: 100.0000  s0.loss_bbox: 0.8730  s0.loss_iou: 0.7014  s1.loss_cls: 0.4986  s1.pos_acc: 100.0000  s1.loss_bbox: 0.4981  s1.loss_iou: 0.4222  s2.loss_cls: 0.4482  s2.pos_acc: 100.0000  s2.loss_bbox: 0.4141  s2.loss_iou: 0.3534  s3.loss_cls: 0.4624  s3.pos_acc: 100.0000  s3.loss_bbox: 0.3531  s3.loss_iou: 0.3154  s4.loss_cls: 0.4508  s4.pos_acc: 100.0000  s4.loss_bbox: 0.3475  s4.loss_iou: 0.3123  s5.loss_cls: 0.4541  s5.pos_acc: 100.0000  s5.loss_bbox: 0.3495  s5.loss_iou: 0.3123
2025/05/18 12:22:28 - mmengine - INFO - Epoch(train) [4][2600/8276]  lr: 2.5000e-05  eta: 1:36:10  time: 0.2558  data_time: 0.0062  memory: 2064  grad_norm: 132.6591  loss: 9.1625  s0.loss_cls: 0.7935  s0.pos_acc: 0.0000  s0.loss_bbox: 0.8494  s0.loss_iou: 0.7151  s1.loss_cls: 0.5281  s1.pos_acc: 100.0000  s1.loss_bbox: 0.5447  s1.loss_iou: 0.4639  s2.loss_cls: 0.4937  s2.pos_acc: 66.6667  s2.loss_bbox: 0.4640  s2.loss_iou: 0.4054  s3.loss_cls: 0.4733  s3.pos_acc: 100.0000  s3.loss_bbox: 0.4550  s3.loss_iou: 0.3986  s4.loss_cls: 0.4731  s4.pos_acc: 66.6667  s4.loss_bbox: 0.4390  s4.loss_iou: 0.3887  s5.loss_cls: 0.4709  s5.pos_acc: 100.0000  s5.loss_bbox: 0.4243  s5.loss_iou: 0.3816
2025/05/18 12:22:40 - mmengine - INFO - Epoch(train) [4][2650/8276]  lr: 2.5000e-05  eta: 1:35:57  time: 0.2529  data_time: 0.0061  memory: 2064  grad_norm: 124.8033  loss: 9.0751  s0.loss_cls: 0.7908  s0.pos_acc: 75.0000  s0.loss_bbox: 0.8536  s0.loss_iou: 0.7194  s1.loss_cls: 0.5387  s1.pos_acc: 100.0000  s1.loss_bbox: 0.5146  s1.loss_iou: 0.4617  s2.loss_cls: 0.5233  s2.pos_acc: 100.0000  s2.loss_bbox: 0.4370  s2.loss_iou: 0.3987  s3.loss_cls: 0.5045  s3.pos_acc: 100.0000  s3.loss_bbox: 0.4180  s3.loss_iou: 0.3811  s4.loss_cls: 0.5095  s4.pos_acc: 100.0000  s4.loss_bbox: 0.4000  s4.loss_iou: 0.3637  s5.loss_cls: 0.4988  s5.pos_acc: 100.0000  s5.loss_bbox: 0.3970  s5.loss_iou: 0.3647
2025/05/18 12:22:53 - mmengine - INFO - Epoch(train) [4][2700/8276]  lr: 2.5000e-05  eta: 1:35:44  time: 0.2611  data_time: 0.0066  memory: 2064  grad_norm: 134.4232  loss: 8.5074  s0.loss_cls: 0.6658  s0.pos_acc: 36.3636  s0.loss_bbox: 0.7767  s0.loss_iou: 0.6224  s1.loss_cls: 0.4882  s1.pos_acc: 81.8182  s1.loss_bbox: 0.5102  s1.loss_iou: 0.4313  s2.loss_cls: 0.4631  s2.pos_acc: 90.9091  s2.loss_bbox: 0.4516  s2.loss_iou: 0.3866  s3.loss_cls: 0.4563  s3.pos_acc: 90.9091  s3.loss_bbox: 0.4245  s3.loss_iou: 0.3684  s4.loss_cls: 0.4319  s4.pos_acc: 90.9091  s4.loss_bbox: 0.4281  s4.loss_iou: 0.3747  s5.loss_cls: 0.4385  s5.pos_acc: 81.8182  s5.loss_bbox: 0.4178  s5.loss_iou: 0.3712
2025/05/18 12:23:06 - mmengine - INFO - Epoch(train) [4][2750/8276]  lr: 2.5000e-05  eta: 1:35:31  time: 0.2640  data_time: 0.0068  memory: 2065  grad_norm: 123.5891  loss: 9.4553  s0.loss_cls: 0.8456  s0.pos_acc: 50.0000  s0.loss_bbox: 0.8492  s0.loss_iou: 0.7357  s1.loss_cls: 0.6027  s1.pos_acc: 50.0000  s1.loss_bbox: 0.5108  s1.loss_iou: 0.4711  s2.loss_cls: 0.5418  s2.pos_acc: 0.0000  s2.loss_bbox: 0.4505  s2.loss_iou: 0.4162  s3.loss_cls: 0.5056  s3.pos_acc: 50.0000  s3.loss_bbox: 0.4347  s3.loss_iou: 0.4043  s4.loss_cls: 0.4895  s4.pos_acc: 50.0000  s4.loss_bbox: 0.4389  s4.loss_iou: 0.4039  s5.loss_cls: 0.4972  s5.pos_acc: 50.0000  s5.loss_bbox: 0.4474  s5.loss_iou: 0.4102
2025/05/18 12:23:20 - mmengine - INFO - Epoch(train) [4][2800/8276]  lr: 2.5000e-05  eta: 1:35:18  time: 0.2651  data_time: 0.0071  memory: 2064  grad_norm: 132.1473  loss: 8.2902  s0.loss_cls: 0.7438  s0.pos_acc: 100.0000  s0.loss_bbox: 0.7277  s0.loss_iou: 0.6630  s1.loss_cls: 0.5099  s1.pos_acc: 100.0000  s1.loss_bbox: 0.4433  s1.loss_iou: 0.4282  s2.loss_cls: 0.4803  s2.pos_acc: 100.0000  s2.loss_bbox: 0.3904  s2.loss_iou: 0.3718  s3.loss_cls: 0.4491  s3.pos_acc: 100.0000  s3.loss_bbox: 0.3704  s3.loss_iou: 0.3605  s4.loss_cls: 0.4388  s4.pos_acc: 100.0000  s4.loss_bbox: 0.3738  s4.loss_iou: 0.3630  s5.loss_cls: 0.4295  s5.pos_acc: 100.0000  s5.loss_bbox: 0.3818  s5.loss_iou: 0.3648
2025/05/18 12:23:32 - mmengine - INFO - Epoch(train) [4][2850/8276]  lr: 2.5000e-05  eta: 1:35:05  time: 0.2527  data_time: 0.0059  memory: 2065  grad_norm: 146.3714  loss: 9.0312  s0.loss_cls: 0.7310  s0.pos_acc: 50.0000  s0.loss_bbox: 0.8400  s0.loss_iou: 0.7238  s1.loss_cls: 0.5134  s1.pos_acc: 50.0000  s1.loss_bbox: 0.5228  s1.loss_iou: 0.4713  s2.loss_cls: 0.4981  s2.pos_acc: 50.0000  s2.loss_bbox: 0.4424  s2.loss_iou: 0.4068  s3.loss_cls: 0.4832  s3.pos_acc: 50.0000  s3.loss_bbox: 0.4234  s3.loss_iou: 0.3908  s4.loss_cls: 0.4798  s4.pos_acc: 50.0000  s4.loss_bbox: 0.4228  s4.loss_iou: 0.3919  s5.loss_cls: 0.4929  s5.pos_acc: 50.0000  s5.loss_bbox: 0.4116  s5.loss_iou: 0.3852
2025/05/18 12:23:46 - mmengine - INFO - Epoch(train) [4][2900/8276]  lr: 2.5000e-05  eta: 1:34:52  time: 0.2641  data_time: 0.0070  memory: 2063  grad_norm: 122.6732  loss: 8.9254  s0.loss_cls: 0.7824  s0.pos_acc: 50.0000  s0.loss_bbox: 0.8019  s0.loss_iou: 0.7051  s1.loss_cls: 0.5293  s1.pos_acc: 100.0000  s1.loss_bbox: 0.5273  s1.loss_iou: 0.4780  s2.loss_cls: 0.4916  s2.pos_acc: 100.0000  s2.loss_bbox: 0.4473  s2.loss_iou: 0.4186  s3.loss_cls: 0.4706  s3.pos_acc: 75.0000  s3.loss_bbox: 0.4112  s3.loss_iou: 0.3949  s4.loss_cls: 0.4667  s4.pos_acc: 75.0000  s4.loss_bbox: 0.3927  s4.loss_iou: 0.3817  s5.loss_cls: 0.4841  s5.pos_acc: 75.0000  s5.loss_bbox: 0.3751  s5.loss_iou: 0.3668
2025/05/18 12:23:59 - mmengine - INFO - Epoch(train) [4][2950/8276]  lr: 2.5000e-05  eta: 1:34:39  time: 0.2599  data_time: 0.0062  memory: 2064  grad_norm: 127.4885  loss: 7.5056  s0.loss_cls: 0.7102  s0.pos_acc: 100.0000  s0.loss_bbox: 0.7182  s0.loss_iou: 0.6352  s1.loss_cls: 0.4344  s1.pos_acc: 100.0000  s1.loss_bbox: 0.4463  s1.loss_iou: 0.3943  s2.loss_cls: 0.4031  s2.pos_acc: 100.0000  s2.loss_bbox: 0.3667  s2.loss_iou: 0.3236  s3.loss_cls: 0.3791  s3.pos_acc: 100.0000  s3.loss_bbox: 0.3471  s3.loss_iou: 0.3154  s4.loss_cls: 0.3824  s4.pos_acc: 100.0000  s4.loss_bbox: 0.3298  s4.loss_iou: 0.3072  s5.loss_cls: 0.3879  s5.pos_acc: 100.0000  s5.loss_bbox: 0.3223  s5.loss_iou: 0.3023
2025/05/18 12:24:12 - mmengine - INFO - Epoch(train) [4][3000/8276]  lr: 2.5000e-05  eta: 1:34:26  time: 0.2632  data_time: 0.0067  memory: 2063  grad_norm: 127.5265  loss: 8.6512  s0.loss_cls: 0.6935  s0.pos_acc: 75.0000  s0.loss_bbox: 0.7902  s0.loss_iou: 0.6630  s1.loss_cls: 0.4772  s1.pos_acc: 100.0000  s1.loss_bbox: 0.5368  s1.loss_iou: 0.4485  s2.loss_cls: 0.4399  s2.pos_acc: 100.0000  s2.loss_bbox: 0.4734  s2.loss_iou: 0.3989  s3.loss_cls: 0.4252  s3.pos_acc: 100.0000  s3.loss_bbox: 0.4421  s3.loss_iou: 0.3819  s4.loss_cls: 0.4271  s4.pos_acc: 100.0000  s4.loss_bbox: 0.4395  s4.loss_iou: 0.3811  s5.loss_cls: 0.4273  s5.pos_acc: 100.0000  s5.loss_bbox: 0.4304  s5.loss_iou: 0.3752
2025/05/18 12:24:25 - mmengine - INFO - Epoch(train) [4][3050/8276]  lr: 2.5000e-05  eta: 1:34:13  time: 0.2609  data_time: 0.0068  memory: 2064  grad_norm: 121.4718  loss: 8.7681  s0.loss_cls: 0.7784  s0.pos_acc: 66.6667  s0.loss_bbox: 0.8196  s0.loss_iou: 0.7041  s1.loss_cls: 0.5293  s1.pos_acc: 100.0000  s1.loss_bbox: 0.5115  s1.loss_iou: 0.4541  s2.loss_cls: 0.4899  s2.pos_acc: 100.0000  s2.loss_bbox: 0.4208  s2.loss_iou: 0.3841  s3.loss_cls: 0.4783  s3.pos_acc: 100.0000  s3.loss_bbox: 0.3923  s3.loss_iou: 0.3672  s4.loss_cls: 0.4679  s4.pos_acc: 100.0000  s4.loss_bbox: 0.3871  s4.loss_iou: 0.3594  s5.loss_cls: 0.4791  s5.pos_acc: 100.0000  s5.loss_bbox: 0.3869  s5.loss_iou: 0.3583
2025/05/18 12:24:38 - mmengine - INFO - Epoch(train) [4][3100/8276]  lr: 2.5000e-05  eta: 1:34:00  time: 0.2613  data_time: 0.0054  memory: 2064  grad_norm: 118.8953  loss: 8.8756  s0.loss_cls: 0.7923  s0.pos_acc: 77.7778  s0.loss_bbox: 0.8050  s0.loss_iou: 0.6903  s1.loss_cls: 0.5408  s1.pos_acc: 88.8889  s1.loss_bbox: 0.4922  s1.loss_iou: 0.4420  s2.loss_cls: 0.5363  s2.pos_acc: 77.7778  s2.loss_bbox: 0.4213  s2.loss_iou: 0.3873  s3.loss_cls: 0.5228  s3.pos_acc: 77.7778  s3.loss_bbox: 0.3829  s3.loss_iou: 0.3602  s4.loss_cls: 0.5171  s4.pos_acc: 77.7778  s4.loss_bbox: 0.3731  s4.loss_iou: 0.3574  s5.loss_cls: 0.5051  s5.pos_acc: 77.7778  s5.loss_bbox: 0.3852  s5.loss_iou: 0.3642
2025/05/18 12:24:51 - mmengine - INFO - Epoch(train) [4][3150/8276]  lr: 2.5000e-05  eta: 1:33:48  time: 0.2648  data_time: 0.0071  memory: 2064  grad_norm: 143.9985  loss: 8.2557  s0.loss_cls: 0.7086  s0.pos_acc: 60.0000  s0.loss_bbox: 0.8536  s0.loss_iou: 0.7069  s1.loss_cls: 0.4595  s1.pos_acc: 100.0000  s1.loss_bbox: 0.5016  s1.loss_iou: 0.4159  s2.loss_cls: 0.4346  s2.pos_acc: 80.0000  s2.loss_bbox: 0.4292  s2.loss_iou: 0.3590  s3.loss_cls: 0.4162  s3.pos_acc: 100.0000  s3.loss_bbox: 0.4036  s3.loss_iou: 0.3334  s4.loss_cls: 0.4102  s4.pos_acc: 80.0000  s4.loss_bbox: 0.3768  s4.loss_iou: 0.3252  s5.loss_cls: 0.4121  s5.pos_acc: 100.0000  s5.loss_bbox: 0.3803  s5.loss_iou: 0.3290
2025/05/18 12:24:57 - mmengine - INFO - Exp name: sparse-rcnn_voc_20250518_101231
2025/05/18 12:25:04 - mmengine - INFO - Epoch(train) [4][3200/8276]  lr: 2.5000e-05  eta: 1:33:34  time: 0.2559  data_time: 0.0061  memory: 2064  grad_norm: 130.9956  loss: 8.4284  s0.loss_cls: 0.6969  s0.pos_acc: 66.6667  s0.loss_bbox: 0.7657  s0.loss_iou: 0.6456  s1.loss_cls: 0.5078  s1.pos_acc: 66.6667  s1.loss_bbox: 0.4846  s1.loss_iou: 0.4178  s2.loss_cls: 0.4975  s2.pos_acc: 66.6667  s2.loss_bbox: 0.4195  s2.loss_iou: 0.3545  s3.loss_cls: 0.5026  s3.pos_acc: 66.6667  s3.loss_bbox: 0.3883  s3.loss_iou: 0.3423  s4.loss_cls: 0.4874  s4.pos_acc: 66.6667  s4.loss_bbox: 0.3750  s4.loss_iou: 0.3349  s5.loss_cls: 0.4968  s5.pos_acc: 66.6667  s5.loss_bbox: 0.3756  s5.loss_iou: 0.3357
2025/05/18 12:25:17 - mmengine - INFO - Epoch(train) [4][3250/8276]  lr: 2.5000e-05  eta: 1:33:22  time: 0.2623  data_time: 0.0066  memory: 2064  grad_norm: 133.6422  loss: 8.7856  s0.loss_cls: 0.7551  s0.pos_acc: 66.6667  s0.loss_bbox: 0.8140  s0.loss_iou: 0.6852  s1.loss_cls: 0.5513  s1.pos_acc: 66.6667  s1.loss_bbox: 0.4986  s1.loss_iou: 0.4427  s2.loss_cls: 0.5130  s2.pos_acc: 66.6667  s2.loss_bbox: 0.4159  s2.loss_iou: 0.3842  s3.loss_cls: 0.4797  s3.pos_acc: 66.6667  s3.loss_bbox: 0.4057  s3.loss_iou: 0.3758  s4.loss_cls: 0.4892  s4.pos_acc: 100.0000  s4.loss_bbox: 0.3796  s4.loss_iou: 0.3579  s5.loss_cls: 0.4837  s5.pos_acc: 66.6667  s5.loss_bbox: 0.3917  s5.loss_iou: 0.3626
2025/05/18 12:25:30 - mmengine - INFO - Epoch(train) [4][3300/8276]  lr: 2.5000e-05  eta: 1:33:09  time: 0.2565  data_time: 0.0061  memory: 2064  grad_norm: 133.4242  loss: 8.1097  s0.loss_cls: 0.7394  s0.pos_acc: 44.4444  s0.loss_bbox: 0.7324  s0.loss_iou: 0.7101  s1.loss_cls: 0.4787  s1.pos_acc: 88.8889  s1.loss_bbox: 0.4314  s1.loss_iou: 0.4350  s2.loss_cls: 0.4320  s2.pos_acc: 66.6667  s2.loss_bbox: 0.3641  s2.loss_iou: 0.3793  s3.loss_cls: 0.4093  s3.pos_acc: 77.7778  s3.loss_bbox: 0.3529  s3.loss_iou: 0.3801  s4.loss_cls: 0.4278  s4.pos_acc: 66.6667  s4.loss_bbox: 0.3384  s4.loss_iou: 0.3703  s5.loss_cls: 0.4263  s5.pos_acc: 66.6667  s5.loss_bbox: 0.3336  s5.loss_iou: 0.3684
2025/05/18 12:25:43 - mmengine - INFO - Epoch(train) [4][3350/8276]  lr: 2.5000e-05  eta: 1:32:55  time: 0.2571  data_time: 0.0063  memory: 2063  grad_norm: 126.4691  loss: 8.9543  s0.loss_cls: 0.7685  s0.pos_acc: 66.6667  s0.loss_bbox: 0.8025  s0.loss_iou: 0.7484  s1.loss_cls: 0.5230  s1.pos_acc: 100.0000  s1.loss_bbox: 0.4953  s1.loss_iou: 0.4710  s2.loss_cls: 0.5024  s2.pos_acc: 100.0000  s2.loss_bbox: 0.4248  s2.loss_iou: 0.4076  s3.loss_cls: 0.4918  s3.pos_acc: 100.0000  s3.loss_bbox: 0.4093  s3.loss_iou: 0.3948  s4.loss_cls: 0.4874  s4.pos_acc: 100.0000  s4.loss_bbox: 0.3873  s4.loss_iou: 0.3852  s5.loss_cls: 0.4971  s5.pos_acc: 100.0000  s5.loss_bbox: 0.3784  s5.loss_iou: 0.3797
2025/05/18 12:25:56 - mmengine - INFO - Epoch(train) [4][3400/8276]  lr: 2.5000e-05  eta: 1:32:42  time: 0.2595  data_time: 0.0061  memory: 2065  grad_norm: 140.0647  loss: 8.7017  s0.loss_cls: 0.6945  s0.pos_acc: 66.6667  s0.loss_bbox: 0.8655  s0.loss_iou: 0.7232  s1.loss_cls: 0.5312  s1.pos_acc: 66.6667  s1.loss_bbox: 0.5184  s1.loss_iou: 0.4567  s2.loss_cls: 0.4803  s2.pos_acc: 100.0000  s2.loss_bbox: 0.4175  s2.loss_iou: 0.3753  s3.loss_cls: 0.4664  s3.pos_acc: 66.6667  s3.loss_bbox: 0.3967  s3.loss_iou: 0.3548  s4.loss_cls: 0.4911  s4.pos_acc: 100.0000  s4.loss_bbox: 0.3809  s4.loss_iou: 0.3461  s5.loss_cls: 0.4810  s5.pos_acc: 100.0000  s5.loss_bbox: 0.3767  s5.loss_iou: 0.3452
2025/05/18 12:26:09 - mmengine - INFO - Epoch(train) [4][3450/8276]  lr: 2.5000e-05  eta: 1:32:29  time: 0.2576  data_time: 0.0061  memory: 2064  grad_norm: 123.9154  loss: 9.1201  s0.loss_cls: 0.7663  s0.pos_acc: 100.0000  s0.loss_bbox: 0.8670  s0.loss_iou: 0.7206  s1.loss_cls: 0.5511  s1.pos_acc: 62.5000  s1.loss_bbox: 0.5288  s1.loss_iou: 0.4685  s2.loss_cls: 0.5192  s2.pos_acc: 62.5000  s2.loss_bbox: 0.4290  s2.loss_iou: 0.3952  s3.loss_cls: 0.4982  s3.pos_acc: 62.5000  s3.loss_bbox: 0.4118  s3.loss_iou: 0.3835  s4.loss_cls: 0.5106  s4.pos_acc: 62.5000  s4.loss_bbox: 0.4005  s4.loss_iou: 0.3742  s5.loss_cls: 0.5337  s5.pos_acc: 62.5000  s5.loss_bbox: 0.3923  s5.loss_iou: 0.3697
2025/05/18 12:26:21 - mmengine - INFO - Epoch(train) [4][3500/8276]  lr: 2.5000e-05  eta: 1:32:16  time: 0.2512  data_time: 0.0054  memory: 2064  grad_norm: 137.5271  loss: 8.8335  s0.loss_cls: 0.7562  s0.pos_acc: 100.0000  s0.loss_bbox: 0.7814  s0.loss_iou: 0.6538  s1.loss_cls: 0.5854  s1.pos_acc: 100.0000  s1.loss_bbox: 0.5071  s1.loss_iou: 0.4362  s2.loss_cls: 0.5201  s2.pos_acc: 100.0000  s2.loss_bbox: 0.4281  s2.loss_iou: 0.3843  s3.loss_cls: 0.5425  s3.pos_acc: 100.0000  s3.loss_bbox: 0.3801  s3.loss_iou: 0.3526  s4.loss_cls: 0.5435  s4.pos_acc: 100.0000  s4.loss_bbox: 0.3750  s4.loss_iou: 0.3396  s5.loss_cls: 0.5476  s5.pos_acc: 100.0000  s5.loss_bbox: 0.3670  s5.loss_iou: 0.3331
2025/05/18 12:26:34 - mmengine - INFO - Epoch(train) [4][3550/8276]  lr: 2.5000e-05  eta: 1:32:03  time: 0.2540  data_time: 0.0055  memory: 2065  grad_norm: 122.7698  loss: 9.2894  s0.loss_cls: 0.8083  s0.pos_acc: 100.0000  s0.loss_bbox: 0.8493  s0.loss_iou: 0.7621  s1.loss_cls: 0.5990  s1.pos_acc: 100.0000  s1.loss_bbox: 0.4903  s1.loss_iou: 0.4656  s2.loss_cls: 0.5775  s2.pos_acc: 100.0000  s2.loss_bbox: 0.4206  s2.loss_iou: 0.3992  s3.loss_cls: 0.5368  s3.pos_acc: 100.0000  s3.loss_bbox: 0.3946  s3.loss_iou: 0.3844  s4.loss_cls: 0.5302  s4.pos_acc: 100.0000  s4.loss_bbox: 0.3847  s4.loss_iou: 0.3807  s5.loss_cls: 0.5197  s5.pos_acc: 100.0000  s5.loss_bbox: 0.3958  s5.loss_iou: 0.3904
2025/05/18 12:26:47 - mmengine - INFO - Epoch(train) [4][3600/8276]  lr: 2.5000e-05  eta: 1:31:50  time: 0.2558  data_time: 0.0061  memory: 2064  grad_norm: 118.7709  loss: 8.8788  s0.loss_cls: 0.7504  s0.pos_acc: 14.2857  s0.loss_bbox: 0.8020  s0.loss_iou: 0.7052  s1.loss_cls: 0.5082  s1.pos_acc: 85.7143  s1.loss_bbox: 0.5188  s1.loss_iou: 0.4691  s2.loss_cls: 0.4669  s2.pos_acc: 100.0000  s2.loss_bbox: 0.4624  s2.loss_iou: 0.4170  s3.loss_cls: 0.4843  s3.pos_acc: 100.0000  s3.loss_bbox: 0.4113  s3.loss_iou: 0.3823  s4.loss_cls: 0.4776  s4.pos_acc: 100.0000  s4.loss_bbox: 0.4029  s4.loss_iou: 0.3736  s5.loss_cls: 0.4771  s5.pos_acc: 100.0000  s5.loss_bbox: 0.3991  s5.loss_iou: 0.3705
2025/05/18 12:27:00 - mmengine - INFO - Epoch(train) [4][3650/8276]  lr: 2.5000e-05  eta: 1:31:37  time: 0.2666  data_time: 0.0070  memory: 2064  grad_norm: 123.5762  loss: 9.7854  s0.loss_cls: 0.7874  s0.pos_acc: 100.0000  s0.loss_bbox: 0.8254  s0.loss_iou: 0.7925  s1.loss_cls: 0.5653  s1.pos_acc: 100.0000  s1.loss_bbox: 0.5285  s1.loss_iou: 0.5294  s2.loss_cls: 0.5590  s2.pos_acc: 100.0000  s2.loss_bbox: 0.4480  s2.loss_iou: 0.4677  s3.loss_cls: 0.5470  s3.pos_acc: 100.0000  s3.loss_bbox: 0.4302  s3.loss_iou: 0.4534  s4.loss_cls: 0.5716  s4.pos_acc: 100.0000  s4.loss_bbox: 0.4147  s4.loss_iou: 0.4409  s5.loss_cls: 0.5753  s5.pos_acc: 100.0000  s5.loss_bbox: 0.4111  s5.loss_iou: 0.4380
2025/05/18 12:27:13 - mmengine - INFO - Epoch(train) [4][3700/8276]  lr: 2.5000e-05  eta: 1:31:24  time: 0.2655  data_time: 0.0070  memory: 2065  grad_norm: 128.5966  loss: 9.1245  s0.loss_cls: 0.7627  s0.pos_acc: 87.5000  s0.loss_bbox: 0.8760  s0.loss_iou: 0.7782  s1.loss_cls: 0.5828  s1.pos_acc: 87.5000  s1.loss_bbox: 0.4900  s1.loss_iou: 0.4441  s2.loss_cls: 0.5163  s2.pos_acc: 100.0000  s2.loss_bbox: 0.4206  s2.loss_iou: 0.3971  s3.loss_cls: 0.5158  s3.pos_acc: 100.0000  s3.loss_bbox: 0.3898  s3.loss_iou: 0.3860  s4.loss_cls: 0.5145  s4.pos_acc: 100.0000  s4.loss_bbox: 0.3872  s4.loss_iou: 0.3818  s5.loss_cls: 0.5269  s5.pos_acc: 100.0000  s5.loss_bbox: 0.3801  s5.loss_iou: 0.3746
2025/05/18 12:27:27 - mmengine - INFO - Epoch(train) [4][3750/8276]  lr: 2.5000e-05  eta: 1:31:12  time: 0.2666  data_time: 0.0071  memory: 2064  grad_norm: 118.6840  loss: 8.8505  s0.loss_cls: 0.7250  s0.pos_acc: 33.3333  s0.loss_bbox: 0.7664  s0.loss_iou: 0.7040  s1.loss_cls: 0.5223  s1.pos_acc: 33.3333  s1.loss_bbox: 0.4883  s1.loss_iou: 0.4566  s2.loss_cls: 0.5059  s2.pos_acc: 33.3333  s2.loss_bbox: 0.4142  s2.loss_iou: 0.4023  s3.loss_cls: 0.4896  s3.pos_acc: 33.3333  s3.loss_bbox: 0.4071  s3.loss_iou: 0.4022  s4.loss_cls: 0.4944  s4.pos_acc: 33.3333  s4.loss_bbox: 0.3952  s4.loss_iou: 0.3926  s5.loss_cls: 0.5024  s5.pos_acc: 33.3333  s5.loss_bbox: 0.3894  s5.loss_iou: 0.3926
2025/05/18 12:27:39 - mmengine - INFO - Epoch(train) [4][3800/8276]  lr: 2.5000e-05  eta: 1:30:59  time: 0.2578  data_time: 0.0066  memory: 2064  grad_norm: 130.7551  loss: 8.3213  s0.loss_cls: 0.6624  s0.pos_acc: 83.3333  s0.loss_bbox: 0.7938  s0.loss_iou: 0.6472  s1.loss_cls: 0.4981  s1.pos_acc: 83.3333  s1.loss_bbox: 0.4913  s1.loss_iou: 0.4100  s2.loss_cls: 0.5051  s2.pos_acc: 83.3333  s2.loss_bbox: 0.4113  s2.loss_iou: 0.3578  s3.loss_cls: 0.4770  s3.pos_acc: 83.3333  s3.loss_bbox: 0.3771  s3.loss_iou: 0.3375  s4.loss_cls: 0.4871  s4.pos_acc: 83.3333  s4.loss_bbox: 0.3658  s4.loss_iou: 0.3283  s5.loss_cls: 0.4828  s5.pos_acc: 83.3333  s5.loss_bbox: 0.3603  s5.loss_iou: 0.3286
2025/05/18 12:27:53 - mmengine - INFO - Epoch(train) [4][3850/8276]  lr: 2.5000e-05  eta: 1:30:46  time: 0.2612  data_time: 0.0066  memory: 2065  grad_norm: 129.3226  loss: 8.5088  s0.loss_cls: 0.7137  s0.pos_acc: 83.3333  s0.loss_bbox: 0.7304  s0.loss_iou: 0.6652  s1.loss_cls: 0.4641  s1.pos_acc: 100.0000  s1.loss_bbox: 0.4917  s1.loss_iou: 0.4661  s2.loss_cls: 0.4081  s2.pos_acc: 100.0000  s2.loss_bbox: 0.4322  s2.loss_iou: 0.4167  s3.loss_cls: 0.4339  s3.pos_acc: 100.0000  s3.loss_bbox: 0.4069  s3.loss_iou: 0.4004  s4.loss_cls: 0.4344  s4.pos_acc: 100.0000  s4.loss_bbox: 0.4063  s4.loss_iou: 0.3967  s5.loss_cls: 0.4422  s5.pos_acc: 100.0000  s5.loss_bbox: 0.4033  s5.loss_iou: 0.3965
2025/05/18 12:28:06 - mmengine - INFO - Epoch(train) [4][3900/8276]  lr: 2.5000e-05  eta: 1:30:33  time: 0.2654  data_time: 0.0069  memory: 2065  grad_norm: 120.3323  loss: 9.0540  s0.loss_cls: 0.7044  s0.pos_acc: 66.6667  s0.loss_bbox: 0.8350  s0.loss_iou: 0.7735  s1.loss_cls: 0.5455  s1.pos_acc: 100.0000  s1.loss_bbox: 0.5065  s1.loss_iou: 0.4980  s2.loss_cls: 0.5115  s2.pos_acc: 100.0000  s2.loss_bbox: 0.4349  s2.loss_iou: 0.4296  s3.loss_cls: 0.4846  s3.pos_acc: 100.0000  s3.loss_bbox: 0.4010  s3.loss_iou: 0.4050  s4.loss_cls: 0.4933  s4.pos_acc: 100.0000  s4.loss_bbox: 0.3851  s4.loss_iou: 0.3935  s5.loss_cls: 0.4873  s5.pos_acc: 100.0000  s5.loss_bbox: 0.3775  s5.loss_iou: 0.3878
2025/05/18 12:28:19 - mmengine - INFO - Epoch(train) [4][3950/8276]  lr: 2.5000e-05  eta: 1:30:20  time: 0.2626  data_time: 0.0067  memory: 2065  grad_norm: 135.4547  loss: 8.5223  s0.loss_cls: 0.7198  s0.pos_acc: 100.0000  s0.loss_bbox: 0.8277  s0.loss_iou: 0.6630  s1.loss_cls: 0.4996  s1.pos_acc: 100.0000  s1.loss_bbox: 0.5176  s1.loss_iou: 0.4268  s2.loss_cls: 0.4758  s2.pos_acc: 100.0000  s2.loss_bbox: 0.4277  s2.loss_iou: 0.3619  s3.loss_cls: 0.4519  s3.pos_acc: 100.0000  s3.loss_bbox: 0.4078  s3.loss_iou: 0.3462  s4.loss_cls: 0.4529  s4.pos_acc: 100.0000  s4.loss_bbox: 0.4048  s4.loss_iou: 0.3444  s5.loss_cls: 0.4492  s5.pos_acc: 100.0000  s5.loss_bbox: 0.4033  s5.loss_iou: 0.3421
2025/05/18 12:28:32 - mmengine - INFO - Epoch(train) [4][4000/8276]  lr: 2.5000e-05  eta: 1:30:07  time: 0.2554  data_time: 0.0062  memory: 2064  grad_norm: 124.9678  loss: 9.1500  s0.loss_cls: 0.8053  s0.pos_acc: 50.0000  s0.loss_bbox: 0.8072  s0.loss_iou: 0.6743  s1.loss_cls: 0.6084  s1.pos_acc: 100.0000  s1.loss_bbox: 0.4977  s1.loss_iou: 0.4262  s2.loss_cls: 0.5591  s2.pos_acc: 100.0000  s2.loss_bbox: 0.4400  s2.loss_iou: 0.3778  s3.loss_cls: 0.5566  s3.pos_acc: 100.0000  s3.loss_bbox: 0.4150  s3.loss_iou: 0.3620  s4.loss_cls: 0.5550  s4.pos_acc: 100.0000  s4.loss_bbox: 0.4050  s4.loss_iou: 0.3558  s5.loss_cls: 0.5546  s5.pos_acc: 100.0000  s5.loss_bbox: 0.3991  s5.loss_iou: 0.3509
2025/05/18 12:28:44 - mmengine - INFO - Epoch(train) [4][4050/8276]  lr: 2.5000e-05  eta: 1:29:54  time: 0.2537  data_time: 0.0056  memory: 2064  grad_norm: 128.4378  loss: 9.0739  s0.loss_cls: 0.7051  s0.pos_acc: 20.0000  s0.loss_bbox: 0.8926  s0.loss_iou: 0.7429  s1.loss_cls: 0.4848  s1.pos_acc: 80.0000  s1.loss_bbox: 0.5562  s1.loss_iou: 0.4874  s2.loss_cls: 0.4769  s2.pos_acc: 80.0000  s2.loss_bbox: 0.4644  s2.loss_iou: 0.4224  s3.loss_cls: 0.4329  s3.pos_acc: 80.0000  s3.loss_bbox: 0.4638  s3.loss_iou: 0.4242  s4.loss_cls: 0.4178  s4.pos_acc: 80.0000  s4.loss_bbox: 0.4372  s4.loss_iou: 0.4047  s5.loss_cls: 0.4382  s5.pos_acc: 100.0000  s5.loss_bbox: 0.4242  s5.loss_iou: 0.3983
2025/05/18 12:28:57 - mmengine - INFO - Epoch(train) [4][4100/8276]  lr: 2.5000e-05  eta: 1:29:41  time: 0.2592  data_time: 0.0066  memory: 2065  grad_norm: 124.7140  loss: 8.7206  s0.loss_cls: 0.7430  s0.pos_acc: 50.0000  s0.loss_bbox: 0.8043  s0.loss_iou: 0.6966  s1.loss_cls: 0.5098  s1.pos_acc: 100.0000  s1.loss_bbox: 0.4725  s1.loss_iou: 0.4326  s2.loss_cls: 0.4840  s2.pos_acc: 100.0000  s2.loss_bbox: 0.4242  s2.loss_iou: 0.3910  s3.loss_cls: 0.4786  s3.pos_acc: 100.0000  s3.loss_bbox: 0.4127  s3.loss_iou: 0.3823  s4.loss_cls: 0.4831  s4.pos_acc: 100.0000  s4.loss_bbox: 0.3933  s4.loss_iou: 0.3706  s5.loss_cls: 0.4850  s5.pos_acc: 100.0000  s5.loss_bbox: 0.3893  s5.loss_iou: 0.3677
2025/05/18 12:29:10 - mmengine - INFO - Epoch(train) [4][4150/8276]  lr: 2.5000e-05  eta: 1:29:28  time: 0.2618  data_time: 0.0064  memory: 2064  grad_norm: 131.4547  loss: 8.7305  s0.loss_cls: 0.7326  s0.pos_acc: 100.0000  s0.loss_bbox: 0.8296  s0.loss_iou: 0.7218  s1.loss_cls: 0.4821  s1.pos_acc: 100.0000  s1.loss_bbox: 0.4997  s1.loss_iou: 0.4504  s2.loss_cls: 0.4574  s2.pos_acc: 100.0000  s2.loss_bbox: 0.4415  s2.loss_iou: 0.3997  s3.loss_cls: 0.4495  s3.pos_acc: 100.0000  s3.loss_bbox: 0.4146  s3.loss_iou: 0.3819  s4.loss_cls: 0.4551  s4.pos_acc: 100.0000  s4.loss_bbox: 0.4064  s4.loss_iou: 0.3766  s5.loss_cls: 0.4661  s5.pos_acc: 100.0000  s5.loss_bbox: 0.3938  s5.loss_iou: 0.3717
2025/05/18 12:29:16 - mmengine - INFO - Exp name: sparse-rcnn_voc_20250518_101231
2025/05/18 12:29:24 - mmengine - INFO - Epoch(train) [4][4200/8276]  lr: 2.5000e-05  eta: 1:29:15  time: 0.2652  data_time: 0.0069  memory: 2064  grad_norm: 128.0005  loss: 8.8164  s0.loss_cls: 0.7724  s0.pos_acc: 33.3333  s0.loss_bbox: 0.8058  s0.loss_iou: 0.6620  s1.loss_cls: 0.5531  s1.pos_acc: 100.0000  s1.loss_bbox: 0.5090  s1.loss_iou: 0.4287  s2.loss_cls: 0.5492  s2.pos_acc: 100.0000  s2.loss_bbox: 0.4269  s2.loss_iou: 0.3656  s3.loss_cls: 0.5221  s3.pos_acc: 100.0000  s3.loss_bbox: 0.4009  s3.loss_iou: 0.3453  s4.loss_cls: 0.5178  s4.pos_acc: 100.0000  s4.loss_bbox: 0.3753  s4.loss_iou: 0.3332  s5.loss_cls: 0.5261  s5.pos_acc: 100.0000  s5.loss_bbox: 0.3844  s5.loss_iou: 0.3384
2025/05/18 12:29:37 - mmengine - INFO - Epoch(train) [4][4250/8276]  lr: 2.5000e-05  eta: 1:29:02  time: 0.2671  data_time: 0.0070  memory: 2063  grad_norm: 128.7106  loss: 8.8797  s0.loss_cls: 0.7289  s0.pos_acc: 100.0000  s0.loss_bbox: 0.7873  s0.loss_iou: 0.6630  s1.loss_cls: 0.4972  s1.pos_acc: 100.0000  s1.loss_bbox: 0.5398  s1.loss_iou: 0.4510  s2.loss_cls: 0.4523  s2.pos_acc: 100.0000  s2.loss_bbox: 0.4778  s2.loss_iou: 0.4026  s3.loss_cls: 0.4551  s3.pos_acc: 100.0000  s3.loss_bbox: 0.4656  s3.loss_iou: 0.3934  s4.loss_cls: 0.4467  s4.pos_acc: 100.0000  s4.loss_bbox: 0.4475  s4.loss_iou: 0.3823  s5.loss_cls: 0.4563  s5.pos_acc: 100.0000  s5.loss_bbox: 0.4497  s5.loss_iou: 0.3831
2025/05/18 12:29:50 - mmengine - INFO - Epoch(train) [4][4300/8276]  lr: 2.5000e-05  eta: 1:28:49  time: 0.2543  data_time: 0.0059  memory: 2063  grad_norm: 138.0708  loss: 8.7168  s0.loss_cls: 0.7554  s0.pos_acc: 50.0000  s0.loss_bbox: 0.7972  s0.loss_iou: 0.6483  s1.loss_cls: 0.4992  s1.pos_acc: 50.0000  s1.loss_bbox: 0.5296  s1.loss_iou: 0.4363  s2.loss_cls: 0.4347  s2.pos_acc: 50.0000  s2.loss_bbox: 0.4816  s2.loss_iou: 0.3927  s3.loss_cls: 0.4309  s3.pos_acc: 100.0000  s3.loss_bbox: 0.4563  s3.loss_iou: 0.3782  s4.loss_cls: 0.4176  s4.pos_acc: 100.0000  s4.loss_bbox: 0.4388  s4.loss_iou: 0.3690  s5.loss_cls: 0.4240  s5.pos_acc: 100.0000  s5.loss_bbox: 0.4521  s5.loss_iou: 0.3747
2025/05/18 12:30:03 - mmengine - INFO - Epoch(train) [4][4350/8276]  lr: 2.5000e-05  eta: 1:28:36  time: 0.2581  data_time: 0.0063  memory: 2064  grad_norm: 128.4660  loss: 8.8912  s0.loss_cls: 0.7453  s0.pos_acc: 100.0000  s0.loss_bbox: 0.8079  s0.loss_iou: 0.6842  s1.loss_cls: 0.4965  s1.pos_acc: 100.0000  s1.loss_bbox: 0.5386  s1.loss_iou: 0.4505  s2.loss_cls: 0.4821  s2.pos_acc: 100.0000  s2.loss_bbox: 0.4535  s2.loss_iou: 0.3871  s3.loss_cls: 0.4839  s3.pos_acc: 100.0000  s3.loss_bbox: 0.4350  s3.loss_iou: 0.3747  s4.loss_cls: 0.4814  s4.pos_acc: 100.0000  s4.loss_bbox: 0.4258  s4.loss_iou: 0.3685  s5.loss_cls: 0.4616  s5.pos_acc: 100.0000  s5.loss_bbox: 0.4402  s5.loss_iou: 0.3745
2025/05/18 12:30:16 - mmengine - INFO - Epoch(train) [4][4400/8276]  lr: 2.5000e-05  eta: 1:28:23  time: 0.2582  data_time: 0.0069  memory: 2064  grad_norm: 119.9712  loss: 8.8108  s0.loss_cls: 0.7700  s0.pos_acc: 50.0000  s0.loss_bbox: 0.7980  s0.loss_iou: 0.7474  s1.loss_cls: 0.5330  s1.pos_acc: 100.0000  s1.loss_bbox: 0.4832  s1.loss_iou: 0.4807  s2.loss_cls: 0.5001  s2.pos_acc: 100.0000  s2.loss_bbox: 0.4000  s2.loss_iou: 0.4100  s3.loss_cls: 0.4585  s3.pos_acc: 100.0000  s3.loss_bbox: 0.3872  s3.loss_iou: 0.3938  s4.loss_cls: 0.4585  s4.pos_acc: 100.0000  s4.loss_bbox: 0.3812  s4.loss_iou: 0.3834  s5.loss_cls: 0.4560  s5.pos_acc: 100.0000  s5.loss_bbox: 0.3836  s5.loss_iou: 0.3862
2025/05/18 12:30:29 - mmengine - INFO - Epoch(train) [4][4450/8276]  lr: 2.5000e-05  eta: 1:28:10  time: 0.2592  data_time: 0.0064  memory: 2065  grad_norm: 123.0043  loss: 9.2659  s0.loss_cls: 0.7933  s0.pos_acc: 100.0000  s0.loss_bbox: 0.7837  s0.loss_iou: 0.6951  s1.loss_cls: 0.5251  s1.pos_acc: 100.0000  s1.loss_bbox: 0.5571  s1.loss_iou: 0.4892  s2.loss_cls: 0.5329  s2.pos_acc: 100.0000  s2.loss_bbox: 0.4565  s2.loss_iou: 0.4085  s3.loss_cls: 0.4986  s3.pos_acc: 100.0000  s3.loss_bbox: 0.4387  s3.loss_iou: 0.4005  s4.loss_cls: 0.4861  s4.pos_acc: 100.0000  s4.loss_bbox: 0.4462  s4.loss_iou: 0.4070  s5.loss_cls: 0.4886  s5.pos_acc: 100.0000  s5.loss_bbox: 0.4503  s5.loss_iou: 0.4084
2025/05/18 12:30:41 - mmengine - INFO - Epoch(train) [4][4500/8276]  lr: 2.5000e-05  eta: 1:27:57  time: 0.2535  data_time: 0.0057  memory: 2063  grad_norm: 126.2254  loss: 8.4743  s0.loss_cls: 0.8269  s0.pos_acc: 66.6667  s0.loss_bbox: 0.7484  s0.loss_iou: 0.6931  s1.loss_cls: 0.5098  s1.pos_acc: 100.0000  s1.loss_bbox: 0.4489  s1.loss_iou: 0.4223  s2.loss_cls: 0.4863  s2.pos_acc: 100.0000  s2.loss_bbox: 0.3928  s2.loss_iou: 0.3705  s3.loss_cls: 0.4430  s3.pos_acc: 100.0000  s3.loss_bbox: 0.3851  s3.loss_iou: 0.3657  s4.loss_cls: 0.4692  s4.pos_acc: 100.0000  s4.loss_bbox: 0.3698  s4.loss_iou: 0.3565  s5.loss_cls: 0.4772  s5.pos_acc: 100.0000  s5.loss_bbox: 0.3581  s5.loss_iou: 0.3503
2025/05/18 12:30:54 - mmengine - INFO - Epoch(train) [4][4550/8276]  lr: 2.5000e-05  eta: 1:27:44  time: 0.2587  data_time: 0.0060  memory: 2065  grad_norm: 123.7791  loss: 8.2665  s0.loss_cls: 0.7537  s0.pos_acc: 50.0000  s0.loss_bbox: 0.7282  s0.loss_iou: 0.6898  s1.loss_cls: 0.4513  s1.pos_acc: 100.0000  s1.loss_bbox: 0.4718  s1.loss_iou: 0.4640  s2.loss_cls: 0.4102  s2.pos_acc: 100.0000  s2.loss_bbox: 0.4024  s2.loss_iou: 0.4091  s3.loss_cls: 0.3820  s3.pos_acc: 100.0000  s3.loss_bbox: 0.3879  s3.loss_iou: 0.3936  s4.loss_cls: 0.3824  s4.pos_acc: 100.0000  s4.loss_bbox: 0.3933  s4.loss_iou: 0.3942  s5.loss_cls: 0.3844  s5.pos_acc: 100.0000  s5.loss_bbox: 0.3823  s5.loss_iou: 0.3859
2025/05/18 12:31:07 - mmengine - INFO - Epoch(train) [4][4600/8276]  lr: 2.5000e-05  eta: 1:27:31  time: 0.2597  data_time: 0.0065  memory: 2064  grad_norm: 127.3401  loss: 8.2697  s0.loss_cls: 0.6806  s0.pos_acc: 0.0000  s0.loss_bbox: 0.8068  s0.loss_iou: 0.6505  s1.loss_cls: 0.4946  s1.pos_acc: 33.3333  s1.loss_bbox: 0.4955  s1.loss_iou: 0.4060  s2.loss_cls: 0.4466  s2.pos_acc: 0.0000  s2.loss_bbox: 0.4260  s2.loss_iou: 0.3542  s3.loss_cls: 0.4167  s3.pos_acc: 0.0000  s3.loss_bbox: 0.4188  s3.loss_iou: 0.3444  s4.loss_cls: 0.4027  s4.pos_acc: 0.0000  s4.loss_bbox: 0.4096  s4.loss_iou: 0.3461  s5.loss_cls: 0.4161  s5.pos_acc: 0.0000  s5.loss_bbox: 0.4081  s5.loss_iou: 0.3465
2025/05/18 12:31:20 - mmengine - INFO - Epoch(train) [4][4650/8276]  lr: 2.5000e-05  eta: 1:27:18  time: 0.2605  data_time: 0.0059  memory: 2063  grad_norm: 119.6669  loss: 9.3921  s0.loss_cls: 0.7756  s0.pos_acc: 25.0000  s0.loss_bbox: 0.7905  s0.loss_iou: 0.7347  s1.loss_cls: 0.5676  s1.pos_acc: 50.0000  s1.loss_bbox: 0.5159  s1.loss_iou: 0.4987  s2.loss_cls: 0.5239  s2.pos_acc: 50.0000  s2.loss_bbox: 0.4630  s2.loss_iou: 0.4468  s3.loss_cls: 0.5245  s3.pos_acc: 50.0000  s3.loss_bbox: 0.4339  s3.loss_iou: 0.4194  s4.loss_cls: 0.5077  s4.pos_acc: 50.0000  s4.loss_bbox: 0.4286  s4.loss_iou: 0.4147  s5.loss_cls: 0.5079  s5.pos_acc: 50.0000  s5.loss_bbox: 0.4255  s5.loss_iou: 0.4132
2025/05/18 12:31:33 - mmengine - INFO - Epoch(train) [4][4700/8276]  lr: 2.5000e-05  eta: 1:27:05  time: 0.2538  data_time: 0.0055  memory: 2064  grad_norm: 123.1666  loss: 7.9719  s0.loss_cls: 0.7107  s0.pos_acc: 100.0000  s0.loss_bbox: 0.7145  s0.loss_iou: 0.6173  s1.loss_cls: 0.4929  s1.pos_acc: 100.0000  s1.loss_bbox: 0.4518  s1.loss_iou: 0.4058  s2.loss_cls: 0.4418  s2.pos_acc: 100.0000  s2.loss_bbox: 0.3926  s2.loss_iou: 0.3553  s3.loss_cls: 0.4244  s3.pos_acc: 100.0000  s3.loss_bbox: 0.3759  s3.loss_iou: 0.3469  s4.loss_cls: 0.4254  s4.pos_acc: 100.0000  s4.loss_bbox: 0.3596  s4.loss_iou: 0.3396  s5.loss_cls: 0.4200  s5.pos_acc: 100.0000  s5.loss_bbox: 0.3600  s5.loss_iou: 0.3375
2025/05/18 12:31:46 - mmengine - INFO - Epoch(train) [4][4750/8276]  lr: 2.5000e-05  eta: 1:26:52  time: 0.2664  data_time: 0.0071  memory: 2065  grad_norm: 122.9883  loss: 9.3008  s0.loss_cls: 0.7896  s0.pos_acc: 66.6667  s0.loss_bbox: 0.7618  s0.loss_iou: 0.7123  s1.loss_cls: 0.5671  s1.pos_acc: 100.0000  s1.loss_bbox: 0.4993  s1.loss_iou: 0.4887  s2.loss_cls: 0.5552  s2.pos_acc: 66.6667  s2.loss_bbox: 0.4345  s2.loss_iou: 0.4247  s3.loss_cls: 0.5153  s3.pos_acc: 66.6667  s3.loss_bbox: 0.4314  s3.loss_iou: 0.4233  s4.loss_cls: 0.5054  s4.pos_acc: 66.6667  s4.loss_bbox: 0.4266  s4.loss_iou: 0.4218  s5.loss_cls: 0.5227  s5.pos_acc: 66.6667  s5.loss_bbox: 0.4094  s5.loss_iou: 0.4117
2025/05/18 12:31:59 - mmengine - INFO - Epoch(train) [4][4800/8276]  lr: 2.5000e-05  eta: 1:26:39  time: 0.2573  data_time: 0.0061  memory: 2064  grad_norm: 123.5386  loss: 9.2429  s0.loss_cls: 0.7334  s0.pos_acc: 50.0000  s0.loss_bbox: 0.8264  s0.loss_iou: 0.7142  s1.loss_cls: 0.5429  s1.pos_acc: 100.0000  s1.loss_bbox: 0.5341  s1.loss_iou: 0.4809  s2.loss_cls: 0.5129  s2.pos_acc: 100.0000  s2.loss_bbox: 0.4718  s2.loss_iou: 0.4180  s3.loss_cls: 0.5112  s3.pos_acc: 100.0000  s3.loss_bbox: 0.4426  s3.loss_iou: 0.4011  s4.loss_cls: 0.4929  s4.pos_acc: 100.0000  s4.loss_bbox: 0.4325  s4.loss_iou: 0.3979  s5.loss_cls: 0.5044  s5.pos_acc: 100.0000  s5.loss_bbox: 0.4289  s5.loss_iou: 0.3968
2025/05/18 12:32:12 - mmengine - INFO - Epoch(train) [4][4850/8276]  lr: 2.5000e-05  eta: 1:26:26  time: 0.2573  data_time: 0.0058  memory: 2064  grad_norm: 138.7005  loss: 8.0506  s0.loss_cls: 0.6595  s0.pos_acc: 33.3333  s0.loss_bbox: 0.7618  s0.loss_iou: 0.6328  s1.loss_cls: 0.4761  s1.pos_acc: 100.0000  s1.loss_bbox: 0.4916  s1.loss_iou: 0.4178  s2.loss_cls: 0.4331  s2.pos_acc: 100.0000  s2.loss_bbox: 0.4127  s2.loss_iou: 0.3593  s3.loss_cls: 0.3919  s3.pos_acc: 100.0000  s3.loss_bbox: 0.4063  s3.loss_iou: 0.3527  s4.loss_cls: 0.3656  s4.pos_acc: 100.0000  s4.loss_bbox: 0.4036  s4.loss_iou: 0.3499  s5.loss_cls: 0.3796  s5.pos_acc: 100.0000  s5.loss_bbox: 0.4064  s5.loss_iou: 0.3499
2025/05/18 12:32:25 - mmengine - INFO - Epoch(train) [4][4900/8276]  lr: 2.5000e-05  eta: 1:26:13  time: 0.2646  data_time: 0.0068  memory: 2064  grad_norm: 122.1954  loss: 8.4914  s0.loss_cls: 0.7281  s0.pos_acc: 40.0000  s0.loss_bbox: 0.7239  s0.loss_iou: 0.6370  s1.loss_cls: 0.5396  s1.pos_acc: 100.0000  s1.loss_bbox: 0.4776  s1.loss_iou: 0.4227  s2.loss_cls: 0.5130  s2.pos_acc: 100.0000  s2.loss_bbox: 0.3839  s2.loss_iou: 0.3553  s3.loss_cls: 0.5162  s3.pos_acc: 100.0000  s3.loss_bbox: 0.3785  s3.loss_iou: 0.3496  s4.loss_cls: 0.5057  s4.pos_acc: 100.0000  s4.loss_bbox: 0.3786  s4.loss_iou: 0.3507  s5.loss_cls: 0.5144  s5.pos_acc: 100.0000  s5.loss_bbox: 0.3683  s5.loss_iou: 0.3482
2025/05/18 12:32:38 - mmengine - INFO - Epoch(train) [4][4950/8276]  lr: 2.5000e-05  eta: 1:26:00  time: 0.2570  data_time: 0.0060  memory: 2063  grad_norm: 130.1324  loss: 8.9430  s0.loss_cls: 0.7263  s0.pos_acc: 100.0000  s0.loss_bbox: 0.7707  s0.loss_iou: 0.6442  s1.loss_cls: 0.5135  s1.pos_acc: 100.0000  s1.loss_bbox: 0.5072  s1.loss_iou: 0.4441  s2.loss_cls: 0.4820  s2.pos_acc: 100.0000  s2.loss_bbox: 0.4710  s2.loss_iou: 0.4159  s3.loss_cls: 0.4795  s3.pos_acc: 100.0000  s3.loss_bbox: 0.4531  s3.loss_iou: 0.3999  s4.loss_cls: 0.4826  s4.pos_acc: 100.0000  s4.loss_bbox: 0.4373  s4.loss_iou: 0.3867  s5.loss_cls: 0.5016  s5.pos_acc: 100.0000  s5.loss_bbox: 0.4382  s5.loss_iou: 0.3890
2025/05/18 12:32:51 - mmengine - INFO - Epoch(train) [4][5000/8276]  lr: 2.5000e-05  eta: 1:25:47  time: 0.2550  data_time: 0.0060  memory: 2064  grad_norm: 124.7255  loss: 8.5516  s0.loss_cls: 0.6679  s0.pos_acc: 87.5000  s0.loss_bbox: 0.7786  s0.loss_iou: 0.6764  s1.loss_cls: 0.5218  s1.pos_acc: 100.0000  s1.loss_bbox: 0.4939  s1.loss_iou: 0.4319  s2.loss_cls: 0.4871  s2.pos_acc: 100.0000  s2.loss_bbox: 0.4159  s2.loss_iou: 0.3707  s3.loss_cls: 0.4528  s3.pos_acc: 100.0000  s3.loss_bbox: 0.4190  s3.loss_iou: 0.3732  s4.loss_cls: 0.4625  s4.pos_acc: 100.0000  s4.loss_bbox: 0.4016  s4.loss_iou: 0.3631  s5.loss_cls: 0.4569  s5.pos_acc: 100.0000  s5.loss_bbox: 0.4089  s5.loss_iou: 0.3692
2025/05/18 12:33:04 - mmengine - INFO - Epoch(train) [4][5050/8276]  lr: 2.5000e-05  eta: 1:25:34  time: 0.2576  data_time: 0.0061  memory: 2065  grad_norm: 120.9490  loss: 9.5171  s0.loss_cls: 0.7173  s0.pos_acc: 0.0000  s0.loss_bbox: 0.8339  s0.loss_iou: 0.7033  s1.loss_cls: 0.5642  s1.pos_acc: 50.0000  s1.loss_bbox: 0.5360  s1.loss_iou: 0.4832  s2.loss_cls: 0.5389  s2.pos_acc: 100.0000  s2.loss_bbox: 0.4909  s2.loss_iou: 0.4379  s3.loss_cls: 0.5253  s3.pos_acc: 100.0000  s3.loss_bbox: 0.4696  s3.loss_iou: 0.4233  s4.loss_cls: 0.5156  s4.pos_acc: 100.0000  s4.loss_bbox: 0.4540  s4.loss_iou: 0.4177  s5.loss_cls: 0.5347  s5.pos_acc: 50.0000  s5.loss_bbox: 0.4552  s5.loss_iou: 0.4162
2025/05/18 12:33:17 - mmengine - INFO - Epoch(train) [4][5100/8276]  lr: 2.5000e-05  eta: 1:25:21  time: 0.2670  data_time: 0.0072  memory: 2065  grad_norm: 119.7776  loss: 8.1415  s0.loss_cls: 0.6274  s0.pos_acc: 100.0000  s0.loss_bbox: 0.7600  s0.loss_iou: 0.6577  s1.loss_cls: 0.4817  s1.pos_acc: 100.0000  s1.loss_bbox: 0.4858  s1.loss_iou: 0.4372  s2.loss_cls: 0.4525  s2.pos_acc: 100.0000  s2.loss_bbox: 0.3990  s2.loss_iou: 0.3739  s3.loss_cls: 0.4157  s3.pos_acc: 100.0000  s3.loss_bbox: 0.3906  s3.loss_iou: 0.3675  s4.loss_cls: 0.4045  s4.pos_acc: 100.0000  s4.loss_bbox: 0.3806  s4.loss_iou: 0.3622  s5.loss_cls: 0.4110  s5.pos_acc: 100.0000  s5.loss_bbox: 0.3750  s5.loss_iou: 0.3591
2025/05/18 12:33:30 - mmengine - INFO - Epoch(train) [4][5150/8276]  lr: 2.5000e-05  eta: 1:25:08  time: 0.2656  data_time: 0.0074  memory: 2065  grad_norm: 133.4206  loss: 8.8201  s0.loss_cls: 0.7697  s0.pos_acc: 50.0000  s0.loss_bbox: 0.7644  s0.loss_iou: 0.7193  s1.loss_cls: 0.5554  s1.pos_acc: 100.0000  s1.loss_bbox: 0.4546  s1.loss_iou: 0.4546  s2.loss_cls: 0.5335  s2.pos_acc: 100.0000  s2.loss_bbox: 0.4002  s2.loss_iou: 0.4003  s3.loss_cls: 0.5071  s3.pos_acc: 100.0000  s3.loss_bbox: 0.3844  s3.loss_iou: 0.3886  s4.loss_cls: 0.4770  s4.pos_acc: 100.0000  s4.loss_bbox: 0.3761  s4.loss_iou: 0.3848  s5.loss_cls: 0.4952  s5.pos_acc: 100.0000  s5.loss_bbox: 0.3712  s5.loss_iou: 0.3837
2025/05/18 12:33:36 - mmengine - INFO - Exp name: sparse-rcnn_voc_20250518_101231
2025/05/18 12:33:43 - mmengine - INFO - Epoch(train) [4][5200/8276]  lr: 2.5000e-05  eta: 1:24:55  time: 0.2580  data_time: 0.0062  memory: 2064  grad_norm: 131.2258  loss: 8.8593  s0.loss_cls: 0.6631  s0.pos_acc: 100.0000  s0.loss_bbox: 0.8821  s0.loss_iou: 0.7155  s1.loss_cls: 0.4552  s1.pos_acc: 100.0000  s1.loss_bbox: 0.5883  s1.loss_iou: 0.4791  s2.loss_cls: 0.4160  s2.pos_acc: 100.0000  s2.loss_bbox: 0.5097  s2.loss_iou: 0.4264  s3.loss_cls: 0.3888  s3.pos_acc: 100.0000  s3.loss_bbox: 0.4692  s3.loss_iou: 0.3998  s4.loss_cls: 0.3854  s4.pos_acc: 100.0000  s4.loss_bbox: 0.4573  s4.loss_iou: 0.3958  s5.loss_cls: 0.3846  s5.pos_acc: 100.0000  s5.loss_bbox: 0.4543  s5.loss_iou: 0.3885
2025/05/18 12:33:56 - mmengine - INFO - Epoch(train) [4][5250/8276]  lr: 2.5000e-05  eta: 1:24:42  time: 0.2578  data_time: 0.0063  memory: 2064  grad_norm: 130.7417  loss: 8.2961  s0.loss_cls: 0.7051  s0.pos_acc: 33.3333  s0.loss_bbox: 0.7940  s0.loss_iou: 0.6294  s1.loss_cls: 0.5078  s1.pos_acc: 100.0000  s1.loss_bbox: 0.5085  s1.loss_iou: 0.4100  s2.loss_cls: 0.4856  s2.pos_acc: 100.0000  s2.loss_bbox: 0.4062  s2.loss_iou: 0.3429  s3.loss_cls: 0.4695  s3.pos_acc: 100.0000  s3.loss_bbox: 0.3893  s3.loss_iou: 0.3293  s4.loss_cls: 0.4608  s4.pos_acc: 100.0000  s4.loss_bbox: 0.3803  s4.loss_iou: 0.3204  s5.loss_cls: 0.4609  s5.pos_acc: 100.0000  s5.loss_bbox: 0.3795  s5.loss_iou: 0.3167
2025/05/18 12:34:09 - mmengine - INFO - Epoch(train) [4][5300/8276]  lr: 2.5000e-05  eta: 1:24:29  time: 0.2623  data_time: 0.0069  memory: 2064  grad_norm: 126.5139  loss: 9.0460  s0.loss_cls: 0.7235  s0.pos_acc: 100.0000  s0.loss_bbox: 0.7780  s0.loss_iou: 0.6697  s1.loss_cls: 0.5775  s1.pos_acc: 100.0000  s1.loss_bbox: 0.4917  s1.loss_iou: 0.4376  s2.loss_cls: 0.5552  s2.pos_acc: 100.0000  s2.loss_bbox: 0.4400  s2.loss_iou: 0.3898  s3.loss_cls: 0.5290  s3.pos_acc: 100.0000  s3.loss_bbox: 0.4311  s3.loss_iou: 0.3788  s4.loss_cls: 0.5418  s4.pos_acc: 100.0000  s4.loss_bbox: 0.4124  s4.loss_iou: 0.3668  s5.loss_cls: 0.5485  s5.pos_acc: 100.0000  s5.loss_bbox: 0.4107  s5.loss_iou: 0.3638
2025/05/18 12:34:22 - mmengine - INFO - Epoch(train) [4][5350/8276]  lr: 2.5000e-05  eta: 1:24:16  time: 0.2588  data_time: 0.0064  memory: 2065  grad_norm: 122.3296  loss: 8.6576  s0.loss_cls: 0.7152  s0.pos_acc: 0.0000  s0.loss_bbox: 0.7689  s0.loss_iou: 0.6599  s1.loss_cls: 0.5249  s1.pos_acc: 33.3333  s1.loss_bbox: 0.4847  s1.loss_iou: 0.4281  s2.loss_cls: 0.4904  s2.pos_acc: 33.3333  s2.loss_bbox: 0.4351  s2.loss_iou: 0.3839  s3.loss_cls: 0.4703  s3.pos_acc: 33.3333  s3.loss_bbox: 0.4241  s3.loss_iou: 0.3729  s4.loss_cls: 0.4706  s4.pos_acc: 33.3333  s4.loss_bbox: 0.4152  s4.loss_iou: 0.3670  s5.loss_cls: 0.4594  s5.pos_acc: 33.3333  s5.loss_bbox: 0.4176  s5.loss_iou: 0.3693
2025/05/18 12:34:35 - mmengine - INFO - Epoch(train) [4][5400/8276]  lr: 2.5000e-05  eta: 1:24:03  time: 0.2551  data_time: 0.0056  memory: 2063  grad_norm: 124.0178  loss: 8.5095  s0.loss_cls: 0.7078  s0.pos_acc: 100.0000  s0.loss_bbox: 0.7654  s0.loss_iou: 0.6524  s1.loss_cls: 0.5056  s1.pos_acc: 100.0000  s1.loss_bbox: 0.4968  s1.loss_iou: 0.4352  s2.loss_cls: 0.4541  s2.pos_acc: 100.0000  s2.loss_bbox: 0.4407  s2.loss_iou: 0.3895  s3.loss_cls: 0.4461  s3.pos_acc: 100.0000  s3.loss_bbox: 0.4137  s3.loss_iou: 0.3758  s4.loss_cls: 0.4344  s4.pos_acc: 100.0000  s4.loss_bbox: 0.4034  s4.loss_iou: 0.3735  s5.loss_cls: 0.4533  s5.pos_acc: 100.0000  s5.loss_bbox: 0.3936  s5.loss_iou: 0.3683
2025/05/18 12:34:48 - mmengine - INFO - Epoch(train) [4][5450/8276]  lr: 2.5000e-05  eta: 1:23:50  time: 0.2560  data_time: 0.0062  memory: 2063  grad_norm: 133.8272  loss: 8.0246  s0.loss_cls: 0.6888  s0.pos_acc: 66.6667  s0.loss_bbox: 0.6870  s0.loss_iou: 0.5713  s1.loss_cls: 0.4770  s1.pos_acc: 100.0000  s1.loss_bbox: 0.4560  s1.loss_iou: 0.3839  s2.loss_cls: 0.4578  s2.pos_acc: 100.0000  s2.loss_bbox: 0.4151  s2.loss_iou: 0.3375  s3.loss_cls: 0.4342  s3.pos_acc: 100.0000  s3.loss_bbox: 0.4134  s3.loss_iou: 0.3360  s4.loss_cls: 0.4289  s4.pos_acc: 100.0000  s4.loss_bbox: 0.4157  s4.loss_iou: 0.3381  s5.loss_cls: 0.4182  s5.pos_acc: 100.0000  s5.loss_bbox: 0.4222  s5.loss_iou: 0.3435
2025/05/18 12:35:01 - mmengine - INFO - Epoch(train) [4][5500/8276]  lr: 2.5000e-05  eta: 1:23:37  time: 0.2560  data_time: 0.0059  memory: 2065  grad_norm: 113.2672  loss: 8.8354  s0.loss_cls: 0.7363  s0.pos_acc: 100.0000  s0.loss_bbox: 0.8343  s0.loss_iou: 0.7674  s1.loss_cls: 0.4831  s1.pos_acc: 100.0000  s1.loss_bbox: 0.4909  s1.loss_iou: 0.4834  s2.loss_cls: 0.4675  s2.pos_acc: 100.0000  s2.loss_bbox: 0.4159  s2.loss_iou: 0.4170  s3.loss_cls: 0.4447  s3.pos_acc: 100.0000  s3.loss_bbox: 0.4034  s3.loss_iou: 0.4072  s4.loss_cls: 0.4325  s4.pos_acc: 100.0000  s4.loss_bbox: 0.4011  s4.loss_iou: 0.4055  s5.loss_cls: 0.4467  s5.pos_acc: 100.0000  s5.loss_bbox: 0.3956  s5.loss_iou: 0.4029
2025/05/18 12:35:13 - mmengine - INFO - Epoch(train) [4][5550/8276]  lr: 2.5000e-05  eta: 1:23:24  time: 0.2526  data_time: 0.0057  memory: 2064  grad_norm: 122.3271  loss: 8.4856  s0.loss_cls: 0.7076  s0.pos_acc: 20.0000  s0.loss_bbox: 0.8011  s0.loss_iou: 0.6958  s1.loss_cls: 0.5062  s1.pos_acc: 40.0000  s1.loss_bbox: 0.4615  s1.loss_iou: 0.4322  s2.loss_cls: 0.4637  s2.pos_acc: 40.0000  s2.loss_bbox: 0.4066  s2.loss_iou: 0.3800  s3.loss_cls: 0.4576  s3.pos_acc: 40.0000  s3.loss_bbox: 0.3887  s3.loss_iou: 0.3682  s4.loss_cls: 0.4603  s4.pos_acc: 40.0000  s4.loss_bbox: 0.3855  s4.loss_iou: 0.3631  s5.loss_cls: 0.4597  s5.pos_acc: 40.0000  s5.loss_bbox: 0.3844  s5.loss_iou: 0.3633
2025/05/18 12:35:26 - mmengine - INFO - Epoch(train) [4][5600/8276]  lr: 2.5000e-05  eta: 1:23:11  time: 0.2567  data_time: 0.0061  memory: 2064  grad_norm: 127.5900  loss: 8.1062  s0.loss_cls: 0.6898  s0.pos_acc: 75.0000  s0.loss_bbox: 0.7761  s0.loss_iou: 0.6751  s1.loss_cls: 0.4654  s1.pos_acc: 100.0000  s1.loss_bbox: 0.4851  s1.loss_iou: 0.4169  s2.loss_cls: 0.4105  s2.pos_acc: 100.0000  s2.loss_bbox: 0.4280  s2.loss_iou: 0.3685  s3.loss_cls: 0.3996  s3.pos_acc: 100.0000  s3.loss_bbox: 0.3988  s3.loss_iou: 0.3486  s4.loss_cls: 0.3930  s4.pos_acc: 100.0000  s4.loss_bbox: 0.3867  s4.loss_iou: 0.3413  s5.loss_cls: 0.3925  s5.pos_acc: 100.0000  s5.loss_bbox: 0.3875  s5.loss_iou: 0.3429
2025/05/18 12:35:39 - mmengine - INFO - Epoch(train) [4][5650/8276]  lr: 2.5000e-05  eta: 1:22:58  time: 0.2610  data_time: 0.0063  memory: 2064  grad_norm: 119.3700  loss: 8.5063  s0.loss_cls: 0.7897  s0.pos_acc: 40.0000  s0.loss_bbox: 0.7834  s0.loss_iou: 0.6302  s1.loss_cls: 0.5413  s1.pos_acc: 80.0000  s1.loss_bbox: 0.4688  s1.loss_iou: 0.4063  s2.loss_cls: 0.5247  s2.pos_acc: 80.0000  s2.loss_bbox: 0.4028  s2.loss_iou: 0.3496  s3.loss_cls: 0.4965  s3.pos_acc: 80.0000  s3.loss_bbox: 0.3858  s3.loss_iou: 0.3437  s4.loss_cls: 0.4914  s4.pos_acc: 100.0000  s4.loss_bbox: 0.3684  s4.loss_iou: 0.3345  s5.loss_cls: 0.4946  s5.pos_acc: 100.0000  s5.loss_bbox: 0.3646  s5.loss_iou: 0.3298
2025/05/18 12:35:52 - mmengine - INFO - Epoch(train) [4][5700/8276]  lr: 2.5000e-05  eta: 1:22:45  time: 0.2545  data_time: 0.0059  memory: 2064  grad_norm: 136.6986  loss: 8.3804  s0.loss_cls: 0.7138  s0.pos_acc: 100.0000  s0.loss_bbox: 0.7913  s0.loss_iou: 0.6583  s1.loss_cls: 0.4904  s1.pos_acc: 100.0000  s1.loss_bbox: 0.5012  s1.loss_iou: 0.4239  s2.loss_cls: 0.4308  s2.pos_acc: 100.0000  s2.loss_bbox: 0.4251  s2.loss_iou: 0.3679  s3.loss_cls: 0.4298  s3.pos_acc: 100.0000  s3.loss_bbox: 0.4099  s3.loss_iou: 0.3580  s4.loss_cls: 0.4264  s4.pos_acc: 100.0000  s4.loss_bbox: 0.3970  s4.loss_iou: 0.3566  s5.loss_cls: 0.4418  s5.pos_acc: 100.0000  s5.loss_bbox: 0.4055  s5.loss_iou: 0.3527
2025/05/18 12:36:05 - mmengine - INFO - Epoch(train) [4][5750/8276]  lr: 2.5000e-05  eta: 1:22:32  time: 0.2595  data_time: 0.0064  memory: 2064  grad_norm: 121.1481  loss: 8.6784  s0.loss_cls: 0.7043  s0.pos_acc: 66.6667  s0.loss_bbox: 0.7610  s0.loss_iou: 0.6626  s1.loss_cls: 0.5120  s1.pos_acc: 100.0000  s1.loss_bbox: 0.4917  s1.loss_iou: 0.4395  s2.loss_cls: 0.4684  s2.pos_acc: 100.0000  s2.loss_bbox: 0.4404  s2.loss_iou: 0.4057  s3.loss_cls: 0.4482  s3.pos_acc: 100.0000  s3.loss_bbox: 0.4186  s3.loss_iou: 0.3913  s4.loss_cls: 0.4443  s4.pos_acc: 100.0000  s4.loss_bbox: 0.4191  s4.loss_iou: 0.3892  s5.loss_cls: 0.4668  s5.pos_acc: 100.0000  s5.loss_bbox: 0.4227  s5.loss_iou: 0.3925
2025/05/18 12:36:17 - mmengine - INFO - Epoch(train) [4][5800/8276]  lr: 2.5000e-05  eta: 1:22:19  time: 0.2544  data_time: 0.0056  memory: 2064  grad_norm: 132.4204  loss: 8.5987  s0.loss_cls: 0.6375  s0.pos_acc: 71.4286  s0.loss_bbox: 0.8190  s0.loss_iou: 0.6700  s1.loss_cls: 0.4726  s1.pos_acc: 100.0000  s1.loss_bbox: 0.5336  s1.loss_iou: 0.4442  s2.loss_cls: 0.4619  s2.pos_acc: 100.0000  s2.loss_bbox: 0.4591  s2.loss_iou: 0.3907  s3.loss_cls: 0.4465  s3.pos_acc: 100.0000  s3.loss_bbox: 0.4310  s3.loss_iou: 0.3713  s4.loss_cls: 0.4518  s4.pos_acc: 100.0000  s4.loss_bbox: 0.4186  s4.loss_iou: 0.3608  s5.loss_cls: 0.4645  s5.pos_acc: 100.0000  s5.loss_bbox: 0.4097  s5.loss_iou: 0.3559
2025/05/18 12:36:30 - mmengine - INFO - Epoch(train) [4][5850/8276]  lr: 2.5000e-05  eta: 1:22:05  time: 0.2537  data_time: 0.0056  memory: 2064  grad_norm: 128.9848  loss: 8.7509  s0.loss_cls: 0.6902  s0.pos_acc: 100.0000  s0.loss_bbox: 0.7861  s0.loss_iou: 0.7053  s1.loss_cls: 0.5059  s1.pos_acc: 100.0000  s1.loss_bbox: 0.5172  s1.loss_iou: 0.4630  s2.loss_cls: 0.5155  s2.pos_acc: 100.0000  s2.loss_bbox: 0.4191  s2.loss_iou: 0.3813  s3.loss_cls: 0.4654  s3.pos_acc: 100.0000  s3.loss_bbox: 0.4228  s3.loss_iou: 0.3744  s4.loss_cls: 0.4689  s4.pos_acc: 100.0000  s4.loss_bbox: 0.4161  s4.loss_iou: 0.3702  s5.loss_cls: 0.4793  s5.pos_acc: 100.0000  s5.loss_bbox: 0.4055  s5.loss_iou: 0.3648
2025/05/18 12:36:43 - mmengine - INFO - Epoch(train) [4][5900/8276]  lr: 2.5000e-05  eta: 1:21:52  time: 0.2615  data_time: 0.0069  memory: 2063  grad_norm: 135.6749  loss: 9.0132  s0.loss_cls: 0.7137  s0.pos_acc: 83.3333  s0.loss_bbox: 0.7496  s0.loss_iou: 0.6558  s1.loss_cls: 0.4765  s1.pos_acc: 100.0000  s1.loss_bbox: 0.5321  s1.loss_iou: 0.4689  s2.loss_cls: 0.4803  s2.pos_acc: 100.0000  s2.loss_bbox: 0.4862  s2.loss_iou: 0.4340  s3.loss_cls: 0.4778  s3.pos_acc: 100.0000  s3.loss_bbox: 0.4570  s3.loss_iou: 0.4095  s4.loss_cls: 0.4878  s4.pos_acc: 100.0000  s4.loss_bbox: 0.4455  s4.loss_iou: 0.4011  s5.loss_cls: 0.4872  s5.pos_acc: 100.0000  s5.loss_bbox: 0.4492  s5.loss_iou: 0.4010
2025/05/18 12:36:56 - mmengine - INFO - Epoch(train) [4][5950/8276]  lr: 2.5000e-05  eta: 1:21:40  time: 0.2637  data_time: 0.0067  memory: 2065  grad_norm: 120.4381  loss: 8.5826  s0.loss_cls: 0.7856  s0.pos_acc: 25.0000  s0.loss_bbox: 0.7448  s0.loss_iou: 0.7062  s1.loss_cls: 0.5135  s1.pos_acc: 100.0000  s1.loss_bbox: 0.4584  s1.loss_iou: 0.4633  s2.loss_cls: 0.4678  s2.pos_acc: 100.0000  s2.loss_bbox: 0.4112  s2.loss_iou: 0.4097  s3.loss_cls: 0.4600  s3.pos_acc: 100.0000  s3.loss_bbox: 0.3780  s3.loss_iou: 0.3824  s4.loss_cls: 0.4513  s4.pos_acc: 100.0000  s4.loss_bbox: 0.3728  s4.loss_iou: 0.3790  s5.loss_cls: 0.4500  s5.pos_acc: 100.0000  s5.loss_bbox: 0.3727  s5.loss_iou: 0.3758
2025/05/18 12:37:10 - mmengine - INFO - Epoch(train) [4][6000/8276]  lr: 2.5000e-05  eta: 1:21:27  time: 0.2659  data_time: 0.0071  memory: 2063  grad_norm: 118.2117  loss: 9.0101  s0.loss_cls: 0.7370  s0.pos_acc: 100.0000  s0.loss_bbox: 0.7984  s0.loss_iou: 0.7329  s1.loss_cls: 0.5417  s1.pos_acc: 100.0000  s1.loss_bbox: 0.5132  s1.loss_iou: 0.4966  s2.loss_cls: 0.4869  s2.pos_acc: 100.0000  s2.loss_bbox: 0.4364  s2.loss_iou: 0.4337  s3.loss_cls: 0.4597  s3.pos_acc: 100.0000  s3.loss_bbox: 0.4170  s3.loss_iou: 0.4210  s4.loss_cls: 0.4648  s4.pos_acc: 100.0000  s4.loss_bbox: 0.3991  s4.loss_iou: 0.4074  s5.loss_cls: 0.4562  s5.pos_acc: 100.0000  s5.loss_bbox: 0.4004  s5.loss_iou: 0.4077
2025/05/18 12:37:23 - mmengine - INFO - Epoch(train) [4][6050/8276]  lr: 2.5000e-05  eta: 1:21:14  time: 0.2607  data_time: 0.0067  memory: 2064  grad_norm: 139.4447  loss: 8.5688  s0.loss_cls: 0.7596  s0.pos_acc: 75.0000  s0.loss_bbox: 0.7632  s0.loss_iou: 0.6402  s1.loss_cls: 0.5165  s1.pos_acc: 87.5000  s1.loss_bbox: 0.4995  s1.loss_iou: 0.4172  s2.loss_cls: 0.4887  s2.pos_acc: 100.0000  s2.loss_bbox: 0.4371  s2.loss_iou: 0.3651  s3.loss_cls: 0.5057  s3.pos_acc: 100.0000  s3.loss_bbox: 0.4007  s3.loss_iou: 0.3373  s4.loss_cls: 0.4901  s4.pos_acc: 100.0000  s4.loss_bbox: 0.3920  s4.loss_iou: 0.3338  s5.loss_cls: 0.4976  s5.pos_acc: 100.0000  s5.loss_bbox: 0.3925  s5.loss_iou: 0.3320
2025/05/18 12:37:36 - mmengine - INFO - Epoch(train) [4][6100/8276]  lr: 2.5000e-05  eta: 1:21:01  time: 0.2600  data_time: 0.0063  memory: 2065  grad_norm: 126.8812  loss: 7.9095  s0.loss_cls: 0.6743  s0.pos_acc: 50.0000  s0.loss_bbox: 0.7502  s0.loss_iou: 0.6283  s1.loss_cls: 0.4518  s1.pos_acc: 50.0000  s1.loss_bbox: 0.4617  s1.loss_iou: 0.3966  s2.loss_cls: 0.4128  s2.pos_acc: 50.0000  s2.loss_bbox: 0.4175  s2.loss_iou: 0.3596  s3.loss_cls: 0.3877  s3.pos_acc: 50.0000  s3.loss_bbox: 0.4014  s3.loss_iou: 0.3463  s4.loss_cls: 0.3909  s4.pos_acc: 50.0000  s4.loss_bbox: 0.3798  s4.loss_iou: 0.3357  s5.loss_cls: 0.3982  s5.pos_acc: 50.0000  s5.loss_bbox: 0.3816  s5.loss_iou: 0.3351
2025/05/18 12:37:49 - mmengine - INFO - Epoch(train) [4][6150/8276]  lr: 2.5000e-05  eta: 1:20:48  time: 0.2644  data_time: 0.0070  memory: 2064  grad_norm: 125.0107  loss: 7.9866  s0.loss_cls: 0.6909  s0.pos_acc: 76.9231  s0.loss_bbox: 0.7651  s0.loss_iou: 0.6601  s1.loss_cls: 0.4388  s1.pos_acc: 100.0000  s1.loss_bbox: 0.4614  s1.loss_iou: 0.4266  s2.loss_cls: 0.4154  s2.pos_acc: 100.0000  s2.loss_bbox: 0.3941  s2.loss_iou: 0.3721  s3.loss_cls: 0.3821  s3.pos_acc: 92.3077  s3.loss_bbox: 0.3717  s3.loss_iou: 0.3625  s4.loss_cls: 0.3631  s4.pos_acc: 100.0000  s4.loss_bbox: 0.3812  s4.loss_iou: 0.3701  s5.loss_cls: 0.3703  s5.pos_acc: 100.0000  s5.loss_bbox: 0.3881  s5.loss_iou: 0.3729
2025/05/18 12:37:55 - mmengine - INFO - Exp name: sparse-rcnn_voc_20250518_101231
2025/05/18 12:38:02 - mmengine - INFO - Epoch(train) [4][6200/8276]  lr: 2.5000e-05  eta: 1:20:35  time: 0.2540  data_time: 0.0057  memory: 2065  grad_norm: 123.1802  loss: 9.7646  s0.loss_cls: 0.7878  s0.pos_acc: 66.6667  s0.loss_bbox: 0.8372  s0.loss_iou: 0.7534  s1.loss_cls: 0.5675  s1.pos_acc: 100.0000  s1.loss_bbox: 0.5652  s1.loss_iou: 0.4941  s2.loss_cls: 0.5427  s2.pos_acc: 100.0000  s2.loss_bbox: 0.5147  s2.loss_iou: 0.4445  s3.loss_cls: 0.5401  s3.pos_acc: 100.0000  s3.loss_bbox: 0.4720  s3.loss_iou: 0.4227  s4.loss_cls: 0.5208  s4.pos_acc: 100.0000  s4.loss_bbox: 0.4714  s4.loss_iou: 0.4207  s5.loss_cls: 0.5564  s5.pos_acc: 100.0000  s5.loss_bbox: 0.4452  s5.loss_iou: 0.4081
2025/05/18 12:38:14 - mmengine - INFO - Epoch(train) [4][6250/8276]  lr: 2.5000e-05  eta: 1:20:22  time: 0.2555  data_time: 0.0061  memory: 2064  grad_norm: 121.6346  loss: 8.5328  s0.loss_cls: 0.6890  s0.pos_acc: 50.0000  s0.loss_bbox: 0.7553  s0.loss_iou: 0.6741  s1.loss_cls: 0.5177  s1.pos_acc: 50.0000  s1.loss_bbox: 0.4706  s1.loss_iou: 0.4365  s2.loss_cls: 0.4905  s2.pos_acc: 50.0000  s2.loss_bbox: 0.4058  s2.loss_iou: 0.3871  s3.loss_cls: 0.4709  s3.pos_acc: 50.0000  s3.loss_bbox: 0.3871  s3.loss_iou: 0.3778  s4.loss_cls: 0.4708  s4.pos_acc: 25.0000  s4.loss_bbox: 0.3880  s4.loss_iou: 0.3749  s5.loss_cls: 0.4709  s5.pos_acc: 50.0000  s5.loss_bbox: 0.3902  s5.loss_iou: 0.3757
2025/05/18 12:38:27 - mmengine - INFO - Epoch(train) [4][6300/8276]  lr: 2.5000e-05  eta: 1:20:09  time: 0.2548  data_time: 0.0056  memory: 2063  grad_norm: 130.1843  loss: 8.5574  s0.loss_cls: 0.7681  s0.pos_acc: 33.3333  s0.loss_bbox: 0.7956  s0.loss_iou: 0.6802  s1.loss_cls: 0.5016  s1.pos_acc: 100.0000  s1.loss_bbox: 0.5154  s1.loss_iou: 0.4630  s2.loss_cls: 0.4666  s2.pos_acc: 100.0000  s2.loss_bbox: 0.4226  s2.loss_iou: 0.3839  s3.loss_cls: 0.4403  s3.pos_acc: 100.0000  s3.loss_bbox: 0.3970  s3.loss_iou: 0.3640  s4.loss_cls: 0.4380  s4.pos_acc: 100.0000  s4.loss_bbox: 0.3867  s4.loss_iou: 0.3557  s5.loss_cls: 0.4505  s5.pos_acc: 100.0000  s5.loss_bbox: 0.3773  s5.loss_iou: 0.3509
2025/05/18 12:38:41 - mmengine - INFO - Epoch(train) [4][6350/8276]  lr: 2.5000e-05  eta: 1:19:56  time: 0.2662  data_time: 0.0071  memory: 2064  grad_norm: 124.7707  loss: 8.8439  s0.loss_cls: 0.7310  s0.pos_acc: 100.0000  s0.loss_bbox: 0.7676  s0.loss_iou: 0.7067  s1.loss_cls: 0.5134  s1.pos_acc: 100.0000  s1.loss_bbox: 0.4855  s1.loss_iou: 0.4609  s2.loss_cls: 0.4526  s2.pos_acc: 100.0000  s2.loss_bbox: 0.4456  s2.loss_iou: 0.4220  s3.loss_cls: 0.4295  s3.pos_acc: 100.0000  s3.loss_bbox: 0.4422  s3.loss_iou: 0.4156  s4.loss_cls: 0.4408  s4.pos_acc: 100.0000  s4.loss_bbox: 0.4366  s4.loss_iou: 0.4081  s5.loss_cls: 0.4515  s5.pos_acc: 100.0000  s5.loss_bbox: 0.4291  s5.loss_iou: 0.4054
2025/05/18 12:38:54 - mmengine - INFO - Epoch(train) [4][6400/8276]  lr: 2.5000e-05  eta: 1:19:43  time: 0.2650  data_time: 0.0069  memory: 2065  grad_norm: 128.6795  loss: 8.2954  s0.loss_cls: 0.6314  s0.pos_acc: 66.6667  s0.loss_bbox: 0.7482  s0.loss_iou: 0.6465  s1.loss_cls: 0.4712  s1.pos_acc: 100.0000  s1.loss_bbox: 0.5054  s1.loss_iou: 0.4347  s2.loss_cls: 0.4273  s2.pos_acc: 100.0000  s2.loss_bbox: 0.4442  s2.loss_iou: 0.3880  s3.loss_cls: 0.4064  s3.pos_acc: 100.0000  s3.loss_bbox: 0.4176  s3.loss_iou: 0.3743  s4.loss_cls: 0.4232  s4.pos_acc: 100.0000  s4.loss_bbox: 0.4042  s4.loss_iou: 0.3682  s5.loss_cls: 0.4246  s5.pos_acc: 100.0000  s5.loss_bbox: 0.4085  s5.loss_iou: 0.3716
2025/05/18 12:39:07 - mmengine - INFO - Epoch(train) [4][6450/8276]  lr: 2.5000e-05  eta: 1:19:30  time: 0.2552  data_time: 0.0061  memory: 2064  grad_norm: 123.1117  loss: 8.5779  s0.loss_cls: 0.6564  s0.pos_acc: 50.0000  s0.loss_bbox: 0.8048  s0.loss_iou: 0.7079  s1.loss_cls: 0.4754  s1.pos_acc: 83.3333  s1.loss_bbox: 0.5113  s1.loss_iou: 0.4589  s2.loss_cls: 0.4433  s2.pos_acc: 83.3333  s2.loss_bbox: 0.4507  s2.loss_iou: 0.4001  s3.loss_cls: 0.4230  s3.pos_acc: 83.3333  s3.loss_bbox: 0.4358  s3.loss_iou: 0.3904  s4.loss_cls: 0.4201  s4.pos_acc: 83.3333  s4.loss_bbox: 0.4194  s4.loss_iou: 0.3769  s5.loss_cls: 0.4237  s5.pos_acc: 83.3333  s5.loss_bbox: 0.4100  s5.loss_iou: 0.3697
2025/05/18 12:39:20 - mmengine - INFO - Epoch(train) [4][6500/8276]  lr: 2.5000e-05  eta: 1:19:17  time: 0.2631  data_time: 0.0062  memory: 2064  grad_norm: 124.1097  loss: 8.3935  s0.loss_cls: 0.7109  s0.pos_acc: 100.0000  s0.loss_bbox: 0.7401  s0.loss_iou: 0.6640  s1.loss_cls: 0.4845  s1.pos_acc: 100.0000  s1.loss_bbox: 0.4758  s1.loss_iou: 0.4405  s2.loss_cls: 0.4449  s2.pos_acc: 100.0000  s2.loss_bbox: 0.4220  s2.loss_iou: 0.3993  s3.loss_cls: 0.4192  s3.pos_acc: 100.0000  s3.loss_bbox: 0.4012  s3.loss_iou: 0.3867  s4.loss_cls: 0.4149  s4.pos_acc: 100.0000  s4.loss_bbox: 0.4039  s4.loss_iou: 0.3850  s5.loss_cls: 0.4248  s5.pos_acc: 100.0000  s5.loss_bbox: 0.3974  s5.loss_iou: 0.3785
2025/05/18 12:39:32 - mmengine - INFO - Epoch(train) [4][6550/8276]  lr: 2.5000e-05  eta: 1:19:04  time: 0.2538  data_time: 0.0059  memory: 2065  grad_norm: 121.2414  loss: 8.9659  s0.loss_cls: 0.7579  s0.pos_acc: 57.1429  s0.loss_bbox: 0.8193  s0.loss_iou: 0.7557  s1.loss_cls: 0.4817  s1.pos_acc: 71.4286  s1.loss_bbox: 0.5147  s1.loss_iou: 0.5068  s2.loss_cls: 0.4456  s2.pos_acc: 71.4286  s2.loss_bbox: 0.4334  s2.loss_iou: 0.4428  s3.loss_cls: 0.4292  s3.pos_acc: 71.4286  s3.loss_bbox: 0.4158  s3.loss_iou: 0.4357  s4.loss_cls: 0.4194  s4.pos_acc: 85.7143  s4.loss_bbox: 0.4106  s4.loss_iou: 0.4341  s5.loss_cls: 0.4362  s5.pos_acc: 85.7143  s5.loss_bbox: 0.3985  s5.loss_iou: 0.4284
2025/05/18 12:39:45 - mmengine - INFO - Epoch(train) [4][6600/8276]  lr: 2.5000e-05  eta: 1:18:51  time: 0.2563  data_time: 0.0059  memory: 2063  grad_norm: 135.2358  loss: 8.1609  s0.loss_cls: 0.6307  s0.pos_acc: 80.0000  s0.loss_bbox: 0.7195  s0.loss_iou: 0.5924  s1.loss_cls: 0.4223  s1.pos_acc: 100.0000  s1.loss_bbox: 0.5004  s1.loss_iou: 0.4224  s2.loss_cls: 0.4608  s2.pos_acc: 90.0000  s2.loss_bbox: 0.4436  s2.loss_iou: 0.3711  s3.loss_cls: 0.4151  s3.pos_acc: 100.0000  s3.loss_bbox: 0.4381  s3.loss_iou: 0.3734  s4.loss_cls: 0.3960  s4.pos_acc: 100.0000  s4.loss_bbox: 0.4242  s4.loss_iou: 0.3688  s5.loss_cls: 0.4045  s5.pos_acc: 100.0000  s5.loss_bbox: 0.4139  s5.loss_iou: 0.3636
2025/05/18 12:39:58 - mmengine - INFO - Epoch(train) [4][6650/8276]  lr: 2.5000e-05  eta: 1:18:38  time: 0.2600  data_time: 0.0071  memory: 2064  grad_norm: 130.1705  loss: 8.1385  s0.loss_cls: 0.7321  s0.pos_acc: 100.0000  s0.loss_bbox: 0.7326  s0.loss_iou: 0.6481  s1.loss_cls: 0.5158  s1.pos_acc: 100.0000  s1.loss_bbox: 0.4806  s1.loss_iou: 0.4235  s2.loss_cls: 0.4881  s2.pos_acc: 100.0000  s2.loss_bbox: 0.3832  s2.loss_iou: 0.3483  s3.loss_cls: 0.4594  s3.pos_acc: 100.0000  s3.loss_bbox: 0.3527  s3.loss_iou: 0.3251  s4.loss_cls: 0.4289  s4.pos_acc: 100.0000  s4.loss_bbox: 0.3621  s4.loss_iou: 0.3345  s5.loss_cls: 0.4310  s5.pos_acc: 100.0000  s5.loss_bbox: 0.3603  s5.loss_iou: 0.3324
2025/05/18 12:40:11 - mmengine - INFO - Epoch(train) [4][6700/8276]  lr: 2.5000e-05  eta: 1:18:25  time: 0.2586  data_time: 0.0067  memory: 2064  grad_norm: 129.7594  loss: 9.3032  s0.loss_cls: 0.7608  s0.pos_acc: 66.6667  s0.loss_bbox: 0.8228  s0.loss_iou: 0.7236  s1.loss_cls: 0.5449  s1.pos_acc: 100.0000  s1.loss_bbox: 0.5184  s1.loss_iou: 0.4898  s2.loss_cls: 0.5211  s2.pos_acc: 100.0000  s2.loss_bbox: 0.4629  s2.loss_iou: 0.4369  s3.loss_cls: 0.4896  s3.pos_acc: 100.0000  s3.loss_bbox: 0.4512  s3.loss_iou: 0.4231  s4.loss_cls: 0.5112  s4.pos_acc: 100.0000  s4.loss_bbox: 0.4224  s4.loss_iou: 0.4061  s5.loss_cls: 0.5045  s5.pos_acc: 100.0000  s5.loss_bbox: 0.4120  s5.loss_iou: 0.4019
2025/05/18 12:40:24 - mmengine - INFO - Epoch(train) [4][6750/8276]  lr: 2.5000e-05  eta: 1:18:12  time: 0.2543  data_time: 0.0060  memory: 2065  grad_norm: 124.1730  loss: 8.6351  s0.loss_cls: 0.7314  s0.pos_acc: 60.0000  s0.loss_bbox: 0.8054  s0.loss_iou: 0.7134  s1.loss_cls: 0.4780  s1.pos_acc: 100.0000  s1.loss_bbox: 0.4830  s1.loss_iou: 0.4515  s2.loss_cls: 0.4436  s2.pos_acc: 80.0000  s2.loss_bbox: 0.4355  s2.loss_iou: 0.4100  s3.loss_cls: 0.4266  s3.pos_acc: 80.0000  s3.loss_bbox: 0.4083  s3.loss_iou: 0.3917  s4.loss_cls: 0.4447  s4.pos_acc: 80.0000  s4.loss_bbox: 0.3974  s4.loss_iou: 0.3854  s5.loss_cls: 0.4501  s5.pos_acc: 80.0000  s5.loss_bbox: 0.3942  s5.loss_iou: 0.3847
2025/05/18 12:40:37 - mmengine - INFO - Epoch(train) [4][6800/8276]  lr: 2.5000e-05  eta: 1:17:59  time: 0.2573  data_time: 0.0062  memory: 2064  grad_norm: 119.0215  loss: 8.7463  s0.loss_cls: 0.7017  s0.pos_acc: 80.0000  s0.loss_bbox: 0.8009  s0.loss_iou: 0.7101  s1.loss_cls: 0.4814  s1.pos_acc: 80.0000  s1.loss_bbox: 0.5239  s1.loss_iou: 0.4819  s2.loss_cls: 0.4868  s2.pos_acc: 80.0000  s2.loss_bbox: 0.4230  s2.loss_iou: 0.3983  s3.loss_cls: 0.4619  s3.pos_acc: 80.0000  s3.loss_bbox: 0.4097  s3.loss_iou: 0.3872  s4.loss_cls: 0.4660  s4.pos_acc: 80.0000  s4.loss_bbox: 0.3995  s4.loss_iou: 0.3758  s5.loss_cls: 0.4662  s5.pos_acc: 80.0000  s5.loss_bbox: 0.3960  s5.loss_iou: 0.3762
2025/05/18 12:40:50 - mmengine - INFO - Epoch(train) [4][6850/8276]  lr: 2.5000e-05  eta: 1:17:46  time: 0.2551  data_time: 0.0063  memory: 2063  grad_norm: 138.1937  loss: 7.7726  s0.loss_cls: 0.6285  s0.pos_acc: 100.0000  s0.loss_bbox: 0.7519  s0.loss_iou: 0.5977  s1.loss_cls: 0.4358  s1.pos_acc: 100.0000  s1.loss_bbox: 0.4635  s1.loss_iou: 0.3902  s2.loss_cls: 0.4004  s2.pos_acc: 100.0000  s2.loss_bbox: 0.4036  s2.loss_iou: 0.3436  s3.loss_cls: 0.4021  s3.pos_acc: 100.0000  s3.loss_bbox: 0.3809  s3.loss_iou: 0.3294  s4.loss_cls: 0.4011  s4.pos_acc: 100.0000  s4.loss_bbox: 0.3845  s4.loss_iou: 0.3322  s5.loss_cls: 0.4132  s5.pos_acc: 100.0000  s5.loss_bbox: 0.3840  s5.loss_iou: 0.3298
2025/05/18 12:41:02 - mmengine - INFO - Epoch(train) [4][6900/8276]  lr: 2.5000e-05  eta: 1:17:32  time: 0.2512  data_time: 0.0053  memory: 2065  grad_norm: 125.3097  loss: 7.6949  s0.loss_cls: 0.6195  s0.pos_acc: 100.0000  s0.loss_bbox: 0.7616  s0.loss_iou: 0.6583  s1.loss_cls: 0.4501  s1.pos_acc: 100.0000  s1.loss_bbox: 0.4721  s1.loss_iou: 0.4191  s2.loss_cls: 0.3705  s2.pos_acc: 100.0000  s2.loss_bbox: 0.3995  s2.loss_iou: 0.3593  s3.loss_cls: 0.3461  s3.pos_acc: 100.0000  s3.loss_bbox: 0.3775  s3.loss_iou: 0.3429  s4.loss_cls: 0.3609  s4.pos_acc: 100.0000  s4.loss_bbox: 0.3642  s4.loss_iou: 0.3352  s5.loss_cls: 0.3740  s5.pos_acc: 100.0000  s5.loss_bbox: 0.3530  s5.loss_iou: 0.3312
2025/05/18 12:41:15 - mmengine - INFO - Epoch(train) [4][6950/8276]  lr: 2.5000e-05  eta: 1:17:19  time: 0.2609  data_time: 0.0063  memory: 2064  grad_norm: 152.3771  loss: 8.6958  s0.loss_cls: 0.6843  s0.pos_acc: 100.0000  s0.loss_bbox: 0.7387  s0.loss_iou: 0.5873  s1.loss_cls: 0.5256  s1.pos_acc: 100.0000  s1.loss_bbox: 0.5156  s1.loss_iou: 0.4160  s2.loss_cls: 0.5304  s2.pos_acc: 100.0000  s2.loss_bbox: 0.4488  s2.loss_iou: 0.3647  s3.loss_cls: 0.5351  s3.pos_acc: 100.0000  s3.loss_bbox: 0.4359  s3.loss_iou: 0.3533  s4.loss_cls: 0.5377  s4.pos_acc: 100.0000  s4.loss_bbox: 0.4101  s4.loss_iou: 0.3386  s5.loss_cls: 0.5523  s5.pos_acc: 100.0000  s5.loss_bbox: 0.3931  s5.loss_iou: 0.3282
2025/05/18 12:41:28 - mmengine - INFO - Epoch(train) [4][7000/8276]  lr: 2.5000e-05  eta: 1:17:07  time: 0.2606  data_time: 0.0063  memory: 2065  grad_norm: 123.9571  loss: 8.8501  s0.loss_cls: 0.7820  s0.pos_acc: 100.0000  s0.loss_bbox: 0.7548  s0.loss_iou: 0.6706  s1.loss_cls: 0.5413  s1.pos_acc: 100.0000  s1.loss_bbox: 0.4817  s1.loss_iou: 0.4417  s2.loss_cls: 0.4989  s2.pos_acc: 100.0000  s2.loss_bbox: 0.4193  s2.loss_iou: 0.3926  s3.loss_cls: 0.5086  s3.pos_acc: 100.0000  s3.loss_bbox: 0.4148  s3.loss_iou: 0.3817  s4.loss_cls: 0.5323  s4.pos_acc: 100.0000  s4.loss_bbox: 0.3891  s4.loss_iou: 0.3644  s5.loss_cls: 0.5285  s5.pos_acc: 100.0000  s5.loss_bbox: 0.3862  s5.loss_iou: 0.3614
2025/05/18 12:41:41 - mmengine - INFO - Epoch(train) [4][7050/8276]  lr: 2.5000e-05  eta: 1:16:54  time: 0.2646  data_time: 0.0070  memory: 2063  grad_norm: 117.8303  loss: 9.6763  s0.loss_cls: 0.8241  s0.pos_acc: 66.6667  s0.loss_bbox: 0.7896  s0.loss_iou: 0.7491  s1.loss_cls: 0.6071  s1.pos_acc: 66.6667  s1.loss_bbox: 0.5308  s1.loss_iou: 0.5184  s2.loss_cls: 0.5681  s2.pos_acc: 0.0000  s2.loss_bbox: 0.4610  s2.loss_iou: 0.4522  s3.loss_cls: 0.5236  s3.pos_acc: 33.3333  s3.loss_bbox: 0.4382  s3.loss_iou: 0.4373  s4.loss_cls: 0.5348  s4.pos_acc: 66.6667  s4.loss_bbox: 0.4243  s4.loss_iou: 0.4284  s5.loss_cls: 0.5416  s5.pos_acc: 66.6667  s5.loss_bbox: 0.4207  s5.loss_iou: 0.4269
2025/05/18 12:41:54 - mmengine - INFO - Epoch(train) [4][7100/8276]  lr: 2.5000e-05  eta: 1:16:41  time: 0.2605  data_time: 0.0066  memory: 2065  grad_norm: 124.7414  loss: 9.5978  s0.loss_cls: 0.7863  s0.pos_acc: 40.0000  s0.loss_bbox: 0.8443  s0.loss_iou: 0.7524  s1.loss_cls: 0.5779  s1.pos_acc: 40.0000  s1.loss_bbox: 0.5233  s1.loss_iou: 0.4804  s2.loss_cls: 0.5581  s2.pos_acc: 40.0000  s2.loss_bbox: 0.4473  s2.loss_iou: 0.4262  s3.loss_cls: 0.5099  s3.pos_acc: 40.0000  s3.loss_bbox: 0.4517  s3.loss_iou: 0.4274  s4.loss_cls: 0.5181  s4.pos_acc: 40.0000  s4.loss_bbox: 0.4513  s4.loss_iou: 0.4236  s5.loss_cls: 0.5820  s5.pos_acc: 40.0000  s5.loss_bbox: 0.4281  s5.loss_iou: 0.4094
2025/05/18 12:42:07 - mmengine - INFO - Epoch(train) [4][7150/8276]  lr: 2.5000e-05  eta: 1:16:28  time: 0.2530  data_time: 0.0053  memory: 2065  grad_norm: 121.9902  loss: 8.6922  s0.loss_cls: 0.6768  s0.pos_acc: 100.0000  s0.loss_bbox: 0.7829  s0.loss_iou: 0.6935  s1.loss_cls: 0.4920  s1.pos_acc: 100.0000  s1.loss_bbox: 0.5279  s1.loss_iou: 0.4662  s2.loss_cls: 0.4748  s2.pos_acc: 100.0000  s2.loss_bbox: 0.4490  s2.loss_iou: 0.4021  s3.loss_cls: 0.4659  s3.pos_acc: 100.0000  s3.loss_bbox: 0.4152  s3.loss_iou: 0.3734  s4.loss_cls: 0.4737  s4.pos_acc: 100.0000  s4.loss_bbox: 0.4001  s4.loss_iou: 0.3636  s5.loss_cls: 0.4808  s5.pos_acc: 100.0000  s5.loss_bbox: 0.3945  s5.loss_iou: 0.3599
2025/05/18 12:42:13 - mmengine - INFO - Exp name: sparse-rcnn_voc_20250518_101231
2025/05/18 12:42:20 - mmengine - INFO - Epoch(train) [4][7200/8276]  lr: 2.5000e-05  eta: 1:16:15  time: 0.2592  data_time: 0.0062  memory: 2064  grad_norm: 122.5933  loss: 9.0934  s0.loss_cls: 0.6867  s0.pos_acc: 100.0000  s0.loss_bbox: 0.7755  s0.loss_iou: 0.6723  s1.loss_cls: 0.5224  s1.pos_acc: 100.0000  s1.loss_bbox: 0.5362  s1.loss_iou: 0.4747  s2.loss_cls: 0.5216  s2.pos_acc: 100.0000  s2.loss_bbox: 0.4698  s2.loss_iou: 0.4159  s3.loss_cls: 0.5192  s3.pos_acc: 100.0000  s3.loss_bbox: 0.4353  s3.loss_iou: 0.3971  s4.loss_cls: 0.5132  s4.pos_acc: 100.0000  s4.loss_bbox: 0.4301  s4.loss_iou: 0.3956  s5.loss_cls: 0.5121  s5.pos_acc: 100.0000  s5.loss_bbox: 0.4237  s5.loss_iou: 0.3918
2025/05/18 12:42:33 - mmengine - INFO - Epoch(train) [4][7250/8276]  lr: 2.5000e-05  eta: 1:16:01  time: 0.2519  data_time: 0.0058  memory: 2065  grad_norm: 126.3346  loss: 8.6604  s0.loss_cls: 0.7491  s0.pos_acc: 57.1429  s0.loss_bbox: 0.7910  s0.loss_iou: 0.6781  s1.loss_cls: 0.5432  s1.pos_acc: 85.7143  s1.loss_bbox: 0.4810  s1.loss_iou: 0.4108  s2.loss_cls: 0.4610  s2.pos_acc: 100.0000  s2.loss_bbox: 0.4534  s2.loss_iou: 0.3899  s3.loss_cls: 0.4572  s3.pos_acc: 100.0000  s3.loss_bbox: 0.4088  s3.loss_iou: 0.3679  s4.loss_cls: 0.4633  s4.pos_acc: 100.0000  s4.loss_bbox: 0.3976  s4.loss_iou: 0.3654  s5.loss_cls: 0.4760  s5.pos_acc: 100.0000  s5.loss_bbox: 0.3984  s5.loss_iou: 0.3682
2025/05/18 12:42:46 - mmengine - INFO - Epoch(train) [4][7300/8276]  lr: 2.5000e-05  eta: 1:15:48  time: 0.2591  data_time: 0.0063  memory: 2064  grad_norm: 125.0390  loss: 8.2241  s0.loss_cls: 0.7166  s0.pos_acc: 100.0000  s0.loss_bbox: 0.7079  s0.loss_iou: 0.6245  s1.loss_cls: 0.4823  s1.pos_acc: 100.0000  s1.loss_bbox: 0.4755  s1.loss_iou: 0.4260  s2.loss_cls: 0.4493  s2.pos_acc: 100.0000  s2.loss_bbox: 0.4099  s2.loss_iou: 0.3806  s3.loss_cls: 0.4300  s3.pos_acc: 100.0000  s3.loss_bbox: 0.3874  s3.loss_iou: 0.3597  s4.loss_cls: 0.4327  s4.pos_acc: 100.0000  s4.loss_bbox: 0.3903  s4.loss_iou: 0.3619  s5.loss_cls: 0.4407  s5.pos_acc: 100.0000  s5.loss_bbox: 0.3882  s5.loss_iou: 0.3607
2025/05/18 12:42:58 - mmengine - INFO - Epoch(train) [4][7350/8276]  lr: 2.5000e-05  eta: 1:15:35  time: 0.2565  data_time: 0.0060  memory: 2064  grad_norm: 119.5839  loss: 7.8819  s0.loss_cls: 0.6866  s0.pos_acc: 100.0000  s0.loss_bbox: 0.7522  s0.loss_iou: 0.6375  s1.loss_cls: 0.4633  s1.pos_acc: 100.0000  s1.loss_bbox: 0.4456  s1.loss_iou: 0.3908  s2.loss_cls: 0.4245  s2.pos_acc: 100.0000  s2.loss_bbox: 0.3982  s2.loss_iou: 0.3542  s3.loss_cls: 0.4100  s3.pos_acc: 100.0000  s3.loss_bbox: 0.3735  s3.loss_iou: 0.3341  s4.loss_cls: 0.3987  s4.pos_acc: 100.0000  s4.loss_bbox: 0.3715  s4.loss_iou: 0.3376  s5.loss_cls: 0.3903  s5.pos_acc: 100.0000  s5.loss_bbox: 0.3752  s5.loss_iou: 0.3385
2025/05/18 12:43:11 - mmengine - INFO - Epoch(train) [4][7400/8276]  lr: 2.5000e-05  eta: 1:15:22  time: 0.2552  data_time: 0.0064  memory: 2063  grad_norm: 116.5570  loss: 8.9354  s0.loss_cls: 0.6930  s0.pos_acc: 80.0000  s0.loss_bbox: 0.8011  s0.loss_iou: 0.7299  s1.loss_cls: 0.4933  s1.pos_acc: 80.0000  s1.loss_bbox: 0.5012  s1.loss_iou: 0.4804  s2.loss_cls: 0.4889  s2.pos_acc: 60.0000  s2.loss_bbox: 0.4276  s2.loss_iou: 0.4152  s3.loss_cls: 0.4807  s3.pos_acc: 80.0000  s3.loss_bbox: 0.4223  s3.loss_iou: 0.4095  s4.loss_cls: 0.4778  s4.pos_acc: 60.0000  s4.loss_bbox: 0.4118  s4.loss_iou: 0.4053  s5.loss_cls: 0.4820  s5.pos_acc: 80.0000  s5.loss_bbox: 0.4116  s5.loss_iou: 0.4039
2025/05/18 12:43:24 - mmengine - INFO - Epoch(train) [4][7450/8276]  lr: 2.5000e-05  eta: 1:15:09  time: 0.2530  data_time: 0.0058  memory: 2064  grad_norm: 132.2151  loss: 9.0794  s0.loss_cls: 0.7227  s0.pos_acc: 100.0000  s0.loss_bbox: 0.8665  s0.loss_iou: 0.7270  s1.loss_cls: 0.5032  s1.pos_acc: 100.0000  s1.loss_bbox: 0.5513  s1.loss_iou: 0.4776  s2.loss_cls: 0.5025  s2.pos_acc: 100.0000  s2.loss_bbox: 0.4453  s2.loss_iou: 0.4003  s3.loss_cls: 0.5039  s3.pos_acc: 100.0000  s3.loss_bbox: 0.4167  s3.loss_iou: 0.3793  s4.loss_cls: 0.4881  s4.pos_acc: 100.0000  s4.loss_bbox: 0.4134  s4.loss_iou: 0.3779  s5.loss_cls: 0.5004  s5.pos_acc: 100.0000  s5.loss_bbox: 0.4222  s5.loss_iou: 0.3813
2025/05/18 12:43:37 - mmengine - INFO - Epoch(train) [4][7500/8276]  lr: 2.5000e-05  eta: 1:14:56  time: 0.2557  data_time: 0.0061  memory: 2063  grad_norm: 137.3729  loss: 7.5599  s0.loss_cls: 0.6227  s0.pos_acc: 100.0000  s0.loss_bbox: 0.7808  s0.loss_iou: 0.5924  s1.loss_cls: 0.4233  s1.pos_acc: 100.0000  s1.loss_bbox: 0.4894  s1.loss_iou: 0.3738  s2.loss_cls: 0.3846  s2.pos_acc: 100.0000  s2.loss_bbox: 0.4062  s2.loss_iou: 0.3182  s3.loss_cls: 0.3753  s3.pos_acc: 100.0000  s3.loss_bbox: 0.3854  s3.loss_iou: 0.3043  s4.loss_cls: 0.3844  s4.pos_acc: 100.0000  s4.loss_bbox: 0.3714  s4.loss_iou: 0.2943  s5.loss_cls: 0.3775  s5.pos_acc: 100.0000  s5.loss_bbox: 0.3801  s5.loss_iou: 0.2961
2025/05/18 12:43:50 - mmengine - INFO - Epoch(train) [4][7550/8276]  lr: 2.5000e-05  eta: 1:14:43  time: 0.2595  data_time: 0.0065  memory: 2063  grad_norm: 16827924.9647  loss: 505866.8234  s0.loss_cls: 118382.9794  s0.pos_acc: 100.0000  s0.loss_bbox: 0.7305  s0.loss_iou: 0.6690  s1.loss_cls: 48311.1537  s1.pos_acc: 66.6667  s1.loss_bbox: 0.4524  s1.loss_iou: 0.4287  s2.loss_cls: 52141.8794  s2.pos_acc: 100.0000  s2.loss_bbox: 0.3790  s2.loss_iou: 0.3667  s3.loss_cls: 72804.7236  s3.pos_acc: 100.0000  s3.loss_bbox: 0.3642  s3.loss_iou: 0.3534  s4.loss_cls: 87773.0276  s4.pos_acc: 33.3333  s4.loss_bbox: 0.3497  s4.loss_iou: 0.3438  s5.loss_cls: 126447.9561  s5.pos_acc: 66.6667  s5.loss_bbox: 0.3396  s5.loss_iou: 0.3367
2025/05/18 12:44:03 - mmengine - INFO - Epoch(train) [4][7600/8276]  lr: 2.5000e-05  eta: 1:14:30  time: 0.2628  data_time: 0.0070  memory: 2064  grad_norm: 121.0950  loss: 8.6691  s0.loss_cls: 0.7384  s0.pos_acc: 100.0000  s0.loss_bbox: 0.7515  s0.loss_iou: 0.6622  s1.loss_cls: 0.5440  s1.pos_acc: 100.0000  s1.loss_bbox: 0.4900  s1.loss_iou: 0.4359  s2.loss_cls: 0.4914  s2.pos_acc: 100.0000  s2.loss_bbox: 0.4165  s2.loss_iou: 0.3786  s3.loss_cls: 0.4864  s3.pos_acc: 100.0000  s3.loss_bbox: 0.4003  s3.loss_iou: 0.3705  s4.loss_cls: 0.4792  s4.pos_acc: 100.0000  s4.loss_bbox: 0.3990  s4.loss_iou: 0.3704  s5.loss_cls: 0.4765  s5.pos_acc: 100.0000  s5.loss_bbox: 0.4049  s5.loss_iou: 0.3734
2025/05/18 12:44:16 - mmengine - INFO - Epoch(train) [4][7650/8276]  lr: 2.5000e-05  eta: 1:14:17  time: 0.2593  data_time: 0.0064  memory: 2064  grad_norm: 5314454.7349  loss: 114045.7450  s0.loss_cls: 38931.3204  s0.pos_acc: 100.0000  s0.loss_bbox: 0.7489  s0.loss_iou: 0.6734  s1.loss_cls: 11250.9320  s1.pos_acc: 100.0000  s1.loss_bbox: 0.4522  s1.loss_iou: 0.4239  s2.loss_cls: 9791.8286  s2.pos_acc: 100.0000  s2.loss_bbox: 0.3997  s2.loss_iou: 0.3792  s3.loss_cls: 18502.0409  s3.pos_acc: 100.0000  s3.loss_bbox: 0.3836  s3.loss_iou: 0.3648  s4.loss_cls: 17049.8610  s4.pos_acc: 100.0000  s4.loss_bbox: 0.3691  s4.loss_iou: 0.3566  s5.loss_cls: 18514.4795  s5.pos_acc: 100.0000  s5.loss_bbox: 0.3719  s5.loss_iou: 0.3603
2025/05/18 12:44:29 - mmengine - INFO - Epoch(train) [4][7700/8276]  lr: 2.5000e-05  eta: 1:14:04  time: 0.2641  data_time: 0.0072  memory: 2063  grad_norm: 120.1372  loss: 9.2002  s0.loss_cls: 0.7303  s0.pos_acc: 100.0000  s0.loss_bbox: 0.8485  s0.loss_iou: 0.7474  s1.loss_cls: 0.5297  s1.pos_acc: 100.0000  s1.loss_bbox: 0.5519  s1.loss_iou: 0.4937  s2.loss_cls: 0.4872  s2.pos_acc: 100.0000  s2.loss_bbox: 0.4629  s2.loss_iou: 0.4347  s3.loss_cls: 0.4577  s3.pos_acc: 100.0000  s3.loss_bbox: 0.4521  s3.loss_iou: 0.4168  s4.loss_cls: 0.4586  s4.pos_acc: 100.0000  s4.loss_bbox: 0.4330  s4.loss_iou: 0.3997  s5.loss_cls: 0.4540  s5.pos_acc: 100.0000  s5.loss_bbox: 0.4400  s5.loss_iou: 0.4020
2025/05/18 12:44:42 - mmengine - INFO - Epoch(train) [4][7750/8276]  lr: 2.5000e-05  eta: 1:13:51  time: 0.2546  data_time: 0.0058  memory: 2063  grad_norm: 115.5900  loss: 8.3614  s0.loss_cls: 0.6875  s0.pos_acc: 12.5000  s0.loss_bbox: 0.7306  s0.loss_iou: 0.6706  s1.loss_cls: 0.5008  s1.pos_acc: 87.5000  s1.loss_bbox: 0.4476  s1.loss_iou: 0.4362  s2.loss_cls: 0.4466  s2.pos_acc: 87.5000  s2.loss_bbox: 0.4074  s2.loss_iou: 0.4021  s3.loss_cls: 0.4312  s3.pos_acc: 87.5000  s3.loss_bbox: 0.3933  s3.loss_iou: 0.3887  s4.loss_cls: 0.4371  s4.pos_acc: 87.5000  s4.loss_bbox: 0.3887  s4.loss_iou: 0.3878  s5.loss_cls: 0.4363  s5.pos_acc: 87.5000  s5.loss_bbox: 0.3824  s5.loss_iou: 0.3866
2025/05/18 12:44:55 - mmengine - INFO - Epoch(train) [4][7800/8276]  lr: 2.5000e-05  eta: 1:13:38  time: 0.2628  data_time: 0.0067  memory: 2064  grad_norm: 112.6967  loss: 9.4451  s0.loss_cls: 0.7131  s0.pos_acc: 75.0000  s0.loss_bbox: 0.8268  s0.loss_iou: 0.7183  s1.loss_cls: 0.5534  s1.pos_acc: 100.0000  s1.loss_bbox: 0.5215  s1.loss_iou: 0.4783  s2.loss_cls: 0.5291  s2.pos_acc: 100.0000  s2.loss_bbox: 0.4777  s2.loss_iou: 0.4356  s3.loss_cls: 0.5530  s3.pos_acc: 100.0000  s3.loss_bbox: 0.4389  s3.loss_iou: 0.4082  s4.loss_cls: 0.5372  s4.pos_acc: 100.0000  s4.loss_bbox: 0.4425  s4.loss_iou: 0.4132  s5.loss_cls: 0.5434  s5.pos_acc: 100.0000  s5.loss_bbox: 0.4397  s5.loss_iou: 0.4153
2025/05/18 12:45:08 - mmengine - INFO - Epoch(train) [4][7850/8276]  lr: 2.5000e-05  eta: 1:13:25  time: 0.2634  data_time: 0.0071  memory: 2063  grad_norm: 10925083.4448  loss: 136069.8053  s0.loss_cls: 33603.8154  s0.pos_acc: 100.0000  s0.loss_bbox: 0.8192  s0.loss_iou: 0.7337  s1.loss_cls: 27210.3266  s1.pos_acc: 100.0000  s1.loss_bbox: 0.5612  s1.loss_iou: 0.5106  s2.loss_cls: 14287.3188  s2.pos_acc: 100.0000  s2.loss_bbox: 0.4677  s2.loss_iou: 0.4527  s3.loss_cls: 24156.7959  s3.pos_acc: 100.0000  s3.loss_bbox: 0.4373  s3.loss_iou: 0.4329  s4.loss_cls: 20456.3332  s4.pos_acc: 100.0000  s4.loss_bbox: 0.4322  s4.loss_iou: 0.4271  s5.loss_cls: 16349.0878  s5.pos_acc: 100.0000  s5.loss_bbox: 0.4321  s5.loss_iou: 0.4232
2025/05/18 12:45:21 - mmengine - INFO - Epoch(train) [4][7900/8276]  lr: 2.5000e-05  eta: 1:13:12  time: 0.2582  data_time: 0.0064  memory: 2063  grad_norm: 117.7816  loss: 9.2724  s0.loss_cls: 0.7507  s0.pos_acc: 0.0000  s0.loss_bbox: 0.8123  s0.loss_iou: 0.7278  s1.loss_cls: 0.5506  s1.pos_acc: 66.6667  s1.loss_bbox: 0.5373  s1.loss_iou: 0.5070  s2.loss_cls: 0.5231  s2.pos_acc: 66.6667  s2.loss_bbox: 0.4457  s2.loss_iou: 0.4366  s3.loss_cls: 0.5034  s3.pos_acc: 66.6667  s3.loss_bbox: 0.4231  s3.loss_iou: 0.4177  s4.loss_cls: 0.5018  s4.pos_acc: 66.6667  s4.loss_bbox: 0.4061  s4.loss_iou: 0.4092  s5.loss_cls: 0.5175  s5.pos_acc: 66.6667  s5.loss_bbox: 0.3977  s5.loss_iou: 0.4049
2025/05/18 12:45:34 - mmengine - INFO - Epoch(train) [4][7950/8276]  lr: 2.5000e-05  eta: 1:13:00  time: 0.2602  data_time: 0.0064  memory: 2063  grad_norm: 127.2563  loss: 8.3721  s0.loss_cls: 0.6815  s0.pos_acc: 100.0000  s0.loss_bbox: 0.7908  s0.loss_iou: 0.6646  s1.loss_cls: 0.5229  s1.pos_acc: 50.0000  s1.loss_bbox: 0.4804  s1.loss_iou: 0.4063  s2.loss_cls: 0.4842  s2.pos_acc: 50.0000  s2.loss_bbox: 0.4180  s2.loss_iou: 0.3638  s3.loss_cls: 0.4704  s3.pos_acc: 50.0000  s3.loss_bbox: 0.4022  s3.loss_iou: 0.3471  s4.loss_cls: 0.4592  s4.pos_acc: 50.0000  s4.loss_bbox: 0.3772  s4.loss_iou: 0.3337  s5.loss_cls: 0.4703  s5.pos_acc: 50.0000  s5.loss_bbox: 0.3711  s5.loss_iou: 0.3285
2025/05/18 12:45:47 - mmengine - INFO - Epoch(train) [4][8000/8276]  lr: 2.5000e-05  eta: 1:12:46  time: 0.2522  data_time: 0.0055  memory: 2065  grad_norm: 124.6036  loss: 8.3256  s0.loss_cls: 0.7148  s0.pos_acc: 100.0000  s0.loss_bbox: 0.7165  s0.loss_iou: 0.6536  s1.loss_cls: 0.5078  s1.pos_acc: 100.0000  s1.loss_bbox: 0.4565  s1.loss_iou: 0.4216  s2.loss_cls: 0.4641  s2.pos_acc: 100.0000  s2.loss_bbox: 0.4104  s2.loss_iou: 0.3851  s3.loss_cls: 0.4366  s3.pos_acc: 100.0000  s3.loss_bbox: 0.4016  s3.loss_iou: 0.3751  s4.loss_cls: 0.4466  s4.pos_acc: 100.0000  s4.loss_bbox: 0.3773  s4.loss_iou: 0.3647  s5.loss_cls: 0.4525  s5.pos_acc: 100.0000  s5.loss_bbox: 0.3775  s5.loss_iou: 0.3631
2025/05/18 12:46:00 - mmengine - INFO - Epoch(train) [4][8050/8276]  lr: 2.5000e-05  eta: 1:12:33  time: 0.2605  data_time: 0.0057  memory: 2064  grad_norm: 121.3844  loss: 8.6652  s0.loss_cls: 0.7559  s0.pos_acc: 100.0000  s0.loss_bbox: 0.7896  s0.loss_iou: 0.6592  s1.loss_cls: 0.5255  s1.pos_acc: 100.0000  s1.loss_bbox: 0.5184  s1.loss_iou: 0.4440  s2.loss_cls: 0.4818  s2.pos_acc: 100.0000  s2.loss_bbox: 0.4332  s2.loss_iou: 0.3763  s3.loss_cls: 0.4622  s3.pos_acc: 100.0000  s3.loss_bbox: 0.4179  s3.loss_iou: 0.3627  s4.loss_cls: 0.4715  s4.pos_acc: 100.0000  s4.loss_bbox: 0.4010  s4.loss_iou: 0.3500  s5.loss_cls: 0.4850  s5.pos_acc: 100.0000  s5.loss_bbox: 0.3877  s5.loss_iou: 0.3432
2025/05/18 12:46:12 - mmengine - INFO - Epoch(train) [4][8100/8276]  lr: 2.5000e-05  eta: 1:12:20  time: 0.2553  data_time: 0.0057  memory: 2065  grad_norm: 134.2143  loss: 8.4275  s0.loss_cls: 0.7312  s0.pos_acc: 83.3333  s0.loss_bbox: 0.7410  s0.loss_iou: 0.7058  s1.loss_cls: 0.5400  s1.pos_acc: 100.0000  s1.loss_bbox: 0.4484  s1.loss_iou: 0.4246  s2.loss_cls: 0.5091  s2.pos_acc: 100.0000  s2.loss_bbox: 0.3833  s2.loss_iou: 0.3741  s3.loss_cls: 0.4953  s3.pos_acc: 100.0000  s3.loss_bbox: 0.3592  s3.loss_iou: 0.3553  s4.loss_cls: 0.4771  s4.pos_acc: 83.3333  s4.loss_bbox: 0.3587  s4.loss_iou: 0.3530  s5.loss_cls: 0.4730  s5.pos_acc: 83.3333  s5.loss_bbox: 0.3512  s5.loss_iou: 0.3471
2025/05/18 12:46:25 - mmengine - INFO - Epoch(train) [4][8150/8276]  lr: 2.5000e-05  eta: 1:12:07  time: 0.2608  data_time: 0.0066  memory: 2064  grad_norm: 132.2234  loss: 8.6250  s0.loss_cls: 0.6509  s0.pos_acc: 100.0000  s0.loss_bbox: 0.7527  s0.loss_iou: 0.6350  s1.loss_cls: 0.4769  s1.pos_acc: 100.0000  s1.loss_bbox: 0.5305  s1.loss_iou: 0.4526  s2.loss_cls: 0.4526  s2.pos_acc: 80.0000  s2.loss_bbox: 0.4657  s2.loss_iou: 0.3976  s3.loss_cls: 0.4431  s3.pos_acc: 100.0000  s3.loss_bbox: 0.4530  s3.loss_iou: 0.3872  s4.loss_cls: 0.4352  s4.pos_acc: 100.0000  s4.loss_bbox: 0.4457  s4.loss_iou: 0.3798  s5.loss_cls: 0.4589  s5.pos_acc: 100.0000  s5.loss_bbox: 0.4334  s5.loss_iou: 0.3740
2025/05/18 12:46:31 - mmengine - INFO - Exp name: sparse-rcnn_voc_20250518_101231
2025/05/18 12:46:38 - mmengine - INFO - Epoch(train) [4][8200/8276]  lr: 2.5000e-05  eta: 1:11:54  time: 0.2533  data_time: 0.0059  memory: 2063  grad_norm: 132.3433  loss: 8.9285  s0.loss_cls: 0.7037  s0.pos_acc: 100.0000  s0.loss_bbox: 0.8270  s0.loss_iou: 0.6759  s1.loss_cls: 0.5540  s1.pos_acc: 50.0000  s1.loss_bbox: 0.5249  s1.loss_iou: 0.4271  s2.loss_cls: 0.5166  s2.pos_acc: 50.0000  s2.loss_bbox: 0.4703  s2.loss_iou: 0.3898  s3.loss_cls: 0.4940  s3.pos_acc: 50.0000  s3.loss_bbox: 0.4408  s3.loss_iou: 0.3666  s4.loss_cls: 0.4950  s4.pos_acc: 100.0000  s4.loss_bbox: 0.4212  s4.loss_iou: 0.3601  s5.loss_cls: 0.4945  s5.pos_acc: 100.0000  s5.loss_bbox: 0.4124  s5.loss_iou: 0.3546
2025/05/18 12:46:51 - mmengine - INFO - Epoch(train) [4][8250/8276]  lr: 2.5000e-05  eta: 1:11:41  time: 0.2628  data_time: 0.0066  memory: 2065  grad_norm: 125.5886  loss: 8.7929  s0.loss_cls: 0.6809  s0.pos_acc: 100.0000  s0.loss_bbox: 0.7974  s0.loss_iou: 0.7172  s1.loss_cls: 0.5179  s1.pos_acc: 100.0000  s1.loss_bbox: 0.4899  s1.loss_iou: 0.4570  s2.loss_cls: 0.4861  s2.pos_acc: 100.0000  s2.loss_bbox: 0.4449  s2.loss_iou: 0.4090  s3.loss_cls: 0.4993  s3.pos_acc: 100.0000  s3.loss_bbox: 0.4073  s3.loss_iou: 0.3840  s4.loss_cls: 0.4735  s4.pos_acc: 100.0000  s4.loss_bbox: 0.4024  s4.loss_iou: 0.3752  s5.loss_cls: 0.4761  s5.pos_acc: 100.0000  s5.loss_bbox: 0.4001  s5.loss_iou: 0.3749
2025/05/18 12:46:58 - mmengine - INFO - Exp name: sparse-rcnn_voc_20250518_101231
2025/05/18 12:46:58 - mmengine - INFO - Saving checkpoint at 4 epochs
2025/05/18 12:47:05 - mmengine - INFO - Epoch(val) [4][  50/4952]    eta: 0:03:57  time: 0.0485  data_time: 0.0029  memory: 2063  
2025/05/18 12:47:07 - mmengine - INFO - Epoch(val) [4][ 100/4952]    eta: 0:03:47  time: 0.0455  data_time: 0.0029  memory: 1292  
2025/05/18 12:47:09 - mmengine - INFO - Epoch(val) [4][ 150/4952]    eta: 0:03:42  time: 0.0454  data_time: 0.0029  memory: 1291  
2025/05/18 12:47:11 - mmengine - INFO - Epoch(val) [4][ 200/4952]    eta: 0:03:38  time: 0.0449  data_time: 0.0028  memory: 1291  
2025/05/18 12:47:14 - mmengine - INFO - Epoch(val) [4][ 250/4952]    eta: 0:03:35  time: 0.0451  data_time: 0.0029  memory: 1292  
2025/05/18 12:47:16 - mmengine - INFO - Epoch(val) [4][ 300/4952]    eta: 0:03:30  time: 0.0425  data_time: 0.0024  memory: 1292  
2025/05/18 12:47:18 - mmengine - INFO - Epoch(val) [4][ 350/4952]    eta: 0:03:25  time: 0.0404  data_time: 0.0020  memory: 1292  
2025/05/18 12:47:20 - mmengine - INFO - Epoch(val) [4][ 400/4952]    eta: 0:03:20  time: 0.0403  data_time: 0.0021  memory: 1292  
2025/05/18 12:47:22 - mmengine - INFO - Epoch(val) [4][ 450/4952]    eta: 0:03:16  time: 0.0405  data_time: 0.0021  memory: 1291  
2025/05/18 12:47:24 - mmengine - INFO - Epoch(val) [4][ 500/4952]    eta: 0:03:12  time: 0.0404  data_time: 0.0021  memory: 1291  
2025/05/18 12:47:26 - mmengine - INFO - Epoch(val) [4][ 550/4952]    eta: 0:03:09  time: 0.0411  data_time: 0.0021  memory: 1292  
2025/05/18 12:47:28 - mmengine - INFO - Epoch(val) [4][ 600/4952]    eta: 0:03:06  time: 0.0409  data_time: 0.0022  memory: 1291  
2025/05/18 12:47:30 - mmengine - INFO - Epoch(val) [4][ 650/4952]    eta: 0:03:04  time: 0.0415  data_time: 0.0021  memory: 1292  
2025/05/18 12:47:32 - mmengine - INFO - Epoch(val) [4][ 700/4952]    eta: 0:03:02  time: 0.0424  data_time: 0.0021  memory: 1291  
2025/05/18 12:47:34 - mmengine - INFO - Epoch(val) [4][ 750/4952]    eta: 0:02:59  time: 0.0427  data_time: 0.0025  memory: 1292  
2025/05/18 12:47:36 - mmengine - INFO - Epoch(val) [4][ 800/4952]    eta: 0:02:57  time: 0.0410  data_time: 0.0022  memory: 1291  
2025/05/18 12:47:39 - mmengine - INFO - Epoch(val) [4][ 850/4952]    eta: 0:02:54  time: 0.0412  data_time: 0.0023  memory: 1291  
2025/05/18 12:47:41 - mmengine - INFO - Epoch(val) [4][ 900/4952]    eta: 0:02:52  time: 0.0440  data_time: 0.0025  memory: 1292  
2025/05/18 12:47:43 - mmengine - INFO - Epoch(val) [4][ 950/4952]    eta: 0:02:51  time: 0.0447  data_time: 0.0027  memory: 1292  
2025/05/18 12:47:45 - mmengine - INFO - Epoch(val) [4][1000/4952]    eta: 0:02:49  time: 0.0457  data_time: 0.0029  memory: 1292  
2025/05/18 12:47:47 - mmengine - INFO - Epoch(val) [4][1050/4952]    eta: 0:02:47  time: 0.0444  data_time: 0.0028  memory: 1292  
2025/05/18 12:47:50 - mmengine - INFO - Epoch(val) [4][1100/4952]    eta: 0:02:45  time: 0.0445  data_time: 0.0027  memory: 1291  
2025/05/18 12:47:52 - mmengine - INFO - Epoch(val) [4][1150/4952]    eta: 0:02:43  time: 0.0439  data_time: 0.0028  memory: 1292  
2025/05/18 12:47:54 - mmengine - INFO - Epoch(val) [4][1200/4952]    eta: 0:02:41  time: 0.0403  data_time: 0.0022  memory: 1292  
2025/05/18 12:47:56 - mmengine - INFO - Epoch(val) [4][1250/4952]    eta: 0:02:38  time: 0.0410  data_time: 0.0023  memory: 1291  
2025/05/18 12:47:58 - mmengine - INFO - Epoch(val) [4][1300/4952]    eta: 0:02:36  time: 0.0407  data_time: 0.0021  memory: 1291  
2025/05/18 12:48:00 - mmengine - INFO - Epoch(val) [4][1350/4952]    eta: 0:02:33  time: 0.0408  data_time: 0.0022  memory: 1292  
2025/05/18 12:48:02 - mmengine - INFO - Epoch(val) [4][1400/4952]    eta: 0:02:31  time: 0.0413  data_time: 0.0024  memory: 1291  
2025/05/18 12:48:04 - mmengine - INFO - Epoch(val) [4][1450/4952]    eta: 0:02:29  time: 0.0408  data_time: 0.0025  memory: 1292  
2025/05/18 12:48:06 - mmengine - INFO - Epoch(val) [4][1500/4952]    eta: 0:02:27  time: 0.0449  data_time: 0.0027  memory: 1292  
2025/05/18 12:48:09 - mmengine - INFO - Epoch(val) [4][1550/4952]    eta: 0:02:25  time: 0.0439  data_time: 0.0026  memory: 1291  
2025/05/18 12:48:11 - mmengine - INFO - Epoch(val) [4][1600/4952]    eta: 0:02:23  time: 0.0404  data_time: 0.0021  memory: 1292  
2025/05/18 12:48:13 - mmengine - INFO - Epoch(val) [4][1650/4952]    eta: 0:02:20  time: 0.0425  data_time: 0.0025  memory: 1291  
2025/05/18 12:48:15 - mmengine - INFO - Epoch(val) [4][1700/4952]    eta: 0:02:19  time: 0.0453  data_time: 0.0027  memory: 1291  
2025/05/18 12:48:17 - mmengine - INFO - Epoch(val) [4][1750/4952]    eta: 0:02:17  time: 0.0447  data_time: 0.0027  memory: 1291  
2025/05/18 12:48:20 - mmengine - INFO - Epoch(val) [4][1800/4952]    eta: 0:02:15  time: 0.0447  data_time: 0.0029  memory: 1291  
2025/05/18 12:48:22 - mmengine - INFO - Epoch(val) [4][1850/4952]    eta: 0:02:13  time: 0.0446  data_time: 0.0027  memory: 1291  
2025/05/18 12:48:24 - mmengine - INFO - Epoch(val) [4][1900/4952]    eta: 0:02:11  time: 0.0447  data_time: 0.0028  memory: 1291  
2025/05/18 12:48:26 - mmengine - INFO - Epoch(val) [4][1950/4952]    eta: 0:02:09  time: 0.0455  data_time: 0.0027  memory: 1292  
2025/05/18 12:48:28 - mmengine - INFO - Epoch(val) [4][2000/4952]    eta: 0:02:06  time: 0.0418  data_time: 0.0024  memory: 1291  
2025/05/18 12:48:30 - mmengine - INFO - Epoch(val) [4][2050/4952]    eta: 0:02:04  time: 0.0403  data_time: 0.0021  memory: 1292  
2025/05/18 12:48:32 - mmengine - INFO - Epoch(val) [4][2100/4952]    eta: 0:02:02  time: 0.0405  data_time: 0.0021  memory: 1291  
2025/05/18 12:48:35 - mmengine - INFO - Epoch(val) [4][2150/4952]    eta: 0:02:00  time: 0.0461  data_time: 0.0029  memory: 1292  
2025/05/18 12:48:37 - mmengine - INFO - Epoch(val) [4][2200/4952]    eta: 0:01:58  time: 0.0431  data_time: 0.0026  memory: 1291  
2025/05/18 12:48:39 - mmengine - INFO - Epoch(val) [4][2250/4952]    eta: 0:01:55  time: 0.0403  data_time: 0.0020  memory: 1292  
2025/05/18 12:48:41 - mmengine - INFO - Epoch(val) [4][2300/4952]    eta: 0:01:53  time: 0.0404  data_time: 0.0021  memory: 1291  
2025/05/18 12:48:43 - mmengine - INFO - Epoch(val) [4][2350/4952]    eta: 0:01:51  time: 0.0408  data_time: 0.0022  memory: 1291  
2025/05/18 12:48:45 - mmengine - INFO - Epoch(val) [4][2400/4952]    eta: 0:01:49  time: 0.0450  data_time: 0.0026  memory: 1291  
2025/05/18 12:48:47 - mmengine - INFO - Epoch(val) [4][2450/4952]    eta: 0:01:47  time: 0.0442  data_time: 0.0026  memory: 1291  
2025/05/18 12:48:50 - mmengine - INFO - Epoch(val) [4][2500/4952]    eta: 0:01:45  time: 0.0443  data_time: 0.0026  memory: 1292  
2025/05/18 12:48:52 - mmengine - INFO - Epoch(val) [4][2550/4952]    eta: 0:01:43  time: 0.0442  data_time: 0.0027  memory: 1291  
2025/05/18 12:48:54 - mmengine - INFO - Epoch(val) [4][2600/4952]    eta: 0:01:40  time: 0.0431  data_time: 0.0026  memory: 1292  
2025/05/18 12:48:56 - mmengine - INFO - Epoch(val) [4][2650/4952]    eta: 0:01:38  time: 0.0412  data_time: 0.0023  memory: 1292  
2025/05/18 12:48:58 - mmengine - INFO - Epoch(val) [4][2700/4952]    eta: 0:01:36  time: 0.0403  data_time: 0.0020  memory: 1292  
2025/05/18 12:49:00 - mmengine - INFO - Epoch(val) [4][2750/4952]    eta: 0:01:34  time: 0.0413  data_time: 0.0022  memory: 1291  
2025/05/18 12:49:02 - mmengine - INFO - Epoch(val) [4][2800/4952]    eta: 0:01:32  time: 0.0402  data_time: 0.0020  memory: 1291  
2025/05/18 12:49:04 - mmengine - INFO - Epoch(val) [4][2850/4952]    eta: 0:01:29  time: 0.0406  data_time: 0.0022  memory: 1291  
2025/05/18 12:49:06 - mmengine - INFO - Epoch(val) [4][2900/4952]    eta: 0:01:27  time: 0.0425  data_time: 0.0024  memory: 1292  
2025/05/18 12:49:08 - mmengine - INFO - Epoch(val) [4][2950/4952]    eta: 0:01:25  time: 0.0424  data_time: 0.0025  memory: 1292  
2025/05/18 12:49:11 - mmengine - INFO - Epoch(val) [4][3000/4952]    eta: 0:01:23  time: 0.0443  data_time: 0.0028  memory: 1291  
2025/05/18 12:49:13 - mmengine - INFO - Epoch(val) [4][3050/4952]    eta: 0:01:21  time: 0.0445  data_time: 0.0030  memory: 1291  
2025/05/18 12:49:15 - mmengine - INFO - Epoch(val) [4][3100/4952]    eta: 0:01:19  time: 0.0456  data_time: 0.0027  memory: 1292  
2025/05/18 12:49:17 - mmengine - INFO - Epoch(val) [4][3150/4952]    eta: 0:01:17  time: 0.0451  data_time: 0.0029  memory: 1291  
2025/05/18 12:49:20 - mmengine - INFO - Epoch(val) [4][3200/4952]    eta: 0:01:15  time: 0.0449  data_time: 0.0029  memory: 1291  
2025/05/18 12:49:22 - mmengine - INFO - Epoch(val) [4][3250/4952]    eta: 0:01:13  time: 0.0444  data_time: 0.0029  memory: 1291  
2025/05/18 12:49:24 - mmengine - INFO - Epoch(val) [4][3300/4952]    eta: 0:01:10  time: 0.0437  data_time: 0.0028  memory: 1291  
2025/05/18 12:49:26 - mmengine - INFO - Epoch(val) [4][3350/4952]    eta: 0:01:08  time: 0.0459  data_time: 0.0027  memory: 1291  
2025/05/18 12:49:29 - mmengine - INFO - Epoch(val) [4][3400/4952]    eta: 0:01:06  time: 0.0445  data_time: 0.0028  memory: 1292  
2025/05/18 12:49:31 - mmengine - INFO - Epoch(val) [4][3450/4952]    eta: 0:01:04  time: 0.0444  data_time: 0.0029  memory: 1291  
2025/05/18 12:49:33 - mmengine - INFO - Epoch(val) [4][3500/4952]    eta: 0:01:02  time: 0.0446  data_time: 0.0029  memory: 1291  
2025/05/18 12:49:35 - mmengine - INFO - Epoch(val) [4][3550/4952]    eta: 0:01:00  time: 0.0453  data_time: 0.0029  memory: 1291  
2025/05/18 12:49:38 - mmengine - INFO - Epoch(val) [4][3600/4952]    eta: 0:00:58  time: 0.0466  data_time: 0.0029  memory: 1292  
2025/05/18 12:49:40 - mmengine - INFO - Epoch(val) [4][3650/4952]    eta: 0:00:56  time: 0.0445  data_time: 0.0027  memory: 1292  
2025/05/18 12:49:42 - mmengine - INFO - Epoch(val) [4][3700/4952]    eta: 0:00:54  time: 0.0447  data_time: 0.0027  memory: 1291  
2025/05/18 12:49:44 - mmengine - INFO - Epoch(val) [4][3750/4952]    eta: 0:00:51  time: 0.0449  data_time: 0.0029  memory: 1291  
2025/05/18 12:49:47 - mmengine - INFO - Epoch(val) [4][3800/4952]    eta: 0:00:49  time: 0.0454  data_time: 0.0030  memory: 1291  
2025/05/18 12:49:49 - mmengine - INFO - Epoch(val) [4][3850/4952]    eta: 0:00:47  time: 0.0452  data_time: 0.0030  memory: 1291  
2025/05/18 12:49:51 - mmengine - INFO - Epoch(val) [4][3900/4952]    eta: 0:00:45  time: 0.0448  data_time: 0.0029  memory: 1291  
2025/05/18 12:49:54 - mmengine - INFO - Epoch(val) [4][3950/4952]    eta: 0:00:43  time: 0.0455  data_time: 0.0030  memory: 1291  
2025/05/18 12:49:56 - mmengine - INFO - Epoch(val) [4][4000/4952]    eta: 0:00:41  time: 0.0456  data_time: 0.0030  memory: 1292  
2025/05/18 12:49:58 - mmengine - INFO - Epoch(val) [4][4050/4952]    eta: 0:00:39  time: 0.0446  data_time: 0.0028  memory: 1292  
2025/05/18 12:50:00 - mmengine - INFO - Epoch(val) [4][4100/4952]    eta: 0:00:36  time: 0.0444  data_time: 0.0029  memory: 1292  
2025/05/18 12:50:02 - mmengine - INFO - Epoch(val) [4][4150/4952]    eta: 0:00:34  time: 0.0445  data_time: 0.0028  memory: 1292  
2025/05/18 12:50:05 - mmengine - INFO - Epoch(val) [4][4200/4952]    eta: 0:00:32  time: 0.0445  data_time: 0.0029  memory: 1291  
2025/05/18 12:50:07 - mmengine - INFO - Epoch(val) [4][4250/4952]    eta: 0:00:30  time: 0.0445  data_time: 0.0028  memory: 1292  
2025/05/18 12:50:09 - mmengine - INFO - Epoch(val) [4][4300/4952]    eta: 0:00:28  time: 0.0465  data_time: 0.0031  memory: 1292  
2025/05/18 12:50:11 - mmengine - INFO - Epoch(val) [4][4350/4952]    eta: 0:00:26  time: 0.0440  data_time: 0.0026  memory: 1292  
2025/05/18 12:50:14 - mmengine - INFO - Epoch(val) [4][4400/4952]    eta: 0:00:23  time: 0.0443  data_time: 0.0027  memory: 1291  
2025/05/18 12:50:16 - mmengine - INFO - Epoch(val) [4][4450/4952]    eta: 0:00:21  time: 0.0417  data_time: 0.0023  memory: 1291  
2025/05/18 12:50:18 - mmengine - INFO - Epoch(val) [4][4500/4952]    eta: 0:00:19  time: 0.0410  data_time: 0.0021  memory: 1291  
2025/05/18 12:50:20 - mmengine - INFO - Epoch(val) [4][4550/4952]    eta: 0:00:17  time: 0.0447  data_time: 0.0028  memory: 1292  
2025/05/18 12:50:22 - mmengine - INFO - Epoch(val) [4][4600/4952]    eta: 0:00:15  time: 0.0447  data_time: 0.0029  memory: 1291  
2025/05/18 12:50:25 - mmengine - INFO - Epoch(val) [4][4650/4952]    eta: 0:00:13  time: 0.0460  data_time: 0.0029  memory: 1291  
2025/05/18 12:50:27 - mmengine - INFO - Epoch(val) [4][4700/4952]    eta: 0:00:10  time: 0.0430  data_time: 0.0028  memory: 1292  
2025/05/18 12:50:29 - mmengine - INFO - Epoch(val) [4][4750/4952]    eta: 0:00:08  time: 0.0404  data_time: 0.0024  memory: 1291  
2025/05/18 12:50:31 - mmengine - INFO - Epoch(val) [4][4800/4952]    eta: 0:00:06  time: 0.0407  data_time: 0.0024  memory: 1291  
2025/05/18 12:50:33 - mmengine - INFO - Epoch(val) [4][4850/4952]    eta: 0:00:04  time: 0.0403  data_time: 0.0022  memory: 1292  
2025/05/18 12:50:35 - mmengine - INFO - Epoch(val) [4][4900/4952]    eta: 0:00:02  time: 0.0413  data_time: 0.0023  memory: 1291  
2025/05/18 12:50:37 - mmengine - INFO - Epoch(val) [4][4950/4952]    eta: 0:00:00  time: 0.0402  data_time: 0.0020  memory: 1292  
2025/05/18 12:50:37 - mmengine - INFO - 
---------------iou_thr: 0.5---------------
2025/05/18 12:50:41 - mmengine - INFO - 
+-------------+------+-------+--------+-------+
| class       | gts  | dets  | recall | ap    |
+-------------+------+-------+--------+-------+
| aeroplane   | 285  | 14980 | 0.856  | 0.601 |
| bicycle     | 337  | 12869 | 0.944  | 0.669 |
| bird        | 459  | 30519 | 0.893  | 0.630 |
| boat        | 263  | 24855 | 0.856  | 0.505 |
| bottle      | 469  | 10004 | 0.533  | 0.295 |
| bus         | 213  | 12937 | 0.930  | 0.694 |
| car         | 1201 | 44687 | 0.887  | 0.666 |
| cat         | 358  | 25500 | 0.978  | 0.805 |
| chair       | 756  | 73049 | 0.877  | 0.351 |
| cow         | 244  | 10206 | 0.943  | 0.607 |
| diningtable | 206  | 13364 | 0.908  | 0.566 |
| dog         | 489  | 20061 | 0.984  | 0.740 |
| horse       | 348  | 21514 | 0.960  | 0.769 |
| motorbike   | 325  | 14143 | 0.917  | 0.675 |
| person      | 4528 | 96687 | 0.851  | 0.606 |
| pottedplant | 480  | 17621 | 0.698  | 0.264 |
| sheep       | 242  | 6979  | 0.868  | 0.511 |
| sofa        | 239  | 14361 | 0.950  | 0.630 |
| train       | 282  | 15422 | 0.965  | 0.759 |
| tvmonitor   | 308  | 15442 | 0.890  | 0.584 |
+-------------+------+-------+--------+-------+
| mAP         |      |       |        | 0.596 |
+-------------+------+-------+--------+-------+
2025/05/18 12:50:41 - mmengine - INFO - Epoch(val) [4][4952/4952]    pascal_voc/mAP: 0.5964  pascal_voc/AP50: 0.5960  data_time: 0.0026  time: 0.0433
2025/05/18 12:50:54 - mmengine - INFO - Epoch(train) [5][  50/8276]  lr: 2.5000e-05  eta: 1:11:22  time: 0.2617  data_time: 0.0070  memory: 2063  grad_norm: 125.7193  loss: 7.7792  s0.loss_cls: 0.5948  s0.pos_acc: 100.0000  s0.loss_bbox: 0.8143  s0.loss_iou: 0.6883  s1.loss_cls: 0.4579  s1.pos_acc: 100.0000  s1.loss_bbox: 0.4604  s1.loss_iou: 0.4084  s2.loss_cls: 0.4243  s2.pos_acc: 100.0000  s2.loss_bbox: 0.3715  s2.loss_iou: 0.3473  s3.loss_cls: 0.4108  s3.pos_acc: 100.0000  s3.loss_bbox: 0.3502  s3.loss_iou: 0.3284  s4.loss_cls: 0.3826  s4.pos_acc: 100.0000  s4.loss_bbox: 0.3486  s4.loss_iou: 0.3296  s5.loss_cls: 0.3683  s5.pos_acc: 100.0000  s5.loss_bbox: 0.3608  s5.loss_iou: 0.3327
2025/05/18 12:51:07 - mmengine - INFO - Epoch(train) [5][ 100/8276]  lr: 2.5000e-05  eta: 1:11:09  time: 0.2557  data_time: 0.0060  memory: 2063  grad_norm: 129.5609  loss: 7.8557  s0.loss_cls: 0.6117  s0.pos_acc: 100.0000  s0.loss_bbox: 0.7512  s0.loss_iou: 0.6196  s1.loss_cls: 0.4247  s1.pos_acc: 100.0000  s1.loss_bbox: 0.4921  s1.loss_iou: 0.4057  s2.loss_cls: 0.3708  s2.pos_acc: 100.0000  s2.loss_bbox: 0.4392  s2.loss_iou: 0.3599  s3.loss_cls: 0.3530  s3.pos_acc: 100.0000  s3.loss_bbox: 0.4253  s3.loss_iou: 0.3546  s4.loss_cls: 0.3532  s4.pos_acc: 100.0000  s4.loss_bbox: 0.4286  s4.loss_iou: 0.3573  s5.loss_cls: 0.3466  s5.pos_acc: 100.0000  s5.loss_bbox: 0.4153  s5.loss_iou: 0.3470
2025/05/18 12:51:20 - mmengine - INFO - Epoch(train) [5][ 150/8276]  lr: 2.5000e-05  eta: 1:10:56  time: 0.2680  data_time: 0.0076  memory: 2063  grad_norm: 117.0179  loss: 8.6762  s0.loss_cls: 0.6605  s0.pos_acc: 40.0000  s0.loss_bbox: 0.8212  s0.loss_iou: 0.7184  s1.loss_cls: 0.4817  s1.pos_acc: 100.0000  s1.loss_bbox: 0.5055  s1.loss_iou: 0.4591  s2.loss_cls: 0.4887  s2.pos_acc: 80.0000  s2.loss_bbox: 0.4144  s2.loss_iou: 0.3888  s3.loss_cls: 0.4748  s3.pos_acc: 80.0000  s3.loss_bbox: 0.3952  s3.loss_iou: 0.3706  s4.loss_cls: 0.4686  s4.pos_acc: 80.0000  s4.loss_bbox: 0.4026  s4.loss_iou: 0.3746  s5.loss_cls: 0.4693  s5.pos_acc: 80.0000  s5.loss_bbox: 0.4073  s5.loss_iou: 0.3750
2025/05/18 12:51:34 - mmengine - INFO - Epoch(train) [5][ 200/8276]  lr: 2.5000e-05  eta: 1:10:43  time: 0.2784  data_time: 0.0079  memory: 2064  grad_norm: 124.0878  loss: 7.8077  s0.loss_cls: 0.6658  s0.pos_acc: 75.0000  s0.loss_bbox: 0.7561  s0.loss_iou: 0.5990  s1.loss_cls: 0.4290  s1.pos_acc: 75.0000  s1.loss_bbox: 0.4823  s1.loss_iou: 0.3911  s2.loss_cls: 0.4081  s2.pos_acc: 75.0000  s2.loss_bbox: 0.4051  s2.loss_iou: 0.3369  s3.loss_cls: 0.4084  s3.pos_acc: 75.0000  s3.loss_bbox: 0.3785  s3.loss_iou: 0.3216  s4.loss_cls: 0.4020  s4.pos_acc: 75.0000  s4.loss_bbox: 0.3785  s4.loss_iou: 0.3200  s5.loss_cls: 0.4159  s5.pos_acc: 75.0000  s5.loss_bbox: 0.3846  s5.loss_iou: 0.3249
2025/05/18 12:51:47 - mmengine - INFO - Epoch(train) [5][ 250/8276]  lr: 2.5000e-05  eta: 1:10:30  time: 0.2558  data_time: 0.0060  memory: 2063  grad_norm: 132.9242  loss: 7.5233  s0.loss_cls: 0.6037  s0.pos_acc: 100.0000  s0.loss_bbox: 0.7476  s0.loss_iou: 0.6442  s1.loss_cls: 0.4166  s1.pos_acc: 100.0000  s1.loss_bbox: 0.4942  s1.loss_iou: 0.4007  s2.loss_cls: 0.3996  s2.pos_acc: 100.0000  s2.loss_bbox: 0.4163  s2.loss_iou: 0.3387  s3.loss_cls: 0.3778  s3.pos_acc: 100.0000  s3.loss_bbox: 0.3561  s3.loss_iou: 0.2986  s4.loss_cls: 0.3737  s4.pos_acc: 100.0000  s4.loss_bbox: 0.3393  s4.loss_iou: 0.2910  s5.loss_cls: 0.3706  s5.pos_acc: 100.0000  s5.loss_bbox: 0.3555  s5.loss_iou: 0.2990
2025/05/18 12:52:00 - mmengine - INFO - Epoch(train) [5][ 300/8276]  lr: 2.5000e-05  eta: 1:10:17  time: 0.2508  data_time: 0.0053  memory: 2064  grad_norm: 126.8669  loss: 7.5055  s0.loss_cls: 0.5907  s0.pos_acc: 75.0000  s0.loss_bbox: 0.7502  s0.loss_iou: 0.6684  s1.loss_cls: 0.3908  s1.pos_acc: 100.0000  s1.loss_bbox: 0.4745  s1.loss_iou: 0.4282  s2.loss_cls: 0.3647  s2.pos_acc: 100.0000  s2.loss_bbox: 0.3717  s2.loss_iou: 0.3615  s3.loss_cls: 0.3355  s3.pos_acc: 100.0000  s3.loss_bbox: 0.3526  s3.loss_iou: 0.3485  s4.loss_cls: 0.3147  s4.pos_acc: 100.0000  s4.loss_bbox: 0.3614  s4.loss_iou: 0.3544  s5.loss_cls: 0.3246  s5.pos_acc: 100.0000  s5.loss_bbox: 0.3622  s5.loss_iou: 0.3510
2025/05/18 12:52:12 - mmengine - INFO - Epoch(train) [5][ 350/8276]  lr: 2.5000e-05  eta: 1:10:04  time: 0.2515  data_time: 0.0054  memory: 2064  grad_norm: 132.5320  loss: 7.8704  s0.loss_cls: 0.6884  s0.pos_acc: 66.6667  s0.loss_bbox: 0.7386  s0.loss_iou: 0.6480  s1.loss_cls: 0.4740  s1.pos_acc: 100.0000  s1.loss_bbox: 0.4198  s1.loss_iou: 0.3787  s2.loss_cls: 0.4529  s2.pos_acc: 100.0000  s2.loss_bbox: 0.3653  s2.loss_iou: 0.3389  s3.loss_cls: 0.4397  s3.pos_acc: 66.6667  s3.loss_bbox: 0.3535  s3.loss_iou: 0.3306  s4.loss_cls: 0.4387  s4.pos_acc: 66.6667  s4.loss_bbox: 0.3522  s4.loss_iou: 0.3334  s5.loss_cls: 0.4304  s5.pos_acc: 66.6667  s5.loss_bbox: 0.3540  s5.loss_iou: 0.3334
2025/05/18 12:52:26 - mmengine - INFO - Epoch(train) [5][ 400/8276]  lr: 2.5000e-05  eta: 1:09:51  time: 0.2639  data_time: 0.0067  memory: 2064  grad_norm: 123.0920  loss: 7.9889  s0.loss_cls: 0.6469  s0.pos_acc: 80.0000  s0.loss_bbox: 0.7310  s0.loss_iou: 0.6743  s1.loss_cls: 0.4587  s1.pos_acc: 100.0000  s1.loss_bbox: 0.4503  s1.loss_iou: 0.4189  s2.loss_cls: 0.4184  s2.pos_acc: 100.0000  s2.loss_bbox: 0.3852  s2.loss_iou: 0.3754  s3.loss_cls: 0.3873  s3.pos_acc: 100.0000  s3.loss_bbox: 0.3860  s3.loss_iou: 0.3720  s4.loss_cls: 0.3959  s4.pos_acc: 100.0000  s4.loss_bbox: 0.3739  s4.loss_iou: 0.3651  s5.loss_cls: 0.4034  s5.pos_acc: 100.0000  s5.loss_bbox: 0.3802  s5.loss_iou: 0.3659
2025/05/18 12:52:39 - mmengine - INFO - Epoch(train) [5][ 450/8276]  lr: 2.5000e-05  eta: 1:09:38  time: 0.2641  data_time: 0.0070  memory: 2064  grad_norm: 112.8895  loss: 8.3736  s0.loss_cls: 0.6768  s0.pos_acc: 100.0000  s0.loss_bbox: 0.7826  s0.loss_iou: 0.6972  s1.loss_cls: 0.4641  s1.pos_acc: 100.0000  s1.loss_bbox: 0.4946  s1.loss_iou: 0.4420  s2.loss_cls: 0.4526  s2.pos_acc: 100.0000  s2.loss_bbox: 0.4294  s2.loss_iou: 0.3804  s3.loss_cls: 0.4235  s3.pos_acc: 100.0000  s3.loss_bbox: 0.4027  s3.loss_iou: 0.3630  s4.loss_cls: 0.4253  s4.pos_acc: 100.0000  s4.loss_bbox: 0.3937  s4.loss_iou: 0.3594  s5.loss_cls: 0.4189  s5.pos_acc: 100.0000  s5.loss_bbox: 0.4014  s5.loss_iou: 0.3660
2025/05/18 12:52:52 - mmengine - INFO - Epoch(train) [5][ 500/8276]  lr: 2.5000e-05  eta: 1:09:25  time: 0.2685  data_time: 0.0075  memory: 2064  grad_norm: 121.6869  loss: 8.3810  s0.loss_cls: 0.6318  s0.pos_acc: 90.9091  s0.loss_bbox: 0.8234  s0.loss_iou: 0.6806  s1.loss_cls: 0.5025  s1.pos_acc: 90.9091  s1.loss_bbox: 0.4864  s1.loss_iou: 0.4180  s2.loss_cls: 0.4617  s2.pos_acc: 90.9091  s2.loss_bbox: 0.4248  s2.loss_iou: 0.3670  s3.loss_cls: 0.4591  s3.pos_acc: 100.0000  s3.loss_bbox: 0.4047  s3.loss_iou: 0.3609  s4.loss_cls: 0.4690  s4.pos_acc: 90.9091  s4.loss_bbox: 0.3760  s4.loss_iou: 0.3427  s5.loss_cls: 0.4604  s5.pos_acc: 90.9091  s5.loss_bbox: 0.3728  s5.loss_iou: 0.3393
2025/05/18 12:53:05 - mmengine - INFO - Epoch(train) [5][ 550/8276]  lr: 2.5000e-05  eta: 1:09:13  time: 0.2658  data_time: 0.0072  memory: 2064  grad_norm: 127.1253  loss: 8.4808  s0.loss_cls: 0.6996  s0.pos_acc: 60.0000  s0.loss_bbox: 0.7526  s0.loss_iou: 0.6946  s1.loss_cls: 0.4825  s1.pos_acc: 100.0000  s1.loss_bbox: 0.4955  s1.loss_iou: 0.4583  s2.loss_cls: 0.4531  s2.pos_acc: 80.0000  s2.loss_bbox: 0.4227  s2.loss_iou: 0.3995  s3.loss_cls: 0.4253  s3.pos_acc: 80.0000  s3.loss_bbox: 0.3952  s3.loss_iou: 0.3849  s4.loss_cls: 0.4186  s4.pos_acc: 80.0000  s4.loss_bbox: 0.3935  s4.loss_iou: 0.3840  s5.loss_cls: 0.4425  s5.pos_acc: 80.0000  s5.loss_bbox: 0.3935  s5.loss_iou: 0.3849
2025/05/18 12:53:18 - mmengine - INFO - Epoch(train) [5][ 600/8276]  lr: 2.5000e-05  eta: 1:08:59  time: 0.2551  data_time: 0.0062  memory: 2064  grad_norm: 129.9357  loss: 7.6382  s0.loss_cls: 0.6010  s0.pos_acc: 100.0000  s0.loss_bbox: 0.6994  s0.loss_iou: 0.5974  s1.loss_cls: 0.4266  s1.pos_acc: 100.0000  s1.loss_bbox: 0.4602  s1.loss_iou: 0.3869  s2.loss_cls: 0.4066  s2.pos_acc: 100.0000  s2.loss_bbox: 0.4088  s2.loss_iou: 0.3441  s3.loss_cls: 0.4042  s3.pos_acc: 100.0000  s3.loss_bbox: 0.3809  s3.loss_iou: 0.3307  s4.loss_cls: 0.3946  s4.pos_acc: 100.0000  s4.loss_bbox: 0.3770  s4.loss_iou: 0.3269  s5.loss_cls: 0.3963  s5.pos_acc: 100.0000  s5.loss_bbox: 0.3723  s5.loss_iou: 0.3243
2025/05/18 12:53:31 - mmengine - INFO - Epoch(train) [5][ 650/8276]  lr: 2.5000e-05  eta: 1:08:46  time: 0.2597  data_time: 0.0067  memory: 2064  grad_norm: 120.5493  loss: 7.8514  s0.loss_cls: 0.6844  s0.pos_acc: 42.8571  s0.loss_bbox: 0.7558  s0.loss_iou: 0.6600  s1.loss_cls: 0.4308  s1.pos_acc: 100.0000  s1.loss_bbox: 0.4845  s1.loss_iou: 0.4244  s2.loss_cls: 0.3972  s2.pos_acc: 85.7143  s2.loss_bbox: 0.4053  s2.loss_iou: 0.3655  s3.loss_cls: 0.3711  s3.pos_acc: 85.7143  s3.loss_bbox: 0.3770  s3.loss_iou: 0.3478  s4.loss_cls: 0.3610  s4.pos_acc: 100.0000  s4.loss_bbox: 0.3716  s4.loss_iou: 0.3428  s5.loss_cls: 0.3676  s5.pos_acc: 100.0000  s5.loss_bbox: 0.3649  s5.loss_iou: 0.3396
2025/05/18 12:53:44 - mmengine - INFO - Epoch(train) [5][ 700/8276]  lr: 2.5000e-05  eta: 1:08:34  time: 0.2636  data_time: 0.0072  memory: 2064  grad_norm: 123.5143  loss: 7.8962  s0.loss_cls: 0.6652  s0.pos_acc: 75.0000  s0.loss_bbox: 0.7311  s0.loss_iou: 0.6414  s1.loss_cls: 0.4318  s1.pos_acc: 100.0000  s1.loss_bbox: 0.4591  s1.loss_iou: 0.4202  s2.loss_cls: 0.4009  s2.pos_acc: 100.0000  s2.loss_bbox: 0.4034  s2.loss_iou: 0.3807  s3.loss_cls: 0.3934  s3.pos_acc: 100.0000  s3.loss_bbox: 0.3842  s3.loss_iou: 0.3690  s4.loss_cls: 0.3789  s4.pos_acc: 100.0000  s4.loss_bbox: 0.3660  s4.loss_iou: 0.3638  s5.loss_cls: 0.3907  s5.pos_acc: 100.0000  s5.loss_bbox: 0.3587  s5.loss_iou: 0.3576
2025/05/18 12:53:57 - mmengine - INFO - Epoch(train) [5][ 750/8276]  lr: 2.5000e-05  eta: 1:08:20  time: 0.2543  data_time: 0.0061  memory: 2064  grad_norm: 114.0989  loss: 8.1156  s0.loss_cls: 0.6843  s0.pos_acc: 62.5000  s0.loss_bbox: 0.7272  s0.loss_iou: 0.6927  s1.loss_cls: 0.4610  s1.pos_acc: 75.0000  s1.loss_bbox: 0.4577  s1.loss_iou: 0.4503  s2.loss_cls: 0.4117  s2.pos_acc: 87.5000  s2.loss_bbox: 0.4069  s2.loss_iou: 0.3920  s3.loss_cls: 0.3918  s3.pos_acc: 87.5000  s3.loss_bbox: 0.3823  s3.loss_iou: 0.3775  s4.loss_cls: 0.3746  s4.pos_acc: 87.5000  s4.loss_bbox: 0.3879  s4.loss_iou: 0.3839  s5.loss_cls: 0.3782  s5.pos_acc: 87.5000  s5.loss_bbox: 0.3779  s5.loss_iou: 0.3777
2025/05/18 12:54:10 - mmengine - INFO - Epoch(train) [5][ 800/8276]  lr: 2.5000e-05  eta: 1:08:07  time: 0.2532  data_time: 0.0055  memory: 2063  grad_norm: 110.7771  loss: 8.3032  s0.loss_cls: 0.7131  s0.pos_acc: 100.0000  s0.loss_bbox: 0.7918  s0.loss_iou: 0.7057  s1.loss_cls: 0.4409  s1.pos_acc: 100.0000  s1.loss_bbox: 0.5080  s1.loss_iou: 0.4664  s2.loss_cls: 0.4051  s2.pos_acc: 100.0000  s2.loss_bbox: 0.4212  s2.loss_iou: 0.3943  s3.loss_cls: 0.4039  s3.pos_acc: 100.0000  s3.loss_bbox: 0.3954  s3.loss_iou: 0.3732  s4.loss_cls: 0.3998  s4.pos_acc: 100.0000  s4.loss_bbox: 0.3769  s4.loss_iou: 0.3621  s5.loss_cls: 0.4041  s5.pos_acc: 100.0000  s5.loss_bbox: 0.3805  s5.loss_iou: 0.3608
2025/05/18 12:54:22 - mmengine - INFO - Epoch(train) [5][ 850/8276]  lr: 2.5000e-05  eta: 1:07:54  time: 0.2543  data_time: 0.0056  memory: 2064  grad_norm: 125.2760  loss: 7.7914  s0.loss_cls: 0.6595  s0.pos_acc: 66.6667  s0.loss_bbox: 0.7621  s0.loss_iou: 0.7081  s1.loss_cls: 0.4457  s1.pos_acc: 100.0000  s1.loss_bbox: 0.4350  s1.loss_iou: 0.4199  s2.loss_cls: 0.3827  s2.pos_acc: 100.0000  s2.loss_bbox: 0.3913  s2.loss_iou: 0.3782  s3.loss_cls: 0.3583  s3.pos_acc: 100.0000  s3.loss_bbox: 0.3655  s3.loss_iou: 0.3666  s4.loss_cls: 0.3440  s4.pos_acc: 100.0000  s4.loss_bbox: 0.3542  s4.loss_iou: 0.3592  s5.loss_cls: 0.3496  s5.pos_acc: 100.0000  s5.loss_bbox: 0.3512  s5.loss_iou: 0.3604
2025/05/18 12:54:34 - mmengine - INFO - Exp name: sparse-rcnn_voc_20250518_101231
2025/05/18 12:54:35 - mmengine - INFO - Epoch(train) [5][ 900/8276]  lr: 2.5000e-05  eta: 1:07:41  time: 0.2537  data_time: 0.0062  memory: 2064  grad_norm: 118.2911  loss: 8.3072  s0.loss_cls: 0.5988  s0.pos_acc: 100.0000  s0.loss_bbox: 0.7927  s0.loss_iou: 0.6646  s1.loss_cls: 0.4227  s1.pos_acc: 50.0000  s1.loss_bbox: 0.5178  s1.loss_iou: 0.4460  s2.loss_cls: 0.3966  s2.pos_acc: 50.0000  s2.loss_bbox: 0.4766  s2.loss_iou: 0.4108  s3.loss_cls: 0.3900  s3.pos_acc: 50.0000  s3.loss_bbox: 0.4411  s3.loss_iou: 0.3882  s4.loss_cls: 0.3857  s4.pos_acc: 50.0000  s4.loss_bbox: 0.4195  s4.loss_iou: 0.3793  s5.loss_cls: 0.3803  s5.pos_acc: 50.0000  s5.loss_bbox: 0.4179  s5.loss_iou: 0.3786
2025/05/18 12:54:48 - mmengine - INFO - Epoch(train) [5][ 950/8276]  lr: 2.5000e-05  eta: 1:07:28  time: 0.2555  data_time: 0.0059  memory: 2064  grad_norm: 129.8441  loss: 7.9254  s0.loss_cls: 0.6240  s0.pos_acc: 66.6667  s0.loss_bbox: 0.7581  s0.loss_iou: 0.6464  s1.loss_cls: 0.4499  s1.pos_acc: 66.6667  s1.loss_bbox: 0.4745  s1.loss_iou: 0.4196  s2.loss_cls: 0.4120  s2.pos_acc: 100.0000  s2.loss_bbox: 0.4168  s2.loss_iou: 0.3683  s3.loss_cls: 0.3857  s3.pos_acc: 100.0000  s3.loss_bbox: 0.3985  s3.loss_iou: 0.3523  s4.loss_cls: 0.4135  s4.pos_acc: 100.0000  s4.loss_bbox: 0.3631  s4.loss_iou: 0.3311  s5.loss_cls: 0.4180  s5.pos_acc: 100.0000  s5.loss_bbox: 0.3631  s5.loss_iou: 0.3306
2025/05/18 12:55:01 - mmengine - INFO - Epoch(train) [5][1000/8276]  lr: 2.5000e-05  eta: 1:07:15  time: 0.2598  data_time: 0.0061  memory: 2064  grad_norm: 126.1403  loss: 7.6676  s0.loss_cls: 0.5845  s0.pos_acc: 100.0000  s0.loss_bbox: 0.7363  s0.loss_iou: 0.6291  s1.loss_cls: 0.4423  s1.pos_acc: 100.0000  s1.loss_bbox: 0.4470  s1.loss_iou: 0.3979  s2.loss_cls: 0.4141  s2.pos_acc: 100.0000  s2.loss_bbox: 0.3934  s2.loss_iou: 0.3595  s3.loss_cls: 0.3772  s3.pos_acc: 100.0000  s3.loss_bbox: 0.3708  s3.loss_iou: 0.3455  s4.loss_cls: 0.3900  s4.pos_acc: 100.0000  s4.loss_bbox: 0.3627  s4.loss_iou: 0.3332  s5.loss_cls: 0.3997  s5.pos_acc: 100.0000  s5.loss_bbox: 0.3560  s5.loss_iou: 0.3285
2025/05/18 12:55:14 - mmengine - INFO - Epoch(train) [5][1050/8276]  lr: 2.5000e-05  eta: 1:07:02  time: 0.2604  data_time: 0.0066  memory: 2064  grad_norm: 121.2073  loss: 7.3413  s0.loss_cls: 0.6342  s0.pos_acc: 66.6667  s0.loss_bbox: 0.7076  s0.loss_iou: 0.6200  s1.loss_cls: 0.4302  s1.pos_acc: 83.3333  s1.loss_bbox: 0.4393  s1.loss_iou: 0.4007  s2.loss_cls: 0.3975  s2.pos_acc: 83.3333  s2.loss_bbox: 0.3584  s2.loss_iou: 0.3324  s3.loss_cls: 0.3501  s3.pos_acc: 83.3333  s3.loss_bbox: 0.3376  s3.loss_iou: 0.3192  s4.loss_cls: 0.3526  s4.pos_acc: 100.0000  s4.loss_bbox: 0.3410  s4.loss_iou: 0.3175  s5.loss_cls: 0.3669  s5.pos_acc: 83.3333  s5.loss_bbox: 0.3271  s5.loss_iou: 0.3091
2025/05/18 12:55:27 - mmengine - INFO - Epoch(train) [5][1100/8276]  lr: 2.5000e-05  eta: 1:06:49  time: 0.2616  data_time: 0.0067  memory: 2063  grad_norm: 123.0645  loss: 7.9900  s0.loss_cls: 0.6631  s0.pos_acc: 100.0000  s0.loss_bbox: 0.7371  s0.loss_iou: 0.6272  s1.loss_cls: 0.4806  s1.pos_acc: 100.0000  s1.loss_bbox: 0.4533  s1.loss_iou: 0.3974  s2.loss_cls: 0.4103  s2.pos_acc: 100.0000  s2.loss_bbox: 0.4151  s2.loss_iou: 0.3583  s3.loss_cls: 0.3886  s3.pos_acc: 100.0000  s3.loss_bbox: 0.4075  s3.loss_iou: 0.3558  s4.loss_cls: 0.4007  s4.pos_acc: 100.0000  s4.loss_bbox: 0.3937  s4.loss_iou: 0.3479  s5.loss_cls: 0.4144  s5.pos_acc: 100.0000  s5.loss_bbox: 0.3906  s5.loss_iou: 0.3484
2025/05/18 12:55:40 - mmengine - INFO - Epoch(train) [5][1150/8276]  lr: 2.5000e-05  eta: 1:06:36  time: 0.2550  data_time: 0.0058  memory: 2063  grad_norm: 122.2737  loss: 7.9938  s0.loss_cls: 0.6962  s0.pos_acc: 100.0000  s0.loss_bbox: 0.7158  s0.loss_iou: 0.6311  s1.loss_cls: 0.4740  s1.pos_acc: 100.0000  s1.loss_bbox: 0.4592  s1.loss_iou: 0.4106  s2.loss_cls: 0.4453  s2.pos_acc: 100.0000  s2.loss_bbox: 0.3913  s2.loss_iou: 0.3515  s3.loss_cls: 0.4397  s3.pos_acc: 100.0000  s3.loss_bbox: 0.3767  s3.loss_iou: 0.3379  s4.loss_cls: 0.4230  s4.pos_acc: 100.0000  s4.loss_bbox: 0.3746  s4.loss_iou: 0.3358  s5.loss_cls: 0.4169  s5.pos_acc: 100.0000  s5.loss_bbox: 0.3762  s5.loss_iou: 0.3381
2025/05/18 12:55:53 - mmengine - INFO - Epoch(train) [5][1200/8276]  lr: 2.5000e-05  eta: 1:06:23  time: 0.2637  data_time: 0.0069  memory: 2064  grad_norm: 8443718.5948  loss: 197036.9752  s0.loss_cls: 27892.1803  s0.pos_acc: 87.5000  s0.loss_bbox: 0.7059  s0.loss_iou: 0.6513  s1.loss_cls: 23605.0427  s1.pos_acc: 100.0000  s1.loss_bbox: 0.4564  s1.loss_iou: 0.4283  s2.loss_cls: 40969.4392  s2.pos_acc: 100.0000  s2.loss_bbox: 0.4025  s2.loss_iou: 0.3797  s3.loss_cls: 24428.0160  s3.pos_acc: 100.0000  s3.loss_bbox: 0.3860  s3.loss_iou: 0.3715  s4.loss_cls: 36934.6074  s4.pos_acc: 100.0000  s4.loss_bbox: 0.3735  s4.loss_iou: 0.3640  s5.loss_cls: 43202.4218  s5.pos_acc: 100.0000  s5.loss_bbox: 0.3825  s5.loss_iou: 0.3688
2025/05/18 12:56:06 - mmengine - INFO - Epoch(train) [5][1250/8276]  lr: 2.5000e-05  eta: 1:06:10  time: 0.2667  data_time: 0.0077  memory: 2065  grad_norm: 131.4832  loss: 8.4710  s0.loss_cls: 0.6736  s0.pos_acc: 50.0000  s0.loss_bbox: 0.7617  s0.loss_iou: 0.7106  s1.loss_cls: 0.4860  s1.pos_acc: 50.0000  s1.loss_bbox: 0.4663  s1.loss_iou: 0.4531  s2.loss_cls: 0.4439  s2.pos_acc: 75.0000  s2.loss_bbox: 0.4142  s2.loss_iou: 0.4149  s3.loss_cls: 0.4326  s3.pos_acc: 75.0000  s3.loss_bbox: 0.3944  s3.loss_iou: 0.3998  s4.loss_cls: 0.4368  s4.pos_acc: 75.0000  s4.loss_bbox: 0.3834  s4.loss_iou: 0.3921  s5.loss_cls: 0.4412  s5.pos_acc: 75.0000  s5.loss_bbox: 0.3765  s5.loss_iou: 0.3898
2025/05/18 12:56:20 - mmengine - INFO - Epoch(train) [5][1300/8276]  lr: 2.5000e-05  eta: 1:05:58  time: 0.2643  data_time: 0.0070  memory: 2064  grad_norm: 130.8171  loss: 8.4153  s0.loss_cls: 0.7119  s0.pos_acc: 25.0000  s0.loss_bbox: 0.7210  s0.loss_iou: 0.6622  s1.loss_cls: 0.5345  s1.pos_acc: 75.0000  s1.loss_bbox: 0.4418  s1.loss_iou: 0.4303  s2.loss_cls: 0.4918  s2.pos_acc: 75.0000  s2.loss_bbox: 0.3940  s2.loss_iou: 0.3870  s3.loss_cls: 0.4636  s3.pos_acc: 75.0000  s3.loss_bbox: 0.3841  s3.loss_iou: 0.3789  s4.loss_cls: 0.4441  s4.pos_acc: 75.0000  s4.loss_bbox: 0.3804  s4.loss_iou: 0.3761  s5.loss_cls: 0.4681  s5.pos_acc: 75.0000  s5.loss_bbox: 0.3714  s5.loss_iou: 0.3741
2025/05/18 12:56:33 - mmengine - INFO - Epoch(train) [5][1350/8276]  lr: 2.5000e-05  eta: 1:05:45  time: 0.2611  data_time: 0.0066  memory: 2064  grad_norm: 126.2550  loss: 8.2536  s0.loss_cls: 0.6851  s0.pos_acc: 75.0000  s0.loss_bbox: 0.7497  s0.loss_iou: 0.6485  s1.loss_cls: 0.4865  s1.pos_acc: 100.0000  s1.loss_bbox: 0.4902  s1.loss_iou: 0.4228  s2.loss_cls: 0.4482  s2.pos_acc: 100.0000  s2.loss_bbox: 0.4234  s2.loss_iou: 0.3633  s3.loss_cls: 0.4505  s3.pos_acc: 100.0000  s3.loss_bbox: 0.4007  s3.loss_iou: 0.3475  s4.loss_cls: 0.4193  s4.pos_acc: 100.0000  s4.loss_bbox: 0.4037  s4.loss_iou: 0.3469  s5.loss_cls: 0.4322  s5.pos_acc: 100.0000  s5.loss_bbox: 0.3942  s5.loss_iou: 0.3410
2025/05/18 12:56:46 - mmengine - INFO - Epoch(train) [5][1400/8276]  lr: 2.5000e-05  eta: 1:05:32  time: 0.2622  data_time: 0.0069  memory: 2063  grad_norm: 119.5904  loss: 8.2391  s0.loss_cls: 0.6730  s0.pos_acc: 100.0000  s0.loss_bbox: 0.7652  s0.loss_iou: 0.6719  s1.loss_cls: 0.4589  s1.pos_acc: 100.0000  s1.loss_bbox: 0.4854  s1.loss_iou: 0.4303  s2.loss_cls: 0.4289  s2.pos_acc: 100.0000  s2.loss_bbox: 0.4312  s2.loss_iou: 0.3840  s3.loss_cls: 0.4361  s3.pos_acc: 100.0000  s3.loss_bbox: 0.3824  s3.loss_iou: 0.3602  s4.loss_cls: 0.4435  s4.pos_acc: 100.0000  s4.loss_bbox: 0.3714  s4.loss_iou: 0.3527  s5.loss_cls: 0.4547  s5.pos_acc: 100.0000  s5.loss_bbox: 0.3624  s5.loss_iou: 0.3469
2025/05/18 12:56:59 - mmengine - INFO - Epoch(train) [5][1450/8276]  lr: 2.5000e-05  eta: 1:05:19  time: 0.2618  data_time: 0.0070  memory: 2064  grad_norm: 128.0122  loss: 7.9302  s0.loss_cls: 0.7357  s0.pos_acc: 100.0000  s0.loss_bbox: 0.7458  s0.loss_iou: 0.6832  s1.loss_cls: 0.4497  s1.pos_acc: 100.0000  s1.loss_bbox: 0.4388  s1.loss_iou: 0.4352  s2.loss_cls: 0.4424  s2.pos_acc: 100.0000  s2.loss_bbox: 0.3694  s2.loss_iou: 0.3678  s3.loss_cls: 0.4128  s3.pos_acc: 100.0000  s3.loss_bbox: 0.3493  s3.loss_iou: 0.3467  s4.loss_cls: 0.4071  s4.pos_acc: 100.0000  s4.loss_bbox: 0.3327  s4.loss_iou: 0.3390  s5.loss_cls: 0.4095  s5.pos_acc: 100.0000  s5.loss_bbox: 0.3311  s5.loss_iou: 0.3342
2025/05/18 12:57:12 - mmengine - INFO - Epoch(train) [5][1500/8276]  lr: 2.5000e-05  eta: 1:05:06  time: 0.2559  data_time: 0.0063  memory: 2063  grad_norm: 138.6027  loss: 8.1512  s0.loss_cls: 0.6581  s0.pos_acc: 100.0000  s0.loss_bbox: 0.7578  s0.loss_iou: 0.6398  s1.loss_cls: 0.4483  s1.pos_acc: 100.0000  s1.loss_bbox: 0.5077  s1.loss_iou: 0.4328  s2.loss_cls: 0.4503  s2.pos_acc: 100.0000  s2.loss_bbox: 0.4140  s2.loss_iou: 0.3733  s3.loss_cls: 0.4164  s3.pos_acc: 100.0000  s3.loss_bbox: 0.3951  s3.loss_iou: 0.3549  s4.loss_cls: 0.3895  s4.pos_acc: 100.0000  s4.loss_bbox: 0.4107  s4.loss_iou: 0.3606  s5.loss_cls: 0.4043  s5.pos_acc: 100.0000  s5.loss_bbox: 0.3865  s5.loss_iou: 0.3511
2025/05/18 12:57:24 - mmengine - INFO - Epoch(train) [5][1550/8276]  lr: 2.5000e-05  eta: 1:04:53  time: 0.2531  data_time: 0.0054  memory: 2064  grad_norm: 117.4148  loss: 7.5412  s0.loss_cls: 0.6725  s0.pos_acc: 66.6667  s0.loss_bbox: 0.7530  s0.loss_iou: 0.6481  s1.loss_cls: 0.4053  s1.pos_acc: 100.0000  s1.loss_bbox: 0.4609  s1.loss_iou: 0.4185  s2.loss_cls: 0.3760  s2.pos_acc: 100.0000  s2.loss_bbox: 0.3803  s2.loss_iou: 0.3427  s3.loss_cls: 0.3562  s3.pos_acc: 100.0000  s3.loss_bbox: 0.3580  s3.loss_iou: 0.3220  s4.loss_cls: 0.3481  s4.pos_acc: 100.0000  s4.loss_bbox: 0.3530  s4.loss_iou: 0.3189  s5.loss_cls: 0.3492  s5.pos_acc: 100.0000  s5.loss_bbox: 0.3558  s5.loss_iou: 0.3226
2025/05/18 12:57:37 - mmengine - INFO - Epoch(train) [5][1600/8276]  lr: 2.5000e-05  eta: 1:04:40  time: 0.2572  data_time: 0.0061  memory: 2065  grad_norm: 127.8114  loss: 8.0212  s0.loss_cls: 0.6729  s0.pos_acc: 100.0000  s0.loss_bbox: 0.7905  s0.loss_iou: 0.6602  s1.loss_cls: 0.4977  s1.pos_acc: 100.0000  s1.loss_bbox: 0.4580  s1.loss_iou: 0.3933  s2.loss_cls: 0.4422  s2.pos_acc: 100.0000  s2.loss_bbox: 0.3996  s2.loss_iou: 0.3574  s3.loss_cls: 0.4202  s3.pos_acc: 100.0000  s3.loss_bbox: 0.3728  s3.loss_iou: 0.3423  s4.loss_cls: 0.4192  s4.pos_acc: 100.0000  s4.loss_bbox: 0.3535  s4.loss_iou: 0.3308  s5.loss_cls: 0.4270  s5.pos_acc: 100.0000  s5.loss_bbox: 0.3542  s5.loss_iou: 0.3294
2025/05/18 12:57:50 - mmengine - INFO - Epoch(train) [5][1650/8276]  lr: 2.5000e-05  eta: 1:04:27  time: 0.2636  data_time: 0.0070  memory: 2064  grad_norm: 125.5718  loss: 8.1363  s0.loss_cls: 0.6775  s0.pos_acc: 66.6667  s0.loss_bbox: 0.7598  s0.loss_iou: 0.6225  s1.loss_cls: 0.5209  s1.pos_acc: 66.6667  s1.loss_bbox: 0.4712  s1.loss_iou: 0.4022  s2.loss_cls: 0.4781  s2.pos_acc: 66.6667  s2.loss_bbox: 0.3943  s2.loss_iou: 0.3414  s3.loss_cls: 0.4651  s3.pos_acc: 66.6667  s3.loss_bbox: 0.3720  s3.loss_iou: 0.3291  s4.loss_cls: 0.4683  s4.pos_acc: 66.6667  s4.loss_bbox: 0.3572  s4.loss_iou: 0.3187  s5.loss_cls: 0.4899  s5.pos_acc: 66.6667  s5.loss_bbox: 0.3528  s5.loss_iou: 0.3152
2025/05/18 12:58:03 - mmengine - INFO - Epoch(train) [5][1700/8276]  lr: 2.5000e-05  eta: 1:04:14  time: 0.2570  data_time: 0.0064  memory: 2065  grad_norm: 123.3401  loss: 8.0116  s0.loss_cls: 0.7393  s0.pos_acc: 100.0000  s0.loss_bbox: 0.7011  s0.loss_iou: 0.6730  s1.loss_cls: 0.4986  s1.pos_acc: 100.0000  s1.loss_bbox: 0.4363  s1.loss_iou: 0.4314  s2.loss_cls: 0.4401  s2.pos_acc: 66.6667  s2.loss_bbox: 0.3724  s2.loss_iou: 0.3727  s3.loss_cls: 0.4406  s3.pos_acc: 66.6667  s3.loss_bbox: 0.3357  s3.loss_iou: 0.3508  s4.loss_cls: 0.4207  s4.pos_acc: 100.0000  s4.loss_bbox: 0.3309  s4.loss_iou: 0.3538  s5.loss_cls: 0.4272  s5.pos_acc: 100.0000  s5.loss_bbox: 0.3300  s5.loss_iou: 0.3569
2025/05/18 12:58:16 - mmengine - INFO - Epoch(train) [5][1750/8276]  lr: 2.5000e-05  eta: 1:04:01  time: 0.2595  data_time: 0.0066  memory: 2065  grad_norm: 125.2870  loss: 7.9478  s0.loss_cls: 0.6662  s0.pos_acc: 66.6667  s0.loss_bbox: 0.7098  s0.loss_iou: 0.6678  s1.loss_cls: 0.4459  s1.pos_acc: 100.0000  s1.loss_bbox: 0.4619  s1.loss_iou: 0.4450  s2.loss_cls: 0.4054  s2.pos_acc: 100.0000  s2.loss_bbox: 0.3987  s2.loss_iou: 0.3793  s3.loss_cls: 0.3849  s3.pos_acc: 100.0000  s3.loss_bbox: 0.3864  s3.loss_iou: 0.3659  s4.loss_cls: 0.3799  s4.pos_acc: 100.0000  s4.loss_bbox: 0.3737  s4.loss_iou: 0.3609  s5.loss_cls: 0.3904  s5.pos_acc: 100.0000  s5.loss_bbox: 0.3690  s5.loss_iou: 0.3567
2025/05/18 12:58:29 - mmengine - INFO - Epoch(train) [5][1800/8276]  lr: 2.5000e-05  eta: 1:03:48  time: 0.2547  data_time: 0.0056  memory: 2064  grad_norm: 122.5145  loss: 7.7616  s0.loss_cls: 0.6760  s0.pos_acc: 66.6667  s0.loss_bbox: 0.7181  s0.loss_iou: 0.6292  s1.loss_cls: 0.4584  s1.pos_acc: 100.0000  s1.loss_bbox: 0.4373  s1.loss_iou: 0.3952  s2.loss_cls: 0.4134  s2.pos_acc: 100.0000  s2.loss_bbox: 0.3982  s2.loss_iou: 0.3564  s3.loss_cls: 0.4121  s3.pos_acc: 100.0000  s3.loss_bbox: 0.3652  s3.loss_iou: 0.3311  s4.loss_cls: 0.4049  s4.pos_acc: 100.0000  s4.loss_bbox: 0.3601  s4.loss_iou: 0.3245  s5.loss_cls: 0.4127  s5.pos_acc: 100.0000  s5.loss_bbox: 0.3495  s5.loss_iou: 0.3193
2025/05/18 12:58:42 - mmengine - INFO - Epoch(train) [5][1850/8276]  lr: 2.5000e-05  eta: 1:03:35  time: 0.2646  data_time: 0.0073  memory: 2064  grad_norm: 126.4274  loss: 7.5049  s0.loss_cls: 0.6507  s0.pos_acc: 66.6667  s0.loss_bbox: 0.7503  s0.loss_iou: 0.6146  s1.loss_cls: 0.4290  s1.pos_acc: 100.0000  s1.loss_bbox: 0.4490  s1.loss_iou: 0.3759  s2.loss_cls: 0.4046  s2.pos_acc: 100.0000  s2.loss_bbox: 0.3629  s2.loss_iou: 0.3233  s3.loss_cls: 0.3836  s3.pos_acc: 100.0000  s3.loss_bbox: 0.3563  s3.loss_iou: 0.3178  s4.loss_cls: 0.3668  s4.pos_acc: 100.0000  s4.loss_bbox: 0.3571  s4.loss_iou: 0.3127  s5.loss_cls: 0.3705  s5.pos_acc: 100.0000  s5.loss_bbox: 0.3624  s5.loss_iou: 0.3174
2025/05/18 12:58:54 - mmengine - INFO - Exp name: sparse-rcnn_voc_20250518_101231
2025/05/18 12:58:55 - mmengine - INFO - Epoch(train) [5][1900/8276]  lr: 2.5000e-05  eta: 1:03:22  time: 0.2592  data_time: 0.0064  memory: 2065  grad_norm: 116.5279  loss: 8.9066  s0.loss_cls: 0.7889  s0.pos_acc: 100.0000  s0.loss_bbox: 0.7732  s0.loss_iou: 0.7099  s1.loss_cls: 0.5302  s1.pos_acc: 100.0000  s1.loss_bbox: 0.4987  s1.loss_iou: 0.4707  s2.loss_cls: 0.4971  s2.pos_acc: 100.0000  s2.loss_bbox: 0.4262  s2.loss_iou: 0.4202  s3.loss_cls: 0.4746  s3.pos_acc: 100.0000  s3.loss_bbox: 0.4038  s3.loss_iou: 0.3981  s4.loss_cls: 0.4622  s4.pos_acc: 100.0000  s4.loss_bbox: 0.3999  s4.loss_iou: 0.3960  s5.loss_cls: 0.4659  s5.pos_acc: 100.0000  s5.loss_bbox: 0.3967  s5.loss_iou: 0.3943
2025/05/18 12:59:08 - mmengine - INFO - Epoch(train) [5][1950/8276]  lr: 2.5000e-05  eta: 1:03:09  time: 0.2671  data_time: 0.0071  memory: 2065  grad_norm: 129.8062  loss: 7.6356  s0.loss_cls: 0.6787  s0.pos_acc: 75.0000  s0.loss_bbox: 0.6875  s0.loss_iou: 0.6027  s1.loss_cls: 0.4629  s1.pos_acc: 75.0000  s1.loss_bbox: 0.4445  s1.loss_iou: 0.3847  s2.loss_cls: 0.4113  s2.pos_acc: 75.0000  s2.loss_bbox: 0.3828  s2.loss_iou: 0.3275  s3.loss_cls: 0.4059  s3.pos_acc: 75.0000  s3.loss_bbox: 0.3702  s3.loss_iou: 0.3167  s4.loss_cls: 0.3900  s4.pos_acc: 75.0000  s4.loss_bbox: 0.3678  s4.loss_iou: 0.3137  s5.loss_cls: 0.3982  s5.pos_acc: 75.0000  s5.loss_bbox: 0.3723  s5.loss_iou: 0.3185
2025/05/18 12:59:22 - mmengine - INFO - Epoch(train) [5][2000/8276]  lr: 2.5000e-05  eta: 1:02:56  time: 0.2611  data_time: 0.0064  memory: 2064  grad_norm: 133.8029  loss: 7.2160  s0.loss_cls: 0.5604  s0.pos_acc: 66.6667  s0.loss_bbox: 0.6966  s0.loss_iou: 0.5873  s1.loss_cls: 0.3556  s1.pos_acc: 33.3333  s1.loss_bbox: 0.4781  s1.loss_iou: 0.4032  s2.loss_cls: 0.3358  s2.pos_acc: 66.6667  s2.loss_bbox: 0.3912  s2.loss_iou: 0.3382  s3.loss_cls: 0.3399  s3.pos_acc: 66.6667  s3.loss_bbox: 0.3562  s3.loss_iou: 0.3135  s4.loss_cls: 0.3220  s4.pos_acc: 33.3333  s4.loss_bbox: 0.3807  s4.loss_iou: 0.3277  s5.loss_cls: 0.3272  s5.pos_acc: 33.3333  s5.loss_bbox: 0.3762  s5.loss_iou: 0.3261
2025/05/18 12:59:35 - mmengine - INFO - Epoch(train) [5][2050/8276]  lr: 2.5000e-05  eta: 1:02:43  time: 0.2747  data_time: 0.0070  memory: 2064  grad_norm: 130.7289  loss: 7.0692  s0.loss_cls: 0.5986  s0.pos_acc: 100.0000  s0.loss_bbox: 0.6540  s0.loss_iou: 0.5515  s1.loss_cls: 0.4132  s1.pos_acc: 100.0000  s1.loss_bbox: 0.4229  s1.loss_iou: 0.3565  s2.loss_cls: 0.3966  s2.pos_acc: 100.0000  s2.loss_bbox: 0.3528  s2.loss_iou: 0.3041  s3.loss_cls: 0.4034  s3.pos_acc: 100.0000  s3.loss_bbox: 0.3314  s3.loss_iou: 0.2864  s4.loss_cls: 0.3935  s4.pos_acc: 100.0000  s4.loss_bbox: 0.3285  s4.loss_iou: 0.2786  s5.loss_cls: 0.3964  s5.pos_acc: 100.0000  s5.loss_bbox: 0.3232  s5.loss_iou: 0.2777
2025/05/18 12:59:48 - mmengine - INFO - Epoch(train) [5][2100/8276]  lr: 2.5000e-05  eta: 1:02:30  time: 0.2543  data_time: 0.0059  memory: 2063  grad_norm: 125.8239  loss: 8.1269  s0.loss_cls: 0.7044  s0.pos_acc: 100.0000  s0.loss_bbox: 0.7524  s0.loss_iou: 0.6274  s1.loss_cls: 0.4858  s1.pos_acc: 100.0000  s1.loss_bbox: 0.4677  s1.loss_iou: 0.3943  s2.loss_cls: 0.4628  s2.pos_acc: 100.0000  s2.loss_bbox: 0.3983  s2.loss_iou: 0.3455  s3.loss_cls: 0.4731  s3.pos_acc: 100.0000  s3.loss_bbox: 0.3697  s3.loss_iou: 0.3277  s4.loss_cls: 0.4719  s4.pos_acc: 100.0000  s4.loss_bbox: 0.3627  s4.loss_iou: 0.3205  s5.loss_cls: 0.4667  s5.pos_acc: 100.0000  s5.loss_bbox: 0.3706  s5.loss_iou: 0.3253
2025/05/18 13:00:01 - mmengine - INFO - Epoch(train) [5][2150/8276]  lr: 2.5000e-05  eta: 1:02:17  time: 0.2562  data_time: 0.0061  memory: 2065  grad_norm: 136.8075  loss: 7.7896  s0.loss_cls: 0.6265  s0.pos_acc: 50.0000  s0.loss_bbox: 0.7531  s0.loss_iou: 0.6345  s1.loss_cls: 0.4579  s1.pos_acc: 75.0000  s1.loss_bbox: 0.4663  s1.loss_iou: 0.3962  s2.loss_cls: 0.4355  s2.pos_acc: 75.0000  s2.loss_bbox: 0.3919  s2.loss_iou: 0.3364  s3.loss_cls: 0.4221  s3.pos_acc: 75.0000  s3.loss_bbox: 0.3567  s3.loss_iou: 0.3179  s4.loss_cls: 0.4201  s4.pos_acc: 75.0000  s4.loss_bbox: 0.3581  s4.loss_iou: 0.3210  s5.loss_cls: 0.4057  s5.pos_acc: 100.0000  s5.loss_bbox: 0.3648  s5.loss_iou: 0.3247
2025/05/18 13:00:14 - mmengine - INFO - Epoch(train) [5][2200/8276]  lr: 2.5000e-05  eta: 1:02:04  time: 0.2590  data_time: 0.0066  memory: 2064  grad_norm: 119.7946  loss: 8.0837  s0.loss_cls: 0.6273  s0.pos_acc: 100.0000  s0.loss_bbox: 0.7619  s0.loss_iou: 0.6515  s1.loss_cls: 0.4798  s1.pos_acc: 50.0000  s1.loss_bbox: 0.4750  s1.loss_iou: 0.4347  s2.loss_cls: 0.4560  s2.pos_acc: 100.0000  s2.loss_bbox: 0.3962  s2.loss_iou: 0.3746  s3.loss_cls: 0.4077  s3.pos_acc: 100.0000  s3.loss_bbox: 0.3826  s3.loss_iou: 0.3613  s4.loss_cls: 0.4147  s4.pos_acc: 100.0000  s4.loss_bbox: 0.3676  s4.loss_iou: 0.3533  s5.loss_cls: 0.4300  s5.pos_acc: 100.0000  s5.loss_bbox: 0.3593  s5.loss_iou: 0.3502
2025/05/18 13:00:27 - mmengine - INFO - Epoch(train) [5][2250/8276]  lr: 2.5000e-05  eta: 1:01:51  time: 0.2570  data_time: 0.0063  memory: 2064  grad_norm: 124.8104  loss: 7.5861  s0.loss_cls: 0.6508  s0.pos_acc: 42.8571  s0.loss_bbox: 0.6738  s0.loss_iou: 0.6505  s1.loss_cls: 0.4876  s1.pos_acc: 71.4286  s1.loss_bbox: 0.4005  s1.loss_iou: 0.4085  s2.loss_cls: 0.4281  s2.pos_acc: 85.7143  s2.loss_bbox: 0.3477  s2.loss_iou: 0.3521  s3.loss_cls: 0.3887  s3.pos_acc: 100.0000  s3.loss_bbox: 0.3426  s3.loss_iou: 0.3471  s4.loss_cls: 0.3891  s4.pos_acc: 100.0000  s4.loss_bbox: 0.3218  s4.loss_iou: 0.3371  s5.loss_cls: 0.3844  s5.pos_acc: 100.0000  s5.loss_bbox: 0.3312  s5.loss_iou: 0.3445
2025/05/18 13:00:40 - mmengine - INFO - Epoch(train) [5][2300/8276]  lr: 2.5000e-05  eta: 1:01:38  time: 0.2604  data_time: 0.0066  memory: 2065  grad_norm: 125.3453  loss: 7.8778  s0.loss_cls: 0.7090  s0.pos_acc: 100.0000  s0.loss_bbox: 0.7593  s0.loss_iou: 0.6728  s1.loss_cls: 0.5222  s1.pos_acc: 100.0000  s1.loss_bbox: 0.4183  s1.loss_iou: 0.3969  s2.loss_cls: 0.4573  s2.pos_acc: 100.0000  s2.loss_bbox: 0.3494  s2.loss_iou: 0.3469  s3.loss_cls: 0.4333  s3.pos_acc: 100.0000  s3.loss_bbox: 0.3284  s3.loss_iou: 0.3323  s4.loss_cls: 0.4150  s4.pos_acc: 100.0000  s4.loss_bbox: 0.3298  s4.loss_iou: 0.3348  s5.loss_cls: 0.4162  s5.pos_acc: 100.0000  s5.loss_bbox: 0.3250  s5.loss_iou: 0.3310
2025/05/18 13:00:53 - mmengine - INFO - Epoch(train) [5][2350/8276]  lr: 2.5000e-05  eta: 1:01:25  time: 0.2629  data_time: 0.0069  memory: 2064  grad_norm: 119.6699  loss: 8.9044  s0.loss_cls: 0.7579  s0.pos_acc: 0.0000  s0.loss_bbox: 0.7605  s0.loss_iou: 0.7148  s1.loss_cls: 0.5262  s1.pos_acc: 50.0000  s1.loss_bbox: 0.4776  s1.loss_iou: 0.4728  s2.loss_cls: 0.5146  s2.pos_acc: 50.0000  s2.loss_bbox: 0.4120  s2.loss_iou: 0.4129  s3.loss_cls: 0.4739  s3.pos_acc: 75.0000  s3.loss_bbox: 0.4147  s3.loss_iou: 0.4072  s4.loss_cls: 0.4581  s4.pos_acc: 75.0000  s4.loss_bbox: 0.4194  s4.loss_iou: 0.4032  s5.loss_cls: 0.4492  s5.pos_acc: 75.0000  s5.loss_bbox: 0.4218  s5.loss_iou: 0.4075
2025/05/18 13:01:06 - mmengine - INFO - Epoch(train) [5][2400/8276]  lr: 2.5000e-05  eta: 1:01:12  time: 0.2584  data_time: 0.0062  memory: 2064  grad_norm: 113.9987  loss: 8.3448  s0.loss_cls: 0.7192  s0.pos_acc: 60.0000  s0.loss_bbox: 0.7697  s0.loss_iou: 0.7676  s1.loss_cls: 0.4611  s1.pos_acc: 80.0000  s1.loss_bbox: 0.4664  s1.loss_iou: 0.4883  s2.loss_cls: 0.4437  s2.pos_acc: 80.0000  s2.loss_bbox: 0.3638  s2.loss_iou: 0.4008  s3.loss_cls: 0.4416  s3.pos_acc: 100.0000  s3.loss_bbox: 0.3536  s3.loss_iou: 0.3857  s4.loss_cls: 0.4139  s4.pos_acc: 80.0000  s4.loss_bbox: 0.3457  s4.loss_iou: 0.3839  s5.loss_cls: 0.4191  s5.pos_acc: 80.0000  s5.loss_bbox: 0.3403  s5.loss_iou: 0.3805
2025/05/18 13:01:18 - mmengine - INFO - Epoch(train) [5][2450/8276]  lr: 2.5000e-05  eta: 1:00:59  time: 0.2535  data_time: 0.0058  memory: 2064  grad_norm: 117.5120  loss: 8.3520  s0.loss_cls: 0.7376  s0.pos_acc: 100.0000  s0.loss_bbox: 0.7157  s0.loss_iou: 0.6740  s1.loss_cls: 0.5239  s1.pos_acc: 100.0000  s1.loss_bbox: 0.4415  s1.loss_iou: 0.4327  s2.loss_cls: 0.4739  s2.pos_acc: 100.0000  s2.loss_bbox: 0.3927  s2.loss_iou: 0.3811  s3.loss_cls: 0.4475  s3.pos_acc: 100.0000  s3.loss_bbox: 0.3738  s3.loss_iou: 0.3684  s4.loss_cls: 0.4364  s4.pos_acc: 100.0000  s4.loss_bbox: 0.3765  s4.loss_iou: 0.3695  s5.loss_cls: 0.4508  s5.pos_acc: 100.0000  s5.loss_bbox: 0.3838  s5.loss_iou: 0.3723
2025/05/18 13:01:31 - mmengine - INFO - Epoch(train) [5][2500/8276]  lr: 2.5000e-05  eta: 1:00:46  time: 0.2552  data_time: 0.0058  memory: 2065  grad_norm: 114.5476  loss: 8.3583  s0.loss_cls: 0.7181  s0.pos_acc: 66.6667  s0.loss_bbox: 0.6921  s0.loss_iou: 0.6567  s1.loss_cls: 0.5112  s1.pos_acc: 100.0000  s1.loss_bbox: 0.4427  s1.loss_iou: 0.4364  s2.loss_cls: 0.4852  s2.pos_acc: 100.0000  s2.loss_bbox: 0.3943  s2.loss_iou: 0.3913  s3.loss_cls: 0.4543  s3.pos_acc: 100.0000  s3.loss_bbox: 0.3838  s3.loss_iou: 0.3806  s4.loss_cls: 0.4751  s4.pos_acc: 100.0000  s4.loss_bbox: 0.3668  s4.loss_iou: 0.3665  s5.loss_cls: 0.4808  s5.pos_acc: 100.0000  s5.loss_bbox: 0.3615  s5.loss_iou: 0.3609
2025/05/18 13:01:44 - mmengine - INFO - Epoch(train) [5][2550/8276]  lr: 2.5000e-05  eta: 1:00:33  time: 0.2533  data_time: 0.0056  memory: 2064  grad_norm: 137.7419  loss: 7.7407  s0.loss_cls: 0.6631  s0.pos_acc: 100.0000  s0.loss_bbox: 0.7244  s0.loss_iou: 0.5847  s1.loss_cls: 0.4632  s1.pos_acc: 100.0000  s1.loss_bbox: 0.4646  s1.loss_iou: 0.3854  s2.loss_cls: 0.4135  s2.pos_acc: 100.0000  s2.loss_bbox: 0.4088  s2.loss_iou: 0.3334  s3.loss_cls: 0.4145  s3.pos_acc: 100.0000  s3.loss_bbox: 0.3868  s3.loss_iou: 0.3173  s4.loss_cls: 0.4027  s4.pos_acc: 100.0000  s4.loss_bbox: 0.3722  s4.loss_iou: 0.3134  s5.loss_cls: 0.4057  s5.pos_acc: 100.0000  s5.loss_bbox: 0.3716  s5.loss_iou: 0.3156
2025/05/18 13:01:57 - mmengine - INFO - Epoch(train) [5][2600/8276]  lr: 2.5000e-05  eta: 1:00:20  time: 0.2575  data_time: 0.0063  memory: 2064  grad_norm: 113.1966  loss: 7.9957  s0.loss_cls: 0.6800  s0.pos_acc: 80.0000  s0.loss_bbox: 0.7234  s0.loss_iou: 0.7100  s1.loss_cls: 0.4528  s1.pos_acc: 100.0000  s1.loss_bbox: 0.4412  s1.loss_iou: 0.4375  s2.loss_cls: 0.4198  s2.pos_acc: 100.0000  s2.loss_bbox: 0.3747  s2.loss_iou: 0.3820  s3.loss_cls: 0.4114  s3.pos_acc: 100.0000  s3.loss_bbox: 0.3606  s3.loss_iou: 0.3707  s4.loss_cls: 0.3948  s4.pos_acc: 100.0000  s4.loss_bbox: 0.3538  s4.loss_iou: 0.3699  s5.loss_cls: 0.4057  s5.pos_acc: 100.0000  s5.loss_bbox: 0.3440  s5.loss_iou: 0.3636
2025/05/18 13:02:10 - mmengine - INFO - Epoch(train) [5][2650/8276]  lr: 2.5000e-05  eta: 1:00:07  time: 0.2630  data_time: 0.0071  memory: 2064  grad_norm: 124.4498  loss: 7.8439  s0.loss_cls: 0.6261  s0.pos_acc: 60.0000  s0.loss_bbox: 0.7185  s0.loss_iou: 0.6729  s1.loss_cls: 0.4936  s1.pos_acc: 100.0000  s1.loss_bbox: 0.4105  s1.loss_iou: 0.4126  s2.loss_cls: 0.4613  s2.pos_acc: 100.0000  s2.loss_bbox: 0.3460  s2.loss_iou: 0.3571  s3.loss_cls: 0.4463  s3.pos_acc: 100.0000  s3.loss_bbox: 0.3407  s3.loss_iou: 0.3502  s4.loss_cls: 0.4445  s4.pos_acc: 100.0000  s4.loss_bbox: 0.3248  s4.loss_iou: 0.3363  s5.loss_cls: 0.4405  s5.pos_acc: 100.0000  s5.loss_bbox: 0.3232  s5.loss_iou: 0.3387
2025/05/18 13:02:23 - mmengine - INFO - Epoch(train) [5][2700/8276]  lr: 2.5000e-05  eta: 0:59:54  time: 0.2611  data_time: 0.0065  memory: 2063  grad_norm: 123.2000  loss: 8.6760  s0.loss_cls: 0.6545  s0.pos_acc: 50.0000  s0.loss_bbox: 0.8509  s0.loss_iou: 0.7326  s1.loss_cls: 0.4895  s1.pos_acc: 83.3333  s1.loss_bbox: 0.5258  s1.loss_iou: 0.4643  s2.loss_cls: 0.4623  s2.pos_acc: 100.0000  s2.loss_bbox: 0.4449  s2.loss_iou: 0.4017  s3.loss_cls: 0.4412  s3.pos_acc: 83.3333  s3.loss_bbox: 0.4096  s3.loss_iou: 0.3873  s4.loss_cls: 0.4514  s4.pos_acc: 100.0000  s4.loss_bbox: 0.3898  s4.loss_iou: 0.3709  s5.loss_cls: 0.4522  s5.pos_acc: 100.0000  s5.loss_bbox: 0.3813  s5.loss_iou: 0.3661
2025/05/18 13:02:36 - mmengine - INFO - Epoch(train) [5][2750/8276]  lr: 2.5000e-05  eta: 0:59:41  time: 0.2594  data_time: 0.0064  memory: 2065  grad_norm: 124.7552  loss: 8.2905  s0.loss_cls: 0.7218  s0.pos_acc: 100.0000  s0.loss_bbox: 0.7047  s0.loss_iou: 0.6571  s1.loss_cls: 0.5136  s1.pos_acc: 100.0000  s1.loss_bbox: 0.4315  s1.loss_iou: 0.4123  s2.loss_cls: 0.4765  s2.pos_acc: 66.6667  s2.loss_bbox: 0.3851  s2.loss_iou: 0.3795  s3.loss_cls: 0.4765  s3.pos_acc: 100.0000  s3.loss_bbox: 0.3706  s3.loss_iou: 0.3650  s4.loss_cls: 0.4891  s4.pos_acc: 100.0000  s4.loss_bbox: 0.3521  s4.loss_iou: 0.3537  s5.loss_cls: 0.4854  s5.pos_acc: 100.0000  s5.loss_bbox: 0.3602  s5.loss_iou: 0.3560
2025/05/18 13:02:49 - mmengine - INFO - Epoch(train) [5][2800/8276]  lr: 2.5000e-05  eta: 0:59:28  time: 0.2558  data_time: 0.0061  memory: 2065  grad_norm: 120.1227  loss: 8.3050  s0.loss_cls: 0.6986  s0.pos_acc: 100.0000  s0.loss_bbox: 0.7806  s0.loss_iou: 0.7353  s1.loss_cls: 0.4843  s1.pos_acc: 100.0000  s1.loss_bbox: 0.4674  s1.loss_iou: 0.4689  s2.loss_cls: 0.4340  s2.pos_acc: 100.0000  s2.loss_bbox: 0.3962  s2.loss_iou: 0.3975  s3.loss_cls: 0.4155  s3.pos_acc: 100.0000  s3.loss_bbox: 0.3669  s3.loss_iou: 0.3811  s4.loss_cls: 0.4218  s4.pos_acc: 100.0000  s4.loss_bbox: 0.3541  s4.loss_iou: 0.3691  s5.loss_cls: 0.4225  s5.pos_acc: 100.0000  s5.loss_bbox: 0.3486  s5.loss_iou: 0.3628
2025/05/18 13:03:02 - mmengine - INFO - Epoch(train) [5][2850/8276]  lr: 2.5000e-05  eta: 0:59:15  time: 0.2630  data_time: 0.0069  memory: 2064  grad_norm: 123.1295  loss: 7.4656  s0.loss_cls: 0.5841  s0.pos_acc: 50.0000  s0.loss_bbox: 0.7031  s0.loss_iou: 0.6393  s1.loss_cls: 0.4237  s1.pos_acc: 50.0000  s1.loss_bbox: 0.4313  s1.loss_iou: 0.3950  s2.loss_cls: 0.3801  s2.pos_acc: 50.0000  s2.loss_bbox: 0.3765  s2.loss_iou: 0.3432  s3.loss_cls: 0.3434  s3.pos_acc: 50.0000  s3.loss_bbox: 0.3739  s3.loss_iou: 0.3450  s4.loss_cls: 0.3589  s4.pos_acc: 50.0000  s4.loss_bbox: 0.3675  s4.loss_iou: 0.3362  s5.loss_cls: 0.3477  s5.pos_acc: 50.0000  s5.loss_bbox: 0.3741  s5.loss_iou: 0.3427
2025/05/18 13:03:14 - mmengine - INFO - Exp name: sparse-rcnn_voc_20250518_101231
2025/05/18 13:03:15 - mmengine - INFO - Epoch(train) [5][2900/8276]  lr: 2.5000e-05  eta: 0:59:02  time: 0.2653  data_time: 0.0069  memory: 2064  grad_norm: 124.1271  loss: 8.4628  s0.loss_cls: 0.6756  s0.pos_acc: 75.0000  s0.loss_bbox: 0.7692  s0.loss_iou: 0.6315  s1.loss_cls: 0.4797  s1.pos_acc: 100.0000  s1.loss_bbox: 0.5060  s1.loss_iou: 0.4266  s2.loss_cls: 0.4204  s2.pos_acc: 100.0000  s2.loss_bbox: 0.4548  s2.loss_iou: 0.3897  s3.loss_cls: 0.4083  s3.pos_acc: 100.0000  s3.loss_bbox: 0.4491  s3.loss_iou: 0.3804  s4.loss_cls: 0.4247  s4.pos_acc: 100.0000  s4.loss_bbox: 0.4339  s4.loss_iou: 0.3717  s5.loss_cls: 0.4307  s5.pos_acc: 100.0000  s5.loss_bbox: 0.4378  s5.loss_iou: 0.3726
2025/05/18 13:03:28 - mmengine - INFO - Epoch(train) [5][2950/8276]  lr: 2.5000e-05  eta: 0:58:49  time: 0.2557  data_time: 0.0063  memory: 2065  grad_norm: 113.7375  loss: 8.3036  s0.loss_cls: 0.7051  s0.pos_acc: 80.0000  s0.loss_bbox: 0.7643  s0.loss_iou: 0.7053  s1.loss_cls: 0.4999  s1.pos_acc: 80.0000  s1.loss_bbox: 0.4706  s1.loss_iou: 0.4540  s2.loss_cls: 0.4488  s2.pos_acc: 80.0000  s2.loss_bbox: 0.3838  s2.loss_iou: 0.3831  s3.loss_cls: 0.4498  s3.pos_acc: 80.0000  s3.loss_bbox: 0.3578  s3.loss_iou: 0.3685  s4.loss_cls: 0.4442  s4.pos_acc: 80.0000  s4.loss_bbox: 0.3522  s4.loss_iou: 0.3644  s5.loss_cls: 0.4462  s5.pos_acc: 80.0000  s5.loss_bbox: 0.3454  s5.loss_iou: 0.3603
2025/05/18 13:03:41 - mmengine - INFO - Epoch(train) [5][3000/8276]  lr: 2.5000e-05  eta: 0:58:37  time: 0.2636  data_time: 0.0068  memory: 2064  grad_norm: 124.1686  loss: 7.6264  s0.loss_cls: 0.6091  s0.pos_acc: 100.0000  s0.loss_bbox: 0.7171  s0.loss_iou: 0.6290  s1.loss_cls: 0.4269  s1.pos_acc: 100.0000  s1.loss_bbox: 0.4630  s1.loss_iou: 0.4055  s2.loss_cls: 0.3867  s2.pos_acc: 100.0000  s2.loss_bbox: 0.3820  s2.loss_iou: 0.3519  s3.loss_cls: 0.3614  s3.pos_acc: 100.0000  s3.loss_bbox: 0.3856  s3.loss_iou: 0.3528  s4.loss_cls: 0.3619  s4.pos_acc: 100.0000  s4.loss_bbox: 0.3729  s4.loss_iou: 0.3437  s5.loss_cls: 0.3630  s5.pos_acc: 100.0000  s5.loss_bbox: 0.3729  s5.loss_iou: 0.3409
2025/05/18 13:03:54 - mmengine - INFO - Epoch(train) [5][3050/8276]  lr: 2.5000e-05  eta: 0:58:23  time: 0.2573  data_time: 0.0064  memory: 2064  grad_norm: 121.6984  loss: 7.7797  s0.loss_cls: 0.6675  s0.pos_acc: 75.0000  s0.loss_bbox: 0.7536  s0.loss_iou: 0.6570  s1.loss_cls: 0.4620  s1.pos_acc: 100.0000  s1.loss_bbox: 0.4589  s1.loss_iou: 0.4144  s2.loss_cls: 0.4124  s2.pos_acc: 100.0000  s2.loss_bbox: 0.3991  s2.loss_iou: 0.3561  s3.loss_cls: 0.3882  s3.pos_acc: 100.0000  s3.loss_bbox: 0.3653  s3.loss_iou: 0.3348  s4.loss_cls: 0.3803  s4.pos_acc: 100.0000  s4.loss_bbox: 0.3518  s4.loss_iou: 0.3248  s5.loss_cls: 0.3764  s5.pos_acc: 100.0000  s5.loss_bbox: 0.3518  s5.loss_iou: 0.3251
2025/05/18 13:04:07 - mmengine - INFO - Epoch(train) [5][3100/8276]  lr: 2.5000e-05  eta: 0:58:11  time: 0.2629  data_time: 0.0070  memory: 2064  grad_norm: 126.2140  loss: 7.1994  s0.loss_cls: 0.6475  s0.pos_acc: 100.0000  s0.loss_bbox: 0.7384  s0.loss_iou: 0.6278  s1.loss_cls: 0.4277  s1.pos_acc: 100.0000  s1.loss_bbox: 0.4400  s1.loss_iou: 0.3791  s2.loss_cls: 0.3697  s2.pos_acc: 100.0000  s2.loss_bbox: 0.3617  s2.loss_iou: 0.3215  s3.loss_cls: 0.3486  s3.pos_acc: 100.0000  s3.loss_bbox: 0.3258  s3.loss_iou: 0.2968  s4.loss_cls: 0.3552  s4.pos_acc: 100.0000  s4.loss_bbox: 0.3156  s4.loss_iou: 0.2879  s5.loss_cls: 0.3709  s5.pos_acc: 100.0000  s5.loss_bbox: 0.3020  s5.loss_iou: 0.2831
2025/05/18 13:04:20 - mmengine - INFO - Epoch(train) [5][3150/8276]  lr: 2.5000e-05  eta: 0:57:58  time: 0.2559  data_time: 0.0063  memory: 2064  grad_norm: 125.3427  loss: 7.6059  s0.loss_cls: 0.6574  s0.pos_acc: 80.0000  s0.loss_bbox: 0.6931  s0.loss_iou: 0.6240  s1.loss_cls: 0.4403  s1.pos_acc: 100.0000  s1.loss_bbox: 0.4300  s1.loss_iou: 0.3874  s2.loss_cls: 0.4274  s2.pos_acc: 100.0000  s2.loss_bbox: 0.3508  s2.loss_iou: 0.3288  s3.loss_cls: 0.4193  s3.pos_acc: 100.0000  s3.loss_bbox: 0.3470  s3.loss_iou: 0.3270  s4.loss_cls: 0.4138  s4.pos_acc: 100.0000  s4.loss_bbox: 0.3456  s4.loss_iou: 0.3227  s5.loss_cls: 0.4228  s5.pos_acc: 100.0000  s5.loss_bbox: 0.3459  s5.loss_iou: 0.3227
2025/05/18 13:04:33 - mmengine - INFO - Epoch(train) [5][3200/8276]  lr: 2.5000e-05  eta: 0:57:45  time: 0.2659  data_time: 0.0073  memory: 2064  grad_norm: 5316397.3296  loss: 129819.1307  s0.loss_cls: 23041.7535  s0.pos_acc: 100.0000  s0.loss_bbox: 0.7190  s0.loss_iou: 0.6070  s1.loss_cls: 6078.7611  s1.pos_acc: 100.0000  s1.loss_bbox: 0.4646  s1.loss_iou: 0.4072  s2.loss_cls: 16263.3773  s2.pos_acc: 100.0000  s2.loss_bbox: 0.3746  s2.loss_iou: 0.3353  s3.loss_cls: 23125.2354  s3.pos_acc: 100.0000  s3.loss_bbox: 0.3561  s3.loss_iou: 0.3255  s4.loss_cls: 31927.4152  s4.pos_acc: 100.0000  s4.loss_bbox: 0.3525  s4.loss_iou: 0.3231  s5.loss_cls: 29377.6431  s5.pos_acc: 100.0000  s5.loss_bbox: 0.3527  s5.loss_iou: 0.3251
2025/05/18 13:04:46 - mmengine - INFO - Epoch(train) [5][3250/8276]  lr: 2.5000e-05  eta: 0:57:32  time: 0.2625  data_time: 0.0070  memory: 2064  grad_norm: 122.1038  loss: 8.7792  s0.loss_cls: 0.6532  s0.pos_acc: 50.0000  s0.loss_bbox: 0.7898  s0.loss_iou: 0.6675  s1.loss_cls: 0.4881  s1.pos_acc: 75.0000  s1.loss_bbox: 0.5388  s1.loss_iou: 0.4545  s2.loss_cls: 0.4635  s2.pos_acc: 75.0000  s2.loss_bbox: 0.4681  s2.loss_iou: 0.4078  s3.loss_cls: 0.4457  s3.pos_acc: 75.0000  s3.loss_bbox: 0.4533  s3.loss_iou: 0.3979  s4.loss_cls: 0.4439  s4.pos_acc: 75.0000  s4.loss_bbox: 0.4364  s4.loss_iou: 0.3906  s5.loss_cls: 0.4568  s5.pos_acc: 75.0000  s5.loss_bbox: 0.4347  s5.loss_iou: 0.3884
2025/05/18 13:04:59 - mmengine - INFO - Epoch(train) [5][3300/8276]  lr: 2.5000e-05  eta: 0:57:19  time: 0.2543  data_time: 0.0062  memory: 2064  grad_norm: 130.5776  loss: 8.2603  s0.loss_cls: 0.7197  s0.pos_acc: 50.0000  s0.loss_bbox: 0.7554  s0.loss_iou: 0.6516  s1.loss_cls: 0.5039  s1.pos_acc: 100.0000  s1.loss_bbox: 0.4823  s1.loss_iou: 0.4293  s2.loss_cls: 0.4403  s2.pos_acc: 100.0000  s2.loss_bbox: 0.4109  s2.loss_iou: 0.3619  s3.loss_cls: 0.4330  s3.pos_acc: 100.0000  s3.loss_bbox: 0.3888  s3.loss_iou: 0.3512  s4.loss_cls: 0.4413  s4.pos_acc: 100.0000  s4.loss_bbox: 0.3760  s4.loss_iou: 0.3434  s5.loss_cls: 0.4316  s5.pos_acc: 100.0000  s5.loss_bbox: 0.3852  s5.loss_iou: 0.3544
2025/05/18 13:05:12 - mmengine - INFO - Epoch(train) [5][3350/8276]  lr: 2.5000e-05  eta: 0:57:06  time: 0.2589  data_time: 0.0066  memory: 2064  grad_norm: 113.2133  loss: 8.4778  s0.loss_cls: 0.7499  s0.pos_acc: 100.0000  s0.loss_bbox: 0.7401  s0.loss_iou: 0.7160  s1.loss_cls: 0.4999  s1.pos_acc: 50.0000  s1.loss_bbox: 0.4588  s1.loss_iou: 0.4501  s2.loss_cls: 0.4473  s2.pos_acc: 50.0000  s2.loss_bbox: 0.4031  s2.loss_iou: 0.4038  s3.loss_cls: 0.4300  s3.pos_acc: 50.0000  s3.loss_bbox: 0.3832  s3.loss_iou: 0.3937  s4.loss_cls: 0.4264  s4.pos_acc: 50.0000  s4.loss_bbox: 0.3831  s4.loss_iou: 0.3935  s5.loss_cls: 0.4380  s5.pos_acc: 50.0000  s5.loss_bbox: 0.3719  s5.loss_iou: 0.3890
2025/05/18 13:05:25 - mmengine - INFO - Epoch(train) [5][3400/8276]  lr: 2.5000e-05  eta: 0:56:53  time: 0.2664  data_time: 0.0079  memory: 2065  grad_norm: 119.2528  loss: 7.9127  s0.loss_cls: 0.6301  s0.pos_acc: 100.0000  s0.loss_bbox: 0.7060  s0.loss_iou: 0.6402  s1.loss_cls: 0.4454  s1.pos_acc: 100.0000  s1.loss_bbox: 0.4733  s1.loss_iou: 0.4256  s2.loss_cls: 0.4281  s2.pos_acc: 100.0000  s2.loss_bbox: 0.4056  s2.loss_iou: 0.3653  s3.loss_cls: 0.4184  s3.pos_acc: 100.0000  s3.loss_bbox: 0.3780  s3.loss_iou: 0.3460  s4.loss_cls: 0.4224  s4.pos_acc: 100.0000  s4.loss_bbox: 0.3715  s4.loss_iou: 0.3414  s5.loss_cls: 0.4195  s5.pos_acc: 100.0000  s5.loss_bbox: 0.3606  s5.loss_iou: 0.3354
2025/05/18 13:05:38 - mmengine - INFO - Epoch(train) [5][3450/8276]  lr: 2.5000e-05  eta: 0:56:40  time: 0.2558  data_time: 0.0063  memory: 2064  grad_norm: 126.9181  loss: 8.1674  s0.loss_cls: 0.6097  s0.pos_acc: 40.0000  s0.loss_bbox: 0.8022  s0.loss_iou: 0.6427  s1.loss_cls: 0.4592  s1.pos_acc: 80.0000  s1.loss_bbox: 0.5023  s1.loss_iou: 0.4203  s2.loss_cls: 0.4260  s2.pos_acc: 100.0000  s2.loss_bbox: 0.4460  s2.loss_iou: 0.3734  s3.loss_cls: 0.4207  s3.pos_acc: 100.0000  s3.loss_bbox: 0.4133  s3.loss_iou: 0.3564  s4.loss_cls: 0.4137  s4.pos_acc: 100.0000  s4.loss_bbox: 0.3970  s4.loss_iou: 0.3453  s5.loss_cls: 0.4286  s5.pos_acc: 100.0000  s5.loss_bbox: 0.3773  s5.loss_iou: 0.3336
2025/05/18 13:05:51 - mmengine - INFO - Epoch(train) [5][3500/8276]  lr: 2.5000e-05  eta: 0:56:27  time: 0.2572  data_time: 0.0061  memory: 2064  grad_norm: 116.4888  loss: 8.0085  s0.loss_cls: 0.6553  s0.pos_acc: 66.6667  s0.loss_bbox: 0.7348  s0.loss_iou: 0.6330  s1.loss_cls: 0.4839  s1.pos_acc: 100.0000  s1.loss_bbox: 0.4455  s1.loss_iou: 0.3990  s2.loss_cls: 0.4166  s2.pos_acc: 33.3333  s2.loss_bbox: 0.4140  s2.loss_iou: 0.3753  s3.loss_cls: 0.4129  s3.pos_acc: 66.6667  s3.loss_bbox: 0.3908  s3.loss_iou: 0.3586  s4.loss_cls: 0.4182  s4.pos_acc: 66.6667  s4.loss_bbox: 0.3832  s4.loss_iou: 0.3518  s5.loss_cls: 0.4214  s5.pos_acc: 66.6667  s5.loss_bbox: 0.3690  s5.loss_iou: 0.3452
2025/05/18 13:06:04 - mmengine - INFO - Epoch(train) [5][3550/8276]  lr: 2.5000e-05  eta: 0:56:14  time: 0.2534  data_time: 0.0059  memory: 2064  grad_norm: 127.5472  loss: 8.6415  s0.loss_cls: 0.6857  s0.pos_acc: 88.8889  s0.loss_bbox: 0.8199  s0.loss_iou: 0.7444  s1.loss_cls: 0.4851  s1.pos_acc: 66.6667  s1.loss_bbox: 0.4885  s1.loss_iou: 0.4606  s2.loss_cls: 0.4459  s2.pos_acc: 77.7778  s2.loss_bbox: 0.4255  s2.loss_iou: 0.4134  s3.loss_cls: 0.4279  s3.pos_acc: 88.8889  s3.loss_bbox: 0.4028  s3.loss_iou: 0.3987  s4.loss_cls: 0.4375  s4.pos_acc: 88.8889  s4.loss_bbox: 0.3946  s4.loss_iou: 0.3911  s5.loss_cls: 0.4358  s5.pos_acc: 88.8889  s5.loss_bbox: 0.3927  s5.loss_iou: 0.3914
2025/05/18 13:06:17 - mmengine - INFO - Epoch(train) [5][3600/8276]  lr: 2.5000e-05  eta: 0:56:01  time: 0.2617  data_time: 0.0062  memory: 2064  grad_norm: 110.8146  loss: 8.1425  s0.loss_cls: 0.6299  s0.pos_acc: 87.5000  s0.loss_bbox: 0.7464  s0.loss_iou: 0.6307  s1.loss_cls: 0.4447  s1.pos_acc: 100.0000  s1.loss_bbox: 0.4982  s1.loss_iou: 0.4287  s2.loss_cls: 0.4247  s2.pos_acc: 100.0000  s2.loss_bbox: 0.4295  s2.loss_iou: 0.3780  s3.loss_cls: 0.4104  s3.pos_acc: 100.0000  s3.loss_bbox: 0.4118  s3.loss_iou: 0.3648  s4.loss_cls: 0.4147  s4.pos_acc: 100.0000  s4.loss_bbox: 0.3959  s4.loss_iou: 0.3557  s5.loss_cls: 0.4285  s5.pos_acc: 100.0000  s5.loss_bbox: 0.3971  s5.loss_iou: 0.3530
2025/05/18 13:06:29 - mmengine - INFO - Epoch(train) [5][3650/8276]  lr: 2.5000e-05  eta: 0:55:48  time: 0.2540  data_time: 0.0059  memory: 2064  grad_norm: 130.2182  loss: 7.9648  s0.loss_cls: 0.6546  s0.pos_acc: 66.6667  s0.loss_bbox: 0.7206  s0.loss_iou: 0.6371  s1.loss_cls: 0.4651  s1.pos_acc: 100.0000  s1.loss_bbox: 0.4620  s1.loss_iou: 0.4158  s2.loss_cls: 0.4555  s2.pos_acc: 100.0000  s2.loss_bbox: 0.3890  s2.loss_iou: 0.3511  s3.loss_cls: 0.4487  s3.pos_acc: 100.0000  s3.loss_bbox: 0.3548  s3.loss_iou: 0.3358  s4.loss_cls: 0.4496  s4.pos_acc: 100.0000  s4.loss_bbox: 0.3526  s4.loss_iou: 0.3360  s5.loss_cls: 0.4481  s5.pos_acc: 100.0000  s5.loss_bbox: 0.3529  s5.loss_iou: 0.3357
2025/05/18 13:06:42 - mmengine - INFO - Epoch(train) [5][3700/8276]  lr: 2.5000e-05  eta: 0:55:35  time: 0.2537  data_time: 0.0060  memory: 2064  grad_norm: 123.4738  loss: 8.4874  s0.loss_cls: 0.7041  s0.pos_acc: 100.0000  s0.loss_bbox: 0.7160  s0.loss_iou: 0.6504  s1.loss_cls: 0.4828  s1.pos_acc: 100.0000  s1.loss_bbox: 0.4941  s1.loss_iou: 0.4523  s2.loss_cls: 0.4796  s2.pos_acc: 100.0000  s2.loss_bbox: 0.4344  s2.loss_iou: 0.3892  s3.loss_cls: 0.4389  s3.pos_acc: 100.0000  s3.loss_bbox: 0.4183  s3.loss_iou: 0.3752  s4.loss_cls: 0.4572  s4.pos_acc: 100.0000  s4.loss_bbox: 0.3997  s4.loss_iou: 0.3651  s5.loss_cls: 0.4364  s5.pos_acc: 100.0000  s5.loss_bbox: 0.4167  s5.loss_iou: 0.3771
2025/05/18 13:06:55 - mmengine - INFO - Epoch(train) [5][3750/8276]  lr: 2.5000e-05  eta: 0:55:22  time: 0.2653  data_time: 0.0072  memory: 2063  grad_norm: 113.7437  loss: 8.1455  s0.loss_cls: 0.7107  s0.pos_acc: 75.0000  s0.loss_bbox: 0.7231  s0.loss_iou: 0.6597  s1.loss_cls: 0.4414  s1.pos_acc: 100.0000  s1.loss_bbox: 0.4636  s1.loss_iou: 0.4467  s2.loss_cls: 0.4299  s2.pos_acc: 100.0000  s2.loss_bbox: 0.4032  s2.loss_iou: 0.3912  s3.loss_cls: 0.4241  s3.pos_acc: 75.0000  s3.loss_bbox: 0.3755  s3.loss_iou: 0.3695  s4.loss_cls: 0.4168  s4.pos_acc: 75.0000  s4.loss_bbox: 0.3712  s4.loss_iou: 0.3658  s5.loss_cls: 0.4260  s5.pos_acc: 75.0000  s5.loss_bbox: 0.3643  s5.loss_iou: 0.3629
2025/05/18 13:07:09 - mmengine - INFO - Epoch(train) [5][3800/8276]  lr: 2.5000e-05  eta: 0:55:09  time: 0.2686  data_time: 0.0072  memory: 2064  grad_norm: 128.8153  loss: 7.8317  s0.loss_cls: 0.6232  s0.pos_acc: 100.0000  s0.loss_bbox: 0.7485  s0.loss_iou: 0.6489  s1.loss_cls: 0.4142  s1.pos_acc: 100.0000  s1.loss_bbox: 0.4764  s1.loss_iou: 0.4215  s2.loss_cls: 0.4321  s2.pos_acc: 100.0000  s2.loss_bbox: 0.3945  s2.loss_iou: 0.3549  s3.loss_cls: 0.4088  s3.pos_acc: 100.0000  s3.loss_bbox: 0.3710  s3.loss_iou: 0.3364  s4.loss_cls: 0.4141  s4.pos_acc: 100.0000  s4.loss_bbox: 0.3562  s4.loss_iou: 0.3280  s5.loss_cls: 0.4309  s5.pos_acc: 100.0000  s5.loss_bbox: 0.3504  s5.loss_iou: 0.3217
2025/05/18 13:07:22 - mmengine - INFO - Epoch(train) [5][3850/8276]  lr: 2.5000e-05  eta: 0:54:56  time: 0.2622  data_time: 0.0068  memory: 2064  grad_norm: 125.7551  loss: 7.9104  s0.loss_cls: 0.6299  s0.pos_acc: 66.6667  s0.loss_bbox: 0.7672  s0.loss_iou: 0.6539  s1.loss_cls: 0.4608  s1.pos_acc: 100.0000  s1.loss_bbox: 0.5000  s1.loss_iou: 0.4214  s2.loss_cls: 0.4255  s2.pos_acc: 100.0000  s2.loss_bbox: 0.3936  s2.loss_iou: 0.3485  s3.loss_cls: 0.4152  s3.pos_acc: 100.0000  s3.loss_bbox: 0.3738  s3.loss_iou: 0.3325  s4.loss_cls: 0.4158  s4.pos_acc: 100.0000  s4.loss_bbox: 0.3514  s4.loss_iou: 0.3192  s5.loss_cls: 0.4270  s5.pos_acc: 100.0000  s5.loss_bbox: 0.3539  s5.loss_iou: 0.3208
2025/05/18 13:07:34 - mmengine - INFO - Exp name: sparse-rcnn_voc_20250518_101231
2025/05/18 13:07:35 - mmengine - INFO - Epoch(train) [5][3900/8276]  lr: 2.5000e-05  eta: 0:54:43  time: 0.2677  data_time: 0.0071  memory: 2064  grad_norm: 127.1896  loss: 8.1930  s0.loss_cls: 0.6240  s0.pos_acc: 100.0000  s0.loss_bbox: 0.7741  s0.loss_iou: 0.6379  s1.loss_cls: 0.4768  s1.pos_acc: 100.0000  s1.loss_bbox: 0.5133  s1.loss_iou: 0.4128  s2.loss_cls: 0.4451  s2.pos_acc: 100.0000  s2.loss_bbox: 0.4441  s2.loss_iou: 0.3661  s3.loss_cls: 0.4273  s3.pos_acc: 100.0000  s3.loss_bbox: 0.4005  s3.loss_iou: 0.3406  s4.loss_cls: 0.4418  s4.pos_acc: 100.0000  s4.loss_bbox: 0.3914  s4.loss_iou: 0.3332  s5.loss_cls: 0.4556  s5.pos_acc: 100.0000  s5.loss_bbox: 0.3822  s5.loss_iou: 0.3263
2025/05/18 13:07:48 - mmengine - INFO - Epoch(train) [5][3950/8276]  lr: 2.5000e-05  eta: 0:54:30  time: 0.2618  data_time: 0.0070  memory: 2064  grad_norm: 114.4632  loss: 7.9263  s0.loss_cls: 0.5830  s0.pos_acc: 100.0000  s0.loss_bbox: 0.7486  s0.loss_iou: 0.6484  s1.loss_cls: 0.3923  s1.pos_acc: 100.0000  s1.loss_bbox: 0.5067  s1.loss_iou: 0.4542  s2.loss_cls: 0.3736  s2.pos_acc: 100.0000  s2.loss_bbox: 0.4255  s2.loss_iou: 0.3947  s3.loss_cls: 0.3506  s3.pos_acc: 100.0000  s3.loss_bbox: 0.4002  s3.loss_iou: 0.3815  s4.loss_cls: 0.3553  s4.pos_acc: 100.0000  s4.loss_bbox: 0.3986  s4.loss_iou: 0.3797  s5.loss_cls: 0.3743  s5.pos_acc: 100.0000  s5.loss_bbox: 0.3865  s5.loss_iou: 0.3725
2025/05/18 13:08:01 - mmengine - INFO - Epoch(train) [5][4000/8276]  lr: 2.5000e-05  eta: 0:54:17  time: 0.2552  data_time: 0.0062  memory: 2064  grad_norm: 122.9829  loss: 7.9485  s0.loss_cls: 0.6966  s0.pos_acc: 80.0000  s0.loss_bbox: 0.6986  s0.loss_iou: 0.6682  s1.loss_cls: 0.4722  s1.pos_acc: 100.0000  s1.loss_bbox: 0.4442  s1.loss_iou: 0.4408  s2.loss_cls: 0.4396  s2.pos_acc: 100.0000  s2.loss_bbox: 0.3879  s2.loss_iou: 0.3734  s3.loss_cls: 0.4033  s3.pos_acc: 100.0000  s3.loss_bbox: 0.3585  s3.loss_iou: 0.3577  s4.loss_cls: 0.3797  s4.pos_acc: 100.0000  s4.loss_bbox: 0.3614  s4.loss_iou: 0.3575  s5.loss_cls: 0.3806  s5.pos_acc: 100.0000  s5.loss_bbox: 0.3689  s5.loss_iou: 0.3595
2025/05/18 13:08:15 - mmengine - INFO - Epoch(train) [5][4050/8276]  lr: 2.5000e-05  eta: 0:54:04  time: 0.2661  data_time: 0.0069  memory: 2065  grad_norm: 127.9071  loss: 7.3003  s0.loss_cls: 0.5996  s0.pos_acc: 66.6667  s0.loss_bbox: 0.7127  s0.loss_iou: 0.6268  s1.loss_cls: 0.3648  s1.pos_acc: 100.0000  s1.loss_bbox: 0.4639  s1.loss_iou: 0.4061  s2.loss_cls: 0.3348  s2.pos_acc: 100.0000  s2.loss_bbox: 0.3953  s2.loss_iou: 0.3544  s3.loss_cls: 0.3281  s3.pos_acc: 100.0000  s3.loss_bbox: 0.3679  s3.loss_iou: 0.3354  s4.loss_cls: 0.3241  s4.pos_acc: 100.0000  s4.loss_bbox: 0.3510  s4.loss_iou: 0.3230  s5.loss_cls: 0.3225  s5.pos_acc: 100.0000  s5.loss_bbox: 0.3608  s5.loss_iou: 0.3290
2025/05/18 13:08:28 - mmengine - INFO - Epoch(train) [5][4100/8276]  lr: 2.5000e-05  eta: 0:53:51  time: 0.2647  data_time: 0.0074  memory: 2065  grad_norm: 125.1245  loss: 7.8059  s0.loss_cls: 0.6079  s0.pos_acc: 57.1429  s0.loss_bbox: 0.7158  s0.loss_iou: 0.6187  s1.loss_cls: 0.4491  s1.pos_acc: 71.4286  s1.loss_bbox: 0.4494  s1.loss_iou: 0.4013  s2.loss_cls: 0.4299  s2.pos_acc: 85.7143  s2.loss_bbox: 0.3998  s2.loss_iou: 0.3578  s3.loss_cls: 0.4030  s3.pos_acc: 85.7143  s3.loss_bbox: 0.3908  s3.loss_iou: 0.3441  s4.loss_cls: 0.4128  s4.pos_acc: 85.7143  s4.loss_bbox: 0.3771  s4.loss_iou: 0.3361  s5.loss_cls: 0.4220  s5.pos_acc: 85.7143  s5.loss_bbox: 0.3628  s5.loss_iou: 0.3275
2025/05/18 13:08:41 - mmengine - INFO - Epoch(train) [5][4150/8276]  lr: 2.5000e-05  eta: 0:53:39  time: 0.2644  data_time: 0.0071  memory: 2064  grad_norm: 112.6529  loss: 8.0958  s0.loss_cls: 0.6555  s0.pos_acc: 100.0000  s0.loss_bbox: 0.7170  s0.loss_iou: 0.6943  s1.loss_cls: 0.4517  s1.pos_acc: 100.0000  s1.loss_bbox: 0.4570  s1.loss_iou: 0.4781  s2.loss_cls: 0.4139  s2.pos_acc: 100.0000  s2.loss_bbox: 0.3794  s2.loss_iou: 0.4128  s3.loss_cls: 0.4112  s3.pos_acc: 100.0000  s3.loss_bbox: 0.3566  s3.loss_iou: 0.3968  s4.loss_cls: 0.3872  s4.pos_acc: 100.0000  s4.loss_bbox: 0.3527  s4.loss_iou: 0.3958  s5.loss_cls: 0.3891  s5.pos_acc: 100.0000  s5.loss_bbox: 0.3526  s5.loss_iou: 0.3942
2025/05/18 13:08:54 - mmengine - INFO - Epoch(train) [5][4200/8276]  lr: 2.5000e-05  eta: 0:53:25  time: 0.2539  data_time: 0.0057  memory: 2064  grad_norm: 122.1235  loss: 8.0819  s0.loss_cls: 0.6706  s0.pos_acc: 44.4444  s0.loss_bbox: 0.7185  s0.loss_iou: 0.6355  s1.loss_cls: 0.4739  s1.pos_acc: 77.7778  s1.loss_bbox: 0.4869  s1.loss_iou: 0.4359  s2.loss_cls: 0.4252  s2.pos_acc: 77.7778  s2.loss_bbox: 0.4201  s2.loss_iou: 0.3826  s3.loss_cls: 0.4026  s3.pos_acc: 77.7778  s3.loss_bbox: 0.3897  s3.loss_iou: 0.3636  s4.loss_cls: 0.4081  s4.pos_acc: 77.7778  s4.loss_bbox: 0.3792  s4.loss_iou: 0.3547  s5.loss_cls: 0.4103  s5.pos_acc: 77.7778  s5.loss_bbox: 0.3736  s5.loss_iou: 0.3509
2025/05/18 13:09:07 - mmengine - INFO - Epoch(train) [5][4250/8276]  lr: 2.5000e-05  eta: 0:53:12  time: 0.2604  data_time: 0.0065  memory: 2065  grad_norm: 132.8822  loss: 8.4071  s0.loss_cls: 0.6847  s0.pos_acc: 66.6667  s0.loss_bbox: 0.7221  s0.loss_iou: 0.6514  s1.loss_cls: 0.4582  s1.pos_acc: 50.0000  s1.loss_bbox: 0.5108  s1.loss_iou: 0.4600  s2.loss_cls: 0.4277  s2.pos_acc: 66.6667  s2.loss_bbox: 0.4392  s2.loss_iou: 0.4074  s3.loss_cls: 0.4106  s3.pos_acc: 83.3333  s3.loss_bbox: 0.4167  s3.loss_iou: 0.3959  s4.loss_cls: 0.3898  s4.pos_acc: 83.3333  s4.loss_bbox: 0.4262  s4.loss_iou: 0.4008  s5.loss_cls: 0.4014  s5.pos_acc: 83.3333  s5.loss_bbox: 0.4108  s5.loss_iou: 0.3933
2025/05/18 13:09:20 - mmengine - INFO - Epoch(train) [5][4300/8276]  lr: 2.5000e-05  eta: 0:52:59  time: 0.2575  data_time: 0.0064  memory: 2064  grad_norm: 125.4866  loss: 8.3876  s0.loss_cls: 0.7373  s0.pos_acc: 66.6667  s0.loss_bbox: 0.7379  s0.loss_iou: 0.6898  s1.loss_cls: 0.5070  s1.pos_acc: 100.0000  s1.loss_bbox: 0.4541  s1.loss_iou: 0.4432  s2.loss_cls: 0.4397  s2.pos_acc: 100.0000  s2.loss_bbox: 0.4104  s2.loss_iou: 0.4004  s3.loss_cls: 0.4132  s3.pos_acc: 100.0000  s3.loss_bbox: 0.3880  s3.loss_iou: 0.3853  s4.loss_cls: 0.4047  s4.pos_acc: 100.0000  s4.loss_bbox: 0.3965  s4.loss_iou: 0.3874  s5.loss_cls: 0.4142  s5.pos_acc: 100.0000  s5.loss_bbox: 0.3935  s5.loss_iou: 0.3849
2025/05/18 13:09:32 - mmengine - INFO - Epoch(train) [5][4350/8276]  lr: 2.5000e-05  eta: 0:52:46  time: 0.2573  data_time: 0.0065  memory: 2065  grad_norm: 125.1014  loss: 8.2139  s0.loss_cls: 0.6427  s0.pos_acc: 100.0000  s0.loss_bbox: 0.7174  s0.loss_iou: 0.6481  s1.loss_cls: 0.4911  s1.pos_acc: 100.0000  s1.loss_bbox: 0.4961  s1.loss_iou: 0.4390  s2.loss_cls: 0.4205  s2.pos_acc: 100.0000  s2.loss_bbox: 0.4390  s2.loss_iou: 0.3937  s3.loss_cls: 0.3753  s3.pos_acc: 100.0000  s3.loss_bbox: 0.4209  s3.loss_iou: 0.3877  s4.loss_cls: 0.3713  s4.pos_acc: 100.0000  s4.loss_bbox: 0.4146  s4.loss_iou: 0.3843  s5.loss_cls: 0.3656  s5.pos_acc: 100.0000  s5.loss_bbox: 0.4183  s5.loss_iou: 0.3883
2025/05/18 13:09:45 - mmengine - INFO - Epoch(train) [5][4400/8276]  lr: 2.5000e-05  eta: 0:52:33  time: 0.2563  data_time: 0.0062  memory: 2065  grad_norm: 122.4154  loss: 7.5736  s0.loss_cls: 0.6025  s0.pos_acc: 100.0000  s0.loss_bbox: 0.7070  s0.loss_iou: 0.6151  s1.loss_cls: 0.4565  s1.pos_acc: 100.0000  s1.loss_bbox: 0.4409  s1.loss_iou: 0.4040  s2.loss_cls: 0.4185  s2.pos_acc: 100.0000  s2.loss_bbox: 0.3631  s2.loss_iou: 0.3432  s3.loss_cls: 0.4076  s3.pos_acc: 100.0000  s3.loss_bbox: 0.3403  s3.loss_iou: 0.3291  s4.loss_cls: 0.4046  s4.pos_acc: 100.0000  s4.loss_bbox: 0.3353  s4.loss_iou: 0.3246  s5.loss_cls: 0.4035  s5.pos_acc: 100.0000  s5.loss_bbox: 0.3456  s5.loss_iou: 0.3323
2025/05/18 13:09:58 - mmengine - INFO - Epoch(train) [5][4450/8276]  lr: 2.5000e-05  eta: 0:52:20  time: 0.2613  data_time: 0.0069  memory: 2064  grad_norm: 115.9065  loss: 7.9574  s0.loss_cls: 0.7308  s0.pos_acc: 33.3333  s0.loss_bbox: 0.6819  s0.loss_iou: 0.6350  s1.loss_cls: 0.4835  s1.pos_acc: 66.6667  s1.loss_bbox: 0.4253  s1.loss_iou: 0.4005  s2.loss_cls: 0.4356  s2.pos_acc: 100.0000  s2.loss_bbox: 0.3751  s2.loss_iou: 0.3584  s3.loss_cls: 0.4502  s3.pos_acc: 100.0000  s3.loss_bbox: 0.3607  s3.loss_iou: 0.3485  s4.loss_cls: 0.4206  s4.pos_acc: 100.0000  s4.loss_bbox: 0.3622  s4.loss_iou: 0.3516  s5.loss_cls: 0.4487  s5.pos_acc: 100.0000  s5.loss_bbox: 0.3506  s5.loss_iou: 0.3383
2025/05/18 13:10:11 - mmengine - INFO - Epoch(train) [5][4500/8276]  lr: 2.5000e-05  eta: 0:52:07  time: 0.2585  data_time: 0.0065  memory: 2064  grad_norm: 124.3475  loss: 7.9720  s0.loss_cls: 0.6562  s0.pos_acc: 80.0000  s0.loss_bbox: 0.7289  s0.loss_iou: 0.6258  s1.loss_cls: 0.4485  s1.pos_acc: 100.0000  s1.loss_bbox: 0.4689  s1.loss_iou: 0.4136  s2.loss_cls: 0.4271  s2.pos_acc: 100.0000  s2.loss_bbox: 0.4000  s2.loss_iou: 0.3632  s3.loss_cls: 0.4261  s3.pos_acc: 100.0000  s3.loss_bbox: 0.3755  s3.loss_iou: 0.3451  s4.loss_cls: 0.4328  s4.pos_acc: 100.0000  s4.loss_bbox: 0.3708  s4.loss_iou: 0.3381  s5.loss_cls: 0.4434  s5.pos_acc: 100.0000  s5.loss_bbox: 0.3690  s5.loss_iou: 0.3390
2025/05/18 13:10:25 - mmengine - INFO - Epoch(train) [5][4550/8276]  lr: 2.5000e-05  eta: 0:51:55  time: 0.2666  data_time: 0.0074  memory: 2065  grad_norm: 137.6528  loss: 7.7004  s0.loss_cls: 0.6182  s0.pos_acc: 60.0000  s0.loss_bbox: 0.7148  s0.loss_iou: 0.6088  s1.loss_cls: 0.4311  s1.pos_acc: 100.0000  s1.loss_bbox: 0.4764  s1.loss_iou: 0.3982  s2.loss_cls: 0.3762  s2.pos_acc: 100.0000  s2.loss_bbox: 0.4360  s2.loss_iou: 0.3676  s3.loss_cls: 0.3672  s3.pos_acc: 100.0000  s3.loss_bbox: 0.3938  s3.loss_iou: 0.3460  s4.loss_cls: 0.3558  s4.pos_acc: 100.0000  s4.loss_bbox: 0.3838  s4.loss_iou: 0.3412  s5.loss_cls: 0.3562  s5.pos_acc: 100.0000  s5.loss_bbox: 0.3860  s5.loss_iou: 0.3430
2025/05/18 13:10:38 - mmengine - INFO - Epoch(train) [5][4600/8276]  lr: 2.5000e-05  eta: 0:51:42  time: 0.2587  data_time: 0.0065  memory: 2065  grad_norm: 122.0243  loss: 8.0724  s0.loss_cls: 0.6420  s0.pos_acc: 57.1429  s0.loss_bbox: 0.7286  s0.loss_iou: 0.6263  s1.loss_cls: 0.4773  s1.pos_acc: 71.4286  s1.loss_bbox: 0.4749  s1.loss_iou: 0.4296  s2.loss_cls: 0.4468  s2.pos_acc: 71.4286  s2.loss_bbox: 0.4027  s2.loss_iou: 0.3684  s3.loss_cls: 0.4188  s3.pos_acc: 85.7143  s3.loss_bbox: 0.3907  s3.loss_iou: 0.3543  s4.loss_cls: 0.4262  s4.pos_acc: 100.0000  s4.loss_bbox: 0.3792  s4.loss_iou: 0.3457  s5.loss_cls: 0.4242  s5.pos_acc: 85.7143  s5.loss_bbox: 0.3882  s5.loss_iou: 0.3486
2025/05/18 13:10:51 - mmengine - INFO - Epoch(train) [5][4650/8276]  lr: 2.5000e-05  eta: 0:51:29  time: 0.2624  data_time: 0.0067  memory: 2065  grad_norm: 122.9156  loss: 8.2846  s0.loss_cls: 0.6685  s0.pos_acc: 25.0000  s0.loss_bbox: 0.7364  s0.loss_iou: 0.6889  s1.loss_cls: 0.5196  s1.pos_acc: 100.0000  s1.loss_bbox: 0.4626  s1.loss_iou: 0.4413  s2.loss_cls: 0.4809  s2.pos_acc: 100.0000  s2.loss_bbox: 0.3827  s2.loss_iou: 0.3801  s3.loss_cls: 0.4554  s3.pos_acc: 100.0000  s3.loss_bbox: 0.3683  s3.loss_iou: 0.3672  s4.loss_cls: 0.4631  s4.pos_acc: 100.0000  s4.loss_bbox: 0.3440  s4.loss_iou: 0.3540  s5.loss_cls: 0.4715  s5.pos_acc: 100.0000  s5.loss_bbox: 0.3475  s5.loss_iou: 0.3528
2025/05/18 13:11:03 - mmengine - INFO - Epoch(train) [5][4700/8276]  lr: 2.5000e-05  eta: 0:51:16  time: 0.2563  data_time: 0.0058  memory: 2064  grad_norm: 130.7454  loss: 7.6255  s0.loss_cls: 0.5851  s0.pos_acc: 100.0000  s0.loss_bbox: 0.6905  s0.loss_iou: 0.6197  s1.loss_cls: 0.3977  s1.pos_acc: 100.0000  s1.loss_bbox: 0.4481  s1.loss_iou: 0.4134  s2.loss_cls: 0.3818  s2.pos_acc: 100.0000  s2.loss_bbox: 0.3858  s2.loss_iou: 0.3579  s3.loss_cls: 0.3675  s3.pos_acc: 100.0000  s3.loss_bbox: 0.3903  s3.loss_iou: 0.3561  s4.loss_cls: 0.3872  s4.pos_acc: 100.0000  s4.loss_bbox: 0.3784  s4.loss_iou: 0.3516  s5.loss_cls: 0.3879  s5.pos_acc: 100.0000  s5.loss_bbox: 0.3754  s5.loss_iou: 0.3508
2025/05/18 13:11:17 - mmengine - INFO - Epoch(train) [5][4750/8276]  lr: 2.5000e-05  eta: 0:51:03  time: 0.2631  data_time: 0.0068  memory: 2065  grad_norm: 143.6245  loss: 7.3630  s0.loss_cls: 0.5568  s0.pos_acc: 83.3333  s0.loss_bbox: 0.6974  s0.loss_iou: 0.5780  s1.loss_cls: 0.3955  s1.pos_acc: 100.0000  s1.loss_bbox: 0.4705  s1.loss_iou: 0.3894  s2.loss_cls: 0.3722  s2.pos_acc: 100.0000  s2.loss_bbox: 0.3933  s2.loss_iou: 0.3315  s3.loss_cls: 0.3560  s3.pos_acc: 100.0000  s3.loss_bbox: 0.3811  s3.loss_iou: 0.3244  s4.loss_cls: 0.3655  s4.pos_acc: 100.0000  s4.loss_bbox: 0.3725  s4.loss_iou: 0.3198  s5.loss_cls: 0.3620  s5.pos_acc: 100.0000  s5.loss_bbox: 0.3766  s5.loss_iou: 0.3207
2025/05/18 13:11:29 - mmengine - INFO - Epoch(train) [5][4800/8276]  lr: 2.5000e-05  eta: 0:50:50  time: 0.2538  data_time: 0.0057  memory: 2064  grad_norm: 124.4499  loss: 7.3834  s0.loss_cls: 0.6355  s0.pos_acc: 50.0000  s0.loss_bbox: 0.7547  s0.loss_iou: 0.6248  s1.loss_cls: 0.4164  s1.pos_acc: 50.0000  s1.loss_bbox: 0.4528  s1.loss_iou: 0.4000  s2.loss_cls: 0.3533  s2.pos_acc: 50.0000  s2.loss_bbox: 0.3829  s2.loss_iou: 0.3435  s3.loss_cls: 0.3486  s3.pos_acc: 50.0000  s3.loss_bbox: 0.3551  s3.loss_iou: 0.3235  s4.loss_cls: 0.3181  s4.pos_acc: 50.0000  s4.loss_bbox: 0.3611  s4.loss_iou: 0.3228  s5.loss_cls: 0.3383  s5.pos_acc: 50.0000  s5.loss_bbox: 0.3385  s5.loss_iou: 0.3136
2025/05/18 13:11:42 - mmengine - INFO - Epoch(train) [5][4850/8276]  lr: 2.5000e-05  eta: 0:50:37  time: 0.2611  data_time: 0.0067  memory: 2064  grad_norm: 118.5705  loss: 7.8147  s0.loss_cls: 0.6125  s0.pos_acc: 50.0000  s0.loss_bbox: 0.7515  s0.loss_iou: 0.6406  s1.loss_cls: 0.4542  s1.pos_acc: 100.0000  s1.loss_bbox: 0.4520  s1.loss_iou: 0.3914  s2.loss_cls: 0.4547  s2.pos_acc: 100.0000  s2.loss_bbox: 0.3819  s2.loss_iou: 0.3420  s3.loss_cls: 0.4462  s3.pos_acc: 100.0000  s3.loss_bbox: 0.3550  s3.loss_iou: 0.3204  s4.loss_cls: 0.4352  s4.pos_acc: 100.0000  s4.loss_bbox: 0.3534  s4.loss_iou: 0.3172  s5.loss_cls: 0.4350  s5.pos_acc: 100.0000  s5.loss_bbox: 0.3525  s5.loss_iou: 0.3190
2025/05/18 13:11:54 - mmengine - INFO - Exp name: sparse-rcnn_voc_20250518_101231
2025/05/18 13:11:55 - mmengine - INFO - Epoch(train) [5][4900/8276]  lr: 2.5000e-05  eta: 0:50:24  time: 0.2558  data_time: 0.0060  memory: 2065  grad_norm: 122.5809  loss: 8.0036  s0.loss_cls: 0.5765  s0.pos_acc: 100.0000  s0.loss_bbox: 0.7242  s0.loss_iou: 0.6401  s1.loss_cls: 0.4535  s1.pos_acc: 100.0000  s1.loss_bbox: 0.4533  s1.loss_iou: 0.4201  s2.loss_cls: 0.3990  s2.pos_acc: 100.0000  s2.loss_bbox: 0.4270  s2.loss_iou: 0.3996  s3.loss_cls: 0.3817  s3.pos_acc: 100.0000  s3.loss_bbox: 0.4147  s3.loss_iou: 0.3952  s4.loss_cls: 0.3886  s4.pos_acc: 100.0000  s4.loss_bbox: 0.3966  s4.loss_iou: 0.3836  s5.loss_cls: 0.3968  s5.pos_acc: 100.0000  s5.loss_bbox: 0.3794  s5.loss_iou: 0.3736
2025/05/18 13:12:08 - mmengine - INFO - Epoch(train) [5][4950/8276]  lr: 2.5000e-05  eta: 0:50:11  time: 0.2639  data_time: 0.0069  memory: 2064  grad_norm: 115.8729  loss: 7.8454  s0.loss_cls: 0.6819  s0.pos_acc: 100.0000  s0.loss_bbox: 0.7224  s0.loss_iou: 0.6600  s1.loss_cls: 0.4637  s1.pos_acc: 100.0000  s1.loss_bbox: 0.4473  s1.loss_iou: 0.4163  s2.loss_cls: 0.4235  s2.pos_acc: 100.0000  s2.loss_bbox: 0.3868  s2.loss_iou: 0.3628  s3.loss_cls: 0.4117  s3.pos_acc: 100.0000  s3.loss_bbox: 0.3526  s3.loss_iou: 0.3413  s4.loss_cls: 0.4205  s4.pos_acc: 100.0000  s4.loss_bbox: 0.3371  s4.loss_iou: 0.3330  s5.loss_cls: 0.4220  s5.pos_acc: 100.0000  s5.loss_bbox: 0.3338  s5.loss_iou: 0.3287
2025/05/18 13:12:22 - mmengine - INFO - Epoch(train) [5][5000/8276]  lr: 2.5000e-05  eta: 0:49:58  time: 0.2644  data_time: 0.0066  memory: 2064  grad_norm: 119.6469  loss: 8.1843  s0.loss_cls: 0.7302  s0.pos_acc: 57.1429  s0.loss_bbox: 0.7080  s0.loss_iou: 0.6457  s1.loss_cls: 0.5301  s1.pos_acc: 100.0000  s1.loss_bbox: 0.4520  s1.loss_iou: 0.4144  s2.loss_cls: 0.4732  s2.pos_acc: 100.0000  s2.loss_bbox: 0.3929  s2.loss_iou: 0.3651  s3.loss_cls: 0.4496  s3.pos_acc: 100.0000  s3.loss_bbox: 0.3626  s3.loss_iou: 0.3442  s4.loss_cls: 0.4471  s4.pos_acc: 100.0000  s4.loss_bbox: 0.3628  s4.loss_iou: 0.3444  s5.loss_cls: 0.4654  s5.pos_acc: 100.0000  s5.loss_bbox: 0.3561  s5.loss_iou: 0.3403
2025/05/18 13:12:35 - mmengine - INFO - Epoch(train) [5][5050/8276]  lr: 2.5000e-05  eta: 0:49:45  time: 0.2626  data_time: 0.0067  memory: 2064  grad_norm: 116.9449  loss: 8.0737  s0.loss_cls: 0.6696  s0.pos_acc: 100.0000  s0.loss_bbox: 0.7685  s0.loss_iou: 0.6549  s1.loss_cls: 0.4971  s1.pos_acc: 100.0000  s1.loss_bbox: 0.4570  s1.loss_iou: 0.4098  s2.loss_cls: 0.4654  s2.pos_acc: 100.0000  s2.loss_bbox: 0.3830  s2.loss_iou: 0.3535  s3.loss_cls: 0.4413  s3.pos_acc: 100.0000  s3.loss_bbox: 0.3659  s3.loss_iou: 0.3435  s4.loss_cls: 0.4370  s4.pos_acc: 100.0000  s4.loss_bbox: 0.3569  s4.loss_iou: 0.3391  s5.loss_cls: 0.4483  s5.pos_acc: 100.0000  s5.loss_bbox: 0.3495  s5.loss_iou: 0.3334
2025/05/18 13:12:48 - mmengine - INFO - Epoch(train) [5][5100/8276]  lr: 2.5000e-05  eta: 0:49:32  time: 0.2605  data_time: 0.0065  memory: 2063  grad_norm: 122.1631  loss: 8.4317  s0.loss_cls: 0.6712  s0.pos_acc: 66.6667  s0.loss_bbox: 0.7805  s0.loss_iou: 0.6682  s1.loss_cls: 0.5012  s1.pos_acc: 66.6667  s1.loss_bbox: 0.4911  s1.loss_iou: 0.4363  s2.loss_cls: 0.4538  s2.pos_acc: 83.3333  s2.loss_bbox: 0.4319  s2.loss_iou: 0.3816  s3.loss_cls: 0.4297  s3.pos_acc: 83.3333  s3.loss_bbox: 0.4222  s3.loss_iou: 0.3721  s4.loss_cls: 0.4181  s4.pos_acc: 66.6667  s4.loss_bbox: 0.4187  s4.loss_iou: 0.3706  s5.loss_cls: 0.4136  s5.pos_acc: 66.6667  s5.loss_bbox: 0.4060  s5.loss_iou: 0.3650
2025/05/18 13:13:00 - mmengine - INFO - Epoch(train) [5][5150/8276]  lr: 2.5000e-05  eta: 0:49:19  time: 0.2529  data_time: 0.0059  memory: 2065  grad_norm: 138.4446  loss: 8.3399  s0.loss_cls: 0.6444  s0.pos_acc: 100.0000  s0.loss_bbox: 0.7291  s0.loss_iou: 0.6534  s1.loss_cls: 0.4924  s1.pos_acc: 100.0000  s1.loss_bbox: 0.4644  s1.loss_iou: 0.4335  s2.loss_cls: 0.4991  s2.pos_acc: 100.0000  s2.loss_bbox: 0.3906  s2.loss_iou: 0.3834  s3.loss_cls: 0.4891  s3.pos_acc: 100.0000  s3.loss_bbox: 0.3742  s3.loss_iou: 0.3696  s4.loss_cls: 0.4882  s4.pos_acc: 100.0000  s4.loss_bbox: 0.3633  s4.loss_iou: 0.3672  s5.loss_cls: 0.4861  s5.pos_acc: 100.0000  s5.loss_bbox: 0.3536  s5.loss_iou: 0.3584
2025/05/18 13:13:13 - mmengine - INFO - Epoch(train) [5][5200/8276]  lr: 2.5000e-05  eta: 0:49:06  time: 0.2562  data_time: 0.0065  memory: 2064  grad_norm: 119.3099  loss: 8.0960  s0.loss_cls: 0.6370  s0.pos_acc: 80.0000  s0.loss_bbox: 0.7061  s0.loss_iou: 0.6634  s1.loss_cls: 0.5005  s1.pos_acc: 100.0000  s1.loss_bbox: 0.4236  s1.loss_iou: 0.4261  s2.loss_cls: 0.4568  s2.pos_acc: 100.0000  s2.loss_bbox: 0.3735  s2.loss_iou: 0.3749  s3.loss_cls: 0.4681  s3.pos_acc: 100.0000  s3.loss_bbox: 0.3510  s3.loss_iou: 0.3572  s4.loss_cls: 0.4920  s4.pos_acc: 100.0000  s4.loss_bbox: 0.3286  s4.loss_iou: 0.3467  s5.loss_cls: 0.4970  s5.pos_acc: 100.0000  s5.loss_bbox: 0.3395  s5.loss_iou: 0.3541
2025/05/18 13:13:27 - mmengine - INFO - Epoch(train) [5][5250/8276]  lr: 2.5000e-05  eta: 0:48:53  time: 0.2675  data_time: 0.0074  memory: 2064  grad_norm: 123.9362  loss: 7.9666  s0.loss_cls: 0.6267  s0.pos_acc: 100.0000  s0.loss_bbox: 0.7043  s0.loss_iou: 0.6427  s1.loss_cls: 0.4759  s1.pos_acc: 100.0000  s1.loss_bbox: 0.4400  s1.loss_iou: 0.4169  s2.loss_cls: 0.4405  s2.pos_acc: 100.0000  s2.loss_bbox: 0.3919  s2.loss_iou: 0.3763  s3.loss_cls: 0.4387  s3.pos_acc: 100.0000  s3.loss_bbox: 0.3715  s3.loss_iou: 0.3565  s4.loss_cls: 0.4326  s4.pos_acc: 100.0000  s4.loss_bbox: 0.3629  s4.loss_iou: 0.3521  s5.loss_cls: 0.4246  s5.pos_acc: 100.0000  s5.loss_bbox: 0.3624  s5.loss_iou: 0.3501
2025/05/18 13:13:40 - mmengine - INFO - Epoch(train) [5][5300/8276]  lr: 2.5000e-05  eta: 0:48:40  time: 0.2593  data_time: 0.0067  memory: 2064  grad_norm: 121.7103  loss: 7.8119  s0.loss_cls: 0.6400  s0.pos_acc: 80.0000  s0.loss_bbox: 0.7041  s0.loss_iou: 0.6213  s1.loss_cls: 0.4791  s1.pos_acc: 100.0000  s1.loss_bbox: 0.4309  s1.loss_iou: 0.3881  s2.loss_cls: 0.4434  s2.pos_acc: 100.0000  s2.loss_bbox: 0.3887  s2.loss_iou: 0.3481  s3.loss_cls: 0.4329  s3.pos_acc: 100.0000  s3.loss_bbox: 0.3653  s3.loss_iou: 0.3300  s4.loss_cls: 0.4425  s4.pos_acc: 100.0000  s4.loss_bbox: 0.3545  s4.loss_iou: 0.3206  s5.loss_cls: 0.4409  s5.pos_acc: 100.0000  s5.loss_bbox: 0.3575  s5.loss_iou: 0.3242
2025/05/18 13:13:53 - mmengine - INFO - Epoch(train) [5][5350/8276]  lr: 2.5000e-05  eta: 0:48:27  time: 0.2583  data_time: 0.0061  memory: 2064  grad_norm: 119.3835  loss: 7.8760  s0.loss_cls: 0.5659  s0.pos_acc: 66.6667  s0.loss_bbox: 0.7419  s0.loss_iou: 0.6232  s1.loss_cls: 0.4956  s1.pos_acc: 33.3333  s1.loss_bbox: 0.4454  s1.loss_iou: 0.3953  s2.loss_cls: 0.4567  s2.pos_acc: 100.0000  s2.loss_bbox: 0.3802  s2.loss_iou: 0.3412  s3.loss_cls: 0.4587  s3.pos_acc: 100.0000  s3.loss_bbox: 0.3670  s3.loss_iou: 0.3336  s4.loss_cls: 0.4605  s4.pos_acc: 100.0000  s4.loss_bbox: 0.3481  s4.loss_iou: 0.3236  s5.loss_cls: 0.4709  s5.pos_acc: 100.0000  s5.loss_bbox: 0.3462  s5.loss_iou: 0.3220
2025/05/18 13:14:06 - mmengine - INFO - Epoch(train) [5][5400/8276]  lr: 2.5000e-05  eta: 0:48:14  time: 0.2646  data_time: 0.0069  memory: 2064  grad_norm: 119.8543  loss: 7.8893  s0.loss_cls: 0.5999  s0.pos_acc: 50.0000  s0.loss_bbox: 0.7265  s0.loss_iou: 0.6070  s1.loss_cls: 0.4547  s1.pos_acc: 100.0000  s1.loss_bbox: 0.4723  s1.loss_iou: 0.4011  s2.loss_cls: 0.4034  s2.pos_acc: 100.0000  s2.loss_bbox: 0.4189  s2.loss_iou: 0.3617  s3.loss_cls: 0.4233  s3.pos_acc: 100.0000  s3.loss_bbox: 0.3843  s3.loss_iou: 0.3404  s4.loss_cls: 0.3911  s4.pos_acc: 100.0000  s4.loss_bbox: 0.4043  s4.loss_iou: 0.3468  s5.loss_cls: 0.4015  s5.pos_acc: 100.0000  s5.loss_bbox: 0.4034  s5.loss_iou: 0.3488
2025/05/18 13:14:19 - mmengine - INFO - Epoch(train) [5][5450/8276]  lr: 2.5000e-05  eta: 0:48:01  time: 0.2636  data_time: 0.0069  memory: 2065  grad_norm: 128.3272  loss: 7.6746  s0.loss_cls: 0.5748  s0.pos_acc: 66.6667  s0.loss_bbox: 0.7082  s0.loss_iou: 0.6301  s1.loss_cls: 0.4266  s1.pos_acc: 100.0000  s1.loss_bbox: 0.4551  s1.loss_iou: 0.4101  s2.loss_cls: 0.4126  s2.pos_acc: 100.0000  s2.loss_bbox: 0.3961  s2.loss_iou: 0.3626  s3.loss_cls: 0.3854  s3.pos_acc: 100.0000  s3.loss_bbox: 0.3702  s3.loss_iou: 0.3469  s4.loss_cls: 0.3776  s4.pos_acc: 100.0000  s4.loss_bbox: 0.3688  s4.loss_iou: 0.3470  s5.loss_cls: 0.3862  s5.pos_acc: 100.0000  s5.loss_bbox: 0.3710  s5.loss_iou: 0.3455
2025/05/18 13:14:33 - mmengine - INFO - Epoch(train) [5][5500/8276]  lr: 2.5000e-05  eta: 0:47:48  time: 0.2781  data_time: 0.0076  memory: 2063  grad_norm: 129.7919  loss: 7.0870  s0.loss_cls: 0.5727  s0.pos_acc: 100.0000  s0.loss_bbox: 0.6895  s0.loss_iou: 0.6073  s1.loss_cls: 0.3912  s1.pos_acc: 100.0000  s1.loss_bbox: 0.4316  s1.loss_iou: 0.3829  s2.loss_cls: 0.3613  s2.pos_acc: 100.0000  s2.loss_bbox: 0.3623  s2.loss_iou: 0.3238  s3.loss_cls: 0.3319  s3.pos_acc: 75.0000  s3.loss_bbox: 0.3547  s3.loss_iou: 0.3144  s4.loss_cls: 0.3324  s4.pos_acc: 75.0000  s4.loss_bbox: 0.3442  s4.loss_iou: 0.3083  s5.loss_cls: 0.3221  s5.pos_acc: 75.0000  s5.loss_bbox: 0.3457  s5.loss_iou: 0.3109
2025/05/18 13:14:46 - mmengine - INFO - Epoch(train) [5][5550/8276]  lr: 2.5000e-05  eta: 0:47:36  time: 0.2695  data_time: 0.0072  memory: 2064  grad_norm: 124.5553  loss: 7.9600  s0.loss_cls: 0.6134  s0.pos_acc: 75.0000  s0.loss_bbox: 0.7608  s0.loss_iou: 0.6281  s1.loss_cls: 0.4630  s1.pos_acc: 91.6667  s1.loss_bbox: 0.4751  s1.loss_iou: 0.4081  s2.loss_cls: 0.4274  s2.pos_acc: 91.6667  s2.loss_bbox: 0.4103  s2.loss_iou: 0.3610  s3.loss_cls: 0.4223  s3.pos_acc: 83.3333  s3.loss_bbox: 0.3896  s3.loss_iou: 0.3446  s4.loss_cls: 0.4140  s4.pos_acc: 91.6667  s4.loss_bbox: 0.3776  s4.loss_iou: 0.3341  s5.loss_cls: 0.4350  s5.pos_acc: 83.3333  s5.loss_bbox: 0.3655  s5.loss_iou: 0.3302
2025/05/18 13:15:00 - mmengine - INFO - Epoch(train) [5][5600/8276]  lr: 2.5000e-05  eta: 0:47:23  time: 0.2647  data_time: 0.0070  memory: 2064  grad_norm: 124.6184  loss: 7.4461  s0.loss_cls: 0.5899  s0.pos_acc: 100.0000  s0.loss_bbox: 0.6767  s0.loss_iou: 0.5683  s1.loss_cls: 0.4285  s1.pos_acc: 100.0000  s1.loss_bbox: 0.4450  s1.loss_iou: 0.3769  s2.loss_cls: 0.4046  s2.pos_acc: 100.0000  s2.loss_bbox: 0.3815  s2.loss_iou: 0.3359  s3.loss_cls: 0.3779  s3.pos_acc: 100.0000  s3.loss_bbox: 0.3843  s3.loss_iou: 0.3351  s4.loss_cls: 0.3857  s4.pos_acc: 100.0000  s4.loss_bbox: 0.3643  s4.loss_iou: 0.3226  s5.loss_cls: 0.3817  s5.pos_acc: 100.0000  s5.loss_bbox: 0.3643  s5.loss_iou: 0.3227
2025/05/18 13:15:13 - mmengine - INFO - Epoch(train) [5][5650/8276]  lr: 2.5000e-05  eta: 0:47:10  time: 0.2610  data_time: 0.0065  memory: 2064  grad_norm: 122.5862  loss: 7.4949  s0.loss_cls: 0.5626  s0.pos_acc: 60.0000  s0.loss_bbox: 0.7250  s0.loss_iou: 0.6154  s1.loss_cls: 0.3878  s1.pos_acc: 100.0000  s1.loss_bbox: 0.4589  s1.loss_iou: 0.4023  s2.loss_cls: 0.3666  s2.pos_acc: 100.0000  s2.loss_bbox: 0.4077  s2.loss_iou: 0.3566  s3.loss_cls: 0.3502  s3.pos_acc: 100.0000  s3.loss_bbox: 0.3879  s3.loss_iou: 0.3432  s4.loss_cls: 0.3487  s4.pos_acc: 100.0000  s4.loss_bbox: 0.3743  s4.loss_iou: 0.3370  s5.loss_cls: 0.3542  s5.pos_acc: 100.0000  s5.loss_bbox: 0.3809  s5.loss_iou: 0.3359
2025/05/18 13:15:26 - mmengine - INFO - Epoch(train) [5][5700/8276]  lr: 2.5000e-05  eta: 0:46:57  time: 0.2589  data_time: 0.0067  memory: 2064  grad_norm: 125.7402  loss: 8.5810  s0.loss_cls: 0.6588  s0.pos_acc: 50.0000  s0.loss_bbox: 0.7781  s0.loss_iou: 0.6853  s1.loss_cls: 0.5393  s1.pos_acc: 50.0000  s1.loss_bbox: 0.4718  s1.loss_iou: 0.4311  s2.loss_cls: 0.4880  s2.pos_acc: 50.0000  s2.loss_bbox: 0.4245  s2.loss_iou: 0.3775  s3.loss_cls: 0.5028  s3.pos_acc: 100.0000  s3.loss_bbox: 0.3952  s3.loss_iou: 0.3549  s4.loss_cls: 0.5056  s4.pos_acc: 50.0000  s4.loss_bbox: 0.3856  s4.loss_iou: 0.3469  s5.loss_cls: 0.5068  s5.pos_acc: 50.0000  s5.loss_bbox: 0.3827  s5.loss_iou: 0.3462
2025/05/18 13:15:38 - mmengine - INFO - Epoch(train) [5][5750/8276]  lr: 2.5000e-05  eta: 0:46:44  time: 0.2559  data_time: 0.0060  memory: 2064  grad_norm: 124.5631  loss: 7.3509  s0.loss_cls: 0.5915  s0.pos_acc: 87.5000  s0.loss_bbox: 0.7127  s0.loss_iou: 0.6242  s1.loss_cls: 0.4197  s1.pos_acc: 87.5000  s1.loss_bbox: 0.4358  s1.loss_iou: 0.3951  s2.loss_cls: 0.3864  s2.pos_acc: 87.5000  s2.loss_bbox: 0.3729  s2.loss_iou: 0.3368  s3.loss_cls: 0.3729  s3.pos_acc: 87.5000  s3.loss_bbox: 0.3438  s3.loss_iou: 0.3205  s4.loss_cls: 0.3432  s4.pos_acc: 87.5000  s4.loss_bbox: 0.3493  s4.loss_iou: 0.3268  s5.loss_cls: 0.3491  s5.pos_acc: 87.5000  s5.loss_bbox: 0.3437  s5.loss_iou: 0.3265
2025/05/18 13:15:52 - mmengine - INFO - Epoch(train) [5][5800/8276]  lr: 2.5000e-05  eta: 0:46:31  time: 0.2673  data_time: 0.0072  memory: 2065  grad_norm: 128.0111  loss: 8.5530  s0.loss_cls: 0.6557  s0.pos_acc: 75.0000  s0.loss_bbox: 0.6981  s0.loss_iou: 0.6392  s1.loss_cls: 0.5036  s1.pos_acc: 100.0000  s1.loss_bbox: 0.4727  s1.loss_iou: 0.4409  s2.loss_cls: 0.4678  s2.pos_acc: 100.0000  s2.loss_bbox: 0.4530  s2.loss_iou: 0.4097  s3.loss_cls: 0.4412  s3.pos_acc: 100.0000  s3.loss_bbox: 0.4447  s3.loss_iou: 0.4052  s4.loss_cls: 0.4346  s4.pos_acc: 100.0000  s4.loss_bbox: 0.4334  s4.loss_iou: 0.3978  s5.loss_cls: 0.4290  s5.pos_acc: 100.0000  s5.loss_bbox: 0.4325  s5.loss_iou: 0.3940
2025/05/18 13:16:05 - mmengine - INFO - Epoch(train) [5][5850/8276]  lr: 2.5000e-05  eta: 0:46:18  time: 0.2556  data_time: 0.0060  memory: 2064  grad_norm: 127.4583  loss: 7.6650  s0.loss_cls: 0.6204  s0.pos_acc: 85.7143  s0.loss_bbox: 0.6987  s0.loss_iou: 0.6185  s1.loss_cls: 0.4307  s1.pos_acc: 100.0000  s1.loss_bbox: 0.4441  s1.loss_iou: 0.4033  s2.loss_cls: 0.4115  s2.pos_acc: 100.0000  s2.loss_bbox: 0.3895  s2.loss_iou: 0.3532  s3.loss_cls: 0.4037  s3.pos_acc: 100.0000  s3.loss_bbox: 0.3692  s3.loss_iou: 0.3357  s4.loss_cls: 0.4007  s4.pos_acc: 100.0000  s4.loss_bbox: 0.3592  s4.loss_iou: 0.3313  s5.loss_cls: 0.4021  s5.pos_acc: 100.0000  s5.loss_bbox: 0.3617  s5.loss_iou: 0.3316
2025/05/18 13:16:17 - mmengine - INFO - Exp name: sparse-rcnn_voc_20250518_101231
2025/05/18 13:16:18 - mmengine - INFO - Epoch(train) [5][5900/8276]  lr: 2.5000e-05  eta: 0:46:05  time: 0.2614  data_time: 0.0068  memory: 2064  grad_norm: 127.2918  loss: 7.4704  s0.loss_cls: 0.6199  s0.pos_acc: 50.0000  s0.loss_bbox: 0.7047  s0.loss_iou: 0.6428  s1.loss_cls: 0.4085  s1.pos_acc: 100.0000  s1.loss_bbox: 0.4320  s1.loss_iou: 0.4092  s2.loss_cls: 0.3729  s2.pos_acc: 100.0000  s2.loss_bbox: 0.3865  s2.loss_iou: 0.3667  s3.loss_cls: 0.3591  s3.pos_acc: 100.0000  s3.loss_bbox: 0.3575  s3.loss_iou: 0.3494  s4.loss_cls: 0.3451  s4.pos_acc: 100.0000  s4.loss_bbox: 0.3450  s4.loss_iou: 0.3410  s5.loss_cls: 0.3412  s5.pos_acc: 100.0000  s5.loss_bbox: 0.3462  s5.loss_iou: 0.3428
2025/05/18 13:16:31 - mmengine - INFO - Epoch(train) [5][5950/8276]  lr: 2.5000e-05  eta: 0:45:52  time: 0.2631  data_time: 0.0068  memory: 2064  grad_norm: 125.1109  loss: 7.4707  s0.loss_cls: 0.5576  s0.pos_acc: 100.0000  s0.loss_bbox: 0.7232  s0.loss_iou: 0.6441  s1.loss_cls: 0.4200  s1.pos_acc: 100.0000  s1.loss_bbox: 0.4435  s1.loss_iou: 0.4025  s2.loss_cls: 0.3926  s2.pos_acc: 100.0000  s2.loss_bbox: 0.3744  s2.loss_iou: 0.3471  s3.loss_cls: 0.3790  s3.pos_acc: 100.0000  s3.loss_bbox: 0.3468  s3.loss_iou: 0.3266  s4.loss_cls: 0.3757  s4.pos_acc: 80.0000  s4.loss_bbox: 0.3470  s4.loss_iou: 0.3308  s5.loss_cls: 0.3724  s5.pos_acc: 80.0000  s5.loss_bbox: 0.3537  s5.loss_iou: 0.3338
2025/05/18 13:16:44 - mmengine - INFO - Epoch(train) [5][6000/8276]  lr: 2.5000e-05  eta: 0:45:39  time: 0.2625  data_time: 0.0068  memory: 2064  grad_norm: 120.7782  loss: 7.6268  s0.loss_cls: 0.6563  s0.pos_acc: 100.0000  s0.loss_bbox: 0.6969  s0.loss_iou: 0.6697  s1.loss_cls: 0.4430  s1.pos_acc: 100.0000  s1.loss_bbox: 0.4092  s1.loss_iou: 0.4079  s2.loss_cls: 0.3923  s2.pos_acc: 100.0000  s2.loss_bbox: 0.3651  s2.loss_iou: 0.3691  s3.loss_cls: 0.3953  s3.pos_acc: 100.0000  s3.loss_bbox: 0.3427  s3.loss_iou: 0.3523  s4.loss_cls: 0.3814  s4.pos_acc: 100.0000  s4.loss_bbox: 0.3347  s4.loss_iou: 0.3465  s5.loss_cls: 0.3993  s5.pos_acc: 100.0000  s5.loss_bbox: 0.3261  s5.loss_iou: 0.3390
2025/05/18 13:16:57 - mmengine - INFO - Epoch(train) [5][6050/8276]  lr: 2.5000e-05  eta: 0:45:26  time: 0.2583  data_time: 0.0067  memory: 2065  grad_norm: 124.2439  loss: 7.7266  s0.loss_cls: 0.5693  s0.pos_acc: 100.0000  s0.loss_bbox: 0.7205  s0.loss_iou: 0.6376  s1.loss_cls: 0.3964  s1.pos_acc: 100.0000  s1.loss_bbox: 0.4578  s1.loss_iou: 0.4256  s2.loss_cls: 0.3970  s2.pos_acc: 100.0000  s2.loss_bbox: 0.3989  s2.loss_iou: 0.3824  s3.loss_cls: 0.3881  s3.pos_acc: 100.0000  s3.loss_bbox: 0.3735  s3.loss_iou: 0.3706  s4.loss_cls: 0.3792  s4.pos_acc: 100.0000  s4.loss_bbox: 0.3608  s4.loss_iou: 0.3642  s5.loss_cls: 0.3816  s5.pos_acc: 100.0000  s5.loss_bbox: 0.3604  s5.loss_iou: 0.3625
2025/05/18 13:17:10 - mmengine - INFO - Epoch(train) [5][6100/8276]  lr: 2.5000e-05  eta: 0:45:13  time: 0.2566  data_time: 0.0063  memory: 2064  grad_norm: 123.1726  loss: 7.7831  s0.loss_cls: 0.6233  s0.pos_acc: 57.1429  s0.loss_bbox: 0.7017  s0.loss_iou: 0.6384  s1.loss_cls: 0.4729  s1.pos_acc: 100.0000  s1.loss_bbox: 0.4365  s1.loss_iou: 0.4028  s2.loss_cls: 0.4150  s2.pos_acc: 100.0000  s2.loss_bbox: 0.3831  s2.loss_iou: 0.3573  s3.loss_cls: 0.4065  s3.pos_acc: 85.7143  s3.loss_bbox: 0.3655  s3.loss_iou: 0.3452  s4.loss_cls: 0.4127  s4.pos_acc: 85.7143  s4.loss_bbox: 0.3675  s4.loss_iou: 0.3408  s5.loss_cls: 0.3923  s5.pos_acc: 100.0000  s5.loss_bbox: 0.3726  s5.loss_iou: 0.3491
2025/05/18 13:17:23 - mmengine - INFO - Epoch(train) [5][6150/8276]  lr: 2.5000e-05  eta: 0:45:00  time: 0.2629  data_time: 0.0068  memory: 2064  grad_norm: 114.0591  loss: 8.0122  s0.loss_cls: 0.6580  s0.pos_acc: 100.0000  s0.loss_bbox: 0.6989  s0.loss_iou: 0.6209  s1.loss_cls: 0.4811  s1.pos_acc: 100.0000  s1.loss_bbox: 0.4524  s1.loss_iou: 0.4063  s2.loss_cls: 0.4389  s2.pos_acc: 100.0000  s2.loss_bbox: 0.4175  s2.loss_iou: 0.3762  s3.loss_cls: 0.4107  s3.pos_acc: 100.0000  s3.loss_bbox: 0.3833  s3.loss_iou: 0.3581  s4.loss_cls: 0.4080  s4.pos_acc: 100.0000  s4.loss_bbox: 0.3877  s4.loss_iou: 0.3571  s5.loss_cls: 0.3916  s5.pos_acc: 100.0000  s5.loss_bbox: 0.4039  s5.loss_iou: 0.3614
2025/05/18 13:17:36 - mmengine - INFO - Epoch(train) [5][6200/8276]  lr: 2.5000e-05  eta: 0:44:47  time: 0.2631  data_time: 0.0069  memory: 2064  grad_norm: 116.7550  loss: 8.5549  s0.loss_cls: 0.6715  s0.pos_acc: 100.0000  s0.loss_bbox: 0.7502  s0.loss_iou: 0.6949  s1.loss_cls: 0.5026  s1.pos_acc: 100.0000  s1.loss_bbox: 0.4692  s1.loss_iou: 0.4511  s2.loss_cls: 0.4738  s2.pos_acc: 100.0000  s2.loss_bbox: 0.4104  s2.loss_iou: 0.3973  s3.loss_cls: 0.4737  s3.pos_acc: 100.0000  s3.loss_bbox: 0.3980  s3.loss_iou: 0.3890  s4.loss_cls: 0.4795  s4.pos_acc: 100.0000  s4.loss_bbox: 0.3838  s4.loss_iou: 0.3821  s5.loss_cls: 0.4778  s5.pos_acc: 100.0000  s5.loss_bbox: 0.3747  s5.loss_iou: 0.3755
2025/05/18 13:17:49 - mmengine - INFO - Epoch(train) [5][6250/8276]  lr: 2.5000e-05  eta: 0:44:34  time: 0.2688  data_time: 0.0075  memory: 2064  grad_norm: 115.3830  loss: 8.0336  s0.loss_cls: 0.6062  s0.pos_acc: 80.0000  s0.loss_bbox: 0.7948  s0.loss_iou: 0.6575  s1.loss_cls: 0.4475  s1.pos_acc: 100.0000  s1.loss_bbox: 0.4979  s1.loss_iou: 0.4278  s2.loss_cls: 0.4348  s2.pos_acc: 100.0000  s2.loss_bbox: 0.4122  s2.loss_iou: 0.3615  s3.loss_cls: 0.3863  s3.pos_acc: 100.0000  s3.loss_bbox: 0.4003  s3.loss_iou: 0.3564  s4.loss_cls: 0.3770  s4.pos_acc: 100.0000  s4.loss_bbox: 0.3926  s4.loss_iou: 0.3523  s5.loss_cls: 0.3865  s5.pos_acc: 100.0000  s5.loss_bbox: 0.3911  s5.loss_iou: 0.3508
2025/05/18 13:18:03 - mmengine - INFO - Epoch(train) [5][6300/8276]  lr: 2.5000e-05  eta: 0:44:21  time: 0.2672  data_time: 0.0071  memory: 2064  grad_norm: 127.1569  loss: 7.4283  s0.loss_cls: 0.5638  s0.pos_acc: 100.0000  s0.loss_bbox: 0.7391  s0.loss_iou: 0.5946  s1.loss_cls: 0.4430  s1.pos_acc: 100.0000  s1.loss_bbox: 0.4448  s1.loss_iou: 0.3723  s2.loss_cls: 0.3744  s2.pos_acc: 100.0000  s2.loss_bbox: 0.4048  s2.loss_iou: 0.3426  s3.loss_cls: 0.3830  s3.pos_acc: 100.0000  s3.loss_bbox: 0.3717  s3.loss_iou: 0.3202  s4.loss_cls: 0.3633  s4.pos_acc: 100.0000  s4.loss_bbox: 0.3589  s4.loss_iou: 0.3159  s5.loss_cls: 0.3588  s5.pos_acc: 100.0000  s5.loss_bbox: 0.3605  s5.loss_iou: 0.3167
2025/05/18 13:18:16 - mmengine - INFO - Epoch(train) [5][6350/8276]  lr: 2.5000e-05  eta: 0:44:08  time: 0.2660  data_time: 0.0071  memory: 2063  grad_norm: 124.1296  loss: 7.6500  s0.loss_cls: 0.6467  s0.pos_acc: 100.0000  s0.loss_bbox: 0.7147  s0.loss_iou: 0.6099  s1.loss_cls: 0.4411  s1.pos_acc: 100.0000  s1.loss_bbox: 0.4682  s1.loss_iou: 0.3865  s2.loss_cls: 0.4145  s2.pos_acc: 100.0000  s2.loss_bbox: 0.3999  s2.loss_iou: 0.3256  s3.loss_cls: 0.4066  s3.pos_acc: 100.0000  s3.loss_bbox: 0.3823  s3.loss_iou: 0.3135  s4.loss_cls: 0.4058  s4.pos_acc: 100.0000  s4.loss_bbox: 0.3639  s4.loss_iou: 0.3040  s5.loss_cls: 0.4035  s5.pos_acc: 100.0000  s5.loss_bbox: 0.3613  s5.loss_iou: 0.3019
2025/05/18 13:18:29 - mmengine - INFO - Epoch(train) [5][6400/8276]  lr: 2.5000e-05  eta: 0:43:56  time: 0.2620  data_time: 0.0068  memory: 2064  grad_norm: 132.4058  loss: 7.5037  s0.loss_cls: 0.6209  s0.pos_acc: 55.5556  s0.loss_bbox: 0.6780  s0.loss_iou: 0.6155  s1.loss_cls: 0.4311  s1.pos_acc: 55.5556  s1.loss_bbox: 0.4285  s1.loss_iou: 0.3980  s2.loss_cls: 0.3977  s2.pos_acc: 55.5556  s2.loss_bbox: 0.3764  s2.loss_iou: 0.3516  s3.loss_cls: 0.3819  s3.pos_acc: 66.6667  s3.loss_bbox: 0.3510  s3.loss_iou: 0.3382  s4.loss_cls: 0.3815  s4.pos_acc: 66.6667  s4.loss_bbox: 0.3502  s4.loss_iou: 0.3373  s5.loss_cls: 0.3778  s5.pos_acc: 66.6667  s5.loss_bbox: 0.3501  s5.loss_iou: 0.3383
2025/05/18 13:18:42 - mmengine - INFO - Epoch(train) [5][6450/8276]  lr: 2.5000e-05  eta: 0:43:43  time: 0.2654  data_time: 0.0071  memory: 2064  grad_norm: 116.5761  loss: 8.1445  s0.loss_cls: 0.6820  s0.pos_acc: 60.0000  s0.loss_bbox: 0.7219  s0.loss_iou: 0.6646  s1.loss_cls: 0.5343  s1.pos_acc: 100.0000  s1.loss_bbox: 0.4377  s1.loss_iou: 0.4154  s2.loss_cls: 0.4742  s2.pos_acc: 100.0000  s2.loss_bbox: 0.3763  s2.loss_iou: 0.3647  s3.loss_cls: 0.4548  s3.pos_acc: 100.0000  s3.loss_bbox: 0.3603  s3.loss_iou: 0.3466  s4.loss_cls: 0.4440  s4.pos_acc: 100.0000  s4.loss_bbox: 0.3688  s4.loss_iou: 0.3525  s5.loss_cls: 0.4434  s5.pos_acc: 100.0000  s5.loss_bbox: 0.3573  s5.loss_iou: 0.3457
2025/05/18 13:18:55 - mmengine - INFO - Epoch(train) [5][6500/8276]  lr: 2.5000e-05  eta: 0:43:30  time: 0.2590  data_time: 0.0065  memory: 2065  grad_norm: 122.5355  loss: 8.1945  s0.loss_cls: 0.5888  s0.pos_acc: 71.4286  s0.loss_bbox: 0.8081  s0.loss_iou: 0.6508  s1.loss_cls: 0.4470  s1.pos_acc: 85.7143  s1.loss_bbox: 0.5050  s1.loss_iou: 0.4269  s2.loss_cls: 0.4059  s2.pos_acc: 100.0000  s2.loss_bbox: 0.4443  s2.loss_iou: 0.3758  s3.loss_cls: 0.4016  s3.pos_acc: 100.0000  s3.loss_bbox: 0.4229  s3.loss_iou: 0.3638  s4.loss_cls: 0.3964  s4.pos_acc: 100.0000  s4.loss_bbox: 0.4192  s4.loss_iou: 0.3643  s5.loss_cls: 0.3947  s5.pos_acc: 100.0000  s5.loss_bbox: 0.4162  s5.loss_iou: 0.3628
2025/05/18 13:19:08 - mmengine - INFO - Epoch(train) [5][6550/8276]  lr: 2.5000e-05  eta: 0:43:17  time: 0.2594  data_time: 0.0068  memory: 2064  grad_norm: 124.3146  loss: 7.0948  s0.loss_cls: 0.5720  s0.pos_acc: 100.0000  s0.loss_bbox: 0.7139  s0.loss_iou: 0.6082  s1.loss_cls: 0.3738  s1.pos_acc: 100.0000  s1.loss_bbox: 0.4356  s1.loss_iou: 0.3845  s2.loss_cls: 0.3715  s2.pos_acc: 83.3333  s2.loss_bbox: 0.3592  s2.loss_iou: 0.3190  s3.loss_cls: 0.3499  s3.pos_acc: 83.3333  s3.loss_bbox: 0.3375  s3.loss_iou: 0.3040  s4.loss_cls: 0.3390  s4.pos_acc: 83.3333  s4.loss_bbox: 0.3376  s4.loss_iou: 0.3026  s5.loss_cls: 0.3404  s5.pos_acc: 83.3333  s5.loss_bbox: 0.3409  s5.loss_iou: 0.3052
2025/05/18 13:19:21 - mmengine - INFO - Epoch(train) [5][6600/8276]  lr: 2.5000e-05  eta: 0:43:04  time: 0.2619  data_time: 0.0070  memory: 2065  grad_norm: 124.4990  loss: 8.0131  s0.loss_cls: 0.6730  s0.pos_acc: 85.7143  s0.loss_bbox: 0.7176  s0.loss_iou: 0.6924  s1.loss_cls: 0.4566  s1.pos_acc: 85.7143  s1.loss_bbox: 0.4484  s1.loss_iou: 0.4433  s2.loss_cls: 0.4301  s2.pos_acc: 85.7143  s2.loss_bbox: 0.3761  s2.loss_iou: 0.3844  s3.loss_cls: 0.4220  s3.pos_acc: 85.7143  s3.loss_bbox: 0.3533  s3.loss_iou: 0.3704  s4.loss_cls: 0.4070  s4.pos_acc: 85.7143  s4.loss_bbox: 0.3445  s4.loss_iou: 0.3651  s5.loss_cls: 0.4033  s5.pos_acc: 85.7143  s5.loss_bbox: 0.3529  s5.loss_iou: 0.3727
2025/05/18 13:19:35 - mmengine - INFO - Epoch(train) [5][6650/8276]  lr: 2.5000e-05  eta: 0:42:51  time: 0.2660  data_time: 0.0070  memory: 2064  grad_norm: 128.9032  loss: 8.4300  s0.loss_cls: 0.6518  s0.pos_acc: 100.0000  s0.loss_bbox: 0.7802  s0.loss_iou: 0.6343  s1.loss_cls: 0.5061  s1.pos_acc: 100.0000  s1.loss_bbox: 0.4973  s1.loss_iou: 0.4251  s2.loss_cls: 0.4827  s2.pos_acc: 100.0000  s2.loss_bbox: 0.4273  s2.loss_iou: 0.3739  s3.loss_cls: 0.4833  s3.pos_acc: 100.0000  s3.loss_bbox: 0.3958  s3.loss_iou: 0.3485  s4.loss_cls: 0.4598  s4.pos_acc: 100.0000  s4.loss_bbox: 0.4028  s4.loss_iou: 0.3493  s5.loss_cls: 0.4742  s5.pos_acc: 100.0000  s5.loss_bbox: 0.3929  s5.loss_iou: 0.3448
2025/05/18 13:19:48 - mmengine - INFO - Epoch(train) [5][6700/8276]  lr: 2.5000e-05  eta: 0:42:38  time: 0.2602  data_time: 0.0066  memory: 2064  grad_norm: 129.9648  loss: 7.5092  s0.loss_cls: 0.5746  s0.pos_acc: 66.6667  s0.loss_bbox: 0.7135  s0.loss_iou: 0.5873  s1.loss_cls: 0.4325  s1.pos_acc: 66.6667  s1.loss_bbox: 0.4742  s1.loss_iou: 0.3895  s2.loss_cls: 0.4055  s2.pos_acc: 66.6667  s2.loss_bbox: 0.4036  s2.loss_iou: 0.3365  s3.loss_cls: 0.3925  s3.pos_acc: 66.6667  s3.loss_bbox: 0.3632  s3.loss_iou: 0.3185  s4.loss_cls: 0.3841  s4.pos_acc: 66.6667  s4.loss_bbox: 0.3601  s4.loss_iou: 0.3124  s5.loss_cls: 0.3970  s5.pos_acc: 100.0000  s5.loss_bbox: 0.3531  s5.loss_iou: 0.3110
2025/05/18 13:20:00 - mmengine - INFO - Epoch(train) [5][6750/8276]  lr: 2.5000e-05  eta: 0:42:25  time: 0.2538  data_time: 0.0060  memory: 2064  grad_norm: 123.0275  loss: 7.7478  s0.loss_cls: 0.6150  s0.pos_acc: 40.0000  s0.loss_bbox: 0.7266  s0.loss_iou: 0.6494  s1.loss_cls: 0.4255  s1.pos_acc: 100.0000  s1.loss_bbox: 0.4493  s1.loss_iou: 0.4124  s2.loss_cls: 0.4097  s2.pos_acc: 100.0000  s2.loss_bbox: 0.3785  s2.loss_iou: 0.3605  s3.loss_cls: 0.3946  s3.pos_acc: 100.0000  s3.loss_bbox: 0.3735  s3.loss_iou: 0.3471  s4.loss_cls: 0.3942  s4.pos_acc: 100.0000  s4.loss_bbox: 0.3657  s4.loss_iou: 0.3428  s5.loss_cls: 0.3885  s5.pos_acc: 100.0000  s5.loss_bbox: 0.3695  s5.loss_iou: 0.3449
2025/05/18 13:20:13 - mmengine - INFO - Epoch(train) [5][6800/8276]  lr: 2.5000e-05  eta: 0:42:12  time: 0.2549  data_time: 0.0060  memory: 2064  grad_norm: 123.7620  loss: 8.0045  s0.loss_cls: 0.6297  s0.pos_acc: 100.0000  s0.loss_bbox: 0.7632  s0.loss_iou: 0.6373  s1.loss_cls: 0.4666  s1.pos_acc: 100.0000  s1.loss_bbox: 0.4685  s1.loss_iou: 0.4096  s2.loss_cls: 0.4540  s2.pos_acc: 100.0000  s2.loss_bbox: 0.4050  s2.loss_iou: 0.3598  s3.loss_cls: 0.4308  s3.pos_acc: 100.0000  s3.loss_bbox: 0.3801  s3.loss_iou: 0.3450  s4.loss_cls: 0.4384  s4.pos_acc: 100.0000  s4.loss_bbox: 0.3648  s4.loss_iou: 0.3354  s5.loss_cls: 0.4288  s5.pos_acc: 100.0000  s5.loss_bbox: 0.3589  s5.loss_iou: 0.3287
2025/05/18 13:20:26 - mmengine - INFO - Epoch(train) [5][6850/8276]  lr: 2.5000e-05  eta: 0:41:59  time: 0.2581  data_time: 0.0065  memory: 2065  grad_norm: 143.7766  loss: 7.9654  s0.loss_cls: 0.6629  s0.pos_acc: 100.0000  s0.loss_bbox: 0.6871  s0.loss_iou: 0.6037  s1.loss_cls: 0.4911  s1.pos_acc: 100.0000  s1.loss_bbox: 0.4644  s1.loss_iou: 0.4042  s2.loss_cls: 0.4342  s2.pos_acc: 100.0000  s2.loss_bbox: 0.4067  s2.loss_iou: 0.3676  s3.loss_cls: 0.4373  s3.pos_acc: 100.0000  s3.loss_bbox: 0.3794  s3.loss_iou: 0.3470  s4.loss_cls: 0.4391  s4.pos_acc: 100.0000  s4.loss_bbox: 0.3705  s4.loss_iou: 0.3444  s5.loss_cls: 0.4126  s5.pos_acc: 100.0000  s5.loss_bbox: 0.3714  s5.loss_iou: 0.3416
2025/05/18 13:20:38 - mmengine - INFO - Exp name: sparse-rcnn_voc_20250518_101231
2025/05/18 13:20:39 - mmengine - INFO - Epoch(train) [5][6900/8276]  lr: 2.5000e-05  eta: 0:41:46  time: 0.2637  data_time: 0.0073  memory: 2064  grad_norm: 132.9733  loss: 7.9500  s0.loss_cls: 0.5949  s0.pos_acc: 100.0000  s0.loss_bbox: 0.7639  s0.loss_iou: 0.6227  s1.loss_cls: 0.4389  s1.pos_acc: 100.0000  s1.loss_bbox: 0.5217  s1.loss_iou: 0.4380  s2.loss_cls: 0.4252  s2.pos_acc: 100.0000  s2.loss_bbox: 0.4187  s2.loss_iou: 0.3665  s3.loss_cls: 0.3999  s3.pos_acc: 100.0000  s3.loss_bbox: 0.3830  s3.loss_iou: 0.3457  s4.loss_cls: 0.4015  s4.pos_acc: 100.0000  s4.loss_bbox: 0.3739  s4.loss_iou: 0.3397  s5.loss_cls: 0.3888  s5.pos_acc: 100.0000  s5.loss_bbox: 0.3821  s5.loss_iou: 0.3450
2025/05/18 13:20:53 - mmengine - INFO - Epoch(train) [5][6950/8276]  lr: 2.5000e-05  eta: 0:41:33  time: 0.2683  data_time: 0.0071  memory: 2064  grad_norm: 119.0024  loss: 7.7251  s0.loss_cls: 0.6495  s0.pos_acc: 50.0000  s0.loss_bbox: 0.6816  s0.loss_iou: 0.6011  s1.loss_cls: 0.4914  s1.pos_acc: 100.0000  s1.loss_bbox: 0.4108  s1.loss_iou: 0.3962  s2.loss_cls: 0.4397  s2.pos_acc: 100.0000  s2.loss_bbox: 0.3665  s2.loss_iou: 0.3526  s3.loss_cls: 0.4376  s3.pos_acc: 100.0000  s3.loss_bbox: 0.3493  s3.loss_iou: 0.3379  s4.loss_cls: 0.4316  s4.pos_acc: 100.0000  s4.loss_bbox: 0.3382  s4.loss_iou: 0.3352  s5.loss_cls: 0.4251  s5.pos_acc: 100.0000  s5.loss_bbox: 0.3422  s5.loss_iou: 0.3387
2025/05/18 13:21:06 - mmengine - INFO - Epoch(train) [5][7000/8276]  lr: 2.5000e-05  eta: 0:41:20  time: 0.2669  data_time: 0.0072  memory: 2063  grad_norm: 119.0750  loss: 8.1569  s0.loss_cls: 0.6047  s0.pos_acc: 100.0000  s0.loss_bbox: 0.7417  s0.loss_iou: 0.6396  s1.loss_cls: 0.4843  s1.pos_acc: 100.0000  s1.loss_bbox: 0.4602  s1.loss_iou: 0.4123  s2.loss_cls: 0.4623  s2.pos_acc: 100.0000  s2.loss_bbox: 0.4029  s2.loss_iou: 0.3718  s3.loss_cls: 0.4452  s3.pos_acc: 100.0000  s3.loss_bbox: 0.3927  s3.loss_iou: 0.3638  s4.loss_cls: 0.4379  s4.pos_acc: 80.0000  s4.loss_bbox: 0.3896  s4.loss_iou: 0.3640  s5.loss_cls: 0.4387  s5.pos_acc: 100.0000  s5.loss_bbox: 0.3848  s5.loss_iou: 0.3602
2025/05/18 13:21:20 - mmengine - INFO - Epoch(train) [5][7050/8276]  lr: 2.5000e-05  eta: 0:41:07  time: 0.2775  data_time: 0.0073  memory: 2064  grad_norm: 113.5524  loss: 8.2201  s0.loss_cls: 0.6694  s0.pos_acc: 50.0000  s0.loss_bbox: 0.7071  s0.loss_iou: 0.6830  s1.loss_cls: 0.4583  s1.pos_acc: 75.0000  s1.loss_bbox: 0.4587  s1.loss_iou: 0.4468  s2.loss_cls: 0.4493  s2.pos_acc: 100.0000  s2.loss_bbox: 0.4067  s2.loss_iou: 0.4065  s3.loss_cls: 0.4138  s3.pos_acc: 100.0000  s3.loss_bbox: 0.3910  s3.loss_iou: 0.3891  s4.loss_cls: 0.4036  s4.pos_acc: 100.0000  s4.loss_bbox: 0.3856  s4.loss_iou: 0.3859  s5.loss_cls: 0.3925  s5.pos_acc: 100.0000  s5.loss_bbox: 0.3856  s5.loss_iou: 0.3873
2025/05/18 13:21:33 - mmengine - INFO - Epoch(train) [5][7100/8276]  lr: 2.5000e-05  eta: 0:40:54  time: 0.2553  data_time: 0.0063  memory: 2065  grad_norm: 124.5646  loss: 7.9167  s0.loss_cls: 0.6220  s0.pos_acc: 40.0000  s0.loss_bbox: 0.7237  s0.loss_iou: 0.6496  s1.loss_cls: 0.4701  s1.pos_acc: 80.0000  s1.loss_bbox: 0.4554  s1.loss_iou: 0.4187  s2.loss_cls: 0.4430  s2.pos_acc: 80.0000  s2.loss_bbox: 0.3740  s2.loss_iou: 0.3607  s3.loss_cls: 0.4278  s3.pos_acc: 80.0000  s3.loss_bbox: 0.3608  s3.loss_iou: 0.3491  s4.loss_cls: 0.4295  s4.pos_acc: 80.0000  s4.loss_bbox: 0.3536  s4.loss_iou: 0.3429  s5.loss_cls: 0.4362  s5.pos_acc: 80.0000  s5.loss_bbox: 0.3594  s5.loss_iou: 0.3402
2025/05/18 13:21:46 - mmengine - INFO - Epoch(train) [5][7150/8276]  lr: 2.5000e-05  eta: 0:40:41  time: 0.2652  data_time: 0.0072  memory: 2065  grad_norm: 128.9777  loss: 7.8908  s0.loss_cls: 0.6441  s0.pos_acc: 50.0000  s0.loss_bbox: 0.7311  s0.loss_iou: 0.6371  s1.loss_cls: 0.4759  s1.pos_acc: 100.0000  s1.loss_bbox: 0.4556  s1.loss_iou: 0.3973  s2.loss_cls: 0.4528  s2.pos_acc: 50.0000  s2.loss_bbox: 0.3844  s2.loss_iou: 0.3452  s3.loss_cls: 0.4403  s3.pos_acc: 50.0000  s3.loss_bbox: 0.3638  s3.loss_iou: 0.3321  s4.loss_cls: 0.4275  s4.pos_acc: 50.0000  s4.loss_bbox: 0.3545  s4.loss_iou: 0.3279  s5.loss_cls: 0.4296  s5.pos_acc: 50.0000  s5.loss_bbox: 0.3600  s5.loss_iou: 0.3317
2025/05/18 13:21:59 - mmengine - INFO - Epoch(train) [5][7200/8276]  lr: 2.5000e-05  eta: 0:40:28  time: 0.2692  data_time: 0.0078  memory: 2064  grad_norm: 124.6402  loss: 7.4048  s0.loss_cls: 0.6173  s0.pos_acc: 100.0000  s0.loss_bbox: 0.6721  s0.loss_iou: 0.6085  s1.loss_cls: 0.4022  s1.pos_acc: 100.0000  s1.loss_bbox: 0.4129  s1.loss_iou: 0.3956  s2.loss_cls: 0.3927  s2.pos_acc: 100.0000  s2.loss_bbox: 0.3635  s2.loss_iou: 0.3517  s3.loss_cls: 0.3893  s3.pos_acc: 100.0000  s3.loss_bbox: 0.3433  s3.loss_iou: 0.3337  s4.loss_cls: 0.3909  s4.pos_acc: 100.0000  s4.loss_bbox: 0.3392  s4.loss_iou: 0.3334  s5.loss_cls: 0.3890  s5.pos_acc: 100.0000  s5.loss_bbox: 0.3365  s5.loss_iou: 0.3328
2025/05/18 13:22:13 - mmengine - INFO - Epoch(train) [5][7250/8276]  lr: 2.5000e-05  eta: 0:40:16  time: 0.2685  data_time: 0.0075  memory: 2064  grad_norm: 115.0754  loss: 8.4187  s0.loss_cls: 0.6289  s0.pos_acc: 100.0000  s0.loss_bbox: 0.7347  s0.loss_iou: 0.6859  s1.loss_cls: 0.5151  s1.pos_acc: 100.0000  s1.loss_bbox: 0.4569  s1.loss_iou: 0.4491  s2.loss_cls: 0.4603  s2.pos_acc: 100.0000  s2.loss_bbox: 0.4043  s2.loss_iou: 0.4127  s3.loss_cls: 0.4521  s3.pos_acc: 100.0000  s3.loss_bbox: 0.3866  s3.loss_iou: 0.4010  s4.loss_cls: 0.4393  s4.pos_acc: 100.0000  s4.loss_bbox: 0.3795  s4.loss_iou: 0.3964  s5.loss_cls: 0.4336  s5.pos_acc: 100.0000  s5.loss_bbox: 0.3839  s5.loss_iou: 0.3983
2025/05/18 13:22:26 - mmengine - INFO - Epoch(train) [5][7300/8276]  lr: 2.5000e-05  eta: 0:40:03  time: 0.2708  data_time: 0.0073  memory: 2064  grad_norm: 119.8210  loss: 7.4782  s0.loss_cls: 0.6189  s0.pos_acc: 100.0000  s0.loss_bbox: 0.6775  s0.loss_iou: 0.6236  s1.loss_cls: 0.4426  s1.pos_acc: 100.0000  s1.loss_bbox: 0.4081  s1.loss_iou: 0.3921  s2.loss_cls: 0.4254  s2.pos_acc: 100.0000  s2.loss_bbox: 0.3562  s2.loss_iou: 0.3424  s3.loss_cls: 0.4031  s3.pos_acc: 100.0000  s3.loss_bbox: 0.3395  s3.loss_iou: 0.3308  s4.loss_cls: 0.4016  s4.pos_acc: 100.0000  s4.loss_bbox: 0.3321  s4.loss_iou: 0.3269  s5.loss_cls: 0.3925  s5.pos_acc: 100.0000  s5.loss_bbox: 0.3351  s5.loss_iou: 0.3298
2025/05/18 13:22:40 - mmengine - INFO - Epoch(train) [5][7350/8276]  lr: 2.5000e-05  eta: 0:39:50  time: 0.2683  data_time: 0.0074  memory: 2063  grad_norm: 119.0469  loss: 8.0412  s0.loss_cls: 0.5986  s0.pos_acc: 100.0000  s0.loss_bbox: 0.7447  s0.loss_iou: 0.6788  s1.loss_cls: 0.4704  s1.pos_acc: 100.0000  s1.loss_bbox: 0.4667  s1.loss_iou: 0.4305  s2.loss_cls: 0.4241  s2.pos_acc: 100.0000  s2.loss_bbox: 0.4120  s2.loss_iou: 0.3755  s3.loss_cls: 0.4051  s3.pos_acc: 100.0000  s3.loss_bbox: 0.3949  s3.loss_iou: 0.3604  s4.loss_cls: 0.3881  s4.pos_acc: 100.0000  s4.loss_bbox: 0.3920  s4.loss_iou: 0.3591  s5.loss_cls: 0.4056  s5.pos_acc: 100.0000  s5.loss_bbox: 0.3801  s5.loss_iou: 0.3544
2025/05/18 13:22:53 - mmengine - INFO - Epoch(train) [5][7400/8276]  lr: 2.5000e-05  eta: 0:39:37  time: 0.2686  data_time: 0.0072  memory: 2064  grad_norm: 118.8579  loss: 8.6930  s0.loss_cls: 0.7107  s0.pos_acc: 90.0000  s0.loss_bbox: 0.7623  s0.loss_iou: 0.6960  s1.loss_cls: 0.5376  s1.pos_acc: 100.0000  s1.loss_bbox: 0.4820  s1.loss_iou: 0.4588  s2.loss_cls: 0.4863  s2.pos_acc: 90.0000  s2.loss_bbox: 0.4141  s2.loss_iou: 0.4030  s3.loss_cls: 0.4744  s3.pos_acc: 100.0000  s3.loss_bbox: 0.4006  s3.loss_iou: 0.3925  s4.loss_cls: 0.4883  s4.pos_acc: 100.0000  s4.loss_bbox: 0.3768  s4.loss_iou: 0.3736  s5.loss_cls: 0.4835  s5.pos_acc: 100.0000  s5.loss_bbox: 0.3758  s5.loss_iou: 0.3767
2025/05/18 13:23:06 - mmengine - INFO - Epoch(train) [5][7450/8276]  lr: 2.5000e-05  eta: 0:39:24  time: 0.2599  data_time: 0.0066  memory: 2064  grad_norm: 117.3560  loss: 8.1261  s0.loss_cls: 0.6302  s0.pos_acc: 75.0000  s0.loss_bbox: 0.7280  s0.loss_iou: 0.6518  s1.loss_cls: 0.4637  s1.pos_acc: 100.0000  s1.loss_bbox: 0.4763  s1.loss_iou: 0.4211  s2.loss_cls: 0.4128  s2.pos_acc: 75.0000  s2.loss_bbox: 0.4208  s2.loss_iou: 0.3784  s3.loss_cls: 0.4102  s3.pos_acc: 75.0000  s3.loss_bbox: 0.4064  s3.loss_iou: 0.3713  s4.loss_cls: 0.3998  s4.pos_acc: 75.0000  s4.loss_bbox: 0.4059  s4.loss_iou: 0.3710  s5.loss_cls: 0.3840  s5.pos_acc: 75.0000  s5.loss_bbox: 0.4160  s5.loss_iou: 0.3785
2025/05/18 13:23:19 - mmengine - INFO - Epoch(train) [5][7500/8276]  lr: 2.5000e-05  eta: 0:39:11  time: 0.2586  data_time: 0.0067  memory: 2064  grad_norm: 120.5542  loss: 8.1275  s0.loss_cls: 0.6148  s0.pos_acc: 66.6667  s0.loss_bbox: 0.6952  s0.loss_iou: 0.6361  s1.loss_cls: 0.4569  s1.pos_acc: 83.3333  s1.loss_bbox: 0.4647  s1.loss_iou: 0.4486  s2.loss_cls: 0.4507  s2.pos_acc: 100.0000  s2.loss_bbox: 0.3949  s2.loss_iou: 0.3901  s3.loss_cls: 0.4321  s3.pos_acc: 100.0000  s3.loss_bbox: 0.3869  s3.loss_iou: 0.3824  s4.loss_cls: 0.4201  s4.pos_acc: 100.0000  s4.loss_bbox: 0.3870  s4.loss_iou: 0.3765  s5.loss_cls: 0.4396  s5.pos_acc: 83.3333  s5.loss_bbox: 0.3793  s5.loss_iou: 0.3715
2025/05/18 13:23:33 - mmengine - INFO - Epoch(train) [5][7550/8276]  lr: 2.5000e-05  eta: 0:38:58  time: 0.2698  data_time: 0.0073  memory: 2064  grad_norm: 117.4083  loss: 7.9386  s0.loss_cls: 0.6877  s0.pos_acc: 100.0000  s0.loss_bbox: 0.7041  s0.loss_iou: 0.6782  s1.loss_cls: 0.4415  s1.pos_acc: 100.0000  s1.loss_bbox: 0.4537  s1.loss_iou: 0.4302  s2.loss_cls: 0.4044  s2.pos_acc: 100.0000  s2.loss_bbox: 0.3925  s2.loss_iou: 0.3805  s3.loss_cls: 0.3888  s3.pos_acc: 100.0000  s3.loss_bbox: 0.3814  s3.loss_iou: 0.3725  s4.loss_cls: 0.3951  s4.pos_acc: 100.0000  s4.loss_bbox: 0.3618  s4.loss_iou: 0.3588  s5.loss_cls: 0.4017  s5.pos_acc: 100.0000  s5.loss_bbox: 0.3529  s5.loss_iou: 0.3529
2025/05/18 13:23:46 - mmengine - INFO - Epoch(train) [5][7600/8276]  lr: 2.5000e-05  eta: 0:38:45  time: 0.2680  data_time: 0.0072  memory: 2064  grad_norm: 123.5491  loss: 8.1380  s0.loss_cls: 0.6126  s0.pos_acc: 100.0000  s0.loss_bbox: 0.7646  s0.loss_iou: 0.6574  s1.loss_cls: 0.4665  s1.pos_acc: 100.0000  s1.loss_bbox: 0.5042  s1.loss_iou: 0.4413  s2.loss_cls: 0.4298  s2.pos_acc: 100.0000  s2.loss_bbox: 0.4272  s2.loss_iou: 0.3702  s3.loss_cls: 0.4210  s3.pos_acc: 100.0000  s3.loss_bbox: 0.4017  s3.loss_iou: 0.3483  s4.loss_cls: 0.4019  s4.pos_acc: 100.0000  s4.loss_bbox: 0.4009  s4.loss_iou: 0.3495  s5.loss_cls: 0.4025  s5.pos_acc: 100.0000  s5.loss_bbox: 0.3934  s5.loss_iou: 0.3448
2025/05/18 13:23:59 - mmengine - INFO - Epoch(train) [5][7650/8276]  lr: 2.5000e-05  eta: 0:38:32  time: 0.2661  data_time: 0.0071  memory: 2063  grad_norm: 110.5506  loss: 8.0430  s0.loss_cls: 0.6086  s0.pos_acc: 100.0000  s0.loss_bbox: 0.7492  s0.loss_iou: 0.6685  s1.loss_cls: 0.4646  s1.pos_acc: 75.0000  s1.loss_bbox: 0.4683  s1.loss_iou: 0.4350  s2.loss_cls: 0.4291  s2.pos_acc: 75.0000  s2.loss_bbox: 0.3983  s2.loss_iou: 0.3724  s3.loss_cls: 0.4180  s3.pos_acc: 75.0000  s3.loss_bbox: 0.3761  s3.loss_iou: 0.3562  s4.loss_cls: 0.4225  s4.pos_acc: 75.0000  s4.loss_bbox: 0.3732  s4.loss_iou: 0.3499  s5.loss_cls: 0.4252  s5.pos_acc: 75.0000  s5.loss_bbox: 0.3743  s5.loss_iou: 0.3538
2025/05/18 13:24:12 - mmengine - INFO - Epoch(train) [5][7700/8276]  lr: 2.5000e-05  eta: 0:38:19  time: 0.2559  data_time: 0.0060  memory: 2064  grad_norm: 122.9811  loss: 8.3937  s0.loss_cls: 0.6425  s0.pos_acc: 80.0000  s0.loss_bbox: 0.7909  s0.loss_iou: 0.6947  s1.loss_cls: 0.4449  s1.pos_acc: 80.0000  s1.loss_bbox: 0.5202  s1.loss_iou: 0.4591  s2.loss_cls: 0.4422  s2.pos_acc: 80.0000  s2.loss_bbox: 0.4437  s2.loss_iou: 0.3974  s3.loss_cls: 0.4406  s3.pos_acc: 80.0000  s3.loss_bbox: 0.4008  s3.loss_iou: 0.3715  s4.loss_cls: 0.4256  s4.pos_acc: 80.0000  s4.loss_bbox: 0.3927  s4.loss_iou: 0.3680  s5.loss_cls: 0.4216  s5.pos_acc: 80.0000  s5.loss_bbox: 0.3779  s5.loss_iou: 0.3595
2025/05/18 13:24:26 - mmengine - INFO - Epoch(train) [5][7750/8276]  lr: 2.5000e-05  eta: 0:38:06  time: 0.2680  data_time: 0.0069  memory: 2064  grad_norm: 132.2700  loss: 7.3530  s0.loss_cls: 0.5973  s0.pos_acc: 100.0000  s0.loss_bbox: 0.7033  s0.loss_iou: 0.5814  s1.loss_cls: 0.4300  s1.pos_acc: 100.0000  s1.loss_bbox: 0.4428  s1.loss_iou: 0.3608  s2.loss_cls: 0.4323  s2.pos_acc: 100.0000  s2.loss_bbox: 0.3575  s2.loss_iou: 0.3091  s3.loss_cls: 0.4227  s3.pos_acc: 100.0000  s3.loss_bbox: 0.3414  s3.loss_iou: 0.2997  s4.loss_cls: 0.4069  s4.pos_acc: 100.0000  s4.loss_bbox: 0.3282  s4.loss_iou: 0.2947  s5.loss_cls: 0.4175  s5.pos_acc: 100.0000  s5.loss_bbox: 0.3317  s5.loss_iou: 0.2956
2025/05/18 13:24:39 - mmengine - INFO - Epoch(train) [5][7800/8276]  lr: 2.5000e-05  eta: 0:37:53  time: 0.2686  data_time: 0.0075  memory: 2065  grad_norm: 135.7510  loss: 7.2126  s0.loss_cls: 0.5870  s0.pos_acc: 100.0000  s0.loss_bbox: 0.6503  s0.loss_iou: 0.5354  s1.loss_cls: 0.4094  s1.pos_acc: 100.0000  s1.loss_bbox: 0.4405  s1.loss_iou: 0.3604  s2.loss_cls: 0.3617  s2.pos_acc: 100.0000  s2.loss_bbox: 0.4085  s2.loss_iou: 0.3359  s3.loss_cls: 0.3738  s3.pos_acc: 100.0000  s3.loss_bbox: 0.3704  s3.loss_iou: 0.3122  s4.loss_cls: 0.3481  s4.pos_acc: 100.0000  s4.loss_bbox: 0.3724  s4.loss_iou: 0.3115  s5.loss_cls: 0.3548  s5.pos_acc: 100.0000  s5.loss_bbox: 0.3712  s5.loss_iou: 0.3091
2025/05/18 13:24:52 - mmengine - INFO - Epoch(train) [5][7850/8276]  lr: 2.5000e-05  eta: 0:37:40  time: 0.2676  data_time: 0.0073  memory: 2064  grad_norm: 126.3629  loss: 8.6780  s0.loss_cls: 0.7767  s0.pos_acc: 33.3333  s0.loss_bbox: 0.7726  s0.loss_iou: 0.6968  s1.loss_cls: 0.5561  s1.pos_acc: 66.6667  s1.loss_bbox: 0.4578  s1.loss_iou: 0.4330  s2.loss_cls: 0.5139  s2.pos_acc: 66.6667  s2.loss_bbox: 0.3794  s2.loss_iou: 0.3720  s3.loss_cls: 0.5045  s3.pos_acc: 100.0000  s3.loss_bbox: 0.3673  s3.loss_iou: 0.3597  s4.loss_cls: 0.5201  s4.pos_acc: 100.0000  s4.loss_bbox: 0.3653  s4.loss_iou: 0.3586  s5.loss_cls: 0.5117  s5.pos_acc: 100.0000  s5.loss_bbox: 0.3708  s5.loss_iou: 0.3619
2025/05/18 13:25:05 - mmengine - INFO - Exp name: sparse-rcnn_voc_20250518_101231
2025/05/18 13:25:06 - mmengine - INFO - Epoch(train) [5][7900/8276]  lr: 2.5000e-05  eta: 0:37:27  time: 0.2620  data_time: 0.0071  memory: 2063  grad_norm: 130.9020  loss: 7.9071  s0.loss_cls: 0.6173  s0.pos_acc: 100.0000  s0.loss_bbox: 0.7030  s0.loss_iou: 0.6042  s1.loss_cls: 0.5139  s1.pos_acc: 100.0000  s1.loss_bbox: 0.4329  s1.loss_iou: 0.3920  s2.loss_cls: 0.4572  s2.pos_acc: 100.0000  s2.loss_bbox: 0.3795  s2.loss_iou: 0.3511  s3.loss_cls: 0.4542  s3.pos_acc: 100.0000  s3.loss_bbox: 0.3641  s3.loss_iou: 0.3390  s4.loss_cls: 0.4636  s4.pos_acc: 100.0000  s4.loss_bbox: 0.3519  s4.loss_iou: 0.3275  s5.loss_cls: 0.4749  s5.pos_acc: 100.0000  s5.loss_bbox: 0.3530  s5.loss_iou: 0.3278
2025/05/18 13:25:18 - mmengine - INFO - Epoch(train) [5][7950/8276]  lr: 2.5000e-05  eta: 0:37:14  time: 0.2570  data_time: 0.0068  memory: 2064  grad_norm: 123.4448  loss: 8.2890  s0.loss_cls: 0.6504  s0.pos_acc: 100.0000  s0.loss_bbox: 0.7927  s0.loss_iou: 0.6928  s1.loss_cls: 0.4615  s1.pos_acc: 100.0000  s1.loss_bbox: 0.5023  s1.loss_iou: 0.4285  s2.loss_cls: 0.4275  s2.pos_acc: 100.0000  s2.loss_bbox: 0.4418  s2.loss_iou: 0.3837  s3.loss_cls: 0.4097  s3.pos_acc: 100.0000  s3.loss_bbox: 0.4189  s3.loss_iou: 0.3719  s4.loss_cls: 0.4044  s4.pos_acc: 100.0000  s4.loss_bbox: 0.3930  s4.loss_iou: 0.3549  s5.loss_cls: 0.4031  s5.pos_acc: 100.0000  s5.loss_bbox: 0.3965  s5.loss_iou: 0.3555
2025/05/18 13:25:32 - mmengine - INFO - Epoch(train) [5][8000/8276]  lr: 2.5000e-05  eta: 0:37:02  time: 0.2632  data_time: 0.0069  memory: 2064  grad_norm: 126.8327  loss: 8.0349  s0.loss_cls: 0.6045  s0.pos_acc: 100.0000  s0.loss_bbox: 0.7890  s0.loss_iou: 0.6813  s1.loss_cls: 0.4681  s1.pos_acc: 100.0000  s1.loss_bbox: 0.4731  s1.loss_iou: 0.4125  s2.loss_cls: 0.4400  s2.pos_acc: 100.0000  s2.loss_bbox: 0.3968  s2.loss_iou: 0.3543  s3.loss_cls: 0.4263  s3.pos_acc: 100.0000  s3.loss_bbox: 0.3870  s3.loss_iou: 0.3442  s4.loss_cls: 0.4145  s4.pos_acc: 100.0000  s4.loss_bbox: 0.3805  s4.loss_iou: 0.3345  s5.loss_cls: 0.4202  s5.pos_acc: 100.0000  s5.loss_bbox: 0.3793  s5.loss_iou: 0.3288
2025/05/18 13:25:45 - mmengine - INFO - Epoch(train) [5][8050/8276]  lr: 2.5000e-05  eta: 0:36:48  time: 0.2586  data_time: 0.0064  memory: 2064  grad_norm: 115.2939  loss: 7.6838  s0.loss_cls: 0.6472  s0.pos_acc: 75.0000  s0.loss_bbox: 0.6896  s0.loss_iou: 0.6454  s1.loss_cls: 0.4028  s1.pos_acc: 100.0000  s1.loss_bbox: 0.4631  s1.loss_iou: 0.4467  s2.loss_cls: 0.3661  s2.pos_acc: 100.0000  s2.loss_bbox: 0.3926  s2.loss_iou: 0.3859  s3.loss_cls: 0.3478  s3.pos_acc: 100.0000  s3.loss_bbox: 0.3833  s3.loss_iou: 0.3717  s4.loss_cls: 0.3404  s4.pos_acc: 100.0000  s4.loss_bbox: 0.3627  s4.loss_iou: 0.3593  s5.loss_cls: 0.3461  s5.pos_acc: 100.0000  s5.loss_bbox: 0.3709  s5.loss_iou: 0.3621
2025/05/18 13:25:57 - mmengine - INFO - Epoch(train) [5][8100/8276]  lr: 2.5000e-05  eta: 0:36:35  time: 0.2558  data_time: 0.0067  memory: 2064  grad_norm: 113.1432  loss: 8.6230  s0.loss_cls: 0.6512  s0.pos_acc: 100.0000  s0.loss_bbox: 0.7819  s0.loss_iou: 0.7373  s1.loss_cls: 0.4864  s1.pos_acc: 100.0000  s1.loss_bbox: 0.4906  s1.loss_iou: 0.4856  s2.loss_cls: 0.4270  s2.pos_acc: 100.0000  s2.loss_bbox: 0.4349  s2.loss_iou: 0.4377  s3.loss_cls: 0.4081  s3.pos_acc: 100.0000  s3.loss_bbox: 0.4112  s3.loss_iou: 0.4213  s4.loss_cls: 0.4033  s4.pos_acc: 100.0000  s4.loss_bbox: 0.4045  s4.loss_iou: 0.4161  s5.loss_cls: 0.4082  s5.pos_acc: 100.0000  s5.loss_bbox: 0.4025  s5.loss_iou: 0.4152
2025/05/18 13:26:10 - mmengine - INFO - Epoch(train) [5][8150/8276]  lr: 2.5000e-05  eta: 0:36:22  time: 0.2575  data_time: 0.0070  memory: 2063  grad_norm: 119.8541  loss: 8.8338  s0.loss_cls: 0.6692  s0.pos_acc: 100.0000  s0.loss_bbox: 0.8022  s0.loss_iou: 0.6968  s1.loss_cls: 0.4924  s1.pos_acc: 100.0000  s1.loss_bbox: 0.5410  s1.loss_iou: 0.4829  s2.loss_cls: 0.4680  s2.pos_acc: 100.0000  s2.loss_bbox: 0.4581  s2.loss_iou: 0.4257  s3.loss_cls: 0.4366  s3.pos_acc: 100.0000  s3.loss_bbox: 0.4299  s3.loss_iou: 0.4026  s4.loss_cls: 0.4412  s4.pos_acc: 100.0000  s4.loss_bbox: 0.4303  s4.loss_iou: 0.4023  s5.loss_cls: 0.4547  s5.pos_acc: 100.0000  s5.loss_bbox: 0.4124  s5.loss_iou: 0.3874
2025/05/18 13:26:23 - mmengine - INFO - Epoch(train) [5][8200/8276]  lr: 2.5000e-05  eta: 0:36:09  time: 0.2609  data_time: 0.0062  memory: 2064  grad_norm: 129.9318  loss: 8.1003  s0.loss_cls: 0.5996  s0.pos_acc: 75.0000  s0.loss_bbox: 0.7167  s0.loss_iou: 0.6254  s1.loss_cls: 0.4694  s1.pos_acc: 50.0000  s1.loss_bbox: 0.4741  s1.loss_iou: 0.4153  s2.loss_cls: 0.4466  s2.pos_acc: 50.0000  s2.loss_bbox: 0.4063  s2.loss_iou: 0.3652  s3.loss_cls: 0.4227  s3.pos_acc: 50.0000  s3.loss_bbox: 0.4036  s3.loss_iou: 0.3623  s4.loss_cls: 0.4321  s4.pos_acc: 50.0000  s4.loss_bbox: 0.4005  s4.loss_iou: 0.3591  s5.loss_cls: 0.4439  s5.pos_acc: 50.0000  s5.loss_bbox: 0.3986  s5.loss_iou: 0.3586
2025/05/18 13:26:37 - mmengine - INFO - Epoch(train) [5][8250/8276]  lr: 2.5000e-05  eta: 0:35:57  time: 0.2684  data_time: 0.0072  memory: 2064  grad_norm: 117.0121  loss: 7.6363  s0.loss_cls: 0.5922  s0.pos_acc: 50.0000  s0.loss_bbox: 0.6850  s0.loss_iou: 0.6222  s1.loss_cls: 0.4042  s1.pos_acc: 100.0000  s1.loss_bbox: 0.4669  s1.loss_iou: 0.4320  s2.loss_cls: 0.3507  s2.pos_acc: 100.0000  s2.loss_bbox: 0.4196  s2.loss_iou: 0.3838  s3.loss_cls: 0.3404  s3.pos_acc: 100.0000  s3.loss_bbox: 0.3975  s3.loss_iou: 0.3629  s4.loss_cls: 0.3430  s4.pos_acc: 100.0000  s4.loss_bbox: 0.3865  s4.loss_iou: 0.3547  s5.loss_cls: 0.3485  s5.pos_acc: 100.0000  s5.loss_bbox: 0.3896  s5.loss_iou: 0.3566
2025/05/18 13:26:44 - mmengine - INFO - Exp name: sparse-rcnn_voc_20250518_101231
2025/05/18 13:26:44 - mmengine - INFO - Saving checkpoint at 5 epochs
2025/05/18 13:26:51 - mmengine - INFO - Epoch(val) [5][  50/4952]    eta: 0:03:55  time: 0.0480  data_time: 0.0028  memory: 2063  
2025/05/18 13:26:53 - mmengine - INFO - Epoch(val) [5][ 100/4952]    eta: 0:03:40  time: 0.0427  data_time: 0.0026  memory: 1292  
2025/05/18 13:26:55 - mmengine - INFO - Epoch(val) [5][ 150/4952]    eta: 0:03:33  time: 0.0423  data_time: 0.0024  memory: 1291  
2025/05/18 13:26:57 - mmengine - INFO - Epoch(val) [5][ 200/4952]    eta: 0:03:27  time: 0.0415  data_time: 0.0022  memory: 1291  
2025/05/18 13:27:00 - mmengine - INFO - Epoch(val) [5][ 250/4952]    eta: 0:03:25  time: 0.0444  data_time: 0.0027  memory: 1292  
2025/05/18 13:27:02 - mmengine - INFO - Epoch(val) [5][ 300/4952]    eta: 0:03:23  time: 0.0429  data_time: 0.0026  memory: 1292  
2025/05/18 13:27:04 - mmengine - INFO - Epoch(val) [5][ 350/4952]    eta: 0:03:23  time: 0.0480  data_time: 0.0032  memory: 1292  
2025/05/18 13:27:07 - mmengine - INFO - Epoch(val) [5][ 400/4952]    eta: 0:03:24  time: 0.0491  data_time: 0.0032  memory: 1292  
2025/05/18 13:27:09 - mmengine - INFO - Epoch(val) [5][ 450/4952]    eta: 0:03:23  time: 0.0482  data_time: 0.0030  memory: 1291  
2025/05/18 13:27:11 - mmengine - INFO - Epoch(val) [5][ 500/4952]    eta: 0:03:21  time: 0.0462  data_time: 0.0031  memory: 1291  
2025/05/18 13:27:14 - mmengine - INFO - Epoch(val) [5][ 550/4952]    eta: 0:03:19  time: 0.0454  data_time: 0.0029  memory: 1292  
2025/05/18 13:27:16 - mmengine - INFO - Epoch(val) [5][ 600/4952]    eta: 0:03:16  time: 0.0437  data_time: 0.0027  memory: 1291  
2025/05/18 13:27:18 - mmengine - INFO - Epoch(val) [5][ 650/4952]    eta: 0:03:12  time: 0.0404  data_time: 0.0021  memory: 1292  
2025/05/18 13:27:20 - mmengine - INFO - Epoch(val) [5][ 700/4952]    eta: 0:03:09  time: 0.0404  data_time: 0.0020  memory: 1291  
2025/05/18 13:27:22 - mmengine - INFO - Epoch(val) [5][ 750/4952]    eta: 0:03:06  time: 0.0408  data_time: 0.0022  memory: 1292  
2025/05/18 13:27:24 - mmengine - INFO - Epoch(val) [5][ 800/4952]    eta: 0:03:02  time: 0.0403  data_time: 0.0020  memory: 1291  
2025/05/18 13:27:26 - mmengine - INFO - Epoch(val) [5][ 850/4952]    eta: 0:03:00  time: 0.0430  data_time: 0.0025  memory: 1291  
2025/05/18 13:27:28 - mmengine - INFO - Epoch(val) [5][ 900/4952]    eta: 0:02:58  time: 0.0449  data_time: 0.0028  memory: 1292  
2025/05/18 13:27:31 - mmengine - INFO - Epoch(val) [5][ 950/4952]    eta: 0:02:56  time: 0.0453  data_time: 0.0029  memory: 1292  
2025/05/18 13:27:33 - mmengine - INFO - Epoch(val) [5][1000/4952]    eta: 0:02:54  time: 0.0458  data_time: 0.0029  memory: 1292  
2025/05/18 13:27:35 - mmengine - INFO - Epoch(val) [5][1050/4952]    eta: 0:02:52  time: 0.0458  data_time: 0.0029  memory: 1292  
2025/05/18 13:27:37 - mmengine - INFO - Epoch(val) [5][1100/4952]    eta: 0:02:50  time: 0.0449  data_time: 0.0028  memory: 1291  
2025/05/18 13:27:40 - mmengine - INFO - Epoch(val) [5][1150/4952]    eta: 0:02:48  time: 0.0453  data_time: 0.0028  memory: 1292  
2025/05/18 13:27:42 - mmengine - INFO - Epoch(val) [5][1200/4952]    eta: 0:02:46  time: 0.0466  data_time: 0.0030  memory: 1292  
2025/05/18 13:27:44 - mmengine - INFO - Epoch(val) [5][1250/4952]    eta: 0:02:44  time: 0.0451  data_time: 0.0029  memory: 1291  
2025/05/18 13:27:46 - mmengine - INFO - Epoch(val) [5][1300/4952]    eta: 0:02:42  time: 0.0423  data_time: 0.0027  memory: 1291  
2025/05/18 13:27:48 - mmengine - INFO - Epoch(val) [5][1350/4952]    eta: 0:02:39  time: 0.0408  data_time: 0.0023  memory: 1292  
2025/05/18 13:27:50 - mmengine - INFO - Epoch(val) [5][1400/4952]    eta: 0:02:36  time: 0.0403  data_time: 0.0021  memory: 1291  
2025/05/18 13:27:52 - mmengine - INFO - Epoch(val) [5][1450/4952]    eta: 0:02:34  time: 0.0408  data_time: 0.0023  memory: 1292  
2025/05/18 13:27:55 - mmengine - INFO - Epoch(val) [5][1500/4952]    eta: 0:02:31  time: 0.0412  data_time: 0.0023  memory: 1292  
2025/05/18 13:27:57 - mmengine - INFO - Epoch(val) [5][1550/4952]    eta: 0:02:28  time: 0.0405  data_time: 0.0021  memory: 1291  
2025/05/18 13:27:59 - mmengine - INFO - Epoch(val) [5][1600/4952]    eta: 0:02:26  time: 0.0432  data_time: 0.0024  memory: 1292  
2025/05/18 13:28:01 - mmengine - INFO - Epoch(val) [5][1650/4952]    eta: 0:02:24  time: 0.0451  data_time: 0.0029  memory: 1291  
2025/05/18 13:28:03 - mmengine - INFO - Epoch(val) [5][1700/4952]    eta: 0:02:22  time: 0.0451  data_time: 0.0029  memory: 1291  
2025/05/18 13:28:05 - mmengine - INFO - Epoch(val) [5][1750/4952]    eta: 0:02:20  time: 0.0417  data_time: 0.0022  memory: 1291  
2025/05/18 13:28:07 - mmengine - INFO - Epoch(val) [5][1800/4952]    eta: 0:02:17  time: 0.0404  data_time: 0.0022  memory: 1291  
2025/05/18 13:28:09 - mmengine - INFO - Epoch(val) [5][1850/4952]    eta: 0:02:15  time: 0.0408  data_time: 0.0023  memory: 1291  
2025/05/18 13:28:11 - mmengine - INFO - Epoch(val) [5][1900/4952]    eta: 0:02:12  time: 0.0404  data_time: 0.0020  memory: 1291  
2025/05/18 13:28:14 - mmengine - INFO - Epoch(val) [5][1950/4952]    eta: 0:02:10  time: 0.0421  data_time: 0.0024  memory: 1292  
2025/05/18 13:28:16 - mmengine - INFO - Epoch(val) [5][2000/4952]    eta: 0:02:08  time: 0.0411  data_time: 0.0022  memory: 1291  
2025/05/18 13:28:18 - mmengine - INFO - Epoch(val) [5][2050/4952]    eta: 0:02:05  time: 0.0404  data_time: 0.0022  memory: 1292  
2025/05/18 13:28:20 - mmengine - INFO - Epoch(val) [5][2100/4952]    eta: 0:02:03  time: 0.0404  data_time: 0.0022  memory: 1291  
2025/05/18 13:28:22 - mmengine - INFO - Epoch(val) [5][2150/4952]    eta: 0:02:01  time: 0.0413  data_time: 0.0022  memory: 1292  
2025/05/18 13:28:24 - mmengine - INFO - Epoch(val) [5][2200/4952]    eta: 0:01:59  time: 0.0456  data_time: 0.0027  memory: 1291  
2025/05/18 13:28:26 - mmengine - INFO - Epoch(val) [5][2250/4952]    eta: 0:01:57  time: 0.0459  data_time: 0.0030  memory: 1292  
2025/05/18 13:28:29 - mmengine - INFO - Epoch(val) [5][2300/4952]    eta: 0:01:55  time: 0.0452  data_time: 0.0029  memory: 1291  
2025/05/18 13:28:31 - mmengine - INFO - Epoch(val) [5][2350/4952]    eta: 0:01:52  time: 0.0450  data_time: 0.0029  memory: 1291  
2025/05/18 13:28:33 - mmengine - INFO - Epoch(val) [5][2400/4952]    eta: 0:01:50  time: 0.0448  data_time: 0.0028  memory: 1291  
2025/05/18 13:28:35 - mmengine - INFO - Epoch(val) [5][2450/4952]    eta: 0:01:48  time: 0.0458  data_time: 0.0027  memory: 1291  
2025/05/18 13:28:38 - mmengine - INFO - Epoch(val) [5][2500/4952]    eta: 0:01:46  time: 0.0438  data_time: 0.0026  memory: 1292  
2025/05/18 13:28:40 - mmengine - INFO - Epoch(val) [5][2550/4952]    eta: 0:01:44  time: 0.0402  data_time: 0.0020  memory: 1291  
2025/05/18 13:28:42 - mmengine - INFO - Epoch(val) [5][2600/4952]    eta: 0:01:42  time: 0.0405  data_time: 0.0021  memory: 1292  
2025/05/18 13:28:44 - mmengine - INFO - Epoch(val) [5][2650/4952]    eta: 0:01:39  time: 0.0408  data_time: 0.0020  memory: 1292  
2025/05/18 13:28:46 - mmengine - INFO - Epoch(val) [5][2700/4952]    eta: 0:01:37  time: 0.0471  data_time: 0.0029  memory: 1292  
2025/05/18 13:28:48 - mmengine - INFO - Epoch(val) [5][2750/4952]    eta: 0:01:35  time: 0.0450  data_time: 0.0026  memory: 1291  
2025/05/18 13:28:51 - mmengine - INFO - Epoch(val) [5][2800/4952]    eta: 0:01:33  time: 0.0451  data_time: 0.0027  memory: 1291  
2025/05/18 13:28:53 - mmengine - INFO - Epoch(val) [5][2850/4952]    eta: 0:01:31  time: 0.0454  data_time: 0.0028  memory: 1291  
2025/05/18 13:28:55 - mmengine - INFO - Epoch(val) [5][2900/4952]    eta: 0:01:29  time: 0.0431  data_time: 0.0026  memory: 1292  
2025/05/18 13:28:57 - mmengine - INFO - Epoch(val) [5][2950/4952]    eta: 0:01:27  time: 0.0421  data_time: 0.0025  memory: 1292  
2025/05/18 13:28:59 - mmengine - INFO - Epoch(val) [5][3000/4952]    eta: 0:01:24  time: 0.0449  data_time: 0.0027  memory: 1291  
2025/05/18 13:29:02 - mmengine - INFO - Epoch(val) [5][3050/4952]    eta: 0:01:22  time: 0.0453  data_time: 0.0028  memory: 1291  
2025/05/18 13:29:04 - mmengine - INFO - Epoch(val) [5][3100/4952]    eta: 0:01:20  time: 0.0416  data_time: 0.0024  memory: 1292  
2025/05/18 13:29:06 - mmengine - INFO - Epoch(val) [5][3150/4952]    eta: 0:01:18  time: 0.0410  data_time: 0.0022  memory: 1291  
2025/05/18 13:29:08 - mmengine - INFO - Epoch(val) [5][3200/4952]    eta: 0:01:16  time: 0.0444  data_time: 0.0028  memory: 1291  
2025/05/18 13:29:10 - mmengine - INFO - Epoch(val) [5][3250/4952]    eta: 0:01:14  time: 0.0451  data_time: 0.0029  memory: 1291  
2025/05/18 13:29:12 - mmengine - INFO - Epoch(val) [5][3300/4952]    eta: 0:01:11  time: 0.0453  data_time: 0.0030  memory: 1291  
2025/05/18 13:29:15 - mmengine - INFO - Epoch(val) [5][3350/4952]    eta: 0:01:09  time: 0.0448  data_time: 0.0027  memory: 1291  
2025/05/18 13:29:17 - mmengine - INFO - Epoch(val) [5][3400/4952]    eta: 0:01:07  time: 0.0424  data_time: 0.0024  memory: 1292  
2025/05/18 13:29:19 - mmengine - INFO - Epoch(val) [5][3450/4952]    eta: 0:01:05  time: 0.0406  data_time: 0.0020  memory: 1291  
2025/05/18 13:29:21 - mmengine - INFO - Epoch(val) [5][3500/4952]    eta: 0:01:03  time: 0.0408  data_time: 0.0021  memory: 1291  
2025/05/18 13:29:23 - mmengine - INFO - Epoch(val) [5][3550/4952]    eta: 0:01:00  time: 0.0435  data_time: 0.0025  memory: 1291  
2025/05/18 13:29:25 - mmengine - INFO - Epoch(val) [5][3600/4952]    eta: 0:00:58  time: 0.0430  data_time: 0.0026  memory: 1292  
2025/05/18 13:29:27 - mmengine - INFO - Epoch(val) [5][3650/4952]    eta: 0:00:56  time: 0.0411  data_time: 0.0025  memory: 1292  
2025/05/18 13:29:29 - mmengine - INFO - Epoch(val) [5][3700/4952]    eta: 0:00:54  time: 0.0404  data_time: 0.0021  memory: 1291  
2025/05/18 13:29:31 - mmengine - INFO - Epoch(val) [5][3750/4952]    eta: 0:00:52  time: 0.0403  data_time: 0.0020  memory: 1291  
2025/05/18 13:29:33 - mmengine - INFO - Epoch(val) [5][3800/4952]    eta: 0:00:49  time: 0.0408  data_time: 0.0023  memory: 1291  
2025/05/18 13:29:35 - mmengine - INFO - Epoch(val) [5][3850/4952]    eta: 0:00:47  time: 0.0414  data_time: 0.0024  memory: 1291  
2025/05/18 13:29:38 - mmengine - INFO - Epoch(val) [5][3900/4952]    eta: 0:00:45  time: 0.0405  data_time: 0.0022  memory: 1291  
2025/05/18 13:29:40 - mmengine - INFO - Epoch(val) [5][3950/4952]    eta: 0:00:43  time: 0.0409  data_time: 0.0023  memory: 1291  
2025/05/18 13:29:42 - mmengine - INFO - Epoch(val) [5][4000/4952]    eta: 0:00:41  time: 0.0408  data_time: 0.0023  memory: 1292  
2025/05/18 13:29:44 - mmengine - INFO - Epoch(val) [5][4050/4952]    eta: 0:00:38  time: 0.0409  data_time: 0.0023  memory: 1292  
2025/05/18 13:29:46 - mmengine - INFO - Epoch(val) [5][4100/4952]    eta: 0:00:36  time: 0.0419  data_time: 0.0027  memory: 1292  
2025/05/18 13:29:48 - mmengine - INFO - Epoch(val) [5][4150/4952]    eta: 0:00:34  time: 0.0461  data_time: 0.0030  memory: 1292  
2025/05/18 13:29:50 - mmengine - INFO - Epoch(val) [5][4200/4952]    eta: 0:00:32  time: 0.0452  data_time: 0.0030  memory: 1291  
2025/05/18 13:29:53 - mmengine - INFO - Epoch(val) [5][4250/4952]    eta: 0:00:30  time: 0.0453  data_time: 0.0030  memory: 1292  
2025/05/18 13:29:55 - mmengine - INFO - Epoch(val) [5][4300/4952]    eta: 0:00:28  time: 0.0463  data_time: 0.0029  memory: 1292  
2025/05/18 13:29:57 - mmengine - INFO - Epoch(val) [5][4350/4952]    eta: 0:00:26  time: 0.0452  data_time: 0.0027  memory: 1292  
2025/05/18 13:29:59 - mmengine - INFO - Epoch(val) [5][4400/4952]    eta: 0:00:23  time: 0.0453  data_time: 0.0027  memory: 1291  
2025/05/18 13:30:02 - mmengine - INFO - Epoch(val) [5][4450/4952]    eta: 0:00:21  time: 0.0452  data_time: 0.0028  memory: 1291  
2025/05/18 13:30:04 - mmengine - INFO - Epoch(val) [5][4500/4952]    eta: 0:00:19  time: 0.0457  data_time: 0.0029  memory: 1291  
2025/05/18 13:30:06 - mmengine - INFO - Epoch(val) [5][4550/4952]    eta: 0:00:17  time: 0.0463  data_time: 0.0029  memory: 1292  
2025/05/18 13:30:09 - mmengine - INFO - Epoch(val) [5][4600/4952]    eta: 0:00:15  time: 0.0449  data_time: 0.0027  memory: 1291  
2025/05/18 13:30:11 - mmengine - INFO - Epoch(val) [5][4650/4952]    eta: 0:00:13  time: 0.0448  data_time: 0.0031  memory: 1291  
2025/05/18 13:30:13 - mmengine - INFO - Epoch(val) [5][4700/4952]    eta: 0:00:10  time: 0.0453  data_time: 0.0027  memory: 1292  
2025/05/18 13:30:15 - mmengine - INFO - Epoch(val) [5][4750/4952]    eta: 0:00:08  time: 0.0459  data_time: 0.0029  memory: 1291  
2025/05/18 13:30:18 - mmengine - INFO - Epoch(val) [5][4800/4952]    eta: 0:00:06  time: 0.0453  data_time: 0.0029  memory: 1291  
2025/05/18 13:30:20 - mmengine - INFO - Epoch(val) [5][4850/4952]    eta: 0:00:04  time: 0.0440  data_time: 0.0027  memory: 1292  
2025/05/18 13:30:22 - mmengine - INFO - Epoch(val) [5][4900/4952]    eta: 0:00:02  time: 0.0406  data_time: 0.0023  memory: 1291  
2025/05/18 13:30:24 - mmengine - INFO - Epoch(val) [5][4950/4952]    eta: 0:00:00  time: 0.0408  data_time: 0.0021  memory: 1292  
2025/05/18 13:30:24 - mmengine - INFO - 
---------------iou_thr: 0.5---------------
2025/05/18 13:30:28 - mmengine - INFO - 
+-------------+------+-------+--------+-------+
| class       | gts  | dets  | recall | ap    |
+-------------+------+-------+--------+-------+
| aeroplane   | 285  | 21890 | 0.860  | 0.690 |
| bicycle     | 337  | 15150 | 0.941  | 0.675 |
| bird        | 459  | 23367 | 0.880  | 0.622 |
| boat        | 263  | 19214 | 0.871  | 0.534 |
| bottle      | 469  | 26679 | 0.627  | 0.323 |
| bus         | 213  | 14359 | 0.925  | 0.717 |
| car         | 1201 | 39557 | 0.883  | 0.681 |
| cat         | 358  | 27169 | 0.983  | 0.807 |
| chair       | 756  | 48964 | 0.873  | 0.384 |
| cow         | 244  | 13285 | 0.943  | 0.580 |
| diningtable | 206  | 21101 | 0.917  | 0.586 |
| dog         | 489  | 21673 | 0.978  | 0.753 |
| horse       | 348  | 30052 | 0.954  | 0.689 |
| motorbike   | 325  | 19262 | 0.929  | 0.705 |
| person      | 4528 | 66439 | 0.852  | 0.641 |
| pottedplant | 480  | 25578 | 0.738  | 0.318 |
| sheep       | 242  | 13143 | 0.884  | 0.577 |
| sofa        | 239  | 10617 | 0.933  | 0.676 |
| train       | 282  | 30618 | 0.972  | 0.785 |
| tvmonitor   | 308  | 7083  | 0.834  | 0.601 |
+-------------+------+-------+--------+-------+
| mAP         |      |       |        | 0.617 |
+-------------+------+-------+--------+-------+
2025/05/18 13:30:28 - mmengine - INFO - Epoch(val) [5][4952/4952]    pascal_voc/mAP: 0.6171  pascal_voc/AP50: 0.6170  data_time: 0.0026  time: 0.0434
2025/05/18 13:30:41 - mmengine - INFO - Epoch(train) [6][  50/8276]  lr: 2.5000e-05  eta: 0:35:37  time: 0.2654  data_time: 0.0076  memory: 2064  grad_norm: 126.5002  loss: 7.5246  s0.loss_cls: 0.6150  s0.pos_acc: 100.0000  s0.loss_bbox: 0.6978  s0.loss_iou: 0.5809  s1.loss_cls: 0.4568  s1.pos_acc: 100.0000  s1.loss_bbox: 0.4378  s1.loss_iou: 0.3633  s2.loss_cls: 0.4360  s2.pos_acc: 100.0000  s2.loss_bbox: 0.3929  s2.loss_iou: 0.3248  s3.loss_cls: 0.4046  s3.pos_acc: 100.0000  s3.loss_bbox: 0.3597  s3.loss_iou: 0.3093  s4.loss_cls: 0.4407  s4.pos_acc: 100.0000  s4.loss_bbox: 0.3375  s4.loss_iou: 0.2987  s5.loss_cls: 0.4394  s5.pos_acc: 100.0000  s5.loss_bbox: 0.3344  s5.loss_iou: 0.2951
2025/05/18 13:30:54 - mmengine - INFO - Epoch(train) [6][ 100/8276]  lr: 2.5000e-05  eta: 0:35:24  time: 0.2582  data_time: 0.0063  memory: 2064  grad_norm: 123.1869  loss: 6.5208  s0.loss_cls: 0.5242  s0.pos_acc: 100.0000  s0.loss_bbox: 0.6495  s0.loss_iou: 0.5893  s1.loss_cls: 0.3532  s1.pos_acc: 100.0000  s1.loss_bbox: 0.3820  s1.loss_iou: 0.3580  s2.loss_cls: 0.3247  s2.pos_acc: 100.0000  s2.loss_bbox: 0.3282  s2.loss_iou: 0.3071  s3.loss_cls: 0.3128  s3.pos_acc: 100.0000  s3.loss_bbox: 0.3163  s3.loss_iou: 0.3001  s4.loss_cls: 0.3141  s4.pos_acc: 100.0000  s4.loss_bbox: 0.2952  s4.loss_iou: 0.2851  s5.loss_cls: 0.3206  s5.pos_acc: 100.0000  s5.loss_bbox: 0.2843  s5.loss_iou: 0.2761
2025/05/18 13:31:07 - mmengine - INFO - Epoch(train) [6][ 150/8276]  lr: 2.5000e-05  eta: 0:35:11  time: 0.2607  data_time: 0.0064  memory: 2065  grad_norm: 112.6343  loss: 7.2731  s0.loss_cls: 0.5143  s0.pos_acc: 50.0000  s0.loss_bbox: 0.7170  s0.loss_iou: 0.6498  s1.loss_cls: 0.3681  s1.pos_acc: 100.0000  s1.loss_bbox: 0.4380  s1.loss_iou: 0.4169  s2.loss_cls: 0.3280  s2.pos_acc: 50.0000  s2.loss_bbox: 0.3924  s2.loss_iou: 0.3724  s3.loss_cls: 0.3005  s3.pos_acc: 50.0000  s3.loss_bbox: 0.3792  s3.loss_iou: 0.3586  s4.loss_cls: 0.3088  s4.pos_acc: 50.0000  s4.loss_bbox: 0.3622  s4.loss_iou: 0.3450  s5.loss_cls: 0.3071  s5.pos_acc: 100.0000  s5.loss_bbox: 0.3662  s5.loss_iou: 0.3487
2025/05/18 13:31:20 - mmengine - INFO - Epoch(train) [6][ 200/8276]  lr: 2.5000e-05  eta: 0:34:58  time: 0.2584  data_time: 0.0064  memory: 2064  grad_norm: 124.7859  loss: 6.6079  s0.loss_cls: 0.5278  s0.pos_acc: 100.0000  s0.loss_bbox: 0.6334  s0.loss_iou: 0.5687  s1.loss_cls: 0.3355  s1.pos_acc: 100.0000  s1.loss_bbox: 0.3992  s1.loss_iou: 0.3576  s2.loss_cls: 0.3298  s2.pos_acc: 100.0000  s2.loss_bbox: 0.3431  s2.loss_iou: 0.3170  s3.loss_cls: 0.3108  s3.pos_acc: 100.0000  s3.loss_bbox: 0.3255  s3.loss_iou: 0.3092  s4.loss_cls: 0.3054  s4.pos_acc: 100.0000  s4.loss_bbox: 0.3164  s4.loss_iou: 0.3032  s5.loss_cls: 0.3020  s5.pos_acc: 100.0000  s5.loss_bbox: 0.3193  s5.loss_iou: 0.3041
2025/05/18 13:31:33 - mmengine - INFO - Epoch(train) [6][ 250/8276]  lr: 2.5000e-05  eta: 0:34:45  time: 0.2612  data_time: 0.0067  memory: 2065  grad_norm: 125.6944  loss: 6.8120  s0.loss_cls: 0.5701  s0.pos_acc: 100.0000  s0.loss_bbox: 0.6569  s0.loss_iou: 0.6022  s1.loss_cls: 0.3950  s1.pos_acc: 100.0000  s1.loss_bbox: 0.4135  s1.loss_iou: 0.3797  s2.loss_cls: 0.3350  s2.pos_acc: 100.0000  s2.loss_bbox: 0.3509  s2.loss_iou: 0.3296  s3.loss_cls: 0.3179  s3.pos_acc: 100.0000  s3.loss_bbox: 0.3205  s3.loss_iou: 0.3107  s4.loss_cls: 0.3061  s4.pos_acc: 100.0000  s4.loss_bbox: 0.3089  s4.loss_iou: 0.3022  s5.loss_cls: 0.3039  s5.pos_acc: 100.0000  s5.loss_bbox: 0.3069  s5.loss_iou: 0.3023
2025/05/18 13:31:47 - mmengine - INFO - Epoch(train) [6][ 300/8276]  lr: 2.5000e-05  eta: 0:34:32  time: 0.2671  data_time: 0.0073  memory: 2063  grad_norm: 128.8027  loss: 6.8241  s0.loss_cls: 0.6061  s0.pos_acc: 50.0000  s0.loss_bbox: 0.6325  s0.loss_iou: 0.5754  s1.loss_cls: 0.3931  s1.pos_acc: 100.0000  s1.loss_bbox: 0.3928  s1.loss_iou: 0.3704  s2.loss_cls: 0.3637  s2.pos_acc: 100.0000  s2.loss_bbox: 0.3346  s2.loss_iou: 0.3144  s3.loss_cls: 0.3566  s3.pos_acc: 100.0000  s3.loss_bbox: 0.3153  s3.loss_iou: 0.2908  s4.loss_cls: 0.3400  s4.pos_acc: 100.0000  s4.loss_bbox: 0.3125  s4.loss_iou: 0.2901  s5.loss_cls: 0.3343  s5.pos_acc: 100.0000  s5.loss_bbox: 0.3139  s5.loss_iou: 0.2874
2025/05/18 13:32:00 - mmengine - INFO - Epoch(train) [6][ 350/8276]  lr: 2.5000e-05  eta: 0:34:19  time: 0.2695  data_time: 0.0077  memory: 2064  grad_norm: 125.3243  loss: 7.6421  s0.loss_cls: 0.6819  s0.pos_acc: 100.0000  s0.loss_bbox: 0.6906  s0.loss_iou: 0.5931  s1.loss_cls: 0.4552  s1.pos_acc: 100.0000  s1.loss_bbox: 0.4793  s1.loss_iou: 0.3887  s2.loss_cls: 0.4264  s2.pos_acc: 100.0000  s2.loss_bbox: 0.3923  s2.loss_iou: 0.3300  s3.loss_cls: 0.4167  s3.pos_acc: 100.0000  s3.loss_bbox: 0.3609  s3.loss_iou: 0.3074  s4.loss_cls: 0.3983  s4.pos_acc: 100.0000  s4.loss_bbox: 0.3561  s4.loss_iou: 0.3047  s5.loss_cls: 0.4002  s5.pos_acc: 100.0000  s5.loss_bbox: 0.3552  s5.loss_iou: 0.3051
2025/05/18 13:32:13 - mmengine - INFO - Epoch(train) [6][ 400/8276]  lr: 2.5000e-05  eta: 0:34:06  time: 0.2614  data_time: 0.0066  memory: 2064  grad_norm: 115.2250  loss: 7.6282  s0.loss_cls: 0.6259  s0.pos_acc: 100.0000  s0.loss_bbox: 0.7045  s0.loss_iou: 0.6587  s1.loss_cls: 0.4419  s1.pos_acc: 100.0000  s1.loss_bbox: 0.4151  s1.loss_iou: 0.4095  s2.loss_cls: 0.4370  s2.pos_acc: 100.0000  s2.loss_bbox: 0.3460  s2.loss_iou: 0.3585  s3.loss_cls: 0.4161  s3.pos_acc: 100.0000  s3.loss_bbox: 0.3285  s3.loss_iou: 0.3442  s4.loss_cls: 0.4033  s4.pos_acc: 100.0000  s4.loss_bbox: 0.3285  s4.loss_iou: 0.3414  s5.loss_cls: 0.4149  s5.pos_acc: 100.0000  s5.loss_bbox: 0.3180  s5.loss_iou: 0.3361
2025/05/18 13:32:26 - mmengine - INFO - Epoch(train) [6][ 450/8276]  lr: 2.5000e-05  eta: 0:33:53  time: 0.2578  data_time: 0.0061  memory: 2064  grad_norm: 117.8699  loss: 7.1929  s0.loss_cls: 0.5460  s0.pos_acc: 75.0000  s0.loss_bbox: 0.6858  s0.loss_iou: 0.5933  s1.loss_cls: 0.3563  s1.pos_acc: 75.0000  s1.loss_bbox: 0.4537  s1.loss_iou: 0.3993  s2.loss_cls: 0.3540  s2.pos_acc: 75.0000  s2.loss_bbox: 0.3899  s2.loss_iou: 0.3463  s3.loss_cls: 0.3269  s3.pos_acc: 100.0000  s3.loss_bbox: 0.3707  s3.loss_iou: 0.3327  s4.loss_cls: 0.3467  s4.pos_acc: 75.0000  s4.loss_bbox: 0.3541  s4.loss_iou: 0.3209  s5.loss_cls: 0.3376  s5.pos_acc: 100.0000  s5.loss_bbox: 0.3567  s5.loss_iou: 0.3222
2025/05/18 13:32:39 - mmengine - INFO - Epoch(train) [6][ 500/8276]  lr: 2.5000e-05  eta: 0:33:40  time: 0.2586  data_time: 0.0062  memory: 2064  grad_norm: 117.8040  loss: 7.1636  s0.loss_cls: 0.5476  s0.pos_acc: 100.0000  s0.loss_bbox: 0.6953  s0.loss_iou: 0.6150  s1.loss_cls: 0.4131  s1.pos_acc: 100.0000  s1.loss_bbox: 0.4200  s1.loss_iou: 0.3945  s2.loss_cls: 0.3906  s2.pos_acc: 100.0000  s2.loss_bbox: 0.3553  s2.loss_iou: 0.3420  s3.loss_cls: 0.3534  s3.pos_acc: 100.0000  s3.loss_bbox: 0.3273  s3.loss_iou: 0.3243  s4.loss_cls: 0.3521  s4.pos_acc: 100.0000  s4.loss_bbox: 0.3194  s4.loss_iou: 0.3200  s5.loss_cls: 0.3361  s5.pos_acc: 100.0000  s5.loss_bbox: 0.3300  s5.loss_iou: 0.3274
2025/05/18 13:32:52 - mmengine - INFO - Epoch(train) [6][ 550/8276]  lr: 2.5000e-05  eta: 0:33:27  time: 0.2606  data_time: 0.0065  memory: 2065  grad_norm: 116.3998  loss: 7.4022  s0.loss_cls: 0.6037  s0.pos_acc: 33.3333  s0.loss_bbox: 0.7224  s0.loss_iou: 0.6523  s1.loss_cls: 0.4299  s1.pos_acc: 100.0000  s1.loss_bbox: 0.4363  s1.loss_iou: 0.3975  s2.loss_cls: 0.3801  s2.pos_acc: 100.0000  s2.loss_bbox: 0.3704  s2.loss_iou: 0.3437  s3.loss_cls: 0.3511  s3.pos_acc: 100.0000  s3.loss_bbox: 0.3494  s3.loss_iou: 0.3275  s4.loss_cls: 0.3385  s4.pos_acc: 100.0000  s4.loss_bbox: 0.3503  s4.loss_iou: 0.3313  s5.loss_cls: 0.3364  s5.pos_acc: 100.0000  s5.loss_bbox: 0.3494  s5.loss_iou: 0.3319
2025/05/18 13:33:05 - mmengine - INFO - Epoch(train) [6][ 600/8276]  lr: 2.5000e-05  eta: 0:33:14  time: 0.2586  data_time: 0.0064  memory: 2064  grad_norm: 125.7169  loss: 7.6715  s0.loss_cls: 0.6406  s0.pos_acc: 0.0000  s0.loss_bbox: 0.6938  s0.loss_iou: 0.6367  s1.loss_cls: 0.4275  s1.pos_acc: 50.0000  s1.loss_bbox: 0.4733  s1.loss_iou: 0.4381  s2.loss_cls: 0.3699  s2.pos_acc: 50.0000  s2.loss_bbox: 0.3904  s2.loss_iou: 0.3685  s3.loss_cls: 0.3374  s3.pos_acc: 100.0000  s3.loss_bbox: 0.3876  s3.loss_iou: 0.3681  s4.loss_cls: 0.3393  s4.pos_acc: 100.0000  s4.loss_bbox: 0.3785  s4.loss_iou: 0.3582  s5.loss_cls: 0.3333  s5.pos_acc: 100.0000  s5.loss_bbox: 0.3752  s5.loss_iou: 0.3550
2025/05/18 13:33:10 - mmengine - INFO - Exp name: sparse-rcnn_voc_20250518_101231
2025/05/18 13:33:18 - mmengine - INFO - Epoch(train) [6][ 650/8276]  lr: 2.5000e-05  eta: 0:33:01  time: 0.2633  data_time: 0.0072  memory: 2064  grad_norm: 121.7877  loss: 7.3913  s0.loss_cls: 0.5832  s0.pos_acc: 66.6667  s0.loss_bbox: 0.7317  s0.loss_iou: 0.6417  s1.loss_cls: 0.3974  s1.pos_acc: 100.0000  s1.loss_bbox: 0.4727  s1.loss_iou: 0.4197  s2.loss_cls: 0.3485  s2.pos_acc: 100.0000  s2.loss_bbox: 0.4007  s2.loss_iou: 0.3587  s3.loss_cls: 0.3284  s3.pos_acc: 100.0000  s3.loss_bbox: 0.3695  s3.loss_iou: 0.3358  s4.loss_cls: 0.3265  s4.pos_acc: 100.0000  s4.loss_bbox: 0.3569  s4.loss_iou: 0.3251  s5.loss_cls: 0.3246  s5.pos_acc: 100.0000  s5.loss_bbox: 0.3498  s5.loss_iou: 0.3205
2025/05/18 13:33:31 - mmengine - INFO - Epoch(train) [6][ 700/8276]  lr: 2.5000e-05  eta: 0:32:48  time: 0.2630  data_time: 0.0069  memory: 2064  grad_norm: 125.1803  loss: 7.5431  s0.loss_cls: 0.6014  s0.pos_acc: 100.0000  s0.loss_bbox: 0.7142  s0.loss_iou: 0.5990  s1.loss_cls: 0.4381  s1.pos_acc: 100.0000  s1.loss_bbox: 0.4582  s1.loss_iou: 0.3920  s2.loss_cls: 0.3930  s2.pos_acc: 100.0000  s2.loss_bbox: 0.3872  s2.loss_iou: 0.3468  s3.loss_cls: 0.3635  s3.pos_acc: 100.0000  s3.loss_bbox: 0.3725  s3.loss_iou: 0.3361  s4.loss_cls: 0.3729  s4.pos_acc: 100.0000  s4.loss_bbox: 0.3597  s4.loss_iou: 0.3297  s5.loss_cls: 0.3818  s5.pos_acc: 100.0000  s5.loss_bbox: 0.3679  s5.loss_iou: 0.3290
2025/05/18 13:33:44 - mmengine - INFO - Epoch(train) [6][ 750/8276]  lr: 2.5000e-05  eta: 0:32:35  time: 0.2634  data_time: 0.0075  memory: 2063  grad_norm: 119.3290  loss: 6.9320  s0.loss_cls: 0.5585  s0.pos_acc: 100.0000  s0.loss_bbox: 0.6677  s0.loss_iou: 0.6115  s1.loss_cls: 0.4017  s1.pos_acc: 100.0000  s1.loss_bbox: 0.4006  s1.loss_iou: 0.3623  s2.loss_cls: 0.3292  s2.pos_acc: 100.0000  s2.loss_bbox: 0.3543  s2.loss_iou: 0.3218  s3.loss_cls: 0.3072  s3.pos_acc: 100.0000  s3.loss_bbox: 0.3492  s3.loss_iou: 0.3180  s4.loss_cls: 0.3085  s4.pos_acc: 100.0000  s4.loss_bbox: 0.3498  s4.loss_iou: 0.3149  s5.loss_cls: 0.3037  s5.pos_acc: 100.0000  s5.loss_bbox: 0.3533  s5.loss_iou: 0.3199
2025/05/18 13:33:57 - mmengine - INFO - Epoch(train) [6][ 800/8276]  lr: 2.5000e-05  eta: 0:32:22  time: 0.2603  data_time: 0.0065  memory: 2065  grad_norm: 135.1302  loss: 7.4562  s0.loss_cls: 0.5287  s0.pos_acc: 50.0000  s0.loss_bbox: 0.7194  s0.loss_iou: 0.6087  s1.loss_cls: 0.3879  s1.pos_acc: 100.0000  s1.loss_bbox: 0.4814  s1.loss_iou: 0.4172  s2.loss_cls: 0.3599  s2.pos_acc: 100.0000  s2.loss_bbox: 0.4051  s2.loss_iou: 0.3525  s3.loss_cls: 0.3462  s3.pos_acc: 100.0000  s3.loss_bbox: 0.3870  s3.loss_iou: 0.3449  s4.loss_cls: 0.3409  s4.pos_acc: 100.0000  s4.loss_bbox: 0.3757  s4.loss_iou: 0.3410  s5.loss_cls: 0.3309  s5.pos_acc: 100.0000  s5.loss_bbox: 0.3846  s5.loss_iou: 0.3441
2025/05/18 13:34:11 - mmengine - INFO - Epoch(train) [6][ 850/8276]  lr: 2.5000e-05  eta: 0:32:09  time: 0.2618  data_time: 0.0063  memory: 2064  grad_norm: 119.2252  loss: 7.4405  s0.loss_cls: 0.6711  s0.pos_acc: 66.6667  s0.loss_bbox: 0.6577  s0.loss_iou: 0.6022  s1.loss_cls: 0.4635  s1.pos_acc: 66.6667  s1.loss_bbox: 0.4071  s1.loss_iou: 0.3849  s2.loss_cls: 0.4391  s2.pos_acc: 100.0000  s2.loss_bbox: 0.3457  s2.loss_iou: 0.3345  s3.loss_cls: 0.4158  s3.pos_acc: 100.0000  s3.loss_bbox: 0.3317  s3.loss_iou: 0.3192  s4.loss_cls: 0.4036  s4.pos_acc: 100.0000  s4.loss_bbox: 0.3220  s4.loss_iou: 0.3103  s5.loss_cls: 0.4077  s5.pos_acc: 100.0000  s5.loss_bbox: 0.3178  s5.loss_iou: 0.3066
2025/05/18 13:34:24 - mmengine - INFO - Epoch(train) [6][ 900/8276]  lr: 2.5000e-05  eta: 0:31:56  time: 0.2646  data_time: 0.0071  memory: 2063  grad_norm: 120.2312  loss: 7.5386  s0.loss_cls: 0.5789  s0.pos_acc: 100.0000  s0.loss_bbox: 0.6885  s0.loss_iou: 0.5813  s1.loss_cls: 0.4296  s1.pos_acc: 100.0000  s1.loss_bbox: 0.4560  s1.loss_iou: 0.3843  s2.loss_cls: 0.3956  s2.pos_acc: 100.0000  s2.loss_bbox: 0.3983  s2.loss_iou: 0.3379  s3.loss_cls: 0.3698  s3.pos_acc: 100.0000  s3.loss_bbox: 0.3844  s3.loss_iou: 0.3379  s4.loss_cls: 0.3862  s4.pos_acc: 100.0000  s4.loss_bbox: 0.3796  s4.loss_iou: 0.3341  s5.loss_cls: 0.3792  s5.pos_acc: 100.0000  s5.loss_bbox: 0.3813  s5.loss_iou: 0.3358
2025/05/18 13:34:37 - mmengine - INFO - Epoch(train) [6][ 950/8276]  lr: 2.5000e-05  eta: 0:31:43  time: 0.2635  data_time: 0.0072  memory: 2064  grad_norm: 124.2774  loss: 7.8546  s0.loss_cls: 0.6265  s0.pos_acc: 100.0000  s0.loss_bbox: 0.7071  s0.loss_iou: 0.7069  s1.loss_cls: 0.4393  s1.pos_acc: 100.0000  s1.loss_bbox: 0.4155  s1.loss_iou: 0.4340  s2.loss_cls: 0.4162  s2.pos_acc: 100.0000  s2.loss_bbox: 0.3589  s2.loss_iou: 0.3768  s3.loss_cls: 0.4122  s3.pos_acc: 100.0000  s3.loss_bbox: 0.3465  s3.loss_iou: 0.3644  s4.loss_cls: 0.3991  s4.pos_acc: 100.0000  s4.loss_bbox: 0.3512  s4.loss_iou: 0.3642  s5.loss_cls: 0.4080  s5.pos_acc: 100.0000  s5.loss_bbox: 0.3580  s5.loss_iou: 0.3699
2025/05/18 13:34:50 - mmengine - INFO - Epoch(train) [6][1000/8276]  lr: 2.5000e-05  eta: 0:31:30  time: 0.2590  data_time: 0.0065  memory: 2063  grad_norm: 133.6324  loss: 6.2143  s0.loss_cls: 0.4796  s0.pos_acc: 100.0000  s0.loss_bbox: 0.7123  s0.loss_iou: 0.5925  s1.loss_cls: 0.3204  s1.pos_acc: 100.0000  s1.loss_bbox: 0.3905  s1.loss_iou: 0.3294  s2.loss_cls: 0.2850  s2.pos_acc: 100.0000  s2.loss_bbox: 0.3218  s2.loss_iou: 0.2722  s3.loss_cls: 0.2635  s3.pos_acc: 100.0000  s3.loss_bbox: 0.3139  s3.loss_iou: 0.2668  s4.loss_cls: 0.2583  s4.pos_acc: 100.0000  s4.loss_bbox: 0.3087  s4.loss_iou: 0.2663  s5.loss_cls: 0.2557  s5.pos_acc: 100.0000  s5.loss_bbox: 0.3110  s5.loss_iou: 0.2663
2025/05/18 13:35:03 - mmengine - INFO - Epoch(train) [6][1050/8276]  lr: 2.5000e-05  eta: 0:31:17  time: 0.2646  data_time: 0.0067  memory: 2063  grad_norm: 117.1763  loss: 7.1823  s0.loss_cls: 0.5131  s0.pos_acc: 100.0000  s0.loss_bbox: 0.6922  s0.loss_iou: 0.6170  s1.loss_cls: 0.3565  s1.pos_acc: 100.0000  s1.loss_bbox: 0.4552  s1.loss_iou: 0.4032  s2.loss_cls: 0.3467  s2.pos_acc: 100.0000  s2.loss_bbox: 0.3938  s2.loss_iou: 0.3453  s3.loss_cls: 0.3237  s3.pos_acc: 100.0000  s3.loss_bbox: 0.3641  s3.loss_iou: 0.3311  s4.loss_cls: 0.3208  s4.pos_acc: 100.0000  s4.loss_bbox: 0.3698  s4.loss_iou: 0.3360  s5.loss_cls: 0.3180  s5.pos_acc: 100.0000  s5.loss_bbox: 0.3647  s5.loss_iou: 0.3313
2025/05/18 13:35:16 - mmengine - INFO - Epoch(train) [6][1100/8276]  lr: 2.5000e-05  eta: 0:31:04  time: 0.2580  data_time: 0.0066  memory: 2064  grad_norm: 118.9891  loss: 7.9428  s0.loss_cls: 0.6416  s0.pos_acc: 50.0000  s0.loss_bbox: 0.7288  s0.loss_iou: 0.6352  s1.loss_cls: 0.4467  s1.pos_acc: 66.6667  s1.loss_bbox: 0.4764  s1.loss_iou: 0.4247  s2.loss_cls: 0.4406  s2.pos_acc: 50.0000  s2.loss_bbox: 0.3979  s2.loss_iou: 0.3670  s3.loss_cls: 0.4245  s3.pos_acc: 50.0000  s3.loss_bbox: 0.3658  s3.loss_iou: 0.3510  s4.loss_cls: 0.4169  s4.pos_acc: 50.0000  s4.loss_bbox: 0.3609  s4.loss_iou: 0.3422  s5.loss_cls: 0.4169  s5.pos_acc: 50.0000  s5.loss_bbox: 0.3630  s5.loss_iou: 0.3427
2025/05/18 13:35:29 - mmengine - INFO - Epoch(train) [6][1150/8276]  lr: 2.5000e-05  eta: 0:30:51  time: 0.2566  data_time: 0.0062  memory: 2064  grad_norm: 126.8956  loss: 7.0118  s0.loss_cls: 0.5106  s0.pos_acc: 100.0000  s0.loss_bbox: 0.6686  s0.loss_iou: 0.5878  s1.loss_cls: 0.3800  s1.pos_acc: 100.0000  s1.loss_bbox: 0.4342  s1.loss_iou: 0.3672  s2.loss_cls: 0.3595  s2.pos_acc: 100.0000  s2.loss_bbox: 0.3820  s2.loss_iou: 0.3219  s3.loss_cls: 0.3591  s3.pos_acc: 100.0000  s3.loss_bbox: 0.3485  s3.loss_iou: 0.3038  s4.loss_cls: 0.3726  s4.pos_acc: 100.0000  s4.loss_bbox: 0.3296  s4.loss_iou: 0.2907  s5.loss_cls: 0.3758  s5.pos_acc: 100.0000  s5.loss_bbox: 0.3292  s5.loss_iou: 0.2909
2025/05/18 13:35:42 - mmengine - INFO - Epoch(train) [6][1200/8276]  lr: 2.5000e-05  eta: 0:30:38  time: 0.2557  data_time: 0.0060  memory: 2064  grad_norm: 124.5247  loss: 7.2370  s0.loss_cls: 0.5606  s0.pos_acc: 100.0000  s0.loss_bbox: 0.7332  s0.loss_iou: 0.6190  s1.loss_cls: 0.3897  s1.pos_acc: 100.0000  s1.loss_bbox: 0.4532  s1.loss_iou: 0.3933  s2.loss_cls: 0.3530  s2.pos_acc: 100.0000  s2.loss_bbox: 0.3861  s2.loss_iou: 0.3357  s3.loss_cls: 0.3491  s3.pos_acc: 100.0000  s3.loss_bbox: 0.3575  s3.loss_iou: 0.3194  s4.loss_cls: 0.3349  s4.pos_acc: 100.0000  s4.loss_bbox: 0.3430  s4.loss_iou: 0.3129  s5.loss_cls: 0.3541  s5.pos_acc: 50.0000  s5.loss_bbox: 0.3344  s5.loss_iou: 0.3079
2025/05/18 13:35:55 - mmengine - INFO - Epoch(train) [6][1250/8276]  lr: 2.5000e-05  eta: 0:30:25  time: 0.2733  data_time: 0.0074  memory: 2065  grad_norm: 115.7003  loss: 8.2335  s0.loss_cls: 0.6574  s0.pos_acc: 50.0000  s0.loss_bbox: 0.7298  s0.loss_iou: 0.6619  s1.loss_cls: 0.4739  s1.pos_acc: 100.0000  s1.loss_bbox: 0.4961  s1.loss_iou: 0.4580  s2.loss_cls: 0.4501  s2.pos_acc: 100.0000  s2.loss_bbox: 0.4145  s2.loss_iou: 0.3946  s3.loss_cls: 0.4465  s3.pos_acc: 100.0000  s3.loss_bbox: 0.3718  s3.loss_iou: 0.3631  s4.loss_cls: 0.4195  s4.pos_acc: 100.0000  s4.loss_bbox: 0.3688  s4.loss_iou: 0.3601  s5.loss_cls: 0.4347  s5.pos_acc: 100.0000  s5.loss_bbox: 0.3704  s5.loss_iou: 0.3621
2025/05/18 13:36:08 - mmengine - INFO - Epoch(train) [6][1300/8276]  lr: 2.5000e-05  eta: 0:30:12  time: 0.2548  data_time: 0.0059  memory: 2064  grad_norm: 132.6261  loss: 7.0365  s0.loss_cls: 0.5794  s0.pos_acc: 50.0000  s0.loss_bbox: 0.6924  s0.loss_iou: 0.6038  s1.loss_cls: 0.3962  s1.pos_acc: 100.0000  s1.loss_bbox: 0.4188  s1.loss_iou: 0.3676  s2.loss_cls: 0.3669  s2.pos_acc: 100.0000  s2.loss_bbox: 0.3494  s2.loss_iou: 0.3124  s3.loss_cls: 0.3508  s3.pos_acc: 100.0000  s3.loss_bbox: 0.3378  s3.loss_iou: 0.2999  s4.loss_cls: 0.3532  s4.pos_acc: 100.0000  s4.loss_bbox: 0.3318  s4.loss_iou: 0.2969  s5.loss_cls: 0.3612  s5.pos_acc: 100.0000  s5.loss_bbox: 0.3266  s5.loss_iou: 0.2914
2025/05/18 13:36:21 - mmengine - INFO - Epoch(train) [6][1350/8276]  lr: 2.5000e-05  eta: 0:29:59  time: 0.2647  data_time: 0.0071  memory: 2064  grad_norm: 114.3509  loss: 7.2221  s0.loss_cls: 0.5595  s0.pos_acc: 100.0000  s0.loss_bbox: 0.6547  s0.loss_iou: 0.6008  s1.loss_cls: 0.4101  s1.pos_acc: 100.0000  s1.loss_bbox: 0.4136  s1.loss_iou: 0.3856  s2.loss_cls: 0.3680  s2.pos_acc: 100.0000  s2.loss_bbox: 0.3641  s2.loss_iou: 0.3496  s3.loss_cls: 0.3699  s3.pos_acc: 100.0000  s3.loss_bbox: 0.3434  s3.loss_iou: 0.3333  s4.loss_cls: 0.3695  s4.pos_acc: 100.0000  s4.loss_bbox: 0.3300  s4.loss_iou: 0.3268  s5.loss_cls: 0.3732  s5.pos_acc: 100.0000  s5.loss_bbox: 0.3387  s5.loss_iou: 0.3313
2025/05/18 13:36:35 - mmengine - INFO - Epoch(train) [6][1400/8276]  lr: 2.5000e-05  eta: 0:29:47  time: 0.2637  data_time: 0.0073  memory: 2064  grad_norm: 116.1029  loss: 7.6758  s0.loss_cls: 0.6374  s0.pos_acc: 16.6667  s0.loss_bbox: 0.6716  s0.loss_iou: 0.6574  s1.loss_cls: 0.4383  s1.pos_acc: 66.6667  s1.loss_bbox: 0.4270  s1.loss_iou: 0.4207  s2.loss_cls: 0.3970  s2.pos_acc: 66.6667  s2.loss_bbox: 0.3676  s2.loss_iou: 0.3670  s3.loss_cls: 0.3919  s3.pos_acc: 66.6667  s3.loss_bbox: 0.3535  s3.loss_iou: 0.3604  s4.loss_cls: 0.3844  s4.pos_acc: 66.6667  s4.loss_bbox: 0.3528  s4.loss_iou: 0.3595  s5.loss_cls: 0.3805  s5.pos_acc: 66.6667  s5.loss_bbox: 0.3513  s5.loss_iou: 0.3574
2025/05/18 13:36:47 - mmengine - INFO - Epoch(train) [6][1450/8276]  lr: 2.5000e-05  eta: 0:29:34  time: 0.2585  data_time: 0.0065  memory: 2065  grad_norm: 117.7683  loss: 8.3453  s0.loss_cls: 0.6772  s0.pos_acc: 75.0000  s0.loss_bbox: 0.7234  s0.loss_iou: 0.6574  s1.loss_cls: 0.4902  s1.pos_acc: 75.0000  s1.loss_bbox: 0.4687  s1.loss_iou: 0.4354  s2.loss_cls: 0.4691  s2.pos_acc: 75.0000  s2.loss_bbox: 0.4104  s2.loss_iou: 0.3900  s3.loss_cls: 0.4602  s3.pos_acc: 75.0000  s3.loss_bbox: 0.3866  s3.loss_iou: 0.3755  s4.loss_cls: 0.4659  s4.pos_acc: 75.0000  s4.loss_bbox: 0.3729  s4.loss_iou: 0.3692  s5.loss_cls: 0.4601  s5.pos_acc: 75.0000  s5.loss_bbox: 0.3667  s5.loss_iou: 0.3666
2025/05/18 13:37:00 - mmengine - INFO - Epoch(train) [6][1500/8276]  lr: 2.5000e-05  eta: 0:29:20  time: 0.2551  data_time: 0.0058  memory: 2064  grad_norm: 126.4062  loss: 7.7137  s0.loss_cls: 0.6052  s0.pos_acc: 66.6667  s0.loss_bbox: 0.7197  s0.loss_iou: 0.6178  s1.loss_cls: 0.4313  s1.pos_acc: 66.6667  s1.loss_bbox: 0.4564  s1.loss_iou: 0.3982  s2.loss_cls: 0.4183  s2.pos_acc: 66.6667  s2.loss_bbox: 0.3857  s2.loss_iou: 0.3426  s3.loss_cls: 0.3916  s3.pos_acc: 66.6667  s3.loss_bbox: 0.3866  s3.loss_iou: 0.3387  s4.loss_cls: 0.3918  s4.pos_acc: 66.6667  s4.loss_bbox: 0.3899  s4.loss_iou: 0.3380  s5.loss_cls: 0.3888  s5.pos_acc: 66.6667  s5.loss_bbox: 0.3825  s5.loss_iou: 0.3305
2025/05/18 13:37:13 - mmengine - INFO - Epoch(train) [6][1550/8276]  lr: 2.5000e-05  eta: 0:29:07  time: 0.2600  data_time: 0.0063  memory: 2065  grad_norm: 118.0406  loss: 8.1769  s0.loss_cls: 0.6482  s0.pos_acc: 66.6667  s0.loss_bbox: 0.7380  s0.loss_iou: 0.6395  s1.loss_cls: 0.4721  s1.pos_acc: 100.0000  s1.loss_bbox: 0.4611  s1.loss_iou: 0.4196  s2.loss_cls: 0.4697  s2.pos_acc: 100.0000  s2.loss_bbox: 0.3970  s2.loss_iou: 0.3710  s3.loss_cls: 0.4260  s3.pos_acc: 100.0000  s3.loss_bbox: 0.4027  s3.loss_iou: 0.3746  s4.loss_cls: 0.4333  s4.pos_acc: 100.0000  s4.loss_bbox: 0.3841  s4.loss_iou: 0.3660  s5.loss_cls: 0.4380  s5.pos_acc: 100.0000  s5.loss_bbox: 0.3754  s5.loss_iou: 0.3607
2025/05/18 13:37:26 - mmengine - INFO - Epoch(train) [6][1600/8276]  lr: 2.5000e-05  eta: 0:28:55  time: 0.2635  data_time: 0.0069  memory: 2063  grad_norm: 131.4651  loss: 7.5628  s0.loss_cls: 0.6045  s0.pos_acc: 66.6667  s0.loss_bbox: 0.6830  s0.loss_iou: 0.5742  s1.loss_cls: 0.4508  s1.pos_acc: 100.0000  s1.loss_bbox: 0.4455  s1.loss_iou: 0.3749  s2.loss_cls: 0.4246  s2.pos_acc: 100.0000  s2.loss_bbox: 0.3926  s2.loss_iou: 0.3293  s3.loss_cls: 0.4054  s3.pos_acc: 100.0000  s3.loss_bbox: 0.3759  s3.loss_iou: 0.3134  s4.loss_cls: 0.4068  s4.pos_acc: 100.0000  s4.loss_bbox: 0.3700  s4.loss_iou: 0.3082  s5.loss_cls: 0.4082  s5.pos_acc: 100.0000  s5.loss_bbox: 0.3803  s5.loss_iou: 0.3154
2025/05/18 13:37:32 - mmengine - INFO - Exp name: sparse-rcnn_voc_20250518_101231
2025/05/18 13:37:40 - mmengine - INFO - Epoch(train) [6][1650/8276]  lr: 2.5000e-05  eta: 0:28:42  time: 0.2669  data_time: 0.0073  memory: 2064  grad_norm: 117.9708  loss: 7.3378  s0.loss_cls: 0.5584  s0.pos_acc: 100.0000  s0.loss_bbox: 0.6749  s0.loss_iou: 0.5937  s1.loss_cls: 0.4135  s1.pos_acc: 100.0000  s1.loss_bbox: 0.4220  s1.loss_iou: 0.3873  s2.loss_cls: 0.3922  s2.pos_acc: 90.0000  s2.loss_bbox: 0.3649  s2.loss_iou: 0.3436  s3.loss_cls: 0.3982  s3.pos_acc: 90.0000  s3.loss_bbox: 0.3326  s3.loss_iou: 0.3309  s4.loss_cls: 0.3710  s4.pos_acc: 90.0000  s4.loss_bbox: 0.3512  s4.loss_iou: 0.3417  s5.loss_cls: 0.3999  s5.pos_acc: 100.0000  s5.loss_bbox: 0.3336  s5.loss_iou: 0.3283
2025/05/18 13:37:53 - mmengine - INFO - Epoch(train) [6][1700/8276]  lr: 2.5000e-05  eta: 0:28:29  time: 0.2554  data_time: 0.0060  memory: 2065  grad_norm: 116.9505  loss: 7.4783  s0.loss_cls: 0.6258  s0.pos_acc: 66.6667  s0.loss_bbox: 0.6897  s0.loss_iou: 0.6157  s1.loss_cls: 0.4235  s1.pos_acc: 100.0000  s1.loss_bbox: 0.4383  s1.loss_iou: 0.3974  s2.loss_cls: 0.4108  s2.pos_acc: 100.0000  s2.loss_bbox: 0.3626  s2.loss_iou: 0.3342  s3.loss_cls: 0.3797  s3.pos_acc: 100.0000  s3.loss_bbox: 0.3532  s3.loss_iou: 0.3296  s4.loss_cls: 0.3674  s4.pos_acc: 100.0000  s4.loss_bbox: 0.3613  s4.loss_iou: 0.3320  s5.loss_cls: 0.3663  s5.pos_acc: 100.0000  s5.loss_bbox: 0.3576  s5.loss_iou: 0.3334
2025/05/18 13:38:06 - mmengine - INFO - Epoch(train) [6][1750/8276]  lr: 2.5000e-05  eta: 0:28:16  time: 0.2652  data_time: 0.0076  memory: 2064  grad_norm: 19283985.7545  loss: 600819.7790  s0.loss_cls: 55592.0461  s0.pos_acc: 100.0000  s0.loss_bbox: 0.7629  s0.loss_iou: 0.7250  s1.loss_cls: 56667.4852  s1.pos_acc: 100.0000  s1.loss_bbox: 0.4738  s1.loss_iou: 0.4571  s2.loss_cls: 92205.0036  s2.pos_acc: 100.0000  s2.loss_bbox: 0.4151  s2.loss_iou: 0.4042  s3.loss_cls: 122200.6994  s3.pos_acc: 100.0000  s3.loss_bbox: 0.4003  s3.loss_iou: 0.3978  s4.loss_cls: 123569.9397  s4.pos_acc: 100.0000  s4.loss_bbox: 0.4043  s4.loss_iou: 0.3978  s5.loss_cls: 150578.9396  s5.pos_acc: 100.0000  s5.loss_bbox: 0.3919  s5.loss_iou: 0.3900
2025/05/18 13:38:19 - mmengine - INFO - Epoch(train) [6][1800/8276]  lr: 2.5000e-05  eta: 0:28:03  time: 0.2698  data_time: 0.0078  memory: 2065  grad_norm: 123.6638  loss: 8.1769  s0.loss_cls: 0.6081  s0.pos_acc: 100.0000  s0.loss_bbox: 0.7236  s0.loss_iou: 0.6687  s1.loss_cls: 0.4859  s1.pos_acc: 100.0000  s1.loss_bbox: 0.4617  s1.loss_iou: 0.4468  s2.loss_cls: 0.4275  s2.pos_acc: 100.0000  s2.loss_bbox: 0.4104  s2.loss_iou: 0.3963  s3.loss_cls: 0.4144  s3.pos_acc: 100.0000  s3.loss_bbox: 0.3932  s3.loss_iou: 0.3794  s4.loss_cls: 0.4160  s4.pos_acc: 100.0000  s4.loss_bbox: 0.3848  s4.loss_iou: 0.3757  s5.loss_cls: 0.4186  s5.pos_acc: 100.0000  s5.loss_bbox: 0.3861  s5.loss_iou: 0.3797
2025/05/18 13:38:32 - mmengine - INFO - Epoch(train) [6][1850/8276]  lr: 2.5000e-05  eta: 0:27:50  time: 0.2568  data_time: 0.0062  memory: 2065  grad_norm: 121.3837  loss: 7.5115  s0.loss_cls: 0.5819  s0.pos_acc: 100.0000  s0.loss_bbox: 0.6338  s0.loss_iou: 0.6044  s1.loss_cls: 0.4311  s1.pos_acc: 100.0000  s1.loss_bbox: 0.4260  s1.loss_iou: 0.4090  s2.loss_cls: 0.4154  s2.pos_acc: 100.0000  s2.loss_bbox: 0.3718  s2.loss_iou: 0.3614  s3.loss_cls: 0.3919  s3.pos_acc: 100.0000  s3.loss_bbox: 0.3517  s3.loss_iou: 0.3481  s4.loss_cls: 0.4019  s4.pos_acc: 100.0000  s4.loss_bbox: 0.3465  s4.loss_iou: 0.3461  s5.loss_cls: 0.4018  s5.pos_acc: 100.0000  s5.loss_bbox: 0.3433  s5.loss_iou: 0.3454
2025/05/18 13:38:45 - mmengine - INFO - Epoch(train) [6][1900/8276]  lr: 2.5000e-05  eta: 0:27:37  time: 0.2546  data_time: 0.0057  memory: 2064  grad_norm: 129.2889  loss: 7.8433  s0.loss_cls: 0.6385  s0.pos_acc: 100.0000  s0.loss_bbox: 0.6940  s0.loss_iou: 0.6223  s1.loss_cls: 0.4826  s1.pos_acc: 100.0000  s1.loss_bbox: 0.4491  s1.loss_iou: 0.4053  s2.loss_cls: 0.4334  s2.pos_acc: 100.0000  s2.loss_bbox: 0.3938  s2.loss_iou: 0.3683  s3.loss_cls: 0.4162  s3.pos_acc: 100.0000  s3.loss_bbox: 0.3694  s3.loss_iou: 0.3490  s4.loss_cls: 0.4019  s4.pos_acc: 100.0000  s4.loss_bbox: 0.3617  s4.loss_iou: 0.3415  s5.loss_cls: 0.4073  s5.pos_acc: 100.0000  s5.loss_bbox: 0.3674  s5.loss_iou: 0.3413
2025/05/18 13:38:58 - mmengine - INFO - Epoch(train) [6][1950/8276]  lr: 2.5000e-05  eta: 0:27:24  time: 0.2597  data_time: 0.0064  memory: 2065  grad_norm: 118.4730  loss: 7.3904  s0.loss_cls: 0.5922  s0.pos_acc: 83.3333  s0.loss_bbox: 0.6988  s0.loss_iou: 0.6358  s1.loss_cls: 0.4048  s1.pos_acc: 100.0000  s1.loss_bbox: 0.4184  s1.loss_iou: 0.3983  s2.loss_cls: 0.3508  s2.pos_acc: 100.0000  s2.loss_bbox: 0.3834  s2.loss_iou: 0.3729  s3.loss_cls: 0.3621  s3.pos_acc: 100.0000  s3.loss_bbox: 0.3453  s3.loss_iou: 0.3524  s4.loss_cls: 0.3470  s4.pos_acc: 100.0000  s4.loss_bbox: 0.3459  s4.loss_iou: 0.3511  s5.loss_cls: 0.3412  s5.pos_acc: 100.0000  s5.loss_bbox: 0.3426  s5.loss_iou: 0.3473
2025/05/18 13:39:11 - mmengine - INFO - Epoch(train) [6][2000/8276]  lr: 2.5000e-05  eta: 0:27:11  time: 0.2578  data_time: 0.0060  memory: 2064  grad_norm: 117.3301  loss: 8.0203  s0.loss_cls: 0.6410  s0.pos_acc: 75.0000  s0.loss_bbox: 0.7157  s0.loss_iou: 0.6646  s1.loss_cls: 0.4597  s1.pos_acc: 100.0000  s1.loss_bbox: 0.4633  s1.loss_iou: 0.4399  s2.loss_cls: 0.4003  s2.pos_acc: 100.0000  s2.loss_bbox: 0.4137  s2.loss_iou: 0.3891  s3.loss_cls: 0.3873  s3.pos_acc: 100.0000  s3.loss_bbox: 0.3939  s3.loss_iou: 0.3718  s4.loss_cls: 0.3962  s4.pos_acc: 100.0000  s4.loss_bbox: 0.3822  s4.loss_iou: 0.3646  s5.loss_cls: 0.4000  s5.pos_acc: 100.0000  s5.loss_bbox: 0.3761  s5.loss_iou: 0.3608
2025/05/18 13:39:24 - mmengine - INFO - Epoch(train) [6][2050/8276]  lr: 2.5000e-05  eta: 0:26:58  time: 0.2677  data_time: 0.0072  memory: 2064  grad_norm: 120.1582  loss: 6.6161  s0.loss_cls: 0.5329  s0.pos_acc: 100.0000  s0.loss_bbox: 0.6799  s0.loss_iou: 0.5960  s1.loss_cls: 0.3685  s1.pos_acc: 100.0000  s1.loss_bbox: 0.4026  s1.loss_iou: 0.3498  s2.loss_cls: 0.3162  s2.pos_acc: 100.0000  s2.loss_bbox: 0.3514  s2.loss_iou: 0.3056  s3.loss_cls: 0.3120  s3.pos_acc: 100.0000  s3.loss_bbox: 0.3267  s3.loss_iou: 0.2881  s4.loss_cls: 0.2956  s4.pos_acc: 100.0000  s4.loss_bbox: 0.3153  s4.loss_iou: 0.2801  s5.loss_cls: 0.2968  s5.pos_acc: 100.0000  s5.loss_bbox: 0.3179  s5.loss_iou: 0.2806
2025/05/18 13:39:37 - mmengine - INFO - Epoch(train) [6][2100/8276]  lr: 2.5000e-05  eta: 0:26:45  time: 0.2566  data_time: 0.0062  memory: 2064  grad_norm: 120.7524  loss: 7.5212  s0.loss_cls: 0.6425  s0.pos_acc: 25.0000  s0.loss_bbox: 0.7186  s0.loss_iou: 0.6091  s1.loss_cls: 0.4365  s1.pos_acc: 100.0000  s1.loss_bbox: 0.4593  s1.loss_iou: 0.3832  s2.loss_cls: 0.3796  s2.pos_acc: 100.0000  s2.loss_bbox: 0.3926  s2.loss_iou: 0.3356  s3.loss_cls: 0.3546  s3.pos_acc: 100.0000  s3.loss_bbox: 0.3788  s3.loss_iou: 0.3224  s4.loss_cls: 0.3672  s4.pos_acc: 100.0000  s4.loss_bbox: 0.3684  s4.loss_iou: 0.3120  s5.loss_cls: 0.3751  s5.pos_acc: 100.0000  s5.loss_bbox: 0.3739  s5.loss_iou: 0.3119
2025/05/18 13:39:50 - mmengine - INFO - Epoch(train) [6][2150/8276]  lr: 2.5000e-05  eta: 0:26:32  time: 0.2581  data_time: 0.0064  memory: 2064  grad_norm: 116.3734  loss: 6.7375  s0.loss_cls: 0.6026  s0.pos_acc: 100.0000  s0.loss_bbox: 0.6454  s0.loss_iou: 0.6025  s1.loss_cls: 0.3924  s1.pos_acc: 100.0000  s1.loss_bbox: 0.3981  s1.loss_iou: 0.3903  s2.loss_cls: 0.3429  s2.pos_acc: 100.0000  s2.loss_bbox: 0.3229  s2.loss_iou: 0.3212  s3.loss_cls: 0.3240  s3.pos_acc: 100.0000  s3.loss_bbox: 0.2951  s3.loss_iou: 0.3008  s4.loss_cls: 0.3077  s4.pos_acc: 100.0000  s4.loss_bbox: 0.2896  s4.loss_iou: 0.2978  s5.loss_cls: 0.3122  s5.pos_acc: 100.0000  s5.loss_bbox: 0.2932  s5.loss_iou: 0.2988
2025/05/18 13:40:03 - mmengine - INFO - Epoch(train) [6][2200/8276]  lr: 2.5000e-05  eta: 0:26:19  time: 0.2546  data_time: 0.0055  memory: 2064  grad_norm: 118.2242  loss: 7.7135  s0.loss_cls: 0.6281  s0.pos_acc: 100.0000  s0.loss_bbox: 0.7129  s0.loss_iou: 0.6316  s1.loss_cls: 0.4738  s1.pos_acc: 100.0000  s1.loss_bbox: 0.4458  s1.loss_iou: 0.3969  s2.loss_cls: 0.4580  s2.pos_acc: 100.0000  s2.loss_bbox: 0.3748  s2.loss_iou: 0.3387  s3.loss_cls: 0.4361  s3.pos_acc: 100.0000  s3.loss_bbox: 0.3438  s3.loss_iou: 0.3210  s4.loss_cls: 0.4302  s4.pos_acc: 100.0000  s4.loss_bbox: 0.3286  s4.loss_iou: 0.3125  s5.loss_cls: 0.4315  s5.pos_acc: 100.0000  s5.loss_bbox: 0.3343  s5.loss_iou: 0.3149
2025/05/18 13:40:16 - mmengine - INFO - Epoch(train) [6][2250/8276]  lr: 2.5000e-05  eta: 0:26:06  time: 0.2629  data_time: 0.0068  memory: 2065  grad_norm: 119.5656  loss: 7.4939  s0.loss_cls: 0.6264  s0.pos_acc: 58.3333  s0.loss_bbox: 0.7037  s0.loss_iou: 0.6468  s1.loss_cls: 0.4161  s1.pos_acc: 91.6667  s1.loss_bbox: 0.4435  s1.loss_iou: 0.4121  s2.loss_cls: 0.3915  s2.pos_acc: 100.0000  s2.loss_bbox: 0.3751  s2.loss_iou: 0.3549  s3.loss_cls: 0.3797  s3.pos_acc: 91.6667  s3.loss_bbox: 0.3502  s3.loss_iou: 0.3327  s4.loss_cls: 0.3673  s4.pos_acc: 100.0000  s4.loss_bbox: 0.3356  s4.loss_iou: 0.3229  s5.loss_cls: 0.3888  s5.pos_acc: 91.6667  s5.loss_bbox: 0.3273  s5.loss_iou: 0.3192
2025/05/18 13:40:29 - mmengine - INFO - Epoch(train) [6][2300/8276]  lr: 2.5000e-05  eta: 0:25:53  time: 0.2611  data_time: 0.0066  memory: 2064  grad_norm: 128.9699  loss: 7.1415  s0.loss_cls: 0.5171  s0.pos_acc: 75.0000  s0.loss_bbox: 0.7176  s0.loss_iou: 0.6331  s1.loss_cls: 0.3931  s1.pos_acc: 100.0000  s1.loss_bbox: 0.4230  s1.loss_iou: 0.3776  s2.loss_cls: 0.3677  s2.pos_acc: 100.0000  s2.loss_bbox: 0.3625  s2.loss_iou: 0.3252  s3.loss_cls: 0.3214  s3.pos_acc: 100.0000  s3.loss_bbox: 0.3627  s3.loss_iou: 0.3305  s4.loss_cls: 0.3344  s4.pos_acc: 100.0000  s4.loss_bbox: 0.3463  s4.loss_iou: 0.3203  s5.loss_cls: 0.3404  s5.pos_acc: 100.0000  s5.loss_bbox: 0.3470  s5.loss_iou: 0.3217
2025/05/18 13:40:42 - mmengine - INFO - Epoch(train) [6][2350/8276]  lr: 2.5000e-05  eta: 0:25:40  time: 0.2648  data_time: 0.0071  memory: 2065  grad_norm: 121.9238  loss: 7.5003  s0.loss_cls: 0.5647  s0.pos_acc: 100.0000  s0.loss_bbox: 0.6743  s0.loss_iou: 0.6026  s1.loss_cls: 0.4374  s1.pos_acc: 100.0000  s1.loss_bbox: 0.4252  s1.loss_iou: 0.3808  s2.loss_cls: 0.3886  s2.pos_acc: 100.0000  s2.loss_bbox: 0.4035  s2.loss_iou: 0.3587  s3.loss_cls: 0.3864  s3.pos_acc: 100.0000  s3.loss_bbox: 0.3806  s3.loss_iou: 0.3411  s4.loss_cls: 0.3684  s4.pos_acc: 100.0000  s4.loss_bbox: 0.3779  s4.loss_iou: 0.3378  s5.loss_cls: 0.3684  s5.pos_acc: 100.0000  s5.loss_bbox: 0.3689  s5.loss_iou: 0.3351
2025/05/18 13:40:55 - mmengine - INFO - Epoch(train) [6][2400/8276]  lr: 2.5000e-05  eta: 0:25:27  time: 0.2669  data_time: 0.0073  memory: 2063  grad_norm: 114.2463  loss: 7.1842  s0.loss_cls: 0.6071  s0.pos_acc: 100.0000  s0.loss_bbox: 0.6807  s0.loss_iou: 0.6292  s1.loss_cls: 0.4328  s1.pos_acc: 100.0000  s1.loss_bbox: 0.4041  s1.loss_iou: 0.3747  s2.loss_cls: 0.3788  s2.pos_acc: 100.0000  s2.loss_bbox: 0.3519  s2.loss_iou: 0.3362  s3.loss_cls: 0.3485  s3.pos_acc: 100.0000  s3.loss_bbox: 0.3333  s3.loss_iou: 0.3215  s4.loss_cls: 0.3490  s4.pos_acc: 100.0000  s4.loss_bbox: 0.3267  s4.loss_iou: 0.3182  s5.loss_cls: 0.3396  s5.pos_acc: 100.0000  s5.loss_bbox: 0.3320  s5.loss_iou: 0.3200
2025/05/18 13:41:08 - mmengine - INFO - Epoch(train) [6][2450/8276]  lr: 2.5000e-05  eta: 0:25:14  time: 0.2560  data_time: 0.0060  memory: 2065  grad_norm: 115.3715  loss: 8.3133  s0.loss_cls: 0.6535  s0.pos_acc: 80.0000  s0.loss_bbox: 0.7213  s0.loss_iou: 0.6720  s1.loss_cls: 0.4569  s1.pos_acc: 80.0000  s1.loss_bbox: 0.4609  s1.loss_iou: 0.4470  s2.loss_cls: 0.4221  s2.pos_acc: 80.0000  s2.loss_bbox: 0.4179  s2.loss_iou: 0.4067  s3.loss_cls: 0.4260  s3.pos_acc: 80.0000  s3.loss_bbox: 0.4088  s3.loss_iou: 0.3983  s4.loss_cls: 0.3999  s4.pos_acc: 80.0000  s4.loss_bbox: 0.4102  s4.loss_iou: 0.4029  s5.loss_cls: 0.4114  s5.pos_acc: 80.0000  s5.loss_bbox: 0.4012  s5.loss_iou: 0.3963
2025/05/18 13:41:21 - mmengine - INFO - Epoch(train) [6][2500/8276]  lr: 2.5000e-05  eta: 0:25:01  time: 0.2575  data_time: 0.0060  memory: 2063  grad_norm: 125.5841  loss: 6.9786  s0.loss_cls: 0.5874  s0.pos_acc: 100.0000  s0.loss_bbox: 0.6752  s0.loss_iou: 0.6141  s1.loss_cls: 0.4562  s1.pos_acc: 100.0000  s1.loss_bbox: 0.3751  s1.loss_iou: 0.3466  s2.loss_cls: 0.3723  s2.pos_acc: 100.0000  s2.loss_bbox: 0.3313  s2.loss_iou: 0.3075  s3.loss_cls: 0.3592  s3.pos_acc: 100.0000  s3.loss_bbox: 0.3263  s3.loss_iou: 0.3033  s4.loss_cls: 0.3359  s4.pos_acc: 100.0000  s4.loss_bbox: 0.3260  s4.loss_iou: 0.3027  s5.loss_cls: 0.3285  s5.pos_acc: 100.0000  s5.loss_bbox: 0.3277  s5.loss_iou: 0.3032
2025/05/18 13:41:34 - mmengine - INFO - Epoch(train) [6][2550/8276]  lr: 2.5000e-05  eta: 0:24:48  time: 0.2593  data_time: 0.0067  memory: 2065  grad_norm: 111.2196  loss: 6.9593  s0.loss_cls: 0.6076  s0.pos_acc: 100.0000  s0.loss_bbox: 0.6434  s0.loss_iou: 0.6441  s1.loss_cls: 0.3828  s1.pos_acc: 100.0000  s1.loss_bbox: 0.3849  s1.loss_iou: 0.4037  s2.loss_cls: 0.3236  s2.pos_acc: 100.0000  s2.loss_bbox: 0.3394  s2.loss_iou: 0.3514  s3.loss_cls: 0.2891  s3.pos_acc: 100.0000  s3.loss_bbox: 0.3426  s3.loss_iou: 0.3501  s4.loss_cls: 0.2787  s4.pos_acc: 100.0000  s4.loss_bbox: 0.3268  s4.loss_iou: 0.3416  s5.loss_cls: 0.2776  s5.pos_acc: 100.0000  s5.loss_bbox: 0.3297  s5.loss_iou: 0.3422
2025/05/18 13:41:47 - mmengine - INFO - Epoch(train) [6][2600/8276]  lr: 2.5000e-05  eta: 0:24:35  time: 0.2563  data_time: 0.0063  memory: 2065  grad_norm: 122.8596  loss: 6.4360  s0.loss_cls: 0.4868  s0.pos_acc: 87.5000  s0.loss_bbox: 0.6640  s0.loss_iou: 0.5956  s1.loss_cls: 0.3325  s1.pos_acc: 100.0000  s1.loss_bbox: 0.3858  s1.loss_iou: 0.3564  s2.loss_cls: 0.2614  s2.pos_acc: 100.0000  s2.loss_bbox: 0.3552  s2.loss_iou: 0.3336  s3.loss_cls: 0.2289  s3.pos_acc: 100.0000  s3.loss_bbox: 0.3494  s3.loss_iou: 0.3271  s4.loss_cls: 0.2168  s4.pos_acc: 100.0000  s4.loss_bbox: 0.3492  s4.loss_iou: 0.3256  s5.loss_cls: 0.2078  s5.pos_acc: 100.0000  s5.loss_bbox: 0.3409  s5.loss_iou: 0.3191
2025/05/18 13:41:52 - mmengine - INFO - Exp name: sparse-rcnn_voc_20250518_101231
2025/05/18 13:42:00 - mmengine - INFO - Epoch(train) [6][2650/8276]  lr: 2.5000e-05  eta: 0:24:22  time: 0.2532  data_time: 0.0059  memory: 2065  grad_norm: 124.8358  loss: 7.9026  s0.loss_cls: 0.6444  s0.pos_acc: 100.0000  s0.loss_bbox: 0.7486  s0.loss_iou: 0.6756  s1.loss_cls: 0.4790  s1.pos_acc: 100.0000  s1.loss_bbox: 0.4372  s1.loss_iou: 0.4101  s2.loss_cls: 0.4422  s2.pos_acc: 100.0000  s2.loss_bbox: 0.3712  s2.loss_iou: 0.3526  s3.loss_cls: 0.4301  s3.pos_acc: 100.0000  s3.loss_bbox: 0.3575  s3.loss_iou: 0.3466  s4.loss_cls: 0.4226  s4.pos_acc: 100.0000  s4.loss_bbox: 0.3438  s4.loss_iou: 0.3399  s5.loss_cls: 0.4269  s5.pos_acc: 100.0000  s5.loss_bbox: 0.3388  s5.loss_iou: 0.3354
2025/05/18 13:42:13 - mmengine - INFO - Epoch(train) [6][2700/8276]  lr: 2.5000e-05  eta: 0:24:09  time: 0.2640  data_time: 0.0072  memory: 2064  grad_norm: 110.4212  loss: 7.9622  s0.loss_cls: 0.6574  s0.pos_acc: 85.7143  s0.loss_bbox: 0.7219  s0.loss_iou: 0.6960  s1.loss_cls: 0.4780  s1.pos_acc: 100.0000  s1.loss_bbox: 0.4422  s1.loss_iou: 0.4476  s2.loss_cls: 0.4641  s2.pos_acc: 100.0000  s2.loss_bbox: 0.3566  s2.loss_iou: 0.3722  s3.loss_cls: 0.4203  s3.pos_acc: 100.0000  s3.loss_bbox: 0.3509  s3.loss_iou: 0.3652  s4.loss_cls: 0.4162  s4.pos_acc: 100.0000  s4.loss_bbox: 0.3286  s4.loss_iou: 0.3497  s5.loss_cls: 0.4091  s5.pos_acc: 100.0000  s5.loss_bbox: 0.3340  s5.loss_iou: 0.3523
2025/05/18 13:42:26 - mmengine - INFO - Epoch(train) [6][2750/8276]  lr: 2.5000e-05  eta: 0:23:56  time: 0.2613  data_time: 0.0069  memory: 2063  grad_norm: 112.4898  loss: 7.8156  s0.loss_cls: 0.6532  s0.pos_acc: 100.0000  s0.loss_bbox: 0.7061  s0.loss_iou: 0.6410  s1.loss_cls: 0.4557  s1.pos_acc: 100.0000  s1.loss_bbox: 0.4444  s1.loss_iou: 0.4176  s2.loss_cls: 0.3965  s2.pos_acc: 100.0000  s2.loss_bbox: 0.3868  s2.loss_iou: 0.3733  s3.loss_cls: 0.3879  s3.pos_acc: 100.0000  s3.loss_bbox: 0.3709  s3.loss_iou: 0.3606  s4.loss_cls: 0.3610  s4.pos_acc: 100.0000  s4.loss_bbox: 0.3779  s4.loss_iou: 0.3685  s5.loss_cls: 0.3568  s5.pos_acc: 100.0000  s5.loss_bbox: 0.3838  s5.loss_iou: 0.3736
2025/05/18 13:42:39 - mmengine - INFO - Epoch(train) [6][2800/8276]  lr: 2.5000e-05  eta: 0:23:43  time: 0.2629  data_time: 0.0059  memory: 2064  grad_norm: 120.4300  loss: 7.9780  s0.loss_cls: 0.5826  s0.pos_acc: 50.0000  s0.loss_bbox: 0.7727  s0.loss_iou: 0.6487  s1.loss_cls: 0.5165  s1.pos_acc: 75.0000  s1.loss_bbox: 0.4447  s1.loss_iou: 0.3905  s2.loss_cls: 0.4676  s2.pos_acc: 75.0000  s2.loss_bbox: 0.3894  s2.loss_iou: 0.3396  s3.loss_cls: 0.4687  s3.pos_acc: 75.0000  s3.loss_bbox: 0.3631  s3.loss_iou: 0.3197  s4.loss_cls: 0.4578  s4.pos_acc: 75.0000  s4.loss_bbox: 0.3591  s4.loss_iou: 0.3171  s5.loss_cls: 0.4527  s5.pos_acc: 75.0000  s5.loss_bbox: 0.3648  s5.loss_iou: 0.3227
2025/05/18 13:42:52 - mmengine - INFO - Epoch(train) [6][2850/8276]  lr: 2.5000e-05  eta: 0:23:30  time: 0.2635  data_time: 0.0070  memory: 2065  grad_norm: 125.8287  loss: 7.2316  s0.loss_cls: 0.6444  s0.pos_acc: 100.0000  s0.loss_bbox: 0.6841  s0.loss_iou: 0.6278  s1.loss_cls: 0.4218  s1.pos_acc: 100.0000  s1.loss_bbox: 0.3940  s1.loss_iou: 0.3774  s2.loss_cls: 0.4068  s2.pos_acc: 100.0000  s2.loss_bbox: 0.3384  s2.loss_iou: 0.3275  s3.loss_cls: 0.3815  s3.pos_acc: 100.0000  s3.loss_bbox: 0.3174  s3.loss_iou: 0.3159  s4.loss_cls: 0.3768  s4.pos_acc: 100.0000  s4.loss_bbox: 0.3071  s4.loss_iou: 0.3098  s5.loss_cls: 0.3754  s5.pos_acc: 100.0000  s5.loss_bbox: 0.3118  s5.loss_iou: 0.3136
2025/05/18 13:43:05 - mmengine - INFO - Epoch(train) [6][2900/8276]  lr: 2.5000e-05  eta: 0:23:17  time: 0.2548  data_time: 0.0061  memory: 2063  grad_norm: 127.7351  loss: 7.0206  s0.loss_cls: 0.5816  s0.pos_acc: 100.0000  s0.loss_bbox: 0.6946  s0.loss_iou: 0.5855  s1.loss_cls: 0.4236  s1.pos_acc: 100.0000  s1.loss_bbox: 0.3928  s1.loss_iou: 0.3480  s2.loss_cls: 0.3887  s2.pos_acc: 100.0000  s2.loss_bbox: 0.3532  s2.loss_iou: 0.3151  s3.loss_cls: 0.3560  s3.pos_acc: 100.0000  s3.loss_bbox: 0.3424  s3.loss_iou: 0.3091  s4.loss_cls: 0.3550  s4.pos_acc: 100.0000  s4.loss_bbox: 0.3263  s4.loss_iou: 0.2953  s5.loss_cls: 0.3436  s5.pos_acc: 100.0000  s5.loss_bbox: 0.3177  s5.loss_iou: 0.2921
2025/05/18 13:43:18 - mmengine - INFO - Epoch(train) [6][2950/8276]  lr: 2.5000e-05  eta: 0:23:04  time: 0.2605  data_time: 0.0065  memory: 2065  grad_norm: 125.9350  loss: 7.8651  s0.loss_cls: 0.6336  s0.pos_acc: 100.0000  s0.loss_bbox: 0.7608  s0.loss_iou: 0.6623  s1.loss_cls: 0.4541  s1.pos_acc: 100.0000  s1.loss_bbox: 0.4554  s1.loss_iou: 0.4209  s2.loss_cls: 0.4149  s2.pos_acc: 100.0000  s2.loss_bbox: 0.3804  s2.loss_iou: 0.3534  s3.loss_cls: 0.4122  s3.pos_acc: 100.0000  s3.loss_bbox: 0.3640  s3.loss_iou: 0.3405  s4.loss_cls: 0.4109  s4.pos_acc: 100.0000  s4.loss_bbox: 0.3558  s4.loss_iou: 0.3352  s5.loss_cls: 0.4088  s5.pos_acc: 100.0000  s5.loss_bbox: 0.3617  s5.loss_iou: 0.3403
2025/05/18 13:43:32 - mmengine - INFO - Epoch(train) [6][3000/8276]  lr: 2.5000e-05  eta: 0:22:51  time: 0.2700  data_time: 0.0074  memory: 2065  grad_norm: 110.8051  loss: 7.6690  s0.loss_cls: 0.6366  s0.pos_acc: 100.0000  s0.loss_bbox: 0.7678  s0.loss_iou: 0.7233  s1.loss_cls: 0.4393  s1.pos_acc: 100.0000  s1.loss_bbox: 0.4255  s1.loss_iou: 0.4271  s2.loss_cls: 0.3921  s2.pos_acc: 100.0000  s2.loss_bbox: 0.3483  s2.loss_iou: 0.3598  s3.loss_cls: 0.3546  s3.pos_acc: 100.0000  s3.loss_bbox: 0.3486  s3.loss_iou: 0.3583  s4.loss_cls: 0.3429  s4.pos_acc: 100.0000  s4.loss_bbox: 0.3434  s4.loss_iou: 0.3584  s5.loss_cls: 0.3378  s5.pos_acc: 100.0000  s5.loss_bbox: 0.3454  s5.loss_iou: 0.3600
2025/05/18 13:43:45 - mmengine - INFO - Epoch(train) [6][3050/8276]  lr: 2.5000e-05  eta: 0:22:38  time: 0.2646  data_time: 0.0071  memory: 2063  grad_norm: 129.3820  loss: 7.7911  s0.loss_cls: 0.5889  s0.pos_acc: 100.0000  s0.loss_bbox: 0.7276  s0.loss_iou: 0.6373  s1.loss_cls: 0.3959  s1.pos_acc: 100.0000  s1.loss_bbox: 0.4692  s1.loss_iou: 0.4179  s2.loss_cls: 0.3835  s2.pos_acc: 100.0000  s2.loss_bbox: 0.4178  s2.loss_iou: 0.3814  s3.loss_cls: 0.3665  s3.pos_acc: 100.0000  s3.loss_bbox: 0.4019  s3.loss_iou: 0.3708  s4.loss_cls: 0.3779  s4.pos_acc: 100.0000  s4.loss_bbox: 0.3868  s4.loss_iou: 0.3600  s5.loss_cls: 0.3620  s5.pos_acc: 100.0000  s5.loss_bbox: 0.3859  s5.loss_iou: 0.3597
2025/05/18 13:43:58 - mmengine - INFO - Epoch(train) [6][3100/8276]  lr: 2.5000e-05  eta: 0:22:25  time: 0.2600  data_time: 0.0066  memory: 2063  grad_norm: 128.5962  loss: 8.1902  s0.loss_cls: 0.6517  s0.pos_acc: 100.0000  s0.loss_bbox: 0.6822  s0.loss_iou: 0.6626  s1.loss_cls: 0.5011  s1.pos_acc: 100.0000  s1.loss_bbox: 0.4482  s1.loss_iou: 0.4424  s2.loss_cls: 0.4456  s2.pos_acc: 100.0000  s2.loss_bbox: 0.4053  s2.loss_iou: 0.4089  s3.loss_cls: 0.4340  s3.pos_acc: 100.0000  s3.loss_bbox: 0.3667  s3.loss_iou: 0.3781  s4.loss_cls: 0.4390  s4.pos_acc: 100.0000  s4.loss_bbox: 0.3659  s4.loss_iou: 0.3764  s5.loss_cls: 0.4185  s5.pos_acc: 100.0000  s5.loss_bbox: 0.3797  s5.loss_iou: 0.3840
2025/05/18 13:44:11 - mmengine - INFO - Epoch(train) [6][3150/8276]  lr: 2.5000e-05  eta: 0:22:12  time: 0.2605  data_time: 0.0064  memory: 2063  grad_norm: 123.8164  loss: 7.4787  s0.loss_cls: 0.5989  s0.pos_acc: 100.0000  s0.loss_bbox: 0.7055  s0.loss_iou: 0.6314  s1.loss_cls: 0.4263  s1.pos_acc: 100.0000  s1.loss_bbox: 0.4443  s1.loss_iou: 0.3893  s2.loss_cls: 0.3751  s2.pos_acc: 100.0000  s2.loss_bbox: 0.3834  s2.loss_iou: 0.3441  s3.loss_cls: 0.3528  s3.pos_acc: 100.0000  s3.loss_bbox: 0.3705  s3.loss_iou: 0.3350  s4.loss_cls: 0.3699  s4.pos_acc: 100.0000  s4.loss_bbox: 0.3675  s4.loss_iou: 0.3297  s5.loss_cls: 0.3777  s5.pos_acc: 100.0000  s5.loss_bbox: 0.3495  s5.loss_iou: 0.3279
2025/05/18 13:44:24 - mmengine - INFO - Epoch(train) [6][3200/8276]  lr: 2.5000e-05  eta: 0:21:59  time: 0.2637  data_time: 0.0066  memory: 2064  grad_norm: 134.8394  loss: 7.4286  s0.loss_cls: 0.6014  s0.pos_acc: 100.0000  s0.loss_bbox: 0.7121  s0.loss_iou: 0.6027  s1.loss_cls: 0.4198  s1.pos_acc: 100.0000  s1.loss_bbox: 0.4591  s1.loss_iou: 0.3827  s2.loss_cls: 0.3624  s2.pos_acc: 100.0000  s2.loss_bbox: 0.3955  s2.loss_iou: 0.3322  s3.loss_cls: 0.3747  s3.pos_acc: 100.0000  s3.loss_bbox: 0.3698  s3.loss_iou: 0.3130  s4.loss_cls: 0.3710  s4.pos_acc: 100.0000  s4.loss_bbox: 0.3631  s4.loss_iou: 0.3080  s5.loss_cls: 0.3908  s5.pos_acc: 100.0000  s5.loss_bbox: 0.3654  s5.loss_iou: 0.3047
2025/05/18 13:44:37 - mmengine - INFO - Epoch(train) [6][3250/8276]  lr: 2.5000e-05  eta: 0:21:46  time: 0.2605  data_time: 0.0068  memory: 2065  grad_norm: 117.1910  loss: 8.3432  s0.loss_cls: 0.6361  s0.pos_acc: 100.0000  s0.loss_bbox: 0.7215  s0.loss_iou: 0.6997  s1.loss_cls: 0.4919  s1.pos_acc: 100.0000  s1.loss_bbox: 0.4676  s1.loss_iou: 0.4764  s2.loss_cls: 0.4730  s2.pos_acc: 100.0000  s2.loss_bbox: 0.3921  s2.loss_iou: 0.3975  s3.loss_cls: 0.4619  s3.pos_acc: 100.0000  s3.loss_bbox: 0.3683  s3.loss_iou: 0.3757  s4.loss_cls: 0.4544  s4.pos_acc: 100.0000  s4.loss_bbox: 0.3635  s4.loss_iou: 0.3750  s5.loss_cls: 0.4605  s5.pos_acc: 100.0000  s5.loss_bbox: 0.3604  s5.loss_iou: 0.3677
2025/05/18 13:44:50 - mmengine - INFO - Epoch(train) [6][3300/8276]  lr: 2.5000e-05  eta: 0:21:33  time: 0.2533  data_time: 0.0057  memory: 2064  grad_norm: 117.5974  loss: 7.6342  s0.loss_cls: 0.5991  s0.pos_acc: 100.0000  s0.loss_bbox: 0.7292  s0.loss_iou: 0.6367  s1.loss_cls: 0.4682  s1.pos_acc: 100.0000  s1.loss_bbox: 0.4331  s1.loss_iou: 0.3964  s2.loss_cls: 0.4361  s2.pos_acc: 100.0000  s2.loss_bbox: 0.3739  s2.loss_iou: 0.3449  s3.loss_cls: 0.4207  s3.pos_acc: 100.0000  s3.loss_bbox: 0.3429  s3.loss_iou: 0.3244  s4.loss_cls: 0.4028  s4.pos_acc: 100.0000  s4.loss_bbox: 0.3415  s4.loss_iou: 0.3221  s5.loss_cls: 0.4006  s5.pos_acc: 100.0000  s5.loss_bbox: 0.3399  s5.loss_iou: 0.3214
2025/05/18 13:45:02 - mmengine - INFO - Epoch(train) [6][3350/8276]  lr: 2.5000e-05  eta: 0:21:20  time: 0.2537  data_time: 0.0060  memory: 2063  grad_norm: 127.0570  loss: 7.3548  s0.loss_cls: 0.5254  s0.pos_acc: 75.0000  s0.loss_bbox: 0.6853  s0.loss_iou: 0.5704  s1.loss_cls: 0.4185  s1.pos_acc: 100.0000  s1.loss_bbox: 0.4693  s1.loss_iou: 0.3957  s2.loss_cls: 0.3999  s2.pos_acc: 100.0000  s2.loss_bbox: 0.3911  s2.loss_iou: 0.3385  s3.loss_cls: 0.3574  s3.pos_acc: 100.0000  s3.loss_bbox: 0.3831  s3.loss_iou: 0.3345  s4.loss_cls: 0.3435  s4.pos_acc: 100.0000  s4.loss_bbox: 0.3752  s4.loss_iou: 0.3289  s5.loss_cls: 0.3437  s5.pos_acc: 100.0000  s5.loss_bbox: 0.3704  s5.loss_iou: 0.3239
2025/05/18 13:45:16 - mmengine - INFO - Epoch(train) [6][3400/8276]  lr: 2.5000e-05  eta: 0:21:07  time: 0.2657  data_time: 0.0071  memory: 2063  grad_norm: 122.6477  loss: 7.2904  s0.loss_cls: 0.6116  s0.pos_acc: 50.0000  s0.loss_bbox: 0.6956  s0.loss_iou: 0.5813  s1.loss_cls: 0.4311  s1.pos_acc: 50.0000  s1.loss_bbox: 0.4302  s1.loss_iou: 0.3695  s2.loss_cls: 0.3887  s2.pos_acc: 50.0000  s2.loss_bbox: 0.3742  s2.loss_iou: 0.3245  s3.loss_cls: 0.3770  s3.pos_acc: 50.0000  s3.loss_bbox: 0.3551  s3.loss_iou: 0.3112  s4.loss_cls: 0.3693  s4.pos_acc: 50.0000  s4.loss_bbox: 0.3404  s4.loss_iou: 0.3017  s5.loss_cls: 0.3697  s5.pos_acc: 50.0000  s5.loss_bbox: 0.3487  s5.loss_iou: 0.3104
2025/05/18 13:45:29 - mmengine - INFO - Epoch(train) [6][3450/8276]  lr: 2.5000e-05  eta: 0:20:54  time: 0.2593  data_time: 0.0067  memory: 2064  grad_norm: 110.5869  loss: 8.1387  s0.loss_cls: 0.6219  s0.pos_acc: 66.6667  s0.loss_bbox: 0.7603  s0.loss_iou: 0.7027  s1.loss_cls: 0.4383  s1.pos_acc: 100.0000  s1.loss_bbox: 0.4847  s1.loss_iou: 0.4587  s2.loss_cls: 0.3962  s2.pos_acc: 100.0000  s2.loss_bbox: 0.4122  s2.loss_iou: 0.4049  s3.loss_cls: 0.3660  s3.pos_acc: 100.0000  s3.loss_bbox: 0.3938  s3.loss_iou: 0.3927  s4.loss_cls: 0.3752  s4.pos_acc: 100.0000  s4.loss_bbox: 0.3819  s4.loss_iou: 0.3859  s5.loss_cls: 0.3872  s5.pos_acc: 100.0000  s5.loss_bbox: 0.3885  s5.loss_iou: 0.3874
2025/05/18 13:45:42 - mmengine - INFO - Epoch(train) [6][3500/8276]  lr: 2.5000e-05  eta: 0:20:41  time: 0.2575  data_time: 0.0063  memory: 2063  grad_norm: 110.4873  loss: 7.5779  s0.loss_cls: 0.6362  s0.pos_acc: 83.3333  s0.loss_bbox: 0.6738  s0.loss_iou: 0.6511  s1.loss_cls: 0.4396  s1.pos_acc: 100.0000  s1.loss_bbox: 0.3990  s1.loss_iou: 0.4063  s2.loss_cls: 0.4014  s2.pos_acc: 100.0000  s2.loss_bbox: 0.3517  s2.loss_iou: 0.3626  s3.loss_cls: 0.3817  s3.pos_acc: 83.3333  s3.loss_bbox: 0.3479  s3.loss_iou: 0.3591  s4.loss_cls: 0.3830  s4.pos_acc: 83.3333  s4.loss_bbox: 0.3425  s4.loss_iou: 0.3557  s5.loss_cls: 0.3891  s5.pos_acc: 66.6667  s5.loss_bbox: 0.3410  s5.loss_iou: 0.3560
2025/05/18 13:45:55 - mmengine - INFO - Epoch(train) [6][3550/8276]  lr: 2.5000e-05  eta: 0:20:28  time: 0.2654  data_time: 0.0074  memory: 2063  grad_norm: 125.5181  loss: 7.0577  s0.loss_cls: 0.5921  s0.pos_acc: 100.0000  s0.loss_bbox: 0.7033  s0.loss_iou: 0.6033  s1.loss_cls: 0.3817  s1.pos_acc: 100.0000  s1.loss_bbox: 0.4221  s1.loss_iou: 0.3683  s2.loss_cls: 0.3465  s2.pos_acc: 100.0000  s2.loss_bbox: 0.3689  s2.loss_iou: 0.3318  s3.loss_cls: 0.3374  s3.pos_acc: 100.0000  s3.loss_bbox: 0.3496  s3.loss_iou: 0.3153  s4.loss_cls: 0.3151  s4.pos_acc: 100.0000  s4.loss_bbox: 0.3480  s4.loss_iou: 0.3190  s5.loss_cls: 0.3068  s5.pos_acc: 100.0000  s5.loss_bbox: 0.3380  s5.loss_iou: 0.3103
2025/05/18 13:46:08 - mmengine - INFO - Epoch(train) [6][3600/8276]  lr: 2.5000e-05  eta: 0:20:15  time: 0.2620  data_time: 0.0065  memory: 2063  grad_norm: 123.1837  loss: 7.5129  s0.loss_cls: 0.5358  s0.pos_acc: 100.0000  s0.loss_bbox: 0.7162  s0.loss_iou: 0.6398  s1.loss_cls: 0.3889  s1.pos_acc: 100.0000  s1.loss_bbox: 0.4501  s1.loss_iou: 0.4026  s2.loss_cls: 0.3782  s2.pos_acc: 100.0000  s2.loss_bbox: 0.3836  s2.loss_iou: 0.3584  s3.loss_cls: 0.3757  s3.pos_acc: 100.0000  s3.loss_bbox: 0.3715  s3.loss_iou: 0.3524  s4.loss_cls: 0.3677  s4.pos_acc: 100.0000  s4.loss_bbox: 0.3652  s4.loss_iou: 0.3441  s5.loss_cls: 0.3637  s5.pos_acc: 100.0000  s5.loss_bbox: 0.3727  s5.loss_iou: 0.3465
2025/05/18 13:46:13 - mmengine - INFO - Exp name: sparse-rcnn_voc_20250518_101231
2025/05/18 13:46:21 - mmengine - INFO - Epoch(train) [6][3650/8276]  lr: 2.5000e-05  eta: 0:20:02  time: 0.2546  data_time: 0.0064  memory: 2064  grad_norm: 113.8555  loss: 7.7132  s0.loss_cls: 0.6338  s0.pos_acc: 100.0000  s0.loss_bbox: 0.7150  s0.loss_iou: 0.6458  s1.loss_cls: 0.4715  s1.pos_acc: 100.0000  s1.loss_bbox: 0.4304  s1.loss_iou: 0.4024  s2.loss_cls: 0.3992  s2.pos_acc: 100.0000  s2.loss_bbox: 0.3821  s2.loss_iou: 0.3650  s3.loss_cls: 0.3765  s3.pos_acc: 100.0000  s3.loss_bbox: 0.3672  s3.loss_iou: 0.3533  s4.loss_cls: 0.3633  s4.pos_acc: 100.0000  s4.loss_bbox: 0.3744  s4.loss_iou: 0.3580  s5.loss_cls: 0.3583  s5.pos_acc: 100.0000  s5.loss_bbox: 0.3643  s5.loss_iou: 0.3527
2025/05/18 13:46:33 - mmengine - INFO - Epoch(train) [6][3700/8276]  lr: 2.5000e-05  eta: 0:19:49  time: 0.2546  data_time: 0.0057  memory: 2064  grad_norm: 112.9174  loss: 6.9386  s0.loss_cls: 0.5721  s0.pos_acc: 80.0000  s0.loss_bbox: 0.6316  s0.loss_iou: 0.5686  s1.loss_cls: 0.3818  s1.pos_acc: 100.0000  s1.loss_bbox: 0.4009  s1.loss_iou: 0.3695  s2.loss_cls: 0.3538  s2.pos_acc: 100.0000  s2.loss_bbox: 0.3605  s2.loss_iou: 0.3378  s3.loss_cls: 0.3309  s3.pos_acc: 100.0000  s3.loss_bbox: 0.3483  s3.loss_iou: 0.3219  s4.loss_cls: 0.3282  s4.pos_acc: 100.0000  s4.loss_bbox: 0.3332  s4.loss_iou: 0.3142  s5.loss_cls: 0.3226  s5.pos_acc: 100.0000  s5.loss_bbox: 0.3431  s5.loss_iou: 0.3195
2025/05/18 13:46:46 - mmengine - INFO - Epoch(train) [6][3750/8276]  lr: 2.5000e-05  eta: 0:19:36  time: 0.2561  data_time: 0.0060  memory: 2065  grad_norm: 108.3987  loss: 8.0818  s0.loss_cls: 0.6255  s0.pos_acc: 66.6667  s0.loss_bbox: 0.7096  s0.loss_iou: 0.6655  s1.loss_cls: 0.4573  s1.pos_acc: 100.0000  s1.loss_bbox: 0.4682  s1.loss_iou: 0.4548  s2.loss_cls: 0.4041  s2.pos_acc: 100.0000  s2.loss_bbox: 0.4063  s2.loss_iou: 0.3997  s3.loss_cls: 0.3964  s3.pos_acc: 100.0000  s3.loss_bbox: 0.3947  s3.loss_iou: 0.3859  s4.loss_cls: 0.4163  s4.pos_acc: 100.0000  s4.loss_bbox: 0.3697  s4.loss_iou: 0.3733  s5.loss_cls: 0.3992  s5.pos_acc: 100.0000  s5.loss_bbox: 0.3764  s5.loss_iou: 0.3788
2025/05/18 13:46:59 - mmengine - INFO - Epoch(train) [6][3800/8276]  lr: 2.5000e-05  eta: 0:19:23  time: 0.2590  data_time: 0.0064  memory: 2065  grad_norm: 117.7737  loss: 7.7018  s0.loss_cls: 0.6499  s0.pos_acc: 66.6667  s0.loss_bbox: 0.7101  s0.loss_iou: 0.6393  s1.loss_cls: 0.4455  s1.pos_acc: 100.0000  s1.loss_bbox: 0.4467  s1.loss_iou: 0.4161  s2.loss_cls: 0.3912  s2.pos_acc: 66.6667  s2.loss_bbox: 0.3809  s2.loss_iou: 0.3695  s3.loss_cls: 0.3766  s3.pos_acc: 66.6667  s3.loss_bbox: 0.3600  s3.loss_iou: 0.3536  s4.loss_cls: 0.3844  s4.pos_acc: 66.6667  s4.loss_bbox: 0.3540  s4.loss_iou: 0.3491  s5.loss_cls: 0.3723  s5.pos_acc: 66.6667  s5.loss_bbox: 0.3551  s5.loss_iou: 0.3477
2025/05/18 13:47:12 - mmengine - INFO - Epoch(train) [6][3850/8276]  lr: 2.5000e-05  eta: 0:19:10  time: 0.2648  data_time: 0.0070  memory: 2064  grad_norm: 128.5421  loss: 6.9783  s0.loss_cls: 0.6125  s0.pos_acc: 75.0000  s0.loss_bbox: 0.6398  s0.loss_iou: 0.5775  s1.loss_cls: 0.4410  s1.pos_acc: 100.0000  s1.loss_bbox: 0.3928  s1.loss_iou: 0.3571  s2.loss_cls: 0.3995  s2.pos_acc: 100.0000  s2.loss_bbox: 0.3391  s2.loss_iou: 0.3071  s3.loss_cls: 0.3683  s3.pos_acc: 100.0000  s3.loss_bbox: 0.3164  s3.loss_iou: 0.2909  s4.loss_cls: 0.3527  s4.pos_acc: 100.0000  s4.loss_bbox: 0.3179  s4.loss_iou: 0.2937  s5.loss_cls: 0.3482  s5.pos_acc: 100.0000  s5.loss_bbox: 0.3251  s5.loss_iou: 0.2988
2025/05/18 13:47:26 - mmengine - INFO - Epoch(train) [6][3900/8276]  lr: 2.5000e-05  eta: 0:18:57  time: 0.2623  data_time: 0.0070  memory: 2063  grad_norm: 124.6301  loss: 7.0427  s0.loss_cls: 0.4802  s0.pos_acc: 83.3333  s0.loss_bbox: 0.6642  s0.loss_iou: 0.5625  s1.loss_cls: 0.3692  s1.pos_acc: 91.6667  s1.loss_bbox: 0.4353  s1.loss_iou: 0.3674  s2.loss_cls: 0.3427  s2.pos_acc: 100.0000  s2.loss_bbox: 0.3883  s2.loss_iou: 0.3343  s3.loss_cls: 0.3288  s3.pos_acc: 100.0000  s3.loss_bbox: 0.3775  s3.loss_iou: 0.3286  s4.loss_cls: 0.3268  s4.pos_acc: 100.0000  s4.loss_bbox: 0.3746  s4.loss_iou: 0.3296  s5.loss_cls: 0.3374  s5.pos_acc: 100.0000  s5.loss_bbox: 0.3692  s5.loss_iou: 0.3262
2025/05/18 13:47:38 - mmengine - INFO - Epoch(train) [6][3950/8276]  lr: 2.5000e-05  eta: 0:18:44  time: 0.2542  data_time: 0.0058  memory: 2064  grad_norm: 125.8217  loss: 7.5714  s0.loss_cls: 0.5634  s0.pos_acc: 75.0000  s0.loss_bbox: 0.7104  s0.loss_iou: 0.6631  s1.loss_cls: 0.4809  s1.pos_acc: 100.0000  s1.loss_bbox: 0.4233  s1.loss_iou: 0.4105  s2.loss_cls: 0.3967  s2.pos_acc: 100.0000  s2.loss_bbox: 0.3673  s2.loss_iou: 0.3604  s3.loss_cls: 0.3965  s3.pos_acc: 100.0000  s3.loss_bbox: 0.3421  s3.loss_iou: 0.3442  s4.loss_cls: 0.3548  s4.pos_acc: 100.0000  s4.loss_bbox: 0.3532  s4.loss_iou: 0.3506  s5.loss_cls: 0.3685  s5.pos_acc: 100.0000  s5.loss_bbox: 0.3422  s5.loss_iou: 0.3435
2025/05/18 13:47:51 - mmengine - INFO - Epoch(train) [6][4000/8276]  lr: 2.5000e-05  eta: 0:18:31  time: 0.2545  data_time: 0.0058  memory: 2064  grad_norm: 125.4344  loss: 7.1473  s0.loss_cls: 0.5586  s0.pos_acc: 33.3333  s0.loss_bbox: 0.6733  s0.loss_iou: 0.5906  s1.loss_cls: 0.3838  s1.pos_acc: 66.6667  s1.loss_bbox: 0.4431  s1.loss_iou: 0.3800  s2.loss_cls: 0.3447  s2.pos_acc: 66.6667  s2.loss_bbox: 0.3954  s2.loss_iou: 0.3312  s3.loss_cls: 0.3361  s3.pos_acc: 66.6667  s3.loss_bbox: 0.3707  s3.loss_iou: 0.3169  s4.loss_cls: 0.3211  s4.pos_acc: 66.6667  s4.loss_bbox: 0.3710  s4.loss_iou: 0.3204  s5.loss_cls: 0.3103  s5.pos_acc: 66.6667  s5.loss_bbox: 0.3752  s5.loss_iou: 0.3248
2025/05/18 13:48:04 - mmengine - INFO - Epoch(train) [6][4050/8276]  lr: 2.5000e-05  eta: 0:18:18  time: 0.2672  data_time: 0.0074  memory: 2064  grad_norm: 128.9716  loss: 7.6273  s0.loss_cls: 0.6108  s0.pos_acc: 71.4286  s0.loss_bbox: 0.6872  s0.loss_iou: 0.6153  s1.loss_cls: 0.4401  s1.pos_acc: 100.0000  s1.loss_bbox: 0.4421  s1.loss_iou: 0.4133  s2.loss_cls: 0.4093  s2.pos_acc: 100.0000  s2.loss_bbox: 0.3728  s2.loss_iou: 0.3596  s3.loss_cls: 0.4033  s3.pos_acc: 100.0000  s3.loss_bbox: 0.3538  s3.loss_iou: 0.3472  s4.loss_cls: 0.4075  s4.pos_acc: 100.0000  s4.loss_bbox: 0.3379  s4.loss_iou: 0.3356  s5.loss_cls: 0.3957  s5.pos_acc: 100.0000  s5.loss_bbox: 0.3530  s5.loss_iou: 0.3428
2025/05/18 13:48:18 - mmengine - INFO - Epoch(train) [6][4100/8276]  lr: 2.5000e-05  eta: 0:18:05  time: 0.2674  data_time: 0.0076  memory: 2063  grad_norm: 118.6260  loss: 7.7338  s0.loss_cls: 0.6350  s0.pos_acc: 100.0000  s0.loss_bbox: 0.6853  s0.loss_iou: 0.6346  s1.loss_cls: 0.4750  s1.pos_acc: 100.0000  s1.loss_bbox: 0.4268  s1.loss_iou: 0.3990  s2.loss_cls: 0.4367  s2.pos_acc: 100.0000  s2.loss_bbox: 0.3664  s2.loss_iou: 0.3575  s3.loss_cls: 0.4053  s3.pos_acc: 100.0000  s3.loss_bbox: 0.3555  s3.loss_iou: 0.3460  s4.loss_cls: 0.3961  s4.pos_acc: 100.0000  s4.loss_bbox: 0.3599  s4.loss_iou: 0.3484  s5.loss_cls: 0.3899  s5.pos_acc: 100.0000  s5.loss_bbox: 0.3652  s5.loss_iou: 0.3513
2025/05/18 13:48:31 - mmengine - INFO - Epoch(train) [6][4150/8276]  lr: 2.5000e-05  eta: 0:17:52  time: 0.2648  data_time: 0.0070  memory: 2064  grad_norm: 120.2630  loss: 7.3691  s0.loss_cls: 0.6357  s0.pos_acc: 100.0000  s0.loss_bbox: 0.6661  s0.loss_iou: 0.6264  s1.loss_cls: 0.4499  s1.pos_acc: 100.0000  s1.loss_bbox: 0.4091  s1.loss_iou: 0.3895  s2.loss_cls: 0.4033  s2.pos_acc: 100.0000  s2.loss_bbox: 0.3530  s2.loss_iou: 0.3393  s3.loss_cls: 0.3840  s3.pos_acc: 100.0000  s3.loss_bbox: 0.3314  s3.loss_iou: 0.3232  s4.loss_cls: 0.3827  s4.pos_acc: 100.0000  s4.loss_bbox: 0.3233  s4.loss_iou: 0.3181  s5.loss_cls: 0.3784  s5.pos_acc: 100.0000  s5.loss_bbox: 0.3310  s5.loss_iou: 0.3247
2025/05/18 13:48:44 - mmengine - INFO - Epoch(train) [6][4200/8276]  lr: 2.5000e-05  eta: 0:17:39  time: 0.2631  data_time: 0.0066  memory: 2064  grad_norm: 121.3960  loss: 7.0450  s0.loss_cls: 0.5727  s0.pos_acc: 66.6667  s0.loss_bbox: 0.6571  s0.loss_iou: 0.5744  s1.loss_cls: 0.4002  s1.pos_acc: 100.0000  s1.loss_bbox: 0.4263  s1.loss_iou: 0.3838  s2.loss_cls: 0.3336  s2.pos_acc: 100.0000  s2.loss_bbox: 0.3752  s2.loss_iou: 0.3394  s3.loss_cls: 0.3214  s3.pos_acc: 100.0000  s3.loss_bbox: 0.3615  s3.loss_iou: 0.3253  s4.loss_cls: 0.3331  s4.pos_acc: 100.0000  s4.loss_bbox: 0.3403  s4.loss_iou: 0.3099  s5.loss_cls: 0.3343  s5.pos_acc: 100.0000  s5.loss_bbox: 0.3449  s5.loss_iou: 0.3115
2025/05/18 13:48:57 - mmengine - INFO - Epoch(train) [6][4250/8276]  lr: 2.5000e-05  eta: 0:17:26  time: 0.2621  data_time: 0.0066  memory: 2064  grad_norm: 120.4962  loss: 7.4480  s0.loss_cls: 0.5754  s0.pos_acc: 100.0000  s0.loss_bbox: 0.6946  s0.loss_iou: 0.6098  s1.loss_cls: 0.3915  s1.pos_acc: 100.0000  s1.loss_bbox: 0.4482  s1.loss_iou: 0.4146  s2.loss_cls: 0.3650  s2.pos_acc: 100.0000  s2.loss_bbox: 0.3922  s2.loss_iou: 0.3705  s3.loss_cls: 0.3324  s3.pos_acc: 100.0000  s3.loss_bbox: 0.3780  s3.loss_iou: 0.3601  s4.loss_cls: 0.3270  s4.pos_acc: 100.0000  s4.loss_bbox: 0.3774  s4.loss_iou: 0.3594  s5.loss_cls: 0.3389  s5.pos_acc: 100.0000  s5.loss_bbox: 0.3637  s5.loss_iou: 0.3492
2025/05/18 13:49:11 - mmengine - INFO - Epoch(train) [6][4300/8276]  lr: 2.5000e-05  eta: 0:17:13  time: 0.2682  data_time: 0.0071  memory: 2064  grad_norm: 116.1200  loss: 7.6678  s0.loss_cls: 0.6542  s0.pos_acc: 80.0000  s0.loss_bbox: 0.6849  s0.loss_iou: 0.6363  s1.loss_cls: 0.4419  s1.pos_acc: 100.0000  s1.loss_bbox: 0.4255  s1.loss_iou: 0.4023  s2.loss_cls: 0.4021  s2.pos_acc: 100.0000  s2.loss_bbox: 0.3834  s2.loss_iou: 0.3729  s3.loss_cls: 0.3677  s3.pos_acc: 100.0000  s3.loss_bbox: 0.3748  s3.loss_iou: 0.3658  s4.loss_cls: 0.3717  s4.pos_acc: 100.0000  s4.loss_bbox: 0.3519  s4.loss_iou: 0.3532  s5.loss_cls: 0.3713  s5.pos_acc: 100.0000  s5.loss_bbox: 0.3510  s5.loss_iou: 0.3568
2025/05/18 13:49:24 - mmengine - INFO - Epoch(train) [6][4350/8276]  lr: 2.5000e-05  eta: 0:17:00  time: 0.2651  data_time: 0.0068  memory: 2065  grad_norm: 111.6519  loss: 7.8456  s0.loss_cls: 0.6496  s0.pos_acc: 25.0000  s0.loss_bbox: 0.6779  s0.loss_iou: 0.7081  s1.loss_cls: 0.4420  s1.pos_acc: 100.0000  s1.loss_bbox: 0.4333  s1.loss_iou: 0.4572  s2.loss_cls: 0.4147  s2.pos_acc: 100.0000  s2.loss_bbox: 0.3692  s2.loss_iou: 0.3969  s3.loss_cls: 0.3749  s3.pos_acc: 100.0000  s3.loss_bbox: 0.3483  s3.loss_iou: 0.3885  s4.loss_cls: 0.3475  s4.pos_acc: 100.0000  s4.loss_bbox: 0.3513  s4.loss_iou: 0.3894  s5.loss_cls: 0.3607  s5.pos_acc: 100.0000  s5.loss_bbox: 0.3510  s5.loss_iou: 0.3852
2025/05/18 13:49:37 - mmengine - INFO - Epoch(train) [6][4400/8276]  lr: 2.5000e-05  eta: 0:16:47  time: 0.2699  data_time: 0.0073  memory: 2064  grad_norm: 118.1855  loss: 7.6406  s0.loss_cls: 0.6340  s0.pos_acc: 80.0000  s0.loss_bbox: 0.6717  s0.loss_iou: 0.5803  s1.loss_cls: 0.4456  s1.pos_acc: 100.0000  s1.loss_bbox: 0.4523  s1.loss_iou: 0.3904  s2.loss_cls: 0.4102  s2.pos_acc: 100.0000  s2.loss_bbox: 0.4074  s2.loss_iou: 0.3490  s3.loss_cls: 0.4081  s3.pos_acc: 100.0000  s3.loss_bbox: 0.3692  s3.loss_iou: 0.3263  s4.loss_cls: 0.4034  s4.pos_acc: 100.0000  s4.loss_bbox: 0.3677  s4.loss_iou: 0.3242  s5.loss_cls: 0.3942  s5.pos_acc: 100.0000  s5.loss_bbox: 0.3767  s5.loss_iou: 0.3298
2025/05/18 13:49:51 - mmengine - INFO - Epoch(train) [6][4450/8276]  lr: 2.5000e-05  eta: 0:16:34  time: 0.2686  data_time: 0.0074  memory: 2063  grad_norm: 123.5123  loss: 7.3994  s0.loss_cls: 0.5534  s0.pos_acc: 100.0000  s0.loss_bbox: 0.6894  s0.loss_iou: 0.6216  s1.loss_cls: 0.4375  s1.pos_acc: 85.7143  s1.loss_bbox: 0.4342  s1.loss_iou: 0.3994  s2.loss_cls: 0.3979  s2.pos_acc: 85.7143  s2.loss_bbox: 0.3846  s2.loss_iou: 0.3608  s3.loss_cls: 0.3648  s3.pos_acc: 85.7143  s3.loss_bbox: 0.3550  s3.loss_iou: 0.3388  s4.loss_cls: 0.3602  s4.pos_acc: 85.7143  s4.loss_bbox: 0.3435  s4.loss_iou: 0.3279  s5.loss_cls: 0.3597  s5.pos_acc: 85.7143  s5.loss_bbox: 0.3410  s5.loss_iou: 0.3299
2025/05/18 13:50:04 - mmengine - INFO - Epoch(train) [6][4500/8276]  lr: 2.5000e-05  eta: 0:16:21  time: 0.2567  data_time: 0.0065  memory: 2064  grad_norm: 120.0117  loss: 7.8181  s0.loss_cls: 0.5906  s0.pos_acc: 100.0000  s0.loss_bbox: 0.7463  s0.loss_iou: 0.6547  s1.loss_cls: 0.4386  s1.pos_acc: 100.0000  s1.loss_bbox: 0.4532  s1.loss_iou: 0.4044  s2.loss_cls: 0.4063  s2.pos_acc: 100.0000  s2.loss_bbox: 0.4138  s2.loss_iou: 0.3722  s3.loss_cls: 0.3914  s3.pos_acc: 100.0000  s3.loss_bbox: 0.3751  s3.loss_iou: 0.3522  s4.loss_cls: 0.3707  s4.pos_acc: 100.0000  s4.loss_bbox: 0.3801  s4.loss_iou: 0.3531  s5.loss_cls: 0.3876  s5.pos_acc: 100.0000  s5.loss_bbox: 0.3747  s5.loss_iou: 0.3530
2025/05/18 13:50:17 - mmengine - INFO - Epoch(train) [6][4550/8276]  lr: 2.5000e-05  eta: 0:16:08  time: 0.2683  data_time: 0.0072  memory: 2064  grad_norm: 132.2199  loss: 7.4348  s0.loss_cls: 0.5550  s0.pos_acc: 100.0000  s0.loss_bbox: 0.6867  s0.loss_iou: 0.6251  s1.loss_cls: 0.3987  s1.pos_acc: 100.0000  s1.loss_bbox: 0.4337  s1.loss_iou: 0.4073  s2.loss_cls: 0.3698  s2.pos_acc: 100.0000  s2.loss_bbox: 0.3833  s2.loss_iou: 0.3655  s3.loss_cls: 0.3711  s3.pos_acc: 100.0000  s3.loss_bbox: 0.3582  s3.loss_iou: 0.3470  s4.loss_cls: 0.3754  s4.pos_acc: 100.0000  s4.loss_bbox: 0.3482  s4.loss_iou: 0.3402  s5.loss_cls: 0.3885  s5.pos_acc: 100.0000  s5.loss_bbox: 0.3458  s5.loss_iou: 0.3355
2025/05/18 13:50:31 - mmengine - INFO - Epoch(train) [6][4600/8276]  lr: 2.5000e-05  eta: 0:15:55  time: 0.2719  data_time: 0.0074  memory: 2065  grad_norm: 108.9657  loss: 7.3405  s0.loss_cls: 0.5956  s0.pos_acc: 100.0000  s0.loss_bbox: 0.6551  s0.loss_iou: 0.6130  s1.loss_cls: 0.4313  s1.pos_acc: 100.0000  s1.loss_bbox: 0.4051  s1.loss_iou: 0.4046  s2.loss_cls: 0.3893  s2.pos_acc: 100.0000  s2.loss_bbox: 0.3575  s2.loss_iou: 0.3569  s3.loss_cls: 0.3866  s3.pos_acc: 100.0000  s3.loss_bbox: 0.3230  s3.loss_iou: 0.3369  s4.loss_cls: 0.3880  s4.pos_acc: 100.0000  s4.loss_bbox: 0.3184  s4.loss_iou: 0.3332  s5.loss_cls: 0.3944  s5.pos_acc: 100.0000  s5.loss_bbox: 0.3193  s5.loss_iou: 0.3324
2025/05/18 13:50:36 - mmengine - INFO - Exp name: sparse-rcnn_voc_20250518_101231
2025/05/18 13:50:44 - mmengine - INFO - Epoch(train) [6][4650/8276]  lr: 2.5000e-05  eta: 0:15:42  time: 0.2758  data_time: 0.0073  memory: 2065  grad_norm: 112.4882  loss: 7.4280  s0.loss_cls: 0.5751  s0.pos_acc: 81.8182  s0.loss_bbox: 0.6629  s0.loss_iou: 0.5924  s1.loss_cls: 0.3816  s1.pos_acc: 100.0000  s1.loss_bbox: 0.4823  s1.loss_iou: 0.4180  s2.loss_cls: 0.3479  s2.pos_acc: 100.0000  s2.loss_bbox: 0.4146  s2.loss_iou: 0.3555  s3.loss_cls: 0.3311  s3.pos_acc: 90.9091  s3.loss_bbox: 0.4019  s3.loss_iou: 0.3464  s4.loss_cls: 0.3218  s4.pos_acc: 90.9091  s4.loss_bbox: 0.3942  s4.loss_iou: 0.3444  s5.loss_cls: 0.3260  s5.pos_acc: 90.9091  s5.loss_bbox: 0.3903  s5.loss_iou: 0.3416
2025/05/18 13:50:58 - mmengine - INFO - Epoch(train) [6][4700/8276]  lr: 2.5000e-05  eta: 0:15:29  time: 0.2702  data_time: 0.0074  memory: 2064  grad_norm: 121.8895  loss: 7.0375  s0.loss_cls: 0.5560  s0.pos_acc: 100.0000  s0.loss_bbox: 0.6496  s0.loss_iou: 0.6145  s1.loss_cls: 0.3917  s1.pos_acc: 75.0000  s1.loss_bbox: 0.4003  s1.loss_iou: 0.3809  s2.loss_cls: 0.3534  s2.pos_acc: 75.0000  s2.loss_bbox: 0.3612  s2.loss_iou: 0.3370  s3.loss_cls: 0.3444  s3.pos_acc: 75.0000  s3.loss_bbox: 0.3457  s3.loss_iou: 0.3248  s4.loss_cls: 0.3280  s4.pos_acc: 75.0000  s4.loss_bbox: 0.3369  s4.loss_iou: 0.3210  s5.loss_cls: 0.3464  s5.pos_acc: 75.0000  s5.loss_bbox: 0.3309  s5.loss_iou: 0.3146
2025/05/18 13:51:12 - mmengine - INFO - Epoch(train) [6][4750/8276]  lr: 2.5000e-05  eta: 0:15:16  time: 0.2709  data_time: 0.0075  memory: 2064  grad_norm: 118.3754  loss: 7.0303  s0.loss_cls: 0.5558  s0.pos_acc: 80.0000  s0.loss_bbox: 0.6567  s0.loss_iou: 0.5941  s1.loss_cls: 0.3860  s1.pos_acc: 80.0000  s1.loss_bbox: 0.4224  s1.loss_iou: 0.3784  s2.loss_cls: 0.3114  s2.pos_acc: 80.0000  s2.loss_bbox: 0.3822  s2.loss_iou: 0.3495  s3.loss_cls: 0.2989  s3.pos_acc: 100.0000  s3.loss_bbox: 0.3695  s3.loss_iou: 0.3361  s4.loss_cls: 0.3043  s4.pos_acc: 100.0000  s4.loss_bbox: 0.3625  s4.loss_iou: 0.3291  s5.loss_cls: 0.3026  s5.pos_acc: 100.0000  s5.loss_bbox: 0.3619  s5.loss_iou: 0.3289
2025/05/18 13:51:25 - mmengine - INFO - Epoch(train) [6][4800/8276]  lr: 2.5000e-05  eta: 0:15:03  time: 0.2702  data_time: 0.0076  memory: 2065  grad_norm: 125.5200  loss: 7.1352  s0.loss_cls: 0.6138  s0.pos_acc: 66.6667  s0.loss_bbox: 0.6698  s0.loss_iou: 0.5900  s1.loss_cls: 0.4148  s1.pos_acc: 100.0000  s1.loss_bbox: 0.4014  s1.loss_iou: 0.3592  s2.loss_cls: 0.3822  s2.pos_acc: 100.0000  s2.loss_bbox: 0.3592  s2.loss_iou: 0.3190  s3.loss_cls: 0.3654  s3.pos_acc: 100.0000  s3.loss_bbox: 0.3460  s3.loss_iou: 0.3093  s4.loss_cls: 0.3714  s4.pos_acc: 66.6667  s4.loss_bbox: 0.3302  s4.loss_iou: 0.2998  s5.loss_cls: 0.3685  s5.pos_acc: 66.6667  s5.loss_bbox: 0.3337  s5.loss_iou: 0.3016
2025/05/18 13:51:39 - mmengine - INFO - Epoch(train) [6][4850/8276]  lr: 2.5000e-05  eta: 0:14:50  time: 0.2693  data_time: 0.0078  memory: 2063  grad_norm: 113.8724  loss: 7.0477  s0.loss_cls: 0.6103  s0.pos_acc: 100.0000  s0.loss_bbox: 0.6252  s0.loss_iou: 0.6236  s1.loss_cls: 0.3965  s1.pos_acc: 100.0000  s1.loss_bbox: 0.3839  s1.loss_iou: 0.3685  s2.loss_cls: 0.3710  s2.pos_acc: 100.0000  s2.loss_bbox: 0.3357  s2.loss_iou: 0.3204  s3.loss_cls: 0.3514  s3.pos_acc: 100.0000  s3.loss_bbox: 0.3384  s3.loss_iou: 0.3233  s4.loss_cls: 0.3405  s4.pos_acc: 100.0000  s4.loss_bbox: 0.3386  s4.loss_iou: 0.3213  s5.loss_cls: 0.3374  s5.pos_acc: 100.0000  s5.loss_bbox: 0.3372  s5.loss_iou: 0.3244
2025/05/18 13:51:52 - mmengine - INFO - Epoch(train) [6][4900/8276]  lr: 2.5000e-05  eta: 0:14:37  time: 0.2698  data_time: 0.0075  memory: 2063  grad_norm: 123.8794  loss: 6.2609  s0.loss_cls: 0.5111  s0.pos_acc: 50.0000  s0.loss_bbox: 0.6225  s0.loss_iou: 0.5925  s1.loss_cls: 0.3105  s1.pos_acc: 100.0000  s1.loss_bbox: 0.3834  s1.loss_iou: 0.3590  s2.loss_cls: 0.2786  s2.pos_acc: 100.0000  s2.loss_bbox: 0.3216  s2.loss_iou: 0.3081  s3.loss_cls: 0.2728  s3.pos_acc: 100.0000  s3.loss_bbox: 0.2969  s3.loss_iou: 0.2912  s4.loss_cls: 0.2722  s4.pos_acc: 100.0000  s4.loss_bbox: 0.2938  s4.loss_iou: 0.2873  s5.loss_cls: 0.2761  s5.pos_acc: 100.0000  s5.loss_bbox: 0.2965  s5.loss_iou: 0.2868
2025/05/18 13:52:06 - mmengine - INFO - Epoch(train) [6][4950/8276]  lr: 2.5000e-05  eta: 0:14:24  time: 0.2712  data_time: 0.0081  memory: 2064  grad_norm: 129.0447  loss: 7.2370  s0.loss_cls: 0.5968  s0.pos_acc: 50.0000  s0.loss_bbox: 0.6372  s0.loss_iou: 0.6153  s1.loss_cls: 0.4260  s1.pos_acc: 100.0000  s1.loss_bbox: 0.4138  s1.loss_iou: 0.3836  s2.loss_cls: 0.3924  s2.pos_acc: 100.0000  s2.loss_bbox: 0.3585  s2.loss_iou: 0.3396  s3.loss_cls: 0.3883  s3.pos_acc: 100.0000  s3.loss_bbox: 0.3315  s3.loss_iou: 0.3165  s4.loss_cls: 0.3760  s4.pos_acc: 100.0000  s4.loss_bbox: 0.3249  s4.loss_iou: 0.3103  s5.loss_cls: 0.3843  s5.pos_acc: 100.0000  s5.loss_bbox: 0.3292  s5.loss_iou: 0.3128
2025/05/18 13:52:19 - mmengine - INFO - Epoch(train) [6][5000/8276]  lr: 2.5000e-05  eta: 0:14:12  time: 0.2690  data_time: 0.0075  memory: 2064  grad_norm: 130.2793  loss: 7.5904  s0.loss_cls: 0.5810  s0.pos_acc: 100.0000  s0.loss_bbox: 0.6805  s0.loss_iou: 0.5701  s1.loss_cls: 0.4012  s1.pos_acc: 100.0000  s1.loss_bbox: 0.4705  s1.loss_iou: 0.3856  s2.loss_cls: 0.4076  s2.pos_acc: 100.0000  s2.loss_bbox: 0.4130  s2.loss_iou: 0.3434  s3.loss_cls: 0.3963  s3.pos_acc: 100.0000  s3.loss_bbox: 0.3932  s3.loss_iou: 0.3262  s4.loss_cls: 0.3848  s4.pos_acc: 100.0000  s4.loss_bbox: 0.3907  s4.loss_iou: 0.3239  s5.loss_cls: 0.3873  s5.pos_acc: 100.0000  s5.loss_bbox: 0.4045  s5.loss_iou: 0.3306
2025/05/18 13:52:33 - mmengine - INFO - Epoch(train) [6][5050/8276]  lr: 2.5000e-05  eta: 0:13:59  time: 0.2711  data_time: 0.0076  memory: 2064  grad_norm: 121.7033  loss: 7.1524  s0.loss_cls: 0.5167  s0.pos_acc: 100.0000  s0.loss_bbox: 0.6413  s0.loss_iou: 0.5826  s1.loss_cls: 0.3980  s1.pos_acc: 100.0000  s1.loss_bbox: 0.4131  s1.loss_iou: 0.3771  s2.loss_cls: 0.3949  s2.pos_acc: 100.0000  s2.loss_bbox: 0.3634  s2.loss_iou: 0.3319  s3.loss_cls: 0.3987  s3.pos_acc: 100.0000  s3.loss_bbox: 0.3362  s3.loss_iou: 0.3212  s4.loss_cls: 0.3850  s4.pos_acc: 100.0000  s4.loss_bbox: 0.3270  s4.loss_iou: 0.3191  s5.loss_cls: 0.3942  s5.pos_acc: 100.0000  s5.loss_bbox: 0.3322  s5.loss_iou: 0.3198
2025/05/18 13:52:46 - mmengine - INFO - Epoch(train) [6][5100/8276]  lr: 2.5000e-05  eta: 0:13:46  time: 0.2700  data_time: 0.0073  memory: 2064  grad_norm: 119.4590  loss: 7.8535  s0.loss_cls: 0.6067  s0.pos_acc: 100.0000  s0.loss_bbox: 0.7100  s0.loss_iou: 0.6483  s1.loss_cls: 0.4370  s1.pos_acc: 100.0000  s1.loss_bbox: 0.4669  s1.loss_iou: 0.4287  s2.loss_cls: 0.4189  s2.pos_acc: 100.0000  s2.loss_bbox: 0.4126  s2.loss_iou: 0.3763  s3.loss_cls: 0.4000  s3.pos_acc: 100.0000  s3.loss_bbox: 0.3713  s3.loss_iou: 0.3508  s4.loss_cls: 0.3717  s4.pos_acc: 100.0000  s4.loss_bbox: 0.3853  s4.loss_iou: 0.3544  s5.loss_cls: 0.3801  s5.pos_acc: 100.0000  s5.loss_bbox: 0.3819  s5.loss_iou: 0.3526
2025/05/18 13:53:00 - mmengine - INFO - Epoch(train) [6][5150/8276]  lr: 2.5000e-05  eta: 0:13:33  time: 0.2701  data_time: 0.0074  memory: 2065  grad_norm: 121.2765  loss: 7.3537  s0.loss_cls: 0.5893  s0.pos_acc: 100.0000  s0.loss_bbox: 0.6430  s0.loss_iou: 0.6015  s1.loss_cls: 0.4134  s1.pos_acc: 100.0000  s1.loss_bbox: 0.4298  s1.loss_iou: 0.3939  s2.loss_cls: 0.4055  s2.pos_acc: 100.0000  s2.loss_bbox: 0.3683  s2.loss_iou: 0.3473  s3.loss_cls: 0.3988  s3.pos_acc: 100.0000  s3.loss_bbox: 0.3296  s3.loss_iou: 0.3278  s4.loss_cls: 0.4032  s4.pos_acc: 100.0000  s4.loss_bbox: 0.3295  s4.loss_iou: 0.3244  s5.loss_cls: 0.3795  s5.pos_acc: 100.0000  s5.loss_bbox: 0.3392  s5.loss_iou: 0.3298
2025/05/18 13:53:13 - mmengine - INFO - Epoch(train) [6][5200/8276]  lr: 2.5000e-05  eta: 0:13:20  time: 0.2716  data_time: 0.0075  memory: 2063  grad_norm: 113.6778  loss: 7.3545  s0.loss_cls: 0.6343  s0.pos_acc: 100.0000  s0.loss_bbox: 0.6406  s0.loss_iou: 0.5705  s1.loss_cls: 0.4157  s1.pos_acc: 100.0000  s1.loss_bbox: 0.4358  s1.loss_iou: 0.3903  s2.loss_cls: 0.3704  s2.pos_acc: 100.0000  s2.loss_bbox: 0.3981  s2.loss_iou: 0.3544  s3.loss_cls: 0.3493  s3.pos_acc: 100.0000  s3.loss_bbox: 0.3703  s3.loss_iou: 0.3384  s4.loss_cls: 0.3391  s4.pos_acc: 100.0000  s4.loss_bbox: 0.3665  s4.loss_iou: 0.3368  s5.loss_cls: 0.3407  s5.pos_acc: 100.0000  s5.loss_bbox: 0.3659  s5.loss_iou: 0.3374
2025/05/18 13:53:27 - mmengine - INFO - Epoch(train) [6][5250/8276]  lr: 2.5000e-05  eta: 0:13:07  time: 0.2699  data_time: 0.0077  memory: 2064  grad_norm: 128.2134  loss: 6.1669  s0.loss_cls: 0.5088  s0.pos_acc: 100.0000  s0.loss_bbox: 0.5558  s0.loss_iou: 0.4962  s1.loss_cls: 0.3347  s1.pos_acc: 100.0000  s1.loss_bbox: 0.3681  s1.loss_iou: 0.3301  s2.loss_cls: 0.2856  s2.pos_acc: 100.0000  s2.loss_bbox: 0.3302  s2.loss_iou: 0.3052  s3.loss_cls: 0.2855  s3.pos_acc: 100.0000  s3.loss_bbox: 0.3134  s3.loss_iou: 0.2943  s4.loss_cls: 0.2747  s4.pos_acc: 100.0000  s4.loss_bbox: 0.3119  s4.loss_iou: 0.2942  s5.loss_cls: 0.2739  s5.pos_acc: 100.0000  s5.loss_bbox: 0.3102  s5.loss_iou: 0.2942
2025/05/18 13:53:40 - mmengine - INFO - Epoch(train) [6][5300/8276]  lr: 2.5000e-05  eta: 0:12:54  time: 0.2717  data_time: 0.0076  memory: 2063  grad_norm: 123.3036  loss: 7.1720  s0.loss_cls: 0.5673  s0.pos_acc: 100.0000  s0.loss_bbox: 0.6220  s0.loss_iou: 0.5164  s1.loss_cls: 0.4060  s1.pos_acc: 100.0000  s1.loss_bbox: 0.4491  s1.loss_iou: 0.3700  s2.loss_cls: 0.3745  s2.pos_acc: 66.6667  s2.loss_bbox: 0.4053  s2.loss_iou: 0.3354  s3.loss_cls: 0.3529  s3.pos_acc: 66.6667  s3.loss_bbox: 0.3893  s3.loss_iou: 0.3242  s4.loss_cls: 0.3516  s4.pos_acc: 66.6667  s4.loss_bbox: 0.3686  s4.loss_iou: 0.3111  s5.loss_cls: 0.3515  s5.pos_acc: 100.0000  s5.loss_bbox: 0.3657  s5.loss_iou: 0.3110
2025/05/18 13:53:54 - mmengine - INFO - Epoch(train) [6][5350/8276]  lr: 2.5000e-05  eta: 0:12:41  time: 0.2695  data_time: 0.0072  memory: 2065  grad_norm: 115.8033  loss: 7.1456  s0.loss_cls: 0.5849  s0.pos_acc: 66.6667  s0.loss_bbox: 0.6466  s0.loss_iou: 0.6089  s1.loss_cls: 0.3913  s1.pos_acc: 100.0000  s1.loss_bbox: 0.3962  s1.loss_iou: 0.3909  s2.loss_cls: 0.3901  s2.pos_acc: 100.0000  s2.loss_bbox: 0.3380  s2.loss_iou: 0.3451  s3.loss_cls: 0.3412  s3.pos_acc: 100.0000  s3.loss_bbox: 0.3442  s3.loss_iou: 0.3463  s4.loss_cls: 0.3296  s4.pos_acc: 100.0000  s4.loss_bbox: 0.3407  s4.loss_iou: 0.3408  s5.loss_cls: 0.3309  s5.pos_acc: 100.0000  s5.loss_bbox: 0.3380  s5.loss_iou: 0.3420
2025/05/18 13:54:07 - mmengine - INFO - Epoch(train) [6][5400/8276]  lr: 2.5000e-05  eta: 0:12:28  time: 0.2699  data_time: 0.0073  memory: 2063  grad_norm: 125.6665  loss: 7.5524  s0.loss_cls: 0.6004  s0.pos_acc: 100.0000  s0.loss_bbox: 0.7079  s0.loss_iou: 0.6112  s1.loss_cls: 0.4317  s1.pos_acc: 100.0000  s1.loss_bbox: 0.4471  s1.loss_iou: 0.3905  s2.loss_cls: 0.4065  s2.pos_acc: 100.0000  s2.loss_bbox: 0.3854  s2.loss_iou: 0.3421  s3.loss_cls: 0.3890  s3.pos_acc: 100.0000  s3.loss_bbox: 0.3665  s3.loss_iou: 0.3307  s4.loss_cls: 0.3800  s4.pos_acc: 100.0000  s4.loss_bbox: 0.3629  s4.loss_iou: 0.3267  s5.loss_cls: 0.3652  s5.pos_acc: 100.0000  s5.loss_bbox: 0.3724  s5.loss_iou: 0.3362
2025/05/18 13:54:21 - mmengine - INFO - Epoch(train) [6][5450/8276]  lr: 2.5000e-05  eta: 0:12:15  time: 0.2707  data_time: 0.0077  memory: 2063  grad_norm: 126.2006  loss: 7.3962  s0.loss_cls: 0.5130  s0.pos_acc: 100.0000  s0.loss_bbox: 0.6701  s0.loss_iou: 0.5508  s1.loss_cls: 0.4330  s1.pos_acc: 100.0000  s1.loss_bbox: 0.4568  s1.loss_iou: 0.3741  s2.loss_cls: 0.3640  s2.pos_acc: 100.0000  s2.loss_bbox: 0.4140  s2.loss_iou: 0.3422  s3.loss_cls: 0.3831  s3.pos_acc: 100.0000  s3.loss_bbox: 0.3941  s3.loss_iou: 0.3273  s4.loss_cls: 0.3695  s4.pos_acc: 100.0000  s4.loss_bbox: 0.3902  s4.loss_iou: 0.3289  s5.loss_cls: 0.3672  s5.pos_acc: 100.0000  s5.loss_bbox: 0.3902  s5.loss_iou: 0.3278
2025/05/18 13:54:34 - mmengine - INFO - Epoch(train) [6][5500/8276]  lr: 2.5000e-05  eta: 0:12:02  time: 0.2706  data_time: 0.0073  memory: 2065  grad_norm: 123.6614  loss: 7.2461  s0.loss_cls: 0.5861  s0.pos_acc: 33.3333  s0.loss_bbox: 0.6775  s0.loss_iou: 0.6373  s1.loss_cls: 0.4185  s1.pos_acc: 33.3333  s1.loss_bbox: 0.4084  s1.loss_iou: 0.3884  s2.loss_cls: 0.3707  s2.pos_acc: 66.6667  s2.loss_bbox: 0.3610  s2.loss_iou: 0.3402  s3.loss_cls: 0.3630  s3.pos_acc: 66.6667  s3.loss_bbox: 0.3432  s3.loss_iou: 0.3201  s4.loss_cls: 0.3539  s4.pos_acc: 66.6667  s4.loss_bbox: 0.3442  s4.loss_iou: 0.3222  s5.loss_cls: 0.3495  s5.pos_acc: 66.6667  s5.loss_bbox: 0.3409  s5.loss_iou: 0.3207
2025/05/18 13:54:48 - mmengine - INFO - Epoch(train) [6][5550/8276]  lr: 2.5000e-05  eta: 0:11:49  time: 0.2704  data_time: 0.0072  memory: 2065  grad_norm: 125.6152  loss: 6.6364  s0.loss_cls: 0.5084  s0.pos_acc: 100.0000  s0.loss_bbox: 0.6544  s0.loss_iou: 0.5548  s1.loss_cls: 0.3498  s1.pos_acc: 100.0000  s1.loss_bbox: 0.4157  s1.loss_iou: 0.3397  s2.loss_cls: 0.3299  s2.pos_acc: 100.0000  s2.loss_bbox: 0.3683  s2.loss_iou: 0.3011  s3.loss_cls: 0.3180  s3.pos_acc: 100.0000  s3.loss_bbox: 0.3513  s3.loss_iou: 0.2861  s4.loss_cls: 0.3015  s4.pos_acc: 100.0000  s4.loss_bbox: 0.3505  s4.loss_iou: 0.2853  s5.loss_cls: 0.2985  s5.pos_acc: 100.0000  s5.loss_bbox: 0.3427  s5.loss_iou: 0.2803
2025/05/18 13:55:01 - mmengine - INFO - Epoch(train) [6][5600/8276]  lr: 2.5000e-05  eta: 0:11:36  time: 0.2702  data_time: 0.0071  memory: 2064  grad_norm: 121.2242  loss: 6.7351  s0.loss_cls: 0.4847  s0.pos_acc: 83.3333  s0.loss_bbox: 0.6461  s0.loss_iou: 0.5179  s1.loss_cls: 0.3515  s1.pos_acc: 100.0000  s1.loss_bbox: 0.4457  s1.loss_iou: 0.3522  s2.loss_cls: 0.3235  s2.pos_acc: 100.0000  s2.loss_bbox: 0.4043  s2.loss_iou: 0.3104  s3.loss_cls: 0.3128  s3.pos_acc: 100.0000  s3.loss_bbox: 0.3723  s3.loss_iou: 0.2893  s4.loss_cls: 0.2970  s4.pos_acc: 100.0000  s4.loss_bbox: 0.3687  s4.loss_iou: 0.2914  s5.loss_cls: 0.3175  s5.pos_acc: 100.0000  s5.loss_bbox: 0.3616  s5.loss_iou: 0.2884
2025/05/18 13:55:07 - mmengine - INFO - Exp name: sparse-rcnn_voc_20250518_101231
2025/05/18 13:55:15 - mmengine - INFO - Epoch(train) [6][5650/8276]  lr: 2.5000e-05  eta: 0:11:23  time: 0.2704  data_time: 0.0075  memory: 2064  grad_norm: 125.6465  loss: 7.8747  s0.loss_cls: 0.5802  s0.pos_acc: 50.0000  s0.loss_bbox: 0.7008  s0.loss_iou: 0.6258  s1.loss_cls: 0.4474  s1.pos_acc: 100.0000  s1.loss_bbox: 0.4785  s1.loss_iou: 0.4166  s2.loss_cls: 0.4181  s2.pos_acc: 100.0000  s2.loss_bbox: 0.4357  s2.loss_iou: 0.3770  s3.loss_cls: 0.3950  s3.pos_acc: 100.0000  s3.loss_bbox: 0.4026  s3.loss_iou: 0.3530  s4.loss_cls: 0.3860  s4.pos_acc: 100.0000  s4.loss_bbox: 0.3959  s4.loss_iou: 0.3463  s5.loss_cls: 0.3729  s5.pos_acc: 100.0000  s5.loss_bbox: 0.3941  s5.loss_iou: 0.3487
2025/05/18 13:55:28 - mmengine - INFO - Epoch(train) [6][5700/8276]  lr: 2.5000e-05  eta: 0:11:10  time: 0.2686  data_time: 0.0076  memory: 2064  grad_norm: 121.5616  loss: 7.2113  s0.loss_cls: 0.5369  s0.pos_acc: 100.0000  s0.loss_bbox: 0.6899  s0.loss_iou: 0.5964  s1.loss_cls: 0.3625  s1.pos_acc: 100.0000  s1.loss_bbox: 0.4516  s1.loss_iou: 0.3909  s2.loss_cls: 0.3303  s2.pos_acc: 100.0000  s2.loss_bbox: 0.4017  s2.loss_iou: 0.3487  s3.loss_cls: 0.3148  s3.pos_acc: 100.0000  s3.loss_bbox: 0.3847  s3.loss_iou: 0.3357  s4.loss_cls: 0.3256  s4.pos_acc: 100.0000  s4.loss_bbox: 0.3798  s4.loss_iou: 0.3286  s5.loss_cls: 0.3265  s5.pos_acc: 100.0000  s5.loss_bbox: 0.3806  s5.loss_iou: 0.3261
2025/05/18 13:55:42 - mmengine - INFO - Epoch(train) [6][5750/8276]  lr: 2.5000e-05  eta: 0:10:57  time: 0.2688  data_time: 0.0077  memory: 2064  grad_norm: 113.8467  loss: 7.1773  s0.loss_cls: 0.5740  s0.pos_acc: 100.0000  s0.loss_bbox: 0.6373  s0.loss_iou: 0.5860  s1.loss_cls: 0.4108  s1.pos_acc: 100.0000  s1.loss_bbox: 0.4156  s1.loss_iou: 0.4018  s2.loss_cls: 0.3509  s2.pos_acc: 100.0000  s2.loss_bbox: 0.3809  s2.loss_iou: 0.3716  s3.loss_cls: 0.3291  s3.pos_acc: 100.0000  s3.loss_bbox: 0.3521  s3.loss_iou: 0.3492  s4.loss_cls: 0.3270  s4.pos_acc: 100.0000  s4.loss_bbox: 0.3351  s4.loss_iou: 0.3425  s5.loss_cls: 0.3319  s5.pos_acc: 100.0000  s5.loss_bbox: 0.3376  s5.loss_iou: 0.3436
2025/05/18 13:55:55 - mmengine - INFO - Epoch(train) [6][5800/8276]  lr: 2.5000e-05  eta: 0:10:44  time: 0.2689  data_time: 0.0074  memory: 2065  grad_norm: 126.3088  loss: 7.6119  s0.loss_cls: 0.6419  s0.pos_acc: 75.0000  s0.loss_bbox: 0.6672  s0.loss_iou: 0.6280  s1.loss_cls: 0.4700  s1.pos_acc: 100.0000  s1.loss_bbox: 0.4232  s1.loss_iou: 0.3978  s2.loss_cls: 0.4115  s2.pos_acc: 75.0000  s2.loss_bbox: 0.3728  s2.loss_iou: 0.3490  s3.loss_cls: 0.3947  s3.pos_acc: 100.0000  s3.loss_bbox: 0.3643  s3.loss_iou: 0.3386  s4.loss_cls: 0.3961  s4.pos_acc: 100.0000  s4.loss_bbox: 0.3562  s4.loss_iou: 0.3373  s5.loss_cls: 0.3991  s5.pos_acc: 100.0000  s5.loss_bbox: 0.3389  s5.loss_iou: 0.3254
2025/05/18 13:56:09 - mmengine - INFO - Epoch(train) [6][5850/8276]  lr: 2.5000e-05  eta: 0:10:31  time: 0.2691  data_time: 0.0072  memory: 2063  grad_norm: 122.9990  loss: 6.8006  s0.loss_cls: 0.4396  s0.pos_acc: 100.0000  s0.loss_bbox: 0.6813  s0.loss_iou: 0.5904  s1.loss_cls: 0.3847  s1.pos_acc: 100.0000  s1.loss_bbox: 0.4156  s1.loss_iou: 0.3688  s2.loss_cls: 0.3381  s2.pos_acc: 100.0000  s2.loss_bbox: 0.3587  s2.loss_iou: 0.3245  s3.loss_cls: 0.3243  s3.pos_acc: 100.0000  s3.loss_bbox: 0.3382  s3.loss_iou: 0.3134  s4.loss_cls: 0.3121  s4.pos_acc: 100.0000  s4.loss_bbox: 0.3405  s4.loss_iou: 0.3151  s5.loss_cls: 0.3203  s5.pos_acc: 100.0000  s5.loss_bbox: 0.3286  s5.loss_iou: 0.3062
2025/05/18 13:56:22 - mmengine - INFO - Epoch(train) [6][5900/8276]  lr: 2.5000e-05  eta: 0:10:18  time: 0.2697  data_time: 0.0077  memory: 2065  grad_norm: 114.8316  loss: 7.4218  s0.loss_cls: 0.5884  s0.pos_acc: 100.0000  s0.loss_bbox: 0.6575  s0.loss_iou: 0.6525  s1.loss_cls: 0.4130  s1.pos_acc: 100.0000  s1.loss_bbox: 0.3979  s1.loss_iou: 0.4223  s2.loss_cls: 0.3453  s2.pos_acc: 100.0000  s2.loss_bbox: 0.3703  s2.loss_iou: 0.3854  s3.loss_cls: 0.3194  s3.pos_acc: 100.0000  s3.loss_bbox: 0.3809  s3.loss_iou: 0.3806  s4.loss_cls: 0.3088  s4.pos_acc: 100.0000  s4.loss_bbox: 0.3687  s4.loss_iou: 0.3733  s5.loss_cls: 0.3135  s5.pos_acc: 100.0000  s5.loss_bbox: 0.3704  s5.loss_iou: 0.3737
2025/05/18 13:56:36 - mmengine - INFO - Epoch(train) [6][5950/8276]  lr: 2.5000e-05  eta: 0:10:05  time: 0.2705  data_time: 0.0072  memory: 2065  grad_norm: 111.5364  loss: 7.8952  s0.loss_cls: 0.5561  s0.pos_acc: 100.0000  s0.loss_bbox: 0.7298  s0.loss_iou: 0.6656  s1.loss_cls: 0.4158  s1.pos_acc: 100.0000  s1.loss_bbox: 0.4783  s1.loss_iou: 0.4388  s2.loss_cls: 0.4034  s2.pos_acc: 100.0000  s2.loss_bbox: 0.4090  s2.loss_iou: 0.3817  s3.loss_cls: 0.3954  s3.pos_acc: 100.0000  s3.loss_bbox: 0.3904  s3.loss_iou: 0.3695  s4.loss_cls: 0.3842  s4.pos_acc: 100.0000  s4.loss_bbox: 0.3847  s4.loss_iou: 0.3649  s5.loss_cls: 0.3805  s5.pos_acc: 100.0000  s5.loss_bbox: 0.3830  s5.loss_iou: 0.3640
2025/05/18 13:56:49 - mmengine - INFO - Epoch(train) [6][6000/8276]  lr: 2.5000e-05  eta: 0:09:52  time: 0.2690  data_time: 0.0072  memory: 2064  grad_norm: 120.2860  loss: 6.6661  s0.loss_cls: 0.5240  s0.pos_acc: 33.3333  s0.loss_bbox: 0.6680  s0.loss_iou: 0.5732  s1.loss_cls: 0.3932  s1.pos_acc: 66.6667  s1.loss_bbox: 0.4154  s1.loss_iou: 0.3562  s2.loss_cls: 0.3584  s2.pos_acc: 66.6667  s2.loss_bbox: 0.3413  s2.loss_iou: 0.2906  s3.loss_cls: 0.3417  s3.pos_acc: 100.0000  s3.loss_bbox: 0.3162  s3.loss_iou: 0.2745  s4.loss_cls: 0.3328  s4.pos_acc: 100.0000  s4.loss_bbox: 0.3092  s4.loss_iou: 0.2682  s5.loss_cls: 0.3403  s5.pos_acc: 100.0000  s5.loss_bbox: 0.2999  s5.loss_iou: 0.2629
2025/05/18 13:57:03 - mmengine - INFO - Epoch(train) [6][6050/8276]  lr: 2.5000e-05  eta: 0:09:39  time: 0.2682  data_time: 0.0074  memory: 2064  grad_norm: 116.9441  loss: 7.3806  s0.loss_cls: 0.5583  s0.pos_acc: 100.0000  s0.loss_bbox: 0.6628  s0.loss_iou: 0.6213  s1.loss_cls: 0.3950  s1.pos_acc: 100.0000  s1.loss_bbox: 0.4482  s1.loss_iou: 0.4141  s2.loss_cls: 0.3765  s2.pos_acc: 100.0000  s2.loss_bbox: 0.3852  s2.loss_iou: 0.3559  s3.loss_cls: 0.3632  s3.pos_acc: 100.0000  s3.loss_bbox: 0.3675  s3.loss_iou: 0.3382  s4.loss_cls: 0.3665  s4.pos_acc: 100.0000  s4.loss_bbox: 0.3603  s4.loss_iou: 0.3298  s5.loss_cls: 0.3671  s5.pos_acc: 100.0000  s5.loss_bbox: 0.3485  s5.loss_iou: 0.3222
2025/05/18 13:57:16 - mmengine - INFO - Epoch(train) [6][6100/8276]  lr: 2.5000e-05  eta: 0:09:26  time: 0.2695  data_time: 0.0075  memory: 2064  grad_norm: 113.7588  loss: 7.3819  s0.loss_cls: 0.5882  s0.pos_acc: 66.6667  s0.loss_bbox: 0.7132  s0.loss_iou: 0.6721  s1.loss_cls: 0.4334  s1.pos_acc: 66.6667  s1.loss_bbox: 0.4187  s1.loss_iou: 0.3959  s2.loss_cls: 0.3975  s2.pos_acc: 66.6667  s2.loss_bbox: 0.3513  s2.loss_iou: 0.3359  s3.loss_cls: 0.3815  s3.pos_acc: 66.6667  s3.loss_bbox: 0.3391  s3.loss_iou: 0.3206  s4.loss_cls: 0.3704  s4.pos_acc: 66.6667  s4.loss_bbox: 0.3315  s4.loss_iou: 0.3167  s5.loss_cls: 0.3886  s5.pos_acc: 66.6667  s5.loss_bbox: 0.3202  s5.loss_iou: 0.3072
2025/05/18 13:57:30 - mmengine - INFO - Epoch(train) [6][6150/8276]  lr: 2.5000e-05  eta: 0:09:13  time: 0.2689  data_time: 0.0074  memory: 2064  grad_norm: 121.4452  loss: 7.2185  s0.loss_cls: 0.5164  s0.pos_acc: 100.0000  s0.loss_bbox: 0.7042  s0.loss_iou: 0.5918  s1.loss_cls: 0.3971  s1.pos_acc: 100.0000  s1.loss_bbox: 0.4625  s1.loss_iou: 0.3967  s2.loss_cls: 0.3696  s2.pos_acc: 100.0000  s2.loss_bbox: 0.3903  s2.loss_iou: 0.3439  s3.loss_cls: 0.3518  s3.pos_acc: 100.0000  s3.loss_bbox: 0.3585  s3.loss_iou: 0.3254  s4.loss_cls: 0.3614  s4.pos_acc: 100.0000  s4.loss_bbox: 0.3386  s4.loss_iou: 0.3105  s5.loss_cls: 0.3552  s5.pos_acc: 100.0000  s5.loss_bbox: 0.3356  s5.loss_iou: 0.3090
2025/05/18 13:57:43 - mmengine - INFO - Epoch(train) [6][6200/8276]  lr: 2.5000e-05  eta: 0:09:00  time: 0.2769  data_time: 0.0074  memory: 2064  grad_norm: 135.2239  loss: 7.1435  s0.loss_cls: 0.5218  s0.pos_acc: 66.6667  s0.loss_bbox: 0.6631  s0.loss_iou: 0.5733  s1.loss_cls: 0.3972  s1.pos_acc: 33.3333  s1.loss_bbox: 0.4333  s1.loss_iou: 0.3731  s2.loss_cls: 0.3920  s2.pos_acc: 33.3333  s2.loss_bbox: 0.3703  s2.loss_iou: 0.3282  s3.loss_cls: 0.3669  s3.pos_acc: 33.3333  s3.loss_bbox: 0.3635  s3.loss_iou: 0.3182  s4.loss_cls: 0.3613  s4.pos_acc: 33.3333  s4.loss_bbox: 0.3457  s4.loss_iou: 0.3105  s5.loss_cls: 0.3563  s5.pos_acc: 33.3333  s5.loss_bbox: 0.3525  s5.loss_iou: 0.3162
2025/05/18 13:57:57 - mmengine - INFO - Epoch(train) [6][6250/8276]  lr: 2.5000e-05  eta: 0:08:47  time: 0.2694  data_time: 0.0075  memory: 2064  grad_norm: 114.1564  loss: 7.6499  s0.loss_cls: 0.5724  s0.pos_acc: 90.0000  s0.loss_bbox: 0.7185  s0.loss_iou: 0.6542  s1.loss_cls: 0.4197  s1.pos_acc: 100.0000  s1.loss_bbox: 0.4338  s1.loss_iou: 0.4010  s2.loss_cls: 0.3829  s2.pos_acc: 100.0000  s2.loss_bbox: 0.3942  s2.loss_iou: 0.3689  s3.loss_cls: 0.3728  s3.pos_acc: 100.0000  s3.loss_bbox: 0.3850  s3.loss_iou: 0.3608  s4.loss_cls: 0.3527  s4.pos_acc: 100.0000  s4.loss_bbox: 0.3787  s4.loss_iou: 0.3542  s5.loss_cls: 0.3590  s5.pos_acc: 100.0000  s5.loss_bbox: 0.3853  s5.loss_iou: 0.3558
2025/05/18 13:58:10 - mmengine - INFO - Epoch(train) [6][6300/8276]  lr: 2.5000e-05  eta: 0:08:34  time: 0.2688  data_time: 0.0071  memory: 2065  grad_norm: 113.6655  loss: 7.3531  s0.loss_cls: 0.6329  s0.pos_acc: 80.0000  s0.loss_bbox: 0.6496  s0.loss_iou: 0.6602  s1.loss_cls: 0.4372  s1.pos_acc: 90.0000  s1.loss_bbox: 0.3720  s1.loss_iou: 0.4050  s2.loss_cls: 0.4069  s2.pos_acc: 80.0000  s2.loss_bbox: 0.3292  s2.loss_iou: 0.3571  s3.loss_cls: 0.3743  s3.pos_acc: 90.0000  s3.loss_bbox: 0.3164  s3.loss_iou: 0.3469  s4.loss_cls: 0.3455  s4.pos_acc: 100.0000  s4.loss_bbox: 0.3308  s4.loss_iou: 0.3547  s5.loss_cls: 0.3495  s5.pos_acc: 90.0000  s5.loss_bbox: 0.3310  s5.loss_iou: 0.3539
2025/05/18 13:58:24 - mmengine - INFO - Epoch(train) [6][6350/8276]  lr: 2.5000e-05  eta: 0:08:21  time: 0.2685  data_time: 0.0074  memory: 2063  grad_norm: 126.3048  loss: 7.2450  s0.loss_cls: 0.5638  s0.pos_acc: 60.0000  s0.loss_bbox: 0.7186  s0.loss_iou: 0.6088  s1.loss_cls: 0.4276  s1.pos_acc: 60.0000  s1.loss_bbox: 0.4324  s1.loss_iou: 0.3699  s2.loss_cls: 0.3924  s2.pos_acc: 80.0000  s2.loss_bbox: 0.3641  s2.loss_iou: 0.3235  s3.loss_cls: 0.3741  s3.pos_acc: 80.0000  s3.loss_bbox: 0.3480  s3.loss_iou: 0.3071  s4.loss_cls: 0.3799  s4.pos_acc: 80.0000  s4.loss_bbox: 0.3335  s4.loss_iou: 0.2996  s5.loss_cls: 0.3893  s5.pos_acc: 80.0000  s5.loss_bbox: 0.3183  s5.loss_iou: 0.2940
2025/05/18 13:58:37 - mmengine - INFO - Epoch(train) [6][6400/8276]  lr: 2.5000e-05  eta: 0:08:08  time: 0.2682  data_time: 0.0077  memory: 2064  grad_norm: 121.2506  loss: 6.4180  s0.loss_cls: 0.5129  s0.pos_acc: 100.0000  s0.loss_bbox: 0.6361  s0.loss_iou: 0.5378  s1.loss_cls: 0.3543  s1.pos_acc: 100.0000  s1.loss_bbox: 0.4073  s1.loss_iou: 0.3392  s2.loss_cls: 0.2979  s2.pos_acc: 80.0000  s2.loss_bbox: 0.3581  s2.loss_iou: 0.3043  s3.loss_cls: 0.2766  s3.pos_acc: 80.0000  s3.loss_bbox: 0.3325  s3.loss_iou: 0.2850  s4.loss_cls: 0.2861  s4.pos_acc: 100.0000  s4.loss_bbox: 0.3199  s4.loss_iou: 0.2758  s5.loss_cls: 0.2960  s5.pos_acc: 100.0000  s5.loss_bbox: 0.3224  s5.loss_iou: 0.2756
2025/05/18 13:58:51 - mmengine - INFO - Epoch(train) [6][6450/8276]  lr: 2.5000e-05  eta: 0:07:55  time: 0.2689  data_time: 0.0076  memory: 2064  grad_norm: 115.7916  loss: 7.2816  s0.loss_cls: 0.5484  s0.pos_acc: 66.6667  s0.loss_bbox: 0.6490  s0.loss_iou: 0.5810  s1.loss_cls: 0.4449  s1.pos_acc: 100.0000  s1.loss_bbox: 0.4090  s1.loss_iou: 0.3805  s2.loss_cls: 0.3994  s2.pos_acc: 100.0000  s2.loss_bbox: 0.3867  s2.loss_iou: 0.3471  s3.loss_cls: 0.3687  s3.pos_acc: 100.0000  s3.loss_bbox: 0.3620  s3.loss_iou: 0.3326  s4.loss_cls: 0.3775  s4.pos_acc: 100.0000  s4.loss_bbox: 0.3365  s4.loss_iou: 0.3215  s5.loss_cls: 0.3720  s5.pos_acc: 100.0000  s5.loss_bbox: 0.3420  s5.loss_iou: 0.3228
2025/05/18 13:59:04 - mmengine - INFO - Epoch(train) [6][6500/8276]  lr: 2.5000e-05  eta: 0:07:42  time: 0.2630  data_time: 0.0069  memory: 2064  grad_norm: 115.0095  loss: 7.4393  s0.loss_cls: 0.6235  s0.pos_acc: 100.0000  s0.loss_bbox: 0.6762  s0.loss_iou: 0.6073  s1.loss_cls: 0.4508  s1.pos_acc: 100.0000  s1.loss_bbox: 0.4287  s1.loss_iou: 0.3839  s2.loss_cls: 0.3846  s2.pos_acc: 100.0000  s2.loss_bbox: 0.3897  s2.loss_iou: 0.3499  s3.loss_cls: 0.3630  s3.pos_acc: 100.0000  s3.loss_bbox: 0.3667  s3.loss_iou: 0.3351  s4.loss_cls: 0.3519  s4.pos_acc: 100.0000  s4.loss_bbox: 0.3585  s4.loss_iou: 0.3306  s5.loss_cls: 0.3509  s5.pos_acc: 100.0000  s5.loss_bbox: 0.3580  s5.loss_iou: 0.3301
2025/05/18 13:59:17 - mmengine - INFO - Epoch(train) [6][6550/8276]  lr: 2.5000e-05  eta: 0:07:29  time: 0.2581  data_time: 0.0063  memory: 2064  grad_norm: 114.9009  loss: 7.4354  s0.loss_cls: 0.5739  s0.pos_acc: 60.0000  s0.loss_bbox: 0.7229  s0.loss_iou: 0.6387  s1.loss_cls: 0.4196  s1.pos_acc: 60.0000  s1.loss_bbox: 0.4301  s1.loss_iou: 0.3991  s2.loss_cls: 0.3810  s2.pos_acc: 80.0000  s2.loss_bbox: 0.3715  s2.loss_iou: 0.3476  s3.loss_cls: 0.3514  s3.pos_acc: 80.0000  s3.loss_bbox: 0.3617  s3.loss_iou: 0.3451  s4.loss_cls: 0.3523  s4.pos_acc: 80.0000  s4.loss_bbox: 0.3469  s4.loss_iou: 0.3401  s5.loss_cls: 0.3683  s5.pos_acc: 60.0000  s5.loss_bbox: 0.3471  s5.loss_iou: 0.3380
2025/05/18 13:59:30 - mmengine - INFO - Epoch(train) [6][6600/8276]  lr: 2.5000e-05  eta: 0:07:16  time: 0.2620  data_time: 0.0065  memory: 2064  grad_norm: 126.1728  loss: 7.6661  s0.loss_cls: 0.5959  s0.pos_acc: 66.6667  s0.loss_bbox: 0.6833  s0.loss_iou: 0.6243  s1.loss_cls: 0.4412  s1.pos_acc: 66.6667  s1.loss_bbox: 0.4444  s1.loss_iou: 0.4029  s2.loss_cls: 0.4228  s2.pos_acc: 66.6667  s2.loss_bbox: 0.3834  s2.loss_iou: 0.3600  s3.loss_cls: 0.4178  s3.pos_acc: 66.6667  s3.loss_bbox: 0.3562  s3.loss_iou: 0.3425  s4.loss_cls: 0.4042  s4.pos_acc: 66.6667  s4.loss_bbox: 0.3477  s4.loss_iou: 0.3399  s5.loss_cls: 0.4038  s5.pos_acc: 66.6667  s5.loss_bbox: 0.3527  s5.loss_iou: 0.3432
2025/05/18 13:59:35 - mmengine - INFO - Exp name: sparse-rcnn_voc_20250518_101231
2025/05/18 13:59:43 - mmengine - INFO - Epoch(train) [6][6650/8276]  lr: 2.5000e-05  eta: 0:07:03  time: 0.2607  data_time: 0.0066  memory: 2064  grad_norm: 127.8041  loss: 7.3366  s0.loss_cls: 0.5557  s0.pos_acc: 100.0000  s0.loss_bbox: 0.6552  s0.loss_iou: 0.5751  s1.loss_cls: 0.3952  s1.pos_acc: 100.0000  s1.loss_bbox: 0.4444  s1.loss_iou: 0.3908  s2.loss_cls: 0.3769  s2.pos_acc: 100.0000  s2.loss_bbox: 0.3970  s2.loss_iou: 0.3421  s3.loss_cls: 0.3727  s3.pos_acc: 100.0000  s3.loss_bbox: 0.3709  s3.loss_iou: 0.3265  s4.loss_cls: 0.3656  s4.pos_acc: 100.0000  s4.loss_bbox: 0.3714  s4.loss_iou: 0.3299  s5.loss_cls: 0.3520  s5.pos_acc: 100.0000  s5.loss_bbox: 0.3817  s5.loss_iou: 0.3334
2025/05/18 13:59:56 - mmengine - INFO - Epoch(train) [6][6700/8276]  lr: 2.5000e-05  eta: 0:06:50  time: 0.2676  data_time: 0.0073  memory: 2063  grad_norm: 116.4479  loss: 7.7897  s0.loss_cls: 0.6334  s0.pos_acc: 83.3333  s0.loss_bbox: 0.7193  s0.loss_iou: 0.6449  s1.loss_cls: 0.4644  s1.pos_acc: 83.3333  s1.loss_bbox: 0.4511  s1.loss_iou: 0.4046  s2.loss_cls: 0.4325  s2.pos_acc: 83.3333  s2.loss_bbox: 0.3788  s2.loss_iou: 0.3500  s3.loss_cls: 0.4270  s3.pos_acc: 83.3333  s3.loss_bbox: 0.3600  s3.loss_iou: 0.3334  s4.loss_cls: 0.3932  s4.pos_acc: 83.3333  s4.loss_bbox: 0.3658  s4.loss_iou: 0.3350  s5.loss_cls: 0.3946  s5.pos_acc: 83.3333  s5.loss_bbox: 0.3673  s5.loss_iou: 0.3343
2025/05/18 14:00:09 - mmengine - INFO - Epoch(train) [6][6750/8276]  lr: 2.5000e-05  eta: 0:06:37  time: 0.2625  data_time: 0.0066  memory: 2064  grad_norm: 116.7993  loss: 8.1299  s0.loss_cls: 0.6783  s0.pos_acc: 75.0000  s0.loss_bbox: 0.7095  s0.loss_iou: 0.6688  s1.loss_cls: 0.4710  s1.pos_acc: 100.0000  s1.loss_bbox: 0.4487  s1.loss_iou: 0.4481  s2.loss_cls: 0.4245  s2.pos_acc: 100.0000  s2.loss_bbox: 0.3992  s2.loss_iou: 0.4052  s3.loss_cls: 0.4057  s3.pos_acc: 100.0000  s3.loss_bbox: 0.3687  s3.loss_iou: 0.3839  s4.loss_cls: 0.3855  s4.pos_acc: 100.0000  s4.loss_bbox: 0.3820  s4.loss_iou: 0.3883  s5.loss_cls: 0.3892  s5.pos_acc: 100.0000  s5.loss_bbox: 0.3827  s5.loss_iou: 0.3903
2025/05/18 14:00:22 - mmengine - INFO - Epoch(train) [6][6800/8276]  lr: 2.5000e-05  eta: 0:06:24  time: 0.2579  data_time: 0.0061  memory: 2064  grad_norm: 135.2284  loss: 6.9791  s0.loss_cls: 0.5114  s0.pos_acc: 100.0000  s0.loss_bbox: 0.6504  s0.loss_iou: 0.5595  s1.loss_cls: 0.3937  s1.pos_acc: 100.0000  s1.loss_bbox: 0.4270  s1.loss_iou: 0.3694  s2.loss_cls: 0.3348  s2.pos_acc: 100.0000  s2.loss_bbox: 0.3847  s2.loss_iou: 0.3398  s3.loss_cls: 0.3284  s3.pos_acc: 100.0000  s3.loss_bbox: 0.3557  s3.loss_iou: 0.3209  s4.loss_cls: 0.3395  s4.pos_acc: 100.0000  s4.loss_bbox: 0.3455  s4.loss_iou: 0.3137  s5.loss_cls: 0.3418  s5.pos_acc: 100.0000  s5.loss_bbox: 0.3484  s5.loss_iou: 0.3143
2025/05/18 14:00:36 - mmengine - INFO - Epoch(train) [6][6850/8276]  lr: 2.5000e-05  eta: 0:06:11  time: 0.2666  data_time: 0.0072  memory: 2064  grad_norm: 126.2708  loss: 8.0268  s0.loss_cls: 0.5887  s0.pos_acc: 50.0000  s0.loss_bbox: 0.7124  s0.loss_iou: 0.6043  s1.loss_cls: 0.4709  s1.pos_acc: 100.0000  s1.loss_bbox: 0.4871  s1.loss_iou: 0.4115  s2.loss_cls: 0.4125  s2.pos_acc: 50.0000  s2.loss_bbox: 0.4359  s2.loss_iou: 0.3747  s3.loss_cls: 0.4305  s3.pos_acc: 50.0000  s3.loss_bbox: 0.4055  s3.loss_iou: 0.3494  s4.loss_cls: 0.4320  s4.pos_acc: 50.0000  s4.loss_bbox: 0.3944  s4.loss_iou: 0.3418  s5.loss_cls: 0.4303  s5.pos_acc: 50.0000  s5.loss_bbox: 0.3994  s5.loss_iou: 0.3454
2025/05/18 14:00:48 - mmengine - INFO - Epoch(train) [6][6900/8276]  lr: 2.5000e-05  eta: 0:05:58  time: 0.2540  data_time: 0.0061  memory: 2063  grad_norm: 111.5380  loss: 7.3422  s0.loss_cls: 0.5809  s0.pos_acc: 75.0000  s0.loss_bbox: 0.6598  s0.loss_iou: 0.6013  s1.loss_cls: 0.3984  s1.pos_acc: 100.0000  s1.loss_bbox: 0.4628  s1.loss_iou: 0.4039  s2.loss_cls: 0.3608  s2.pos_acc: 100.0000  s2.loss_bbox: 0.4002  s2.loss_iou: 0.3533  s3.loss_cls: 0.3538  s3.pos_acc: 100.0000  s3.loss_bbox: 0.3600  s3.loss_iou: 0.3336  s4.loss_cls: 0.3539  s4.pos_acc: 100.0000  s4.loss_bbox: 0.3588  s4.loss_iou: 0.3306  s5.loss_cls: 0.3530  s5.pos_acc: 100.0000  s5.loss_bbox: 0.3529  s5.loss_iou: 0.3243
2025/05/18 14:01:01 - mmengine - INFO - Epoch(train) [6][6950/8276]  lr: 2.5000e-05  eta: 0:05:45  time: 0.2581  data_time: 0.0066  memory: 2064  grad_norm: 118.7826  loss: 7.0619  s0.loss_cls: 0.5955  s0.pos_acc: 100.0000  s0.loss_bbox: 0.6204  s0.loss_iou: 0.6302  s1.loss_cls: 0.4489  s1.pos_acc: 100.0000  s1.loss_bbox: 0.3778  s1.loss_iou: 0.3904  s2.loss_cls: 0.3537  s2.pos_acc: 100.0000  s2.loss_bbox: 0.3408  s2.loss_iou: 0.3491  s3.loss_cls: 0.3500  s3.pos_acc: 100.0000  s3.loss_bbox: 0.3152  s3.loss_iou: 0.3336  s4.loss_cls: 0.3472  s4.pos_acc: 100.0000  s4.loss_bbox: 0.3011  s4.loss_iou: 0.3264  s5.loss_cls: 0.3563  s5.pos_acc: 100.0000  s5.loss_bbox: 0.3026  s5.loss_iou: 0.3226
2025/05/18 14:01:14 - mmengine - INFO - Epoch(train) [6][7000/8276]  lr: 2.5000e-05  eta: 0:05:32  time: 0.2578  data_time: 0.0068  memory: 2065  grad_norm: 127.5962  loss: 7.1260  s0.loss_cls: 0.5600  s0.pos_acc: 100.0000  s0.loss_bbox: 0.6503  s0.loss_iou: 0.5808  s1.loss_cls: 0.4294  s1.pos_acc: 100.0000  s1.loss_bbox: 0.4366  s1.loss_iou: 0.3775  s2.loss_cls: 0.4027  s2.pos_acc: 100.0000  s2.loss_bbox: 0.3670  s2.loss_iou: 0.3189  s3.loss_cls: 0.3808  s3.pos_acc: 100.0000  s3.loss_bbox: 0.3350  s3.loss_iou: 0.3002  s4.loss_cls: 0.3667  s4.pos_acc: 100.0000  s4.loss_bbox: 0.3345  s4.loss_iou: 0.2981  s5.loss_cls: 0.3850  s5.pos_acc: 100.0000  s5.loss_bbox: 0.3159  s5.loss_iou: 0.2867
2025/05/18 14:01:27 - mmengine - INFO - Epoch(train) [6][7050/8276]  lr: 2.5000e-05  eta: 0:05:19  time: 0.2614  data_time: 0.0067  memory: 2064  grad_norm: 108.2412  loss: 7.1165  s0.loss_cls: 0.5484  s0.pos_acc: 66.6667  s0.loss_bbox: 0.6843  s0.loss_iou: 0.6182  s1.loss_cls: 0.4122  s1.pos_acc: 83.3333  s1.loss_bbox: 0.4258  s1.loss_iou: 0.3886  s2.loss_cls: 0.3662  s2.pos_acc: 83.3333  s2.loss_bbox: 0.3540  s2.loss_iou: 0.3372  s3.loss_cls: 0.3544  s3.pos_acc: 83.3333  s3.loss_bbox: 0.3332  s3.loss_iou: 0.3235  s4.loss_cls: 0.3379  s4.pos_acc: 83.3333  s4.loss_bbox: 0.3283  s4.loss_iou: 0.3223  s5.loss_cls: 0.3389  s5.pos_acc: 100.0000  s5.loss_bbox: 0.3215  s5.loss_iou: 0.3215
2025/05/18 14:01:40 - mmengine - INFO - Epoch(train) [6][7100/8276]  lr: 2.5000e-05  eta: 0:05:06  time: 0.2572  data_time: 0.0061  memory: 2065  grad_norm: 118.4842  loss: 7.4233  s0.loss_cls: 0.6764  s0.pos_acc: 60.0000  s0.loss_bbox: 0.6479  s0.loss_iou: 0.6583  s1.loss_cls: 0.4640  s1.pos_acc: 100.0000  s1.loss_bbox: 0.3874  s1.loss_iou: 0.4200  s2.loss_cls: 0.4125  s2.pos_acc: 100.0000  s2.loss_bbox: 0.3360  s2.loss_iou: 0.3582  s3.loss_cls: 0.3982  s3.pos_acc: 100.0000  s3.loss_bbox: 0.3034  s3.loss_iou: 0.3415  s4.loss_cls: 0.3816  s4.pos_acc: 100.0000  s4.loss_bbox: 0.2979  s4.loss_iou: 0.3322  s5.loss_cls: 0.3859  s5.pos_acc: 100.0000  s5.loss_bbox: 0.2923  s5.loss_iou: 0.3296
2025/05/18 14:01:53 - mmengine - INFO - Epoch(train) [6][7150/8276]  lr: 2.5000e-05  eta: 0:04:53  time: 0.2631  data_time: 0.0068  memory: 2065  grad_norm: 125.6595  loss: 6.9212  s0.loss_cls: 0.5428  s0.pos_acc: 60.0000  s0.loss_bbox: 0.6428  s0.loss_iou: 0.6260  s1.loss_cls: 0.4057  s1.pos_acc: 80.0000  s1.loss_bbox: 0.3837  s1.loss_iou: 0.3742  s2.loss_cls: 0.3432  s2.pos_acc: 100.0000  s2.loss_bbox: 0.3480  s2.loss_iou: 0.3379  s3.loss_cls: 0.3361  s3.pos_acc: 80.0000  s3.loss_bbox: 0.3295  s3.loss_iou: 0.3223  s4.loss_cls: 0.3247  s4.pos_acc: 80.0000  s4.loss_bbox: 0.3218  s4.loss_iou: 0.3182  s5.loss_cls: 0.3216  s5.pos_acc: 80.0000  s5.loss_bbox: 0.3244  s5.loss_iou: 0.3184
2025/05/18 14:02:06 - mmengine - INFO - Epoch(train) [6][7200/8276]  lr: 2.5000e-05  eta: 0:04:40  time: 0.2598  data_time: 0.0068  memory: 2065  grad_norm: 122.2649  loss: 6.9967  s0.loss_cls: 0.5629  s0.pos_acc: 100.0000  s0.loss_bbox: 0.6346  s0.loss_iou: 0.6260  s1.loss_cls: 0.4137  s1.pos_acc: 100.0000  s1.loss_bbox: 0.3760  s1.loss_iou: 0.3783  s2.loss_cls: 0.3806  s2.pos_acc: 100.0000  s2.loss_bbox: 0.3331  s2.loss_iou: 0.3341  s3.loss_cls: 0.3534  s3.pos_acc: 100.0000  s3.loss_bbox: 0.3110  s3.loss_iou: 0.3229  s4.loss_cls: 0.3622  s4.pos_acc: 100.0000  s4.loss_bbox: 0.3034  s4.loss_iou: 0.3167  s5.loss_cls: 0.3633  s5.pos_acc: 100.0000  s5.loss_bbox: 0.3061  s5.loss_iou: 0.3183
2025/05/18 14:02:19 - mmengine - INFO - Epoch(train) [6][7250/8276]  lr: 2.5000e-05  eta: 0:04:27  time: 0.2586  data_time: 0.0063  memory: 2064  grad_norm: 123.3699  loss: 6.8328  s0.loss_cls: 0.5163  s0.pos_acc: 50.0000  s0.loss_bbox: 0.6261  s0.loss_iou: 0.5558  s1.loss_cls: 0.4040  s1.pos_acc: 50.0000  s1.loss_bbox: 0.4092  s1.loss_iou: 0.3657  s2.loss_cls: 0.3707  s2.pos_acc: 50.0000  s2.loss_bbox: 0.3686  s2.loss_iou: 0.3243  s3.loss_cls: 0.3421  s3.pos_acc: 100.0000  s3.loss_bbox: 0.3369  s3.loss_iou: 0.3046  s4.loss_cls: 0.3218  s4.pos_acc: 50.0000  s4.loss_bbox: 0.3295  s4.loss_iou: 0.3004  s5.loss_cls: 0.3424  s5.pos_acc: 50.0000  s5.loss_bbox: 0.3180  s5.loss_iou: 0.2964
2025/05/18 14:02:32 - mmengine - INFO - Epoch(train) [6][7300/8276]  lr: 2.5000e-05  eta: 0:04:14  time: 0.2597  data_time: 0.0062  memory: 2063  grad_norm: 119.1657  loss: 7.0866  s0.loss_cls: 0.5627  s0.pos_acc: 100.0000  s0.loss_bbox: 0.6327  s0.loss_iou: 0.5906  s1.loss_cls: 0.3971  s1.pos_acc: 100.0000  s1.loss_bbox: 0.4291  s1.loss_iou: 0.3873  s2.loss_cls: 0.3942  s2.pos_acc: 100.0000  s2.loss_bbox: 0.3436  s2.loss_iou: 0.3215  s3.loss_cls: 0.3491  s3.pos_acc: 100.0000  s3.loss_bbox: 0.3478  s3.loss_iou: 0.3223  s4.loss_cls: 0.3507  s4.pos_acc: 100.0000  s4.loss_bbox: 0.3407  s4.loss_iou: 0.3162  s5.loss_cls: 0.3553  s5.pos_acc: 100.0000  s5.loss_bbox: 0.3342  s5.loss_iou: 0.3116
2025/05/18 14:02:45 - mmengine - INFO - Epoch(train) [6][7350/8276]  lr: 2.5000e-05  eta: 0:04:01  time: 0.2598  data_time: 0.0065  memory: 2065  grad_norm: 126.8157  loss: 7.0321  s0.loss_cls: 0.4846  s0.pos_acc: 40.0000  s0.loss_bbox: 0.6580  s0.loss_iou: 0.5962  s1.loss_cls: 0.3597  s1.pos_acc: 80.0000  s1.loss_bbox: 0.4397  s1.loss_iou: 0.3820  s2.loss_cls: 0.3467  s2.pos_acc: 80.0000  s2.loss_bbox: 0.3732  s2.loss_iou: 0.3400  s3.loss_cls: 0.3309  s3.pos_acc: 80.0000  s3.loss_bbox: 0.3676  s3.loss_iou: 0.3368  s4.loss_cls: 0.3193  s4.pos_acc: 80.0000  s4.loss_bbox: 0.3604  s4.loss_iou: 0.3297  s5.loss_cls: 0.3188  s5.pos_acc: 80.0000  s5.loss_bbox: 0.3592  s5.loss_iou: 0.3293
2025/05/18 14:02:58 - mmengine - INFO - Epoch(train) [6][7400/8276]  lr: 2.5000e-05  eta: 0:03:48  time: 0.2569  data_time: 0.0068  memory: 2064  grad_norm: 126.0258  loss: 7.0479  s0.loss_cls: 0.5148  s0.pos_acc: 100.0000  s0.loss_bbox: 0.6575  s0.loss_iou: 0.6056  s1.loss_cls: 0.3810  s1.pos_acc: 100.0000  s1.loss_bbox: 0.4221  s1.loss_iou: 0.3901  s2.loss_cls: 0.3646  s2.pos_acc: 100.0000  s2.loss_bbox: 0.3621  s2.loss_iou: 0.3448  s3.loss_cls: 0.3316  s3.pos_acc: 100.0000  s3.loss_bbox: 0.3493  s3.loss_iou: 0.3315  s4.loss_cls: 0.3354  s4.pos_acc: 100.0000  s4.loss_bbox: 0.3375  s4.loss_iou: 0.3254  s5.loss_cls: 0.3199  s5.pos_acc: 100.0000  s5.loss_bbox: 0.3454  s5.loss_iou: 0.3292
2025/05/18 14:03:11 - mmengine - INFO - Epoch(train) [6][7450/8276]  lr: 2.5000e-05  eta: 0:03:35  time: 0.2596  data_time: 0.0060  memory: 2064  grad_norm: 119.4912  loss: 7.0088  s0.loss_cls: 0.5697  s0.pos_acc: 100.0000  s0.loss_bbox: 0.6576  s0.loss_iou: 0.6120  s1.loss_cls: 0.3994  s1.pos_acc: 100.0000  s1.loss_bbox: 0.4047  s1.loss_iou: 0.3840  s2.loss_cls: 0.3356  s2.pos_acc: 100.0000  s2.loss_bbox: 0.3722  s2.loss_iou: 0.3492  s3.loss_cls: 0.3442  s3.pos_acc: 100.0000  s3.loss_bbox: 0.3171  s3.loss_iou: 0.3150  s4.loss_cls: 0.3332  s4.pos_acc: 100.0000  s4.loss_bbox: 0.3173  s4.loss_iou: 0.3119  s5.loss_cls: 0.3222  s5.pos_acc: 100.0000  s5.loss_bbox: 0.3416  s5.loss_iou: 0.3222
2025/05/18 14:03:24 - mmengine - INFO - Epoch(train) [6][7500/8276]  lr: 2.5000e-05  eta: 0:03:22  time: 0.2581  data_time: 0.0062  memory: 2064  grad_norm: 120.9346  loss: 7.6865  s0.loss_cls: 0.6125  s0.pos_acc: 100.0000  s0.loss_bbox: 0.6531  s0.loss_iou: 0.6170  s1.loss_cls: 0.4329  s1.pos_acc: 100.0000  s1.loss_bbox: 0.4304  s1.loss_iou: 0.4012  s2.loss_cls: 0.4111  s2.pos_acc: 100.0000  s2.loss_bbox: 0.3883  s2.loss_iou: 0.3706  s3.loss_cls: 0.4000  s3.pos_acc: 100.0000  s3.loss_bbox: 0.3793  s3.loss_iou: 0.3617  s4.loss_cls: 0.3804  s4.pos_acc: 100.0000  s4.loss_bbox: 0.3717  s4.loss_iou: 0.3594  s5.loss_cls: 0.3893  s5.pos_acc: 100.0000  s5.loss_bbox: 0.3706  s5.loss_iou: 0.3568
2025/05/18 14:03:37 - mmengine - INFO - Epoch(train) [6][7550/8276]  lr: 2.5000e-05  eta: 0:03:09  time: 0.2540  data_time: 0.0054  memory: 2064  grad_norm: 140.5448  loss: 6.9508  s0.loss_cls: 0.5216  s0.pos_acc: 100.0000  s0.loss_bbox: 0.6491  s0.loss_iou: 0.5682  s1.loss_cls: 0.3653  s1.pos_acc: 100.0000  s1.loss_bbox: 0.4314  s1.loss_iou: 0.3707  s2.loss_cls: 0.3388  s2.pos_acc: 100.0000  s2.loss_bbox: 0.3770  s2.loss_iou: 0.3265  s3.loss_cls: 0.3197  s3.pos_acc: 100.0000  s3.loss_bbox: 0.3588  s3.loss_iou: 0.3157  s4.loss_cls: 0.3482  s4.pos_acc: 100.0000  s4.loss_bbox: 0.3460  s4.loss_iou: 0.3081  s5.loss_cls: 0.3527  s5.pos_acc: 100.0000  s5.loss_bbox: 0.3464  s5.loss_iou: 0.3066
2025/05/18 14:03:50 - mmengine - INFO - Epoch(train) [6][7600/8276]  lr: 2.5000e-05  eta: 0:02:56  time: 0.2614  data_time: 0.0066  memory: 2064  grad_norm: 118.1331  loss: 7.4260  s0.loss_cls: 0.5667  s0.pos_acc: 50.0000  s0.loss_bbox: 0.6786  s0.loss_iou: 0.6107  s1.loss_cls: 0.4128  s1.pos_acc: 100.0000  s1.loss_bbox: 0.4426  s1.loss_iou: 0.3900  s2.loss_cls: 0.3523  s2.pos_acc: 100.0000  s2.loss_bbox: 0.4152  s2.loss_iou: 0.3698  s3.loss_cls: 0.3296  s3.pos_acc: 100.0000  s3.loss_bbox: 0.3902  s3.loss_iou: 0.3518  s4.loss_cls: 0.3285  s4.pos_acc: 100.0000  s4.loss_bbox: 0.3833  s4.loss_iou: 0.3431  s5.loss_cls: 0.3374  s5.pos_acc: 100.0000  s5.loss_bbox: 0.3808  s5.loss_iou: 0.3427
2025/05/18 14:03:55 - mmengine - INFO - Exp name: sparse-rcnn_voc_20250518_101231
2025/05/18 14:04:02 - mmengine - INFO - Epoch(train) [6][7650/8276]  lr: 2.5000e-05  eta: 0:02:42  time: 0.2532  data_time: 0.0058  memory: 2064  grad_norm: 125.8582  loss: 7.4450  s0.loss_cls: 0.5657  s0.pos_acc: 100.0000  s0.loss_bbox: 0.6804  s0.loss_iou: 0.6403  s1.loss_cls: 0.4157  s1.pos_acc: 100.0000  s1.loss_bbox: 0.4336  s1.loss_iou: 0.4057  s2.loss_cls: 0.3940  s2.pos_acc: 100.0000  s2.loss_bbox: 0.3630  s2.loss_iou: 0.3480  s3.loss_cls: 0.3726  s3.pos_acc: 100.0000  s3.loss_bbox: 0.3506  s3.loss_iou: 0.3379  s4.loss_cls: 0.3949  s4.pos_acc: 100.0000  s4.loss_bbox: 0.3425  s4.loss_iou: 0.3363  s5.loss_cls: 0.3859  s5.pos_acc: 100.0000  s5.loss_bbox: 0.3411  s5.loss_iou: 0.3368
2025/05/18 14:04:15 - mmengine - INFO - Epoch(train) [6][7700/8276]  lr: 2.5000e-05  eta: 0:02:29  time: 0.2583  data_time: 0.0063  memory: 2064  grad_norm: 126.9756  loss: 7.4074  s0.loss_cls: 0.6106  s0.pos_acc: 75.0000  s0.loss_bbox: 0.6695  s0.loss_iou: 0.5935  s1.loss_cls: 0.4284  s1.pos_acc: 75.0000  s1.loss_bbox: 0.4382  s1.loss_iou: 0.3861  s2.loss_cls: 0.4174  s2.pos_acc: 100.0000  s2.loss_bbox: 0.3675  s2.loss_iou: 0.3360  s3.loss_cls: 0.4097  s3.pos_acc: 100.0000  s3.loss_bbox: 0.3365  s3.loss_iou: 0.3128  s4.loss_cls: 0.3970  s4.pos_acc: 75.0000  s4.loss_bbox: 0.3365  s4.loss_iou: 0.3169  s5.loss_cls: 0.4047  s5.pos_acc: 100.0000  s5.loss_bbox: 0.3324  s5.loss_iou: 0.3136
2025/05/18 14:04:28 - mmengine - INFO - Epoch(train) [6][7750/8276]  lr: 2.5000e-05  eta: 0:02:16  time: 0.2558  data_time: 0.0059  memory: 2064  grad_norm: 114.8669  loss: 7.1963  s0.loss_cls: 0.6065  s0.pos_acc: 100.0000  s0.loss_bbox: 0.6156  s0.loss_iou: 0.5723  s1.loss_cls: 0.4200  s1.pos_acc: 100.0000  s1.loss_bbox: 0.4083  s1.loss_iou: 0.3860  s2.loss_cls: 0.3874  s2.pos_acc: 100.0000  s2.loss_bbox: 0.3534  s2.loss_iou: 0.3388  s3.loss_cls: 0.3822  s3.pos_acc: 100.0000  s3.loss_bbox: 0.3402  s3.loss_iou: 0.3285  s4.loss_cls: 0.3603  s4.pos_acc: 100.0000  s4.loss_bbox: 0.3424  s4.loss_iou: 0.3285  s5.loss_cls: 0.3614  s5.pos_acc: 100.0000  s5.loss_bbox: 0.3386  s5.loss_iou: 0.3259
2025/05/18 14:04:41 - mmengine - INFO - Epoch(train) [6][7800/8276]  lr: 2.5000e-05  eta: 0:02:03  time: 0.2582  data_time: 0.0063  memory: 2064  grad_norm: 123.3806  loss: 7.5629  s0.loss_cls: 0.5975  s0.pos_acc: 100.0000  s0.loss_bbox: 0.6711  s0.loss_iou: 0.6056  s1.loss_cls: 0.3993  s1.pos_acc: 100.0000  s1.loss_bbox: 0.4354  s1.loss_iou: 0.4067  s2.loss_cls: 0.3866  s2.pos_acc: 100.0000  s2.loss_bbox: 0.3816  s2.loss_iou: 0.3613  s3.loss_cls: 0.3898  s3.pos_acc: 100.0000  s3.loss_bbox: 0.3799  s3.loss_iou: 0.3579  s4.loss_cls: 0.3838  s4.pos_acc: 100.0000  s4.loss_bbox: 0.3631  s4.loss_iou: 0.3464  s5.loss_cls: 0.4037  s5.pos_acc: 100.0000  s5.loss_bbox: 0.3527  s5.loss_iou: 0.3405
2025/05/18 14:04:54 - mmengine - INFO - Epoch(train) [6][7850/8276]  lr: 2.5000e-05  eta: 0:01:50  time: 0.2569  data_time: 0.0061  memory: 2065  grad_norm: 116.3169  loss: 7.1849  s0.loss_cls: 0.5796  s0.pos_acc: 100.0000  s0.loss_bbox: 0.6912  s0.loss_iou: 0.6647  s1.loss_cls: 0.3992  s1.pos_acc: 100.0000  s1.loss_bbox: 0.3988  s1.loss_iou: 0.3980  s2.loss_cls: 0.3586  s2.pos_acc: 100.0000  s2.loss_bbox: 0.3454  s2.loss_iou: 0.3508  s3.loss_cls: 0.3590  s3.pos_acc: 100.0000  s3.loss_bbox: 0.3252  s3.loss_iou: 0.3311  s4.loss_cls: 0.3402  s4.pos_acc: 100.0000  s4.loss_bbox: 0.3207  s4.loss_iou: 0.3276  s5.loss_cls: 0.3518  s5.pos_acc: 100.0000  s5.loss_bbox: 0.3176  s5.loss_iou: 0.3252
2025/05/18 14:05:07 - mmengine - INFO - Epoch(train) [6][7900/8276]  lr: 2.5000e-05  eta: 0:01:37  time: 0.2557  data_time: 0.0062  memory: 2064  grad_norm: 4329886.9110  loss: 118049.5882  s0.loss_cls: 17174.5936  s0.pos_acc: 40.0000  s0.loss_bbox: 0.6362  s0.loss_iou: 0.5703  s1.loss_cls: 12362.3023  s1.pos_acc: 80.0000  s1.loss_bbox: 0.4056  s1.loss_iou: 0.3687  s2.loss_cls: 25393.3258  s2.pos_acc: 80.0000  s2.loss_bbox: 0.3447  s2.loss_iou: 0.3333  s3.loss_cls: 17589.3315  s3.pos_acc: 80.0000  s3.loss_bbox: 0.3309  s3.loss_iou: 0.3193  s4.loss_cls: 21748.1710  s4.pos_acc: 80.0000  s4.loss_bbox: 0.3450  s4.loss_iou: 0.3252  s5.loss_cls: 23777.2338  s5.pos_acc: 80.0000  s5.loss_bbox: 0.3318  s5.loss_iou: 0.3167
2025/05/18 14:05:20 - mmengine - INFO - Epoch(train) [6][7950/8276]  lr: 2.5000e-05  eta: 0:01:24  time: 0.2573  data_time: 0.0058  memory: 2065  grad_norm: 105.0384  loss: 7.5549  s0.loss_cls: 0.5756  s0.pos_acc: 66.6667  s0.loss_bbox: 0.6645  s0.loss_iou: 0.6397  s1.loss_cls: 0.4212  s1.pos_acc: 100.0000  s1.loss_bbox: 0.4299  s1.loss_iou: 0.4230  s2.loss_cls: 0.3980  s2.pos_acc: 66.6667  s2.loss_bbox: 0.3693  s2.loss_iou: 0.3619  s3.loss_cls: 0.3845  s3.pos_acc: 66.6667  s3.loss_bbox: 0.3590  s3.loss_iou: 0.3573  s4.loss_cls: 0.3730  s4.pos_acc: 66.6667  s4.loss_bbox: 0.3526  s4.loss_iou: 0.3546  s5.loss_cls: 0.3747  s5.pos_acc: 66.6667  s5.loss_bbox: 0.3580  s5.loss_iou: 0.3582
2025/05/18 14:05:33 - mmengine - INFO - Epoch(train) [6][8000/8276]  lr: 2.5000e-05  eta: 0:01:11  time: 0.2613  data_time: 0.0066  memory: 2064  grad_norm: 110.9317  loss: 7.7332  s0.loss_cls: 0.6343  s0.pos_acc: 100.0000  s0.loss_bbox: 0.7165  s0.loss_iou: 0.6670  s1.loss_cls: 0.4594  s1.pos_acc: 100.0000  s1.loss_bbox: 0.4289  s1.loss_iou: 0.4108  s2.loss_cls: 0.3986  s2.pos_acc: 100.0000  s2.loss_bbox: 0.3889  s2.loss_iou: 0.3748  s3.loss_cls: 0.3904  s3.pos_acc: 100.0000  s3.loss_bbox: 0.3541  s3.loss_iou: 0.3514  s4.loss_cls: 0.3832  s4.pos_acc: 100.0000  s4.loss_bbox: 0.3504  s4.loss_iou: 0.3472  s5.loss_cls: 0.3773  s5.pos_acc: 100.0000  s5.loss_bbox: 0.3516  s5.loss_iou: 0.3484
2025/05/18 14:05:46 - mmengine - INFO - Epoch(train) [6][8050/8276]  lr: 2.5000e-05  eta: 0:00:58  time: 0.2634  data_time: 0.0059  memory: 2064  grad_norm: 121.6910  loss: 6.3602  s0.loss_cls: 0.4857  s0.pos_acc: 100.0000  s0.loss_bbox: 0.6465  s0.loss_iou: 0.5392  s1.loss_cls: 0.3356  s1.pos_acc: 100.0000  s1.loss_bbox: 0.4043  s1.loss_iou: 0.3320  s2.loss_cls: 0.3267  s2.pos_acc: 100.0000  s2.loss_bbox: 0.3443  s2.loss_iou: 0.2883  s3.loss_cls: 0.3080  s3.pos_acc: 100.0000  s3.loss_bbox: 0.3167  s3.loss_iou: 0.2736  s4.loss_cls: 0.3009  s4.pos_acc: 100.0000  s4.loss_bbox: 0.3098  s4.loss_iou: 0.2721  s5.loss_cls: 0.2932  s5.pos_acc: 100.0000  s5.loss_bbox: 0.3104  s5.loss_iou: 0.2728
2025/05/18 14:05:59 - mmengine - INFO - Epoch(train) [6][8100/8276]  lr: 2.5000e-05  eta: 0:00:45  time: 0.2570  data_time: 0.0060  memory: 2064  grad_norm: 119.3490  loss: 6.9161  s0.loss_cls: 0.5360  s0.pos_acc: 85.7143  s0.loss_bbox: 0.7071  s0.loss_iou: 0.6105  s1.loss_cls: 0.3624  s1.pos_acc: 100.0000  s1.loss_bbox: 0.4341  s1.loss_iou: 0.3709  s2.loss_cls: 0.3184  s2.pos_acc: 100.0000  s2.loss_bbox: 0.3787  s2.loss_iou: 0.3290  s3.loss_cls: 0.2830  s3.pos_acc: 100.0000  s3.loss_bbox: 0.3610  s3.loss_iou: 0.3183  s4.loss_cls: 0.2759  s4.pos_acc: 100.0000  s4.loss_bbox: 0.3577  s4.loss_iou: 0.3174  s5.loss_cls: 0.2841  s5.pos_acc: 100.0000  s5.loss_bbox: 0.3542  s5.loss_iou: 0.3174
2025/05/18 14:06:11 - mmengine - INFO - Epoch(train) [6][8150/8276]  lr: 2.5000e-05  eta: 0:00:32  time: 0.2565  data_time: 0.0059  memory: 2064  grad_norm: 129.9449  loss: 6.7168  s0.loss_cls: 0.5449  s0.pos_acc: 100.0000  s0.loss_bbox: 0.6998  s0.loss_iou: 0.5769  s1.loss_cls: 0.3814  s1.pos_acc: 100.0000  s1.loss_bbox: 0.4083  s1.loss_iou: 0.3346  s2.loss_cls: 0.3320  s2.pos_acc: 100.0000  s2.loss_bbox: 0.3597  s2.loss_iou: 0.2940  s3.loss_cls: 0.3250  s3.pos_acc: 100.0000  s3.loss_bbox: 0.3441  s3.loss_iou: 0.2800  s4.loss_cls: 0.3109  s4.pos_acc: 100.0000  s4.loss_bbox: 0.3342  s4.loss_iou: 0.2771  s5.loss_cls: 0.2932  s5.pos_acc: 100.0000  s5.loss_bbox: 0.3378  s5.loss_iou: 0.2828
2025/05/18 14:06:24 - mmengine - INFO - Epoch(train) [6][8200/8276]  lr: 2.5000e-05  eta: 0:00:19  time: 0.2600  data_time: 0.0067  memory: 2064  grad_norm: 121.4565  loss: 7.7742  s0.loss_cls: 0.5841  s0.pos_acc: 75.0000  s0.loss_bbox: 0.7164  s0.loss_iou: 0.6775  s1.loss_cls: 0.4416  s1.pos_acc: 100.0000  s1.loss_bbox: 0.4260  s1.loss_iou: 0.4260  s2.loss_cls: 0.3747  s2.pos_acc: 100.0000  s2.loss_bbox: 0.3880  s2.loss_iou: 0.3854  s3.loss_cls: 0.3571  s3.pos_acc: 100.0000  s3.loss_bbox: 0.3813  s3.loss_iou: 0.3832  s4.loss_cls: 0.3587  s4.pos_acc: 100.0000  s4.loss_bbox: 0.3767  s4.loss_iou: 0.3798  s5.loss_cls: 0.3613  s5.pos_acc: 100.0000  s5.loss_bbox: 0.3751  s5.loss_iou: 0.3813
2025/05/18 14:06:37 - mmengine - INFO - Epoch(train) [6][8250/8276]  lr: 2.5000e-05  eta: 0:00:06  time: 0.2605  data_time: 0.0066  memory: 2064  grad_norm: 119.3264  loss: 8.2637  s0.loss_cls: 0.6972  s0.pos_acc: 100.0000  s0.loss_bbox: 0.7041  s0.loss_iou: 0.6306  s1.loss_cls: 0.4772  s1.pos_acc: 100.0000  s1.loss_bbox: 0.4548  s1.loss_iou: 0.4216  s2.loss_cls: 0.4773  s2.pos_acc: 100.0000  s2.loss_bbox: 0.3986  s2.loss_iou: 0.3724  s3.loss_cls: 0.4475  s3.pos_acc: 100.0000  s3.loss_bbox: 0.3965  s3.loss_iou: 0.3708  s4.loss_cls: 0.4375  s4.pos_acc: 100.0000  s4.loss_bbox: 0.3984  s4.loss_iou: 0.3712  s5.loss_cls: 0.4362  s5.pos_acc: 100.0000  s5.loss_bbox: 0.3999  s5.loss_iou: 0.3722
2025/05/18 14:06:44 - mmengine - INFO - Exp name: sparse-rcnn_voc_20250518_101231
2025/05/18 14:06:44 - mmengine - INFO - Saving checkpoint at 6 epochs
2025/05/18 14:06:51 - mmengine - INFO - Epoch(val) [6][  50/4952]    eta: 0:03:51  time: 0.0472  data_time: 0.0029  memory: 2064  
2025/05/18 14:06:53 - mmengine - INFO - Epoch(val) [6][ 100/4952]    eta: 0:03:39  time: 0.0433  data_time: 0.0026  memory: 1292  
2025/05/18 14:06:55 - mmengine - INFO - Epoch(val) [6][ 150/4952]    eta: 0:03:39  time: 0.0465  data_time: 0.0030  memory: 1291  
2025/05/18 14:06:57 - mmengine - INFO - Epoch(val) [6][ 200/4952]    eta: 0:03:33  time: 0.0427  data_time: 0.0023  memory: 1291  
2025/05/18 14:06:59 - mmengine - INFO - Epoch(val) [6][ 250/4952]    eta: 0:03:29  time: 0.0426  data_time: 0.0024  memory: 1292  
2025/05/18 14:07:02 - mmengine - INFO - Epoch(val) [6][ 300/4952]    eta: 0:03:28  time: 0.0461  data_time: 0.0029  memory: 1292  
2025/05/18 14:07:04 - mmengine - INFO - Epoch(val) [6][ 350/4952]    eta: 0:03:23  time: 0.0414  data_time: 0.0025  memory: 1292  
2025/05/18 14:07:06 - mmengine - INFO - Epoch(val) [6][ 400/4952]    eta: 0:03:21  time: 0.0449  data_time: 0.0027  memory: 1292  
2025/05/18 14:07:08 - mmengine - INFO - Epoch(val) [6][ 450/4952]    eta: 0:03:19  time: 0.0433  data_time: 0.0026  memory: 1291  
2025/05/18 14:07:10 - mmengine - INFO - Epoch(val) [6][ 500/4952]    eta: 0:03:15  time: 0.0406  data_time: 0.0023  memory: 1291  
2025/05/18 14:07:12 - mmengine - INFO - Epoch(val) [6][ 550/4952]    eta: 0:03:11  time: 0.0403  data_time: 0.0021  memory: 1292  
2025/05/18 14:07:14 - mmengine - INFO - Epoch(val) [6][ 600/4952]    eta: 0:03:08  time: 0.0410  data_time: 0.0022  memory: 1291  
2025/05/18 14:07:16 - mmengine - INFO - Epoch(val) [6][ 650/4952]    eta: 0:03:05  time: 0.0414  data_time: 0.0023  memory: 1292  
2025/05/18 14:07:18 - mmengine - INFO - Epoch(val) [6][ 700/4952]    eta: 0:03:02  time: 0.0405  data_time: 0.0020  memory: 1291  
2025/05/18 14:07:21 - mmengine - INFO - Epoch(val) [6][ 750/4952]    eta: 0:03:00  time: 0.0425  data_time: 0.0023  memory: 1292  
2025/05/18 14:07:23 - mmengine - INFO - Epoch(val) [6][ 800/4952]    eta: 0:02:57  time: 0.0406  data_time: 0.0020  memory: 1291  
2025/05/18 14:07:25 - mmengine - INFO - Epoch(val) [6][ 850/4952]    eta: 0:02:55  time: 0.0411  data_time: 0.0022  memory: 1291  
2025/05/18 14:07:27 - mmengine - INFO - Epoch(val) [6][ 900/4952]    eta: 0:02:52  time: 0.0408  data_time: 0.0021  memory: 1292  
2025/05/18 14:07:29 - mmengine - INFO - Epoch(val) [6][ 950/4952]    eta: 0:02:50  time: 0.0404  data_time: 0.0020  memory: 1292  
2025/05/18 14:07:31 - mmengine - INFO - Epoch(val) [6][1000/4952]    eta: 0:02:47  time: 0.0421  data_time: 0.0024  memory: 1292  
2025/05/18 14:07:33 - mmengine - INFO - Epoch(val) [6][1050/4952]    eta: 0:02:45  time: 0.0418  data_time: 0.0022  memory: 1292  
2025/05/18 14:07:35 - mmengine - INFO - Epoch(val) [6][1100/4952]    eta: 0:02:43  time: 0.0409  data_time: 0.0021  memory: 1291  
2025/05/18 14:07:37 - mmengine - INFO - Epoch(val) [6][1150/4952]    eta: 0:02:40  time: 0.0407  data_time: 0.0023  memory: 1292  
2025/05/18 14:07:39 - mmengine - INFO - Epoch(val) [6][1200/4952]    eta: 0:02:38  time: 0.0409  data_time: 0.0022  memory: 1292  
2025/05/18 14:07:41 - mmengine - INFO - Epoch(val) [6][1250/4952]    eta: 0:02:36  time: 0.0438  data_time: 0.0027  memory: 1291  
2025/05/18 14:07:44 - mmengine - INFO - Epoch(val) [6][1300/4952]    eta: 0:02:34  time: 0.0435  data_time: 0.0027  memory: 1291  
2025/05/18 14:07:46 - mmengine - INFO - Epoch(val) [6][1350/4952]    eta: 0:02:32  time: 0.0424  data_time: 0.0025  memory: 1292  
2025/05/18 14:07:48 - mmengine - INFO - Epoch(val) [6][1400/4952]    eta: 0:02:30  time: 0.0446  data_time: 0.0028  memory: 1291  
2025/05/18 14:07:50 - mmengine - INFO - Epoch(val) [6][1450/4952]    eta: 0:02:28  time: 0.0432  data_time: 0.0029  memory: 1292  
2025/05/18 14:07:52 - mmengine - INFO - Epoch(val) [6][1500/4952]    eta: 0:02:26  time: 0.0438  data_time: 0.0027  memory: 1292  
2025/05/18 14:07:54 - mmengine - INFO - Epoch(val) [6][1550/4952]    eta: 0:02:24  time: 0.0421  data_time: 0.0022  memory: 1291  
2025/05/18 14:07:56 - mmengine - INFO - Epoch(val) [6][1600/4952]    eta: 0:02:22  time: 0.0425  data_time: 0.0024  memory: 1292  
2025/05/18 14:07:59 - mmengine - INFO - Epoch(val) [6][1650/4952]    eta: 0:02:20  time: 0.0439  data_time: 0.0028  memory: 1291  
2025/05/18 14:08:01 - mmengine - INFO - Epoch(val) [6][1700/4952]    eta: 0:02:18  time: 0.0437  data_time: 0.0026  memory: 1291  
2025/05/18 14:08:03 - mmengine - INFO - Epoch(val) [6][1750/4952]    eta: 0:02:16  time: 0.0404  data_time: 0.0020  memory: 1291  
2025/05/18 14:08:05 - mmengine - INFO - Epoch(val) [6][1800/4952]    eta: 0:02:13  time: 0.0408  data_time: 0.0022  memory: 1291  
2025/05/18 14:08:07 - mmengine - INFO - Epoch(val) [6][1850/4952]    eta: 0:02:11  time: 0.0405  data_time: 0.0021  memory: 1291  
2025/05/18 14:08:09 - mmengine - INFO - Epoch(val) [6][1900/4952]    eta: 0:02:09  time: 0.0408  data_time: 0.0023  memory: 1291  
2025/05/18 14:08:11 - mmengine - INFO - Epoch(val) [6][1950/4952]    eta: 0:02:07  time: 0.0410  data_time: 0.0022  memory: 1292  
2025/05/18 14:08:13 - mmengine - INFO - Epoch(val) [6][2000/4952]    eta: 0:02:04  time: 0.0412  data_time: 0.0022  memory: 1291  
2025/05/18 14:08:15 - mmengine - INFO - Epoch(val) [6][2050/4952]    eta: 0:02:02  time: 0.0426  data_time: 0.0025  memory: 1292  
2025/05/18 14:08:17 - mmengine - INFO - Epoch(val) [6][2100/4952]    eta: 0:02:00  time: 0.0417  data_time: 0.0025  memory: 1291  
2025/05/18 14:08:20 - mmengine - INFO - Epoch(val) [6][2150/4952]    eta: 0:01:58  time: 0.0437  data_time: 0.0029  memory: 1292  
2025/05/18 14:08:22 - mmengine - INFO - Epoch(val) [6][2200/4952]    eta: 0:01:56  time: 0.0405  data_time: 0.0021  memory: 1291  
2025/05/18 14:08:24 - mmengine - INFO - Epoch(val) [6][2250/4952]    eta: 0:01:54  time: 0.0413  data_time: 0.0022  memory: 1292  
2025/05/18 14:08:26 - mmengine - INFO - Epoch(val) [6][2300/4952]    eta: 0:01:52  time: 0.0419  data_time: 0.0022  memory: 1291  
2025/05/18 14:08:28 - mmengine - INFO - Epoch(val) [6][2350/4952]    eta: 0:01:49  time: 0.0404  data_time: 0.0020  memory: 1291  
2025/05/18 14:08:30 - mmengine - INFO - Epoch(val) [6][2400/4952]    eta: 0:01:47  time: 0.0403  data_time: 0.0022  memory: 1291  
2025/05/18 14:08:32 - mmengine - INFO - Epoch(val) [6][2450/4952]    eta: 0:01:45  time: 0.0420  data_time: 0.0022  memory: 1291  
2025/05/18 14:08:34 - mmengine - INFO - Epoch(val) [6][2500/4952]    eta: 0:01:43  time: 0.0404  data_time: 0.0021  memory: 1292  
2025/05/18 14:08:36 - mmengine - INFO - Epoch(val) [6][2550/4952]    eta: 0:01:41  time: 0.0407  data_time: 0.0022  memory: 1291  
2025/05/18 14:08:38 - mmengine - INFO - Epoch(val) [6][2600/4952]    eta: 0:01:38  time: 0.0406  data_time: 0.0021  memory: 1292  
2025/05/18 14:08:40 - mmengine - INFO - Epoch(val) [6][2650/4952]    eta: 0:01:36  time: 0.0408  data_time: 0.0020  memory: 1292  
2025/05/18 14:08:42 - mmengine - INFO - Epoch(val) [6][2700/4952]    eta: 0:01:34  time: 0.0443  data_time: 0.0026  memory: 1292  
2025/05/18 14:08:44 - mmengine - INFO - Epoch(val) [6][2750/4952]    eta: 0:01:32  time: 0.0434  data_time: 0.0025  memory: 1291  
2025/05/18 14:08:46 - mmengine - INFO - Epoch(val) [6][2800/4952]    eta: 0:01:30  time: 0.0407  data_time: 0.0022  memory: 1291  
2025/05/18 14:08:48 - mmengine - INFO - Epoch(val) [6][2850/4952]    eta: 0:01:28  time: 0.0406  data_time: 0.0023  memory: 1291  
2025/05/18 14:08:50 - mmengine - INFO - Epoch(val) [6][2900/4952]    eta: 0:01:26  time: 0.0403  data_time: 0.0023  memory: 1292  
2025/05/18 14:08:53 - mmengine - INFO - Epoch(val) [6][2950/4952]    eta: 0:01:24  time: 0.0404  data_time: 0.0023  memory: 1292  
2025/05/18 14:08:55 - mmengine - INFO - Epoch(val) [6][3000/4952]    eta: 0:01:22  time: 0.0418  data_time: 0.0022  memory: 1291  
2025/05/18 14:08:57 - mmengine - INFO - Epoch(val) [6][3050/4952]    eta: 0:01:19  time: 0.0413  data_time: 0.0022  memory: 1291  
2025/05/18 14:08:59 - mmengine - INFO - Epoch(val) [6][3100/4952]    eta: 0:01:17  time: 0.0405  data_time: 0.0020  memory: 1292  
2025/05/18 14:09:01 - mmengine - INFO - Epoch(val) [6][3150/4952]    eta: 0:01:15  time: 0.0410  data_time: 0.0021  memory: 1291  
2025/05/18 14:09:03 - mmengine - INFO - Epoch(val) [6][3200/4952]    eta: 0:01:13  time: 0.0448  data_time: 0.0029  memory: 1291  
2025/05/18 14:09:05 - mmengine - INFO - Epoch(val) [6][3250/4952]    eta: 0:01:11  time: 0.0439  data_time: 0.0028  memory: 1291  
2025/05/18 14:09:07 - mmengine - INFO - Epoch(val) [6][3300/4952]    eta: 0:01:09  time: 0.0405  data_time: 0.0022  memory: 1291  
2025/05/18 14:09:09 - mmengine - INFO - Epoch(val) [6][3350/4952]    eta: 0:01:07  time: 0.0415  data_time: 0.0021  memory: 1291  
2025/05/18 14:09:12 - mmengine - INFO - Epoch(val) [6][3400/4952]    eta: 0:01:05  time: 0.0439  data_time: 0.0027  memory: 1292  
2025/05/18 14:09:14 - mmengine - INFO - Epoch(val) [6][3450/4952]    eta: 0:01:03  time: 0.0444  data_time: 0.0026  memory: 1291  
2025/05/18 14:09:16 - mmengine - INFO - Epoch(val) [6][3500/4952]    eta: 0:01:01  time: 0.0453  data_time: 0.0029  memory: 1291  
2025/05/18 14:09:18 - mmengine - INFO - Epoch(val) [6][3550/4952]    eta: 0:00:59  time: 0.0411  data_time: 0.0021  memory: 1291  
2025/05/18 14:09:20 - mmengine - INFO - Epoch(val) [6][3600/4952]    eta: 0:00:56  time: 0.0404  data_time: 0.0020  memory: 1292  
2025/05/18 14:09:22 - mmengine - INFO - Epoch(val) [6][3650/4952]    eta: 0:00:54  time: 0.0403  data_time: 0.0020  memory: 1292  
2025/05/18 14:09:24 - mmengine - INFO - Epoch(val) [6][3700/4952]    eta: 0:00:52  time: 0.0403  data_time: 0.0020  memory: 1291  
2025/05/18 14:09:26 - mmengine - INFO - Epoch(val) [6][3750/4952]    eta: 0:00:50  time: 0.0419  data_time: 0.0022  memory: 1291  
2025/05/18 14:09:28 - mmengine - INFO - Epoch(val) [6][3800/4952]    eta: 0:00:48  time: 0.0409  data_time: 0.0024  memory: 1291  
2025/05/18 14:09:30 - mmengine - INFO - Epoch(val) [6][3850/4952]    eta: 0:00:46  time: 0.0403  data_time: 0.0023  memory: 1291  
2025/05/18 14:09:32 - mmengine - INFO - Epoch(val) [6][3900/4952]    eta: 0:00:44  time: 0.0405  data_time: 0.0023  memory: 1291  
2025/05/18 14:09:34 - mmengine - INFO - Epoch(val) [6][3950/4952]    eta: 0:00:42  time: 0.0404  data_time: 0.0023  memory: 1291  
2025/05/18 14:09:36 - mmengine - INFO - Epoch(val) [6][4000/4952]    eta: 0:00:39  time: 0.0407  data_time: 0.0022  memory: 1292  
2025/05/18 14:09:38 - mmengine - INFO - Epoch(val) [6][4050/4952]    eta: 0:00:37  time: 0.0404  data_time: 0.0023  memory: 1292  
2025/05/18 14:09:40 - mmengine - INFO - Epoch(val) [6][4100/4952]    eta: 0:00:35  time: 0.0404  data_time: 0.0023  memory: 1292  
2025/05/18 14:09:42 - mmengine - INFO - Epoch(val) [6][4150/4952]    eta: 0:00:33  time: 0.0403  data_time: 0.0019  memory: 1292  
2025/05/18 14:09:44 - mmengine - INFO - Epoch(val) [6][4200/4952]    eta: 0:00:31  time: 0.0406  data_time: 0.0021  memory: 1291  
2025/05/18 14:09:47 - mmengine - INFO - Epoch(val) [6][4250/4952]    eta: 0:00:29  time: 0.0412  data_time: 0.0024  memory: 1292  
2025/05/18 14:09:49 - mmengine - INFO - Epoch(val) [6][4300/4952]    eta: 0:00:27  time: 0.0409  data_time: 0.0021  memory: 1292  
2025/05/18 14:09:51 - mmengine - INFO - Epoch(val) [6][4350/4952]    eta: 0:00:25  time: 0.0406  data_time: 0.0021  memory: 1292  
2025/05/18 14:09:53 - mmengine - INFO - Epoch(val) [6][4400/4952]    eta: 0:00:23  time: 0.0403  data_time: 0.0020  memory: 1291  
2025/05/18 14:09:55 - mmengine - INFO - Epoch(val) [6][4450/4952]    eta: 0:00:20  time: 0.0416  data_time: 0.0023  memory: 1291  
2025/05/18 14:09:57 - mmengine - INFO - Epoch(val) [6][4500/4952]    eta: 0:00:18  time: 0.0448  data_time: 0.0028  memory: 1291  
2025/05/18 14:09:59 - mmengine - INFO - Epoch(val) [6][4550/4952]    eta: 0:00:16  time: 0.0473  data_time: 0.0030  memory: 1292  
2025/05/18 14:10:02 - mmengine - INFO - Epoch(val) [6][4600/4952]    eta: 0:00:14  time: 0.0451  data_time: 0.0029  memory: 1291  
2025/05/18 14:10:04 - mmengine - INFO - Epoch(val) [6][4650/4952]    eta: 0:00:12  time: 0.0404  data_time: 0.0021  memory: 1291  
2025/05/18 14:10:06 - mmengine - INFO - Epoch(val) [6][4700/4952]    eta: 0:00:10  time: 0.0408  data_time: 0.0020  memory: 1292  
2025/05/18 14:10:08 - mmengine - INFO - Epoch(val) [6][4750/4952]    eta: 0:00:08  time: 0.0437  data_time: 0.0026  memory: 1291  
2025/05/18 14:10:10 - mmengine - INFO - Epoch(val) [6][4800/4952]    eta: 0:00:06  time: 0.0449  data_time: 0.0027  memory: 1291  
2025/05/18 14:10:12 - mmengine - INFO - Epoch(val) [6][4850/4952]    eta: 0:00:04  time: 0.0445  data_time: 0.0028  memory: 1292  
2025/05/18 14:10:15 - mmengine - INFO - Epoch(val) [6][4900/4952]    eta: 0:00:02  time: 0.0451  data_time: 0.0028  memory: 1291  
2025/05/18 14:10:17 - mmengine - INFO - Epoch(val) [6][4950/4952]    eta: 0:00:00  time: 0.0413  data_time: 0.0022  memory: 1292  
2025/05/18 14:10:17 - mmengine - INFO - 
---------------iou_thr: 0.5---------------
2025/05/18 14:10:20 - mmengine - INFO - 
+-------------+------+-------+--------+-------+
| class       | gts  | dets  | recall | ap    |
+-------------+------+-------+--------+-------+
| aeroplane   | 285  | 20830 | 0.849  | 0.691 |
| bicycle     | 337  | 11308 | 0.953  | 0.711 |
| bird        | 459  | 13969 | 0.832  | 0.636 |
| boat        | 263  | 21808 | 0.882  | 0.547 |
| bottle      | 469  | 13079 | 0.603  | 0.340 |
| bus         | 213  | 20831 | 0.939  | 0.720 |
| car         | 1201 | 47066 | 0.892  | 0.698 |
| cat         | 358  | 19793 | 0.992  | 0.840 |
| chair       | 756  | 57570 | 0.862  | 0.400 |
| cow         | 244  | 24428 | 0.943  | 0.606 |
| diningtable | 206  | 14214 | 0.898  | 0.666 |
| dog         | 489  | 31391 | 0.988  | 0.804 |
| horse       | 348  | 15882 | 0.968  | 0.778 |
| motorbike   | 325  | 13898 | 0.932  | 0.707 |
| person      | 4528 | 89297 | 0.861  | 0.626 |
| pottedplant | 480  | 26457 | 0.756  | 0.353 |
| sheep       | 242  | 12941 | 0.872  | 0.565 |
| sofa        | 239  | 13606 | 0.958  | 0.698 |
| train       | 282  | 15853 | 0.957  | 0.775 |
| tvmonitor   | 308  | 10979 | 0.880  | 0.634 |
+-------------+------+-------+--------+-------+
| mAP         |      |       |        | 0.640 |
+-------------+------+-------+--------+-------+
2025/05/18 14:10:21 - mmengine - INFO - Epoch(val) [6][4952/4952]    pascal_voc/mAP: 0.6397  pascal_voc/AP50: 0.6400  data_time: 0.0024  time: 0.0420
