2025/05/16 09:57:32 - mmengine - INFO - 
------------------------------------------------------------
System environment:
    sys.platform: linux
    Python: 3.11.11 (main, Dec  4 2024, 08:55:07) [GCC 11.4.0]
    CUDA available: True
    numpy_random_seed: 232029853
    GPU 0,1: Tesla T4
    CUDA_HOME: /usr/local/cuda
    NVCC: Cuda compilation tools, release 12.5, V12.5.82
    GCC: x86_64-linux-gnu-gcc (Ubuntu 11.4.0-1ubuntu1~22.04) 11.4.0
    PyTorch: 2.6.0+cu124
    PyTorch compiling details: PyTorch built with:
  - GCC 9.3
  - C++ Version: 201703
  - Intel(R) oneAPI Math Kernel Library Version 2025.1-Product Build 20250306 for Intel(R) 64 architecture applications
  - Intel(R) MKL-DNN v3.5.3 (Git Hash 66f0cb9eb66affd2da3bf5f8d897376f04aae6af)
  - OpenMP 201511 (a.k.a. OpenMP 4.5)
  - LAPACK is enabled (usually provided by MKL)
  - NNPACK is enabled
  - CPU capability usage: AVX512
  - CUDA Runtime 12.4
  - NVCC architecture flags: -gencode;arch=compute_50,code=sm_50;-gencode;arch=compute_60,code=sm_60;-gencode;arch=compute_70,code=sm_70;-gencode;arch=compute_75,code=sm_75;-gencode;arch=compute_80,code=sm_80;-gencode;arch=compute_86,code=sm_86;-gencode;arch=compute_90,code=sm_90
  - CuDNN 90.3  (built against CUDA 12.6)
    - Built with CuDNN 90.1
  - Magma 2.6.1
  - Build settings: BLAS_INFO=mkl, BUILD_TYPE=Release, COMMIT_SHA=2236df1770800ffea5697b11b0bb0d910b2e59e1, CUDA_VERSION=12.4, CUDNN_VERSION=9.1.0, CXX_COMPILER=/opt/rh/devtoolset-9/root/usr/bin/c++, CXX_FLAGS= -D_GLIBCXX_USE_CXX11_ABI=0 -fabi-version=11 -fvisibility-inlines-hidden -DUSE_PTHREADPOOL -DNDEBUG -DUSE_KINETO -DLIBKINETO_NOROCTRACER -DLIBKINETO_NOXPUPTI=ON -DUSE_FBGEMM -DUSE_PYTORCH_QNNPACK -DUSE_XNNPACK -DSYMBOLICATE_MOBILE_DEBUG_HANDLE -O2 -fPIC -Wall -Wextra -Werror=return-type -Werror=non-virtual-dtor -Werror=bool-operation -Wnarrowing -Wno-missing-field-initializers -Wno-type-limits -Wno-array-bounds -Wno-unknown-pragmas -Wno-unused-parameter -Wno-strict-overflow -Wno-strict-aliasing -Wno-stringop-overflow -Wsuggest-override -Wno-psabi -Wno-error=old-style-cast -Wno-missing-braces -fdiagnostics-color=always -faligned-new -Wno-unused-but-set-variable -Wno-maybe-uninitialized -fno-math-errno -fno-trapping-math -Werror=format -Wno-stringop-overflow, LAPACK_INFO=mkl, PERF_WITH_AVX=1, PERF_WITH_AVX2=1, TORCH_VERSION=2.6.0, USE_CUDA=ON, USE_CUDNN=ON, USE_CUSPARSELT=1, USE_EXCEPTION_PTR=1, USE_GFLAGS=OFF, USE_GLOG=OFF, USE_GLOO=ON, USE_MKL=ON, USE_MKLDNN=ON, USE_MPI=OFF, USE_NCCL=1, USE_NNPACK=ON, USE_OPENMP=ON, USE_ROCM=OFF, USE_ROCM_KERNEL_ASSERT=OFF, 

    TorchVision: 0.21.0+cu124
    OpenCV: 4.11.0
    MMEngine: 0.7.4

Runtime environment:
    cudnn_benchmark: False
    mp_cfg: {'mp_start_method': 'fork', 'opencv_num_threads': 0}
    dist_cfg: {'backend': 'nccl'}
    seed: 232029853
    Distributed launcher: none
    Distributed training: False
    GPU number: 1
------------------------------------------------------------

2025/05/16 09:57:33 - mmengine - INFO - Config:
model = dict(
    type='MaskRCNN',
    data_preprocessor=dict(
        type='DetDataPreprocessor',
        mean=[123.675, 116.28, 103.53],
        std=[58.395, 57.12, 57.375],
        bgr_to_rgb=True,
        pad_mask=True,
        pad_size_divisor=32),
    backbone=dict(
        type='ResNet',
        depth=50,
        num_stages=4,
        out_indices=(0, 1, 2, 3),
        frozen_stages=1,
        norm_cfg=dict(type='BN', requires_grad=True),
        norm_eval=True,
        style='pytorch',
        init_cfg=dict(type='Pretrained', checkpoint='torchvision://resnet50')),
    neck=dict(
        type='FPN',
        in_channels=[256, 512, 1024, 2048],
        out_channels=256,
        num_outs=5),
    rpn_head=dict(
        type='RPNHead',
        in_channels=256,
        feat_channels=256,
        anchor_generator=dict(
            type='AnchorGenerator',
            scales=[8],
            ratios=[0.5, 1.0, 2.0],
            strides=[4, 8, 16, 32, 64]),
        bbox_coder=dict(
            type='DeltaXYWHBBoxCoder',
            target_means=[0.0, 0.0, 0.0, 0.0],
            target_stds=[1.0, 1.0, 1.0, 1.0]),
        loss_cls=dict(
            type='CrossEntropyLoss', use_sigmoid=True, loss_weight=1.0),
        loss_bbox=dict(type='L1Loss', loss_weight=1.0)),
    roi_head=dict(
        type='StandardRoIHead',
        bbox_roi_extractor=dict(
            type='SingleRoIExtractor',
            roi_layer=dict(type='RoIAlign', output_size=7, sampling_ratio=0),
            out_channels=256,
            featmap_strides=[4, 8, 16, 32]),
        bbox_head=dict(
            type='Shared2FCBBoxHead',
            in_channels=256,
            fc_out_channels=1024,
            roi_feat_size=7,
            num_classes=20,
            bbox_coder=dict(
                type='DeltaXYWHBBoxCoder',
                target_means=[0.0, 0.0, 0.0, 0.0],
                target_stds=[0.1, 0.1, 0.2, 0.2]),
            reg_class_agnostic=False,
            loss_cls=dict(
                type='CrossEntropyLoss', use_sigmoid=False, loss_weight=1.0),
            loss_bbox=dict(type='L1Loss', loss_weight=1.0)),
        mask_roi_extractor=None,
        mask_head=None),
    train_cfg=dict(
        rpn=dict(
            assigner=dict(
                type='MaxIoUAssigner',
                pos_iou_thr=0.7,
                neg_iou_thr=0.3,
                min_pos_iou=0.3,
                match_low_quality=True,
                ignore_iof_thr=-1),
            sampler=dict(
                type='RandomSampler',
                num=256,
                pos_fraction=0.5,
                neg_pos_ub=-1,
                add_gt_as_proposals=False),
            allowed_border=-1,
            pos_weight=-1,
            debug=False),
        rpn_proposal=dict(
            nms_pre=2000,
            max_per_img=1000,
            nms=dict(type='nms', iou_threshold=0.7),
            min_bbox_size=0),
        rcnn=dict(
            assigner=dict(
                type='MaxIoUAssigner',
                pos_iou_thr=0.5,
                neg_iou_thr=0.5,
                min_pos_iou=0.5,
                match_low_quality=True,
                ignore_iof_thr=-1),
            sampler=dict(
                type='RandomSampler',
                num=512,
                pos_fraction=0.25,
                neg_pos_ub=-1,
                add_gt_as_proposals=True),
            mask_size=28,
            pos_weight=-1,
            debug=False)),
    test_cfg=dict(
        rpn=dict(
            nms_pre=1000,
            max_per_img=1000,
            nms=dict(type='nms', iou_threshold=0.7),
            min_bbox_size=0),
        rcnn=dict(
            score_thr=0.05,
            nms=dict(type='nms', iou_threshold=0.5),
            max_per_img=100,
            mask_thr_binary=0.5,
            with_mask=False)))
dataset_type = 'VOCDataset'
data_root = 'data/VOCdevkit/'
backend_args = None
train_pipeline = [
    dict(type='LoadImageFromFile', backend_args=None),
    dict(type='LoadAnnotations', with_bbox=True, with_mask=False),
    dict(type='Resize', scale=(500, 300), keep_ratio=True),
    dict(type='RandomFlip', prob=0.5),
    dict(type='PackDetInputs')
]
test_pipeline = [
    dict(type='LoadImageFromFile', backend_args=None),
    dict(type='Resize', scale=(500, 300), keep_ratio=True),
    dict(type='LoadAnnotations', with_bbox=True, with_mask=False),
    dict(
        type='PackDetInputs',
        meta_keys=('img_id', 'img_path', 'ori_shape', 'img_shape',
                   'scale_factor'))
]
train_dataloader = dict(
    batch_size=2,
    num_workers=2,
    persistent_workers=True,
    sampler=dict(type='DefaultSampler', shuffle=True),
    batch_sampler=dict(type='AspectRatioBatchSampler'),
    dataset=dict(
        type='RepeatDataset',
        times=1,
        dataset=dict(
            type='ConcatDataset',
            ignore_keys=['dataset_type'],
            datasets=[
                dict(
                    type='VOCDataset',
                    data_root='data/VOCdevkit/',
                    ann_file='VOC2007/ImageSets/Main/trainval.txt',
                    data_prefix=dict(sub_data_root='VOC2007/'),
                    filter_cfg=dict(
                        filter_empty_gt=True, min_size=32, bbox_min_size=32),
                    pipeline=[
                        dict(type='LoadImageFromFile', backend_args=None),
                        dict(
                            type='LoadAnnotations',
                            with_bbox=True,
                            with_mask=False),
                        dict(type='Resize', scale=(500, 300), keep_ratio=True),
                        dict(type='RandomFlip', prob=0.5),
                        dict(type='PackDetInputs')
                    ],
                    backend_args=None),
                dict(
                    type='VOCDataset',
                    data_root='data/VOCdevkit/',
                    ann_file='VOC2012/ImageSets/Main/trainval.txt',
                    data_prefix=dict(sub_data_root='VOC2012/'),
                    filter_cfg=dict(
                        filter_empty_gt=True, min_size=32, bbox_min_size=32),
                    pipeline=[
                        dict(type='LoadImageFromFile', backend_args=None),
                        dict(
                            type='LoadAnnotations',
                            with_bbox=True,
                            with_mask=False),
                        dict(type='Resize', scale=(500, 300), keep_ratio=True),
                        dict(type='RandomFlip', prob=0.5),
                        dict(type='PackDetInputs')
                    ],
                    backend_args=None)
            ])))
val_dataloader = dict(
    batch_size=1,
    num_workers=2,
    persistent_workers=True,
    drop_last=False,
    sampler=dict(type='DefaultSampler', shuffle=False),
    dataset=dict(
        type='VOCDataset',
        data_root='data/VOCdevkit/',
        ann_file='VOC2007/ImageSets/Main/test.txt',
        data_prefix=dict(sub_data_root='VOC2007/'),
        test_mode=True,
        pipeline=[
            dict(type='LoadImageFromFile', backend_args=None),
            dict(type='Resize', scale=(500, 300), keep_ratio=True),
            dict(type='LoadAnnotations', with_bbox=True, with_mask=False),
            dict(
                type='PackDetInputs',
                meta_keys=('img_id', 'img_path', 'ori_shape', 'img_shape',
                           'scale_factor'))
        ],
        backend_args=None))
test_dataloader = dict(
    batch_size=1,
    num_workers=2,
    persistent_workers=True,
    drop_last=False,
    sampler=dict(type='DefaultSampler', shuffle=False),
    dataset=dict(
        type='VOCDataset',
        data_root='data/VOCdevkit/',
        ann_file='VOC2007/ImageSets/Main/test.txt',
        data_prefix=dict(sub_data_root='VOC2007/'),
        test_mode=True,
        pipeline=[
            dict(type='LoadImageFromFile', backend_args=None),
            dict(type='Resize', scale=(500, 300), keep_ratio=True),
            dict(type='LoadAnnotations', with_bbox=True, with_mask=False),
            dict(
                type='PackDetInputs',
                meta_keys=('img_id', 'img_path', 'ori_shape', 'img_shape',
                           'scale_factor'))
        ],
        backend_args=None))
val_evaluator = dict(type='VOCMetric', metric='mAP', eval_mode='11points')
test_evaluator = dict(type='VOCMetric', metric='mAP', eval_mode='11points')
train_cfg = dict(type='EpochBasedTrainLoop', max_epochs=6, val_interval=1)
val_cfg = dict(type='ValLoop')
test_cfg = dict(type='TestLoop')
param_scheduler = [
    dict(
        type='LinearLR', start_factor=0.001, by_epoch=False, begin=0, end=500),
    dict(
        type='MultiStepLR',
        begin=0,
        end=12,
        by_epoch=True,
        milestones=[8, 11],
        gamma=0.1)
]
optim_wrapper = dict(
    type='OptimWrapper',
    optimizer=dict(type='SGD', lr=0.02, momentum=0.9, weight_decay=0.0001))
auto_scale_lr = dict(enable=False, base_batch_size=16)
default_scope = 'mmdet'
default_hooks = dict(
    timer=dict(type='IterTimerHook'),
    logger=dict(type='LoggerHook', interval=50),
    param_scheduler=dict(type='ParamSchedulerHook'),
    checkpoint=dict(type='CheckpointHook', interval=1),
    sampler_seed=dict(type='DistSamplerSeedHook'),
    visualization=dict(type='DetVisualizationHook'))
env_cfg = dict(
    cudnn_benchmark=False,
    mp_cfg=dict(mp_start_method='fork', opencv_num_threads=0),
    dist_cfg=dict(backend='nccl'))
vis_backends = [dict(type='LocalVisBackend')]
visualizer = dict(
    type='DetLocalVisualizer',
    vis_backends=[dict(type='LocalVisBackend')],
    name='visualizer')
log_processor = dict(type='LogProcessor', window_size=50, by_epoch=True)
log_level = 'INFO'
load_from = None
resume = False
data = dict(
    train=dict(
        dataset=dict(datasets=[
            dict(pipeline=[
                dict(type='LoadImageFromFile'),
                dict(type='LoadAnnotations', with_bbox=True, with_mask=False),
                dict(type='Resize', scale=(1000, 600), keep_ratio=True),
                dict(type='RandomFlip', prob=0.5),
                dict(type='PackDetInputs')
            ]),
            dict(pipeline=[
                dict(type='LoadImageFromFile'),
                dict(type='LoadAnnotations', with_bbox=True, with_mask=False),
                dict(type='Resize', scale=(1000, 600), keep_ratio=True),
                dict(type='RandomFlip', prob=0.5),
                dict(type='PackDetInputs')
            ])
        ])),
    val=dict(pipeline=[
        dict(type='LoadImageFromFile'),
        dict(type='Resize', scale=(1000, 600), keep_ratio=True),
        dict(type='LoadAnnotations', with_bbox=True, with_mask=False),
        dict(
            type='PackDetInputs',
            meta_keys=('img_id', 'img_path', 'ori_shape', 'img_shape',
                       'scale_factor'))
    ]),
    test=dict(pipeline=[
        dict(type='LoadImageFromFile'),
        dict(type='Resize', scale=(1000, 600), keep_ratio=True),
        dict(type='LoadAnnotations', with_bbox=True, with_mask=False),
        dict(
            type='PackDetInputs',
            meta_keys=('img_id', 'img_path', 'ori_shape', 'img_shape',
                       'scale_factor'))
    ]))
optimizer = dict(type='SGD', lr=0.02, momentum=0.9, weight_decay=0.0001)
launcher = 'none'
device = 'cuda'
work_dir = 'work_dirs/mask-rcnn-cuda'

2025/05/16 09:57:35 - mmengine - INFO - Distributed training is not used, all SyncBatchNorm (SyncBN) layers in the model will be automatically reverted to BatchNormXd layers if they are used.
2025/05/16 09:57:35 - mmengine - INFO - Hooks will be executed in the following order:
before_run:
(VERY_HIGH   ) RuntimeInfoHook                    
(BELOW_NORMAL) LoggerHook                         
 -------------------- 
before_train:
(VERY_HIGH   ) RuntimeInfoHook                    
(NORMAL      ) IterTimerHook                      
(VERY_LOW    ) CheckpointHook                     
 -------------------- 
before_train_epoch:
(VERY_HIGH   ) RuntimeInfoHook                    
(NORMAL      ) IterTimerHook                      
(NORMAL      ) DistSamplerSeedHook                
 -------------------- 
before_train_iter:
(VERY_HIGH   ) RuntimeInfoHook                    
(NORMAL      ) IterTimerHook                      
 -------------------- 
after_train_iter:
(VERY_HIGH   ) RuntimeInfoHook                    
(NORMAL      ) IterTimerHook                      
(BELOW_NORMAL) LoggerHook                         
(LOW         ) ParamSchedulerHook                 
(VERY_LOW    ) CheckpointHook                     
 -------------------- 
after_train_epoch:
(NORMAL      ) IterTimerHook                      
(LOW         ) ParamSchedulerHook                 
(VERY_LOW    ) CheckpointHook                     
 -------------------- 
before_val_epoch:
(NORMAL      ) IterTimerHook                      
 -------------------- 
before_val_iter:
(NORMAL      ) IterTimerHook                      
 -------------------- 
after_val_iter:
(NORMAL      ) IterTimerHook                      
(NORMAL      ) DetVisualizationHook               
(BELOW_NORMAL) LoggerHook                         
 -------------------- 
after_val_epoch:
(VERY_HIGH   ) RuntimeInfoHook                    
(NORMAL      ) IterTimerHook                      
(BELOW_NORMAL) LoggerHook                         
(LOW         ) ParamSchedulerHook                 
(VERY_LOW    ) CheckpointHook                     
 -------------------- 
after_train:
(VERY_LOW    ) CheckpointHook                     
 -------------------- 
before_test_epoch:
(NORMAL      ) IterTimerHook                      
 -------------------- 
before_test_iter:
(NORMAL      ) IterTimerHook                      
 -------------------- 
after_test_iter:
(NORMAL      ) IterTimerHook                      
(NORMAL      ) DetVisualizationHook               
(BELOW_NORMAL) LoggerHook                         
 -------------------- 
after_test_epoch:
(VERY_HIGH   ) RuntimeInfoHook                    
(NORMAL      ) IterTimerHook                      
(BELOW_NORMAL) LoggerHook                         
 -------------------- 
after_run:
(BELOW_NORMAL) LoggerHook                         
 -------------------- 
2025/05/16 09:57:40 - mmengine - INFO - load model from: torchvision://resnet50
2025/05/16 09:57:40 - mmengine - INFO - Loads checkpoint by torchvision backend from path: torchvision://resnet50
2025/05/16 09:57:40 - mmengine - WARNING - The model and loaded state dict do not match exactly

unexpected key in source state_dict: fc.weight, fc.bias

Name of parameter - Initialization information

backbone.conv1.weight - torch.Size([64, 3, 7, 7]): 
PretrainedInit: load from torchvision://resnet50 

backbone.bn1.weight - torch.Size([64]): 
PretrainedInit: load from torchvision://resnet50 

backbone.bn1.bias - torch.Size([64]): 
PretrainedInit: load from torchvision://resnet50 

backbone.layer1.0.conv1.weight - torch.Size([64, 64, 1, 1]): 
PretrainedInit: load from torchvision://resnet50 

backbone.layer1.0.bn1.weight - torch.Size([64]): 
PretrainedInit: load from torchvision://resnet50 

backbone.layer1.0.bn1.bias - torch.Size([64]): 
PretrainedInit: load from torchvision://resnet50 

backbone.layer1.0.conv2.weight - torch.Size([64, 64, 3, 3]): 
PretrainedInit: load from torchvision://resnet50 

backbone.layer1.0.bn2.weight - torch.Size([64]): 
PretrainedInit: load from torchvision://resnet50 

backbone.layer1.0.bn2.bias - torch.Size([64]): 
PretrainedInit: load from torchvision://resnet50 

backbone.layer1.0.conv3.weight - torch.Size([256, 64, 1, 1]): 
PretrainedInit: load from torchvision://resnet50 

backbone.layer1.0.bn3.weight - torch.Size([256]): 
PretrainedInit: load from torchvision://resnet50 

backbone.layer1.0.bn3.bias - torch.Size([256]): 
PretrainedInit: load from torchvision://resnet50 

backbone.layer1.0.downsample.0.weight - torch.Size([256, 64, 1, 1]): 
PretrainedInit: load from torchvision://resnet50 

backbone.layer1.0.downsample.1.weight - torch.Size([256]): 
PretrainedInit: load from torchvision://resnet50 

backbone.layer1.0.downsample.1.bias - torch.Size([256]): 
PretrainedInit: load from torchvision://resnet50 

backbone.layer1.1.conv1.weight - torch.Size([64, 256, 1, 1]): 
PretrainedInit: load from torchvision://resnet50 

backbone.layer1.1.bn1.weight - torch.Size([64]): 
PretrainedInit: load from torchvision://resnet50 

backbone.layer1.1.bn1.bias - torch.Size([64]): 
PretrainedInit: load from torchvision://resnet50 

backbone.layer1.1.conv2.weight - torch.Size([64, 64, 3, 3]): 
PretrainedInit: load from torchvision://resnet50 

backbone.layer1.1.bn2.weight - torch.Size([64]): 
PretrainedInit: load from torchvision://resnet50 

backbone.layer1.1.bn2.bias - torch.Size([64]): 
PretrainedInit: load from torchvision://resnet50 

backbone.layer1.1.conv3.weight - torch.Size([256, 64, 1, 1]): 
PretrainedInit: load from torchvision://resnet50 

backbone.layer1.1.bn3.weight - torch.Size([256]): 
PretrainedInit: load from torchvision://resnet50 

backbone.layer1.1.bn3.bias - torch.Size([256]): 
PretrainedInit: load from torchvision://resnet50 

backbone.layer1.2.conv1.weight - torch.Size([64, 256, 1, 1]): 
PretrainedInit: load from torchvision://resnet50 

backbone.layer1.2.bn1.weight - torch.Size([64]): 
PretrainedInit: load from torchvision://resnet50 

backbone.layer1.2.bn1.bias - torch.Size([64]): 
PretrainedInit: load from torchvision://resnet50 

backbone.layer1.2.conv2.weight - torch.Size([64, 64, 3, 3]): 
PretrainedInit: load from torchvision://resnet50 

backbone.layer1.2.bn2.weight - torch.Size([64]): 
PretrainedInit: load from torchvision://resnet50 

backbone.layer1.2.bn2.bias - torch.Size([64]): 
PretrainedInit: load from torchvision://resnet50 

backbone.layer1.2.conv3.weight - torch.Size([256, 64, 1, 1]): 
PretrainedInit: load from torchvision://resnet50 

backbone.layer1.2.bn3.weight - torch.Size([256]): 
PretrainedInit: load from torchvision://resnet50 

backbone.layer1.2.bn3.bias - torch.Size([256]): 
PretrainedInit: load from torchvision://resnet50 

backbone.layer2.0.conv1.weight - torch.Size([128, 256, 1, 1]): 
PretrainedInit: load from torchvision://resnet50 

backbone.layer2.0.bn1.weight - torch.Size([128]): 
PretrainedInit: load from torchvision://resnet50 

backbone.layer2.0.bn1.bias - torch.Size([128]): 
PretrainedInit: load from torchvision://resnet50 

backbone.layer2.0.conv2.weight - torch.Size([128, 128, 3, 3]): 
PretrainedInit: load from torchvision://resnet50 

backbone.layer2.0.bn2.weight - torch.Size([128]): 
PretrainedInit: load from torchvision://resnet50 

backbone.layer2.0.bn2.bias - torch.Size([128]): 
PretrainedInit: load from torchvision://resnet50 

backbone.layer2.0.conv3.weight - torch.Size([512, 128, 1, 1]): 
PretrainedInit: load from torchvision://resnet50 

backbone.layer2.0.bn3.weight - torch.Size([512]): 
PretrainedInit: load from torchvision://resnet50 

backbone.layer2.0.bn3.bias - torch.Size([512]): 
PretrainedInit: load from torchvision://resnet50 

backbone.layer2.0.downsample.0.weight - torch.Size([512, 256, 1, 1]): 
PretrainedInit: load from torchvision://resnet50 

backbone.layer2.0.downsample.1.weight - torch.Size([512]): 
PretrainedInit: load from torchvision://resnet50 

backbone.layer2.0.downsample.1.bias - torch.Size([512]): 
PretrainedInit: load from torchvision://resnet50 

backbone.layer2.1.conv1.weight - torch.Size([128, 512, 1, 1]): 
PretrainedInit: load from torchvision://resnet50 

backbone.layer2.1.bn1.weight - torch.Size([128]): 
PretrainedInit: load from torchvision://resnet50 

backbone.layer2.1.bn1.bias - torch.Size([128]): 
PretrainedInit: load from torchvision://resnet50 

backbone.layer2.1.conv2.weight - torch.Size([128, 128, 3, 3]): 
PretrainedInit: load from torchvision://resnet50 

backbone.layer2.1.bn2.weight - torch.Size([128]): 
PretrainedInit: load from torchvision://resnet50 

backbone.layer2.1.bn2.bias - torch.Size([128]): 
PretrainedInit: load from torchvision://resnet50 

backbone.layer2.1.conv3.weight - torch.Size([512, 128, 1, 1]): 
PretrainedInit: load from torchvision://resnet50 

backbone.layer2.1.bn3.weight - torch.Size([512]): 
PretrainedInit: load from torchvision://resnet50 

backbone.layer2.1.bn3.bias - torch.Size([512]): 
PretrainedInit: load from torchvision://resnet50 

backbone.layer2.2.conv1.weight - torch.Size([128, 512, 1, 1]): 
PretrainedInit: load from torchvision://resnet50 

backbone.layer2.2.bn1.weight - torch.Size([128]): 
PretrainedInit: load from torchvision://resnet50 

backbone.layer2.2.bn1.bias - torch.Size([128]): 
PretrainedInit: load from torchvision://resnet50 

backbone.layer2.2.conv2.weight - torch.Size([128, 128, 3, 3]): 
PretrainedInit: load from torchvision://resnet50 

backbone.layer2.2.bn2.weight - torch.Size([128]): 
PretrainedInit: load from torchvision://resnet50 

backbone.layer2.2.bn2.bias - torch.Size([128]): 
PretrainedInit: load from torchvision://resnet50 

backbone.layer2.2.conv3.weight - torch.Size([512, 128, 1, 1]): 
PretrainedInit: load from torchvision://resnet50 

backbone.layer2.2.bn3.weight - torch.Size([512]): 
PretrainedInit: load from torchvision://resnet50 

backbone.layer2.2.bn3.bias - torch.Size([512]): 
PretrainedInit: load from torchvision://resnet50 

backbone.layer2.3.conv1.weight - torch.Size([128, 512, 1, 1]): 
PretrainedInit: load from torchvision://resnet50 

backbone.layer2.3.bn1.weight - torch.Size([128]): 
PretrainedInit: load from torchvision://resnet50 

backbone.layer2.3.bn1.bias - torch.Size([128]): 
PretrainedInit: load from torchvision://resnet50 

backbone.layer2.3.conv2.weight - torch.Size([128, 128, 3, 3]): 
PretrainedInit: load from torchvision://resnet50 

backbone.layer2.3.bn2.weight - torch.Size([128]): 
PretrainedInit: load from torchvision://resnet50 

backbone.layer2.3.bn2.bias - torch.Size([128]): 
PretrainedInit: load from torchvision://resnet50 

backbone.layer2.3.conv3.weight - torch.Size([512, 128, 1, 1]): 
PretrainedInit: load from torchvision://resnet50 

backbone.layer2.3.bn3.weight - torch.Size([512]): 
PretrainedInit: load from torchvision://resnet50 

backbone.layer2.3.bn3.bias - torch.Size([512]): 
PretrainedInit: load from torchvision://resnet50 

backbone.layer3.0.conv1.weight - torch.Size([256, 512, 1, 1]): 
PretrainedInit: load from torchvision://resnet50 

backbone.layer3.0.bn1.weight - torch.Size([256]): 
PretrainedInit: load from torchvision://resnet50 

backbone.layer3.0.bn1.bias - torch.Size([256]): 
PretrainedInit: load from torchvision://resnet50 

backbone.layer3.0.conv2.weight - torch.Size([256, 256, 3, 3]): 
PretrainedInit: load from torchvision://resnet50 

backbone.layer3.0.bn2.weight - torch.Size([256]): 
PretrainedInit: load from torchvision://resnet50 

backbone.layer3.0.bn2.bias - torch.Size([256]): 
PretrainedInit: load from torchvision://resnet50 

backbone.layer3.0.conv3.weight - torch.Size([1024, 256, 1, 1]): 
PretrainedInit: load from torchvision://resnet50 

backbone.layer3.0.bn3.weight - torch.Size([1024]): 
PretrainedInit: load from torchvision://resnet50 

backbone.layer3.0.bn3.bias - torch.Size([1024]): 
PretrainedInit: load from torchvision://resnet50 

backbone.layer3.0.downsample.0.weight - torch.Size([1024, 512, 1, 1]): 
PretrainedInit: load from torchvision://resnet50 

backbone.layer3.0.downsample.1.weight - torch.Size([1024]): 
PretrainedInit: load from torchvision://resnet50 

backbone.layer3.0.downsample.1.bias - torch.Size([1024]): 
PretrainedInit: load from torchvision://resnet50 

backbone.layer3.1.conv1.weight - torch.Size([256, 1024, 1, 1]): 
PretrainedInit: load from torchvision://resnet50 

backbone.layer3.1.bn1.weight - torch.Size([256]): 
PretrainedInit: load from torchvision://resnet50 

backbone.layer3.1.bn1.bias - torch.Size([256]): 
PretrainedInit: load from torchvision://resnet50 

backbone.layer3.1.conv2.weight - torch.Size([256, 256, 3, 3]): 
PretrainedInit: load from torchvision://resnet50 

backbone.layer3.1.bn2.weight - torch.Size([256]): 
PretrainedInit: load from torchvision://resnet50 

backbone.layer3.1.bn2.bias - torch.Size([256]): 
PretrainedInit: load from torchvision://resnet50 

backbone.layer3.1.conv3.weight - torch.Size([1024, 256, 1, 1]): 
PretrainedInit: load from torchvision://resnet50 

backbone.layer3.1.bn3.weight - torch.Size([1024]): 
PretrainedInit: load from torchvision://resnet50 

backbone.layer3.1.bn3.bias - torch.Size([1024]): 
PretrainedInit: load from torchvision://resnet50 

backbone.layer3.2.conv1.weight - torch.Size([256, 1024, 1, 1]): 
PretrainedInit: load from torchvision://resnet50 

backbone.layer3.2.bn1.weight - torch.Size([256]): 
PretrainedInit: load from torchvision://resnet50 

backbone.layer3.2.bn1.bias - torch.Size([256]): 
PretrainedInit: load from torchvision://resnet50 

backbone.layer3.2.conv2.weight - torch.Size([256, 256, 3, 3]): 
PretrainedInit: load from torchvision://resnet50 

backbone.layer3.2.bn2.weight - torch.Size([256]): 
PretrainedInit: load from torchvision://resnet50 

backbone.layer3.2.bn2.bias - torch.Size([256]): 
PretrainedInit: load from torchvision://resnet50 

backbone.layer3.2.conv3.weight - torch.Size([1024, 256, 1, 1]): 
PretrainedInit: load from torchvision://resnet50 

backbone.layer3.2.bn3.weight - torch.Size([1024]): 
PretrainedInit: load from torchvision://resnet50 

backbone.layer3.2.bn3.bias - torch.Size([1024]): 
PretrainedInit: load from torchvision://resnet50 

backbone.layer3.3.conv1.weight - torch.Size([256, 1024, 1, 1]): 
PretrainedInit: load from torchvision://resnet50 

backbone.layer3.3.bn1.weight - torch.Size([256]): 
PretrainedInit: load from torchvision://resnet50 

backbone.layer3.3.bn1.bias - torch.Size([256]): 
PretrainedInit: load from torchvision://resnet50 

backbone.layer3.3.conv2.weight - torch.Size([256, 256, 3, 3]): 
PretrainedInit: load from torchvision://resnet50 

backbone.layer3.3.bn2.weight - torch.Size([256]): 
PretrainedInit: load from torchvision://resnet50 

backbone.layer3.3.bn2.bias - torch.Size([256]): 
PretrainedInit: load from torchvision://resnet50 

backbone.layer3.3.conv3.weight - torch.Size([1024, 256, 1, 1]): 
PretrainedInit: load from torchvision://resnet50 

backbone.layer3.3.bn3.weight - torch.Size([1024]): 
PretrainedInit: load from torchvision://resnet50 

backbone.layer3.3.bn3.bias - torch.Size([1024]): 
PretrainedInit: load from torchvision://resnet50 

backbone.layer3.4.conv1.weight - torch.Size([256, 1024, 1, 1]): 
PretrainedInit: load from torchvision://resnet50 

backbone.layer3.4.bn1.weight - torch.Size([256]): 
PretrainedInit: load from torchvision://resnet50 

backbone.layer3.4.bn1.bias - torch.Size([256]): 
PretrainedInit: load from torchvision://resnet50 

backbone.layer3.4.conv2.weight - torch.Size([256, 256, 3, 3]): 
PretrainedInit: load from torchvision://resnet50 

backbone.layer3.4.bn2.weight - torch.Size([256]): 
PretrainedInit: load from torchvision://resnet50 

backbone.layer3.4.bn2.bias - torch.Size([256]): 
PretrainedInit: load from torchvision://resnet50 

backbone.layer3.4.conv3.weight - torch.Size([1024, 256, 1, 1]): 
PretrainedInit: load from torchvision://resnet50 

backbone.layer3.4.bn3.weight - torch.Size([1024]): 
PretrainedInit: load from torchvision://resnet50 

backbone.layer3.4.bn3.bias - torch.Size([1024]): 
PretrainedInit: load from torchvision://resnet50 

backbone.layer3.5.conv1.weight - torch.Size([256, 1024, 1, 1]): 
PretrainedInit: load from torchvision://resnet50 

backbone.layer3.5.bn1.weight - torch.Size([256]): 
PretrainedInit: load from torchvision://resnet50 

backbone.layer3.5.bn1.bias - torch.Size([256]): 
PretrainedInit: load from torchvision://resnet50 

backbone.layer3.5.conv2.weight - torch.Size([256, 256, 3, 3]): 
PretrainedInit: load from torchvision://resnet50 

backbone.layer3.5.bn2.weight - torch.Size([256]): 
PretrainedInit: load from torchvision://resnet50 

backbone.layer3.5.bn2.bias - torch.Size([256]): 
PretrainedInit: load from torchvision://resnet50 

backbone.layer3.5.conv3.weight - torch.Size([1024, 256, 1, 1]): 
PretrainedInit: load from torchvision://resnet50 

backbone.layer3.5.bn3.weight - torch.Size([1024]): 
PretrainedInit: load from torchvision://resnet50 

backbone.layer3.5.bn3.bias - torch.Size([1024]): 
PretrainedInit: load from torchvision://resnet50 

backbone.layer4.0.conv1.weight - torch.Size([512, 1024, 1, 1]): 
PretrainedInit: load from torchvision://resnet50 

backbone.layer4.0.bn1.weight - torch.Size([512]): 
PretrainedInit: load from torchvision://resnet50 

backbone.layer4.0.bn1.bias - torch.Size([512]): 
PretrainedInit: load from torchvision://resnet50 

backbone.layer4.0.conv2.weight - torch.Size([512, 512, 3, 3]): 
PretrainedInit: load from torchvision://resnet50 

backbone.layer4.0.bn2.weight - torch.Size([512]): 
PretrainedInit: load from torchvision://resnet50 

backbone.layer4.0.bn2.bias - torch.Size([512]): 
PretrainedInit: load from torchvision://resnet50 

backbone.layer4.0.conv3.weight - torch.Size([2048, 512, 1, 1]): 
PretrainedInit: load from torchvision://resnet50 

backbone.layer4.0.bn3.weight - torch.Size([2048]): 
PretrainedInit: load from torchvision://resnet50 

backbone.layer4.0.bn3.bias - torch.Size([2048]): 
PretrainedInit: load from torchvision://resnet50 

backbone.layer4.0.downsample.0.weight - torch.Size([2048, 1024, 1, 1]): 
PretrainedInit: load from torchvision://resnet50 

backbone.layer4.0.downsample.1.weight - torch.Size([2048]): 
PretrainedInit: load from torchvision://resnet50 

backbone.layer4.0.downsample.1.bias - torch.Size([2048]): 
PretrainedInit: load from torchvision://resnet50 

backbone.layer4.1.conv1.weight - torch.Size([512, 2048, 1, 1]): 
PretrainedInit: load from torchvision://resnet50 

backbone.layer4.1.bn1.weight - torch.Size([512]): 
PretrainedInit: load from torchvision://resnet50 

backbone.layer4.1.bn1.bias - torch.Size([512]): 
PretrainedInit: load from torchvision://resnet50 

backbone.layer4.1.conv2.weight - torch.Size([512, 512, 3, 3]): 
PretrainedInit: load from torchvision://resnet50 

backbone.layer4.1.bn2.weight - torch.Size([512]): 
PretrainedInit: load from torchvision://resnet50 

backbone.layer4.1.bn2.bias - torch.Size([512]): 
PretrainedInit: load from torchvision://resnet50 

backbone.layer4.1.conv3.weight - torch.Size([2048, 512, 1, 1]): 
PretrainedInit: load from torchvision://resnet50 

backbone.layer4.1.bn3.weight - torch.Size([2048]): 
PretrainedInit: load from torchvision://resnet50 

backbone.layer4.1.bn3.bias - torch.Size([2048]): 
PretrainedInit: load from torchvision://resnet50 

backbone.layer4.2.conv1.weight - torch.Size([512, 2048, 1, 1]): 
PretrainedInit: load from torchvision://resnet50 

backbone.layer4.2.bn1.weight - torch.Size([512]): 
PretrainedInit: load from torchvision://resnet50 

backbone.layer4.2.bn1.bias - torch.Size([512]): 
PretrainedInit: load from torchvision://resnet50 

backbone.layer4.2.conv2.weight - torch.Size([512, 512, 3, 3]): 
PretrainedInit: load from torchvision://resnet50 

backbone.layer4.2.bn2.weight - torch.Size([512]): 
PretrainedInit: load from torchvision://resnet50 

backbone.layer4.2.bn2.bias - torch.Size([512]): 
PretrainedInit: load from torchvision://resnet50 

backbone.layer4.2.conv3.weight - torch.Size([2048, 512, 1, 1]): 
PretrainedInit: load from torchvision://resnet50 

backbone.layer4.2.bn3.weight - torch.Size([2048]): 
PretrainedInit: load from torchvision://resnet50 

backbone.layer4.2.bn3.bias - torch.Size([2048]): 
PretrainedInit: load from torchvision://resnet50 

neck.lateral_convs.0.conv.weight - torch.Size([256, 256, 1, 1]): 
XavierInit: gain=1, distribution=uniform, bias=0 

neck.lateral_convs.0.conv.bias - torch.Size([256]): 
The value is the same before and after calling `init_weights` of MaskRCNN  

neck.lateral_convs.1.conv.weight - torch.Size([256, 512, 1, 1]): 
XavierInit: gain=1, distribution=uniform, bias=0 

neck.lateral_convs.1.conv.bias - torch.Size([256]): 
The value is the same before and after calling `init_weights` of MaskRCNN  

neck.lateral_convs.2.conv.weight - torch.Size([256, 1024, 1, 1]): 
XavierInit: gain=1, distribution=uniform, bias=0 

neck.lateral_convs.2.conv.bias - torch.Size([256]): 
The value is the same before and after calling `init_weights` of MaskRCNN  

neck.lateral_convs.3.conv.weight - torch.Size([256, 2048, 1, 1]): 
XavierInit: gain=1, distribution=uniform, bias=0 

neck.lateral_convs.3.conv.bias - torch.Size([256]): 
The value is the same before and after calling `init_weights` of MaskRCNN  

neck.fpn_convs.0.conv.weight - torch.Size([256, 256, 3, 3]): 
XavierInit: gain=1, distribution=uniform, bias=0 

neck.fpn_convs.0.conv.bias - torch.Size([256]): 
The value is the same before and after calling `init_weights` of MaskRCNN  

neck.fpn_convs.1.conv.weight - torch.Size([256, 256, 3, 3]): 
XavierInit: gain=1, distribution=uniform, bias=0 

neck.fpn_convs.1.conv.bias - torch.Size([256]): 
The value is the same before and after calling `init_weights` of MaskRCNN  

neck.fpn_convs.2.conv.weight - torch.Size([256, 256, 3, 3]): 
XavierInit: gain=1, distribution=uniform, bias=0 

neck.fpn_convs.2.conv.bias - torch.Size([256]): 
The value is the same before and after calling `init_weights` of MaskRCNN  

neck.fpn_convs.3.conv.weight - torch.Size([256, 256, 3, 3]): 
XavierInit: gain=1, distribution=uniform, bias=0 

neck.fpn_convs.3.conv.bias - torch.Size([256]): 
The value is the same before and after calling `init_weights` of MaskRCNN  

rpn_head.rpn_conv.weight - torch.Size([256, 256, 3, 3]): 
NormalInit: mean=0, std=0.01, bias=0 

rpn_head.rpn_conv.bias - torch.Size([256]): 
NormalInit: mean=0, std=0.01, bias=0 

rpn_head.rpn_cls.weight - torch.Size([3, 256, 1, 1]): 
NormalInit: mean=0, std=0.01, bias=0 

rpn_head.rpn_cls.bias - torch.Size([3]): 
NormalInit: mean=0, std=0.01, bias=0 

rpn_head.rpn_reg.weight - torch.Size([12, 256, 1, 1]): 
NormalInit: mean=0, std=0.01, bias=0 

rpn_head.rpn_reg.bias - torch.Size([12]): 
NormalInit: mean=0, std=0.01, bias=0 

roi_head.bbox_head.fc_cls.weight - torch.Size([21, 1024]): 
NormalInit: mean=0, std=0.01, bias=0 

roi_head.bbox_head.fc_cls.bias - torch.Size([21]): 
NormalInit: mean=0, std=0.01, bias=0 

roi_head.bbox_head.fc_reg.weight - torch.Size([80, 1024]): 
NormalInit: mean=0, std=0.001, bias=0 

roi_head.bbox_head.fc_reg.bias - torch.Size([80]): 
NormalInit: mean=0, std=0.001, bias=0 

roi_head.bbox_head.shared_fcs.0.weight - torch.Size([1024, 12544]): 
XavierInit: gain=1, distribution=uniform, bias=0 

roi_head.bbox_head.shared_fcs.0.bias - torch.Size([1024]): 
XavierInit: gain=1, distribution=uniform, bias=0 

roi_head.bbox_head.shared_fcs.1.weight - torch.Size([1024, 1024]): 
XavierInit: gain=1, distribution=uniform, bias=0 

roi_head.bbox_head.shared_fcs.1.bias - torch.Size([1024]): 
XavierInit: gain=1, distribution=uniform, bias=0 
2025/05/16 09:57:40 - mmengine - WARNING - "FileClient" will be deprecated in future. Please use io functions in https://mmengine.readthedocs.io/en/latest/api/fileio.html#file-io
2025/05/16 09:57:40 - mmengine - WARNING - "HardDiskBackend" is the alias of "LocalBackend" and the former will be deprecated in future.
2025/05/16 09:57:40 - mmengine - INFO - Checkpoints will be saved to /kaggle/working/mmdetection/work_dirs/mask-rcnn-cuda.
2025/05/16 09:57:49 - mmengine - INFO - Epoch(train) [1][  50/8276]  lr: 1.9820e-03  eta: 2:36:28  time: 0.1893  data_time: 0.0074  memory: 915  loss: 1.2867  loss_rpn_cls: 0.3779  loss_rpn_bbox: 0.0212  loss_cls: 0.7864  acc: 96.8750  loss_bbox: 0.1012
2025/05/16 09:57:58 - mmengine - INFO - Epoch(train) [1][ 100/8276]  lr: 3.9840e-03  eta: 2:30:42  time: 0.1757  data_time: 0.0050  memory: 915  loss: 0.5629  loss_rpn_cls: 0.0925  loss_rpn_bbox: 0.0210  loss_cls: 0.2812  acc: 94.0430  loss_bbox: 0.1682
2025/05/16 09:58:07 - mmengine - INFO - Epoch(train) [1][ 150/8276]  lr: 5.9860e-03  eta: 2:28:07  time: 0.1736  data_time: 0.0052  memory: 915  loss: 0.5351  loss_rpn_cls: 0.0728  loss_rpn_bbox: 0.0179  loss_cls: 0.2631  acc: 95.8008  loss_bbox: 0.1812
2025/05/16 09:58:16 - mmengine - INFO - Epoch(train) [1][ 200/8276]  lr: 7.9880e-03  eta: 2:27:46  time: 0.1786  data_time: 0.0055  memory: 916  loss: 0.5778  loss_rpn_cls: 0.0659  loss_rpn_bbox: 0.0175  loss_cls: 0.2925  acc: 91.2109  loss_bbox: 0.2019
2025/05/16 09:58:25 - mmengine - INFO - Epoch(train) [1][ 250/8276]  lr: 9.9900e-03  eta: 2:27:36  time: 0.1792  data_time: 0.0050  memory: 916  loss: 0.5831  loss_rpn_cls: 0.0646  loss_rpn_bbox: 0.0193  loss_cls: 0.2898  acc: 95.3125  loss_bbox: 0.2094
2025/05/16 09:58:34 - mmengine - INFO - Epoch(train) [1][ 300/8276]  lr: 1.1992e-02  eta: 2:27:15  time: 0.1779  data_time: 0.0052  memory: 916  loss: 0.6025  loss_rpn_cls: 0.0902  loss_rpn_bbox: 0.0204  loss_cls: 0.2942  acc: 97.4609  loss_bbox: 0.1977
2025/05/16 09:58:43 - mmengine - INFO - Epoch(train) [1][ 350/8276]  lr: 1.3994e-02  eta: 2:26:57  time: 0.1777  data_time: 0.0055  memory: 915  loss: 0.6405  loss_rpn_cls: 0.0890  loss_rpn_bbox: 0.0260  loss_cls: 0.3138  acc: 92.5781  loss_bbox: 0.2118
2025/05/16 09:58:51 - mmengine - INFO - Epoch(train) [1][ 400/8276]  lr: 1.5996e-02  eta: 2:26:31  time: 0.1761  data_time: 0.0048  memory: 915  loss: 0.5072  loss_rpn_cls: 0.0539  loss_rpn_bbox: 0.0172  loss_cls: 0.2536  acc: 95.8008  loss_bbox: 0.1825
2025/05/16 09:59:00 - mmengine - INFO - Epoch(train) [1][ 450/8276]  lr: 1.7998e-02  eta: 2:25:41  time: 0.1710  data_time: 0.0046  memory: 915  loss: 0.5473  loss_rpn_cls: 0.0682  loss_rpn_bbox: 0.0179  loss_cls: 0.2806  acc: 93.5547  loss_bbox: 0.1806
2025/05/16 09:59:09 - mmengine - INFO - Epoch(train) [1][ 500/8276]  lr: 2.0000e-02  eta: 2:25:03  time: 0.1716  data_time: 0.0052  memory: 916  loss: 0.5650  loss_rpn_cls: 0.0572  loss_rpn_bbox: 0.0179  loss_cls: 0.2826  acc: 98.1445  loss_bbox: 0.2074
2025/05/16 09:59:17 - mmengine - INFO - Epoch(train) [1][ 550/8276]  lr: 2.0000e-02  eta: 2:24:30  time: 0.1718  data_time: 0.0049  memory: 915  loss: 0.5099  loss_rpn_cls: 0.0532  loss_rpn_bbox: 0.0168  loss_cls: 0.2586  acc: 91.8945  loss_bbox: 0.1813
2025/05/16 09:59:26 - mmengine - INFO - Epoch(train) [1][ 600/8276]  lr: 2.0000e-02  eta: 2:24:08  time: 0.1733  data_time: 0.0052  memory: 915  loss: 0.5937  loss_rpn_cls: 0.0716  loss_rpn_bbox: 0.0213  loss_cls: 0.3113  acc: 94.5312  loss_bbox: 0.1896
2025/05/16 09:59:34 - mmengine - INFO - Epoch(train) [1][ 650/8276]  lr: 2.0000e-02  eta: 2:23:31  time: 0.1690  data_time: 0.0049  memory: 916  loss: 0.5908  loss_rpn_cls: 0.0875  loss_rpn_bbox: 0.0214  loss_cls: 0.3011  acc: 96.6797  loss_bbox: 0.1806
2025/05/16 09:59:43 - mmengine - INFO - Epoch(train) [1][ 700/8276]  lr: 2.0000e-02  eta: 2:23:24  time: 0.1761  data_time: 0.0050  memory: 915  loss: 0.5772  loss_rpn_cls: 0.0575  loss_rpn_bbox: 0.0178  loss_cls: 0.3008  acc: 95.3125  loss_bbox: 0.2011
2025/05/16 09:59:52 - mmengine - INFO - Epoch(train) [1][ 750/8276]  lr: 2.0000e-02  eta: 2:23:13  time: 0.1752  data_time: 0.0049  memory: 915  loss: 0.5926  loss_rpn_cls: 0.0733  loss_rpn_bbox: 0.0182  loss_cls: 0.3028  acc: 96.9727  loss_bbox: 0.1983
2025/05/16 10:00:01 - mmengine - INFO - Epoch(train) [1][ 800/8276]  lr: 2.0000e-02  eta: 2:23:08  time: 0.1770  data_time: 0.0049  memory: 915  loss: 0.6592  loss_rpn_cls: 0.0637  loss_rpn_bbox: 0.0209  loss_cls: 0.3403  acc: 98.9258  loss_bbox: 0.2342
2025/05/16 10:00:09 - mmengine - INFO - Epoch(train) [1][ 850/8276]  lr: 2.0000e-02  eta: 2:22:53  time: 0.1734  data_time: 0.0054  memory: 916  loss: 0.5862  loss_rpn_cls: 0.0661  loss_rpn_bbox: 0.0184  loss_cls: 0.3029  acc: 96.4844  loss_bbox: 0.1988
2025/05/16 10:00:18 - mmengine - INFO - Epoch(train) [1][ 900/8276]  lr: 2.0000e-02  eta: 2:22:32  time: 0.1711  data_time: 0.0047  memory: 916  loss: 0.6022  loss_rpn_cls: 0.0604  loss_rpn_bbox: 0.0210  loss_cls: 0.3172  acc: 95.6055  loss_bbox: 0.2036
2025/05/16 10:00:26 - mmengine - INFO - Epoch(train) [1][ 950/8276]  lr: 2.0000e-02  eta: 2:22:11  time: 0.1709  data_time: 0.0052  memory: 916  loss: 0.5606  loss_rpn_cls: 0.0630  loss_rpn_bbox: 0.0193  loss_cls: 0.2859  acc: 93.9453  loss_bbox: 0.1925
2025/05/16 10:00:35 - mmengine - INFO - Exp name: mask-rcnn_voc_20250516_095727
2025/05/16 10:00:35 - mmengine - INFO - Epoch(train) [1][1000/8276]  lr: 2.0000e-02  eta: 2:21:53  time: 0.1713  data_time: 0.0047  memory: 885  loss: 0.5585  loss_rpn_cls: 0.0538  loss_rpn_bbox: 0.0216  loss_cls: 0.2775  acc: 97.0703  loss_bbox: 0.2057
2025/05/16 10:00:44 - mmengine - INFO - Epoch(train) [1][1050/8276]  lr: 2.0000e-02  eta: 2:21:42  time: 0.1738  data_time: 0.0049  memory: 916  loss: 0.5362  loss_rpn_cls: 0.0495  loss_rpn_bbox: 0.0176  loss_cls: 0.2745  acc: 95.0195  loss_bbox: 0.1945
2025/05/16 10:00:52 - mmengine - INFO - Epoch(train) [1][1100/8276]  lr: 2.0000e-02  eta: 2:21:31  time: 0.1742  data_time: 0.0047  memory: 915  loss: 0.4489  loss_rpn_cls: 0.0430  loss_rpn_bbox: 0.0180  loss_cls: 0.2266  acc: 95.3125  loss_bbox: 0.1613
2025/05/16 10:01:01 - mmengine - INFO - Epoch(train) [1][1150/8276]  lr: 2.0000e-02  eta: 2:21:14  time: 0.1706  data_time: 0.0051  memory: 915  loss: 0.5222  loss_rpn_cls: 0.0521  loss_rpn_bbox: 0.0208  loss_cls: 0.2640  acc: 90.6250  loss_bbox: 0.1853
2025/05/16 10:01:09 - mmengine - INFO - Epoch(train) [1][1200/8276]  lr: 2.0000e-02  eta: 2:20:55  time: 0.1698  data_time: 0.0047  memory: 915  loss: 0.5519  loss_rpn_cls: 0.0476  loss_rpn_bbox: 0.0176  loss_cls: 0.2722  acc: 96.3867  loss_bbox: 0.2145
2025/05/16 10:01:18 - mmengine - INFO - Epoch(train) [1][1250/8276]  lr: 2.0000e-02  eta: 2:20:44  time: 0.1735  data_time: 0.0050  memory: 915  loss: 0.5862  loss_rpn_cls: 0.0500  loss_rpn_bbox: 0.0182  loss_cls: 0.3060  acc: 91.5039  loss_bbox: 0.2121
2025/05/16 10:01:27 - mmengine - INFO - Epoch(train) [1][1300/8276]  lr: 2.0000e-02  eta: 2:20:30  time: 0.1714  data_time: 0.0051  memory: 915  loss: 0.5779  loss_rpn_cls: 0.0476  loss_rpn_bbox: 0.0165  loss_cls: 0.2983  acc: 87.8906  loss_bbox: 0.2155
2025/05/16 10:01:35 - mmengine - INFO - Epoch(train) [1][1350/8276]  lr: 2.0000e-02  eta: 2:20:20  time: 0.1737  data_time: 0.0051  memory: 915  loss: 0.5118  loss_rpn_cls: 0.0411  loss_rpn_bbox: 0.0168  loss_cls: 0.2630  acc: 98.8281  loss_bbox: 0.1909
2025/05/16 10:01:44 - mmengine - INFO - Epoch(train) [1][1400/8276]  lr: 2.0000e-02  eta: 2:20:08  time: 0.1724  data_time: 0.0052  memory: 916  loss: 0.6090  loss_rpn_cls: 0.0500  loss_rpn_bbox: 0.0216  loss_cls: 0.3135  acc: 94.1406  loss_bbox: 0.2238
2025/05/16 10:01:52 - mmengine - INFO - Epoch(train) [1][1450/8276]  lr: 2.0000e-02  eta: 2:19:51  time: 0.1695  data_time: 0.0054  memory: 915  loss: 0.5082  loss_rpn_cls: 0.0531  loss_rpn_bbox: 0.0199  loss_cls: 0.2409  acc: 94.7266  loss_bbox: 0.1942
2025/05/16 10:02:01 - mmengine - INFO - Epoch(train) [1][1500/8276]  lr: 2.0000e-02  eta: 2:19:41  time: 0.1728  data_time: 0.0051  memory: 916  loss: 0.6138  loss_rpn_cls: 0.0606  loss_rpn_bbox: 0.0211  loss_cls: 0.3116  acc: 96.7773  loss_bbox: 0.2205
2025/05/16 10:02:10 - mmengine - INFO - Epoch(train) [1][1550/8276]  lr: 2.0000e-02  eta: 2:19:28  time: 0.1712  data_time: 0.0046  memory: 915  loss: 0.5469  loss_rpn_cls: 0.0332  loss_rpn_bbox: 0.0164  loss_cls: 0.2827  acc: 96.0938  loss_bbox: 0.2147
2025/05/16 10:02:18 - mmengine - INFO - Epoch(train) [1][1600/8276]  lr: 2.0000e-02  eta: 2:19:21  time: 0.1752  data_time: 0.0053  memory: 915  loss: 0.5645  loss_rpn_cls: 0.0478  loss_rpn_bbox: 0.0177  loss_cls: 0.2888  acc: 95.2148  loss_bbox: 0.2102
2025/05/16 10:02:27 - mmengine - INFO - Epoch(train) [1][1650/8276]  lr: 2.0000e-02  eta: 2:19:11  time: 0.1736  data_time: 0.0047  memory: 916  loss: 0.5329  loss_rpn_cls: 0.0413  loss_rpn_bbox: 0.0185  loss_cls: 0.2704  acc: 95.3125  loss_bbox: 0.2027
2025/05/16 10:02:36 - mmengine - INFO - Epoch(train) [1][1700/8276]  lr: 2.0000e-02  eta: 2:19:04  time: 0.1748  data_time: 0.0050  memory: 916  loss: 0.5712  loss_rpn_cls: 0.0581  loss_rpn_bbox: 0.0224  loss_cls: 0.2709  acc: 93.3594  loss_bbox: 0.2198
2025/05/16 10:02:45 - mmengine - INFO - Epoch(train) [1][1750/8276]  lr: 2.0000e-02  eta: 2:18:56  time: 0.1748  data_time: 0.0046  memory: 916  loss: 0.5222  loss_rpn_cls: 0.0437  loss_rpn_bbox: 0.0186  loss_cls: 0.2570  acc: 94.1406  loss_bbox: 0.2030
2025/05/16 10:02:53 - mmengine - INFO - Epoch(train) [1][1800/8276]  lr: 2.0000e-02  eta: 2:18:44  time: 0.1711  data_time: 0.0046  memory: 915  loss: 0.5550  loss_rpn_cls: 0.0455  loss_rpn_bbox: 0.0170  loss_cls: 0.2904  acc: 93.0664  loss_bbox: 0.2021
2025/05/16 10:03:02 - mmengine - INFO - Epoch(train) [1][1850/8276]  lr: 2.0000e-02  eta: 2:18:33  time: 0.1722  data_time: 0.0048  memory: 915  loss: 0.4734  loss_rpn_cls: 0.0437  loss_rpn_bbox: 0.0166  loss_cls: 0.2390  acc: 93.4570  loss_bbox: 0.1741
2025/05/16 10:03:10 - mmengine - INFO - Epoch(train) [1][1900/8276]  lr: 2.0000e-02  eta: 2:18:21  time: 0.1712  data_time: 0.0053  memory: 915  loss: 0.5014  loss_rpn_cls: 0.0454  loss_rpn_bbox: 0.0164  loss_cls: 0.2494  acc: 95.7031  loss_bbox: 0.1902
2025/05/16 10:03:19 - mmengine - INFO - Epoch(train) [1][1950/8276]  lr: 2.0000e-02  eta: 2:18:12  time: 0.1738  data_time: 0.0049  memory: 915  loss: 0.5196  loss_rpn_cls: 0.0388  loss_rpn_bbox: 0.0156  loss_cls: 0.2690  acc: 93.3594  loss_bbox: 0.1963
2025/05/16 10:03:28 - mmengine - INFO - Exp name: mask-rcnn_voc_20250516_095727
2025/05/16 10:03:28 - mmengine - INFO - Epoch(train) [1][2000/8276]  lr: 2.0000e-02  eta: 2:18:02  time: 0.1730  data_time: 0.0047  memory: 915  loss: 0.4882  loss_rpn_cls: 0.0374  loss_rpn_bbox: 0.0161  loss_cls: 0.2436  acc: 96.3867  loss_bbox: 0.1910
2025/05/16 10:03:36 - mmengine - INFO - Epoch(train) [1][2050/8276]  lr: 2.0000e-02  eta: 2:17:53  time: 0.1731  data_time: 0.0048  memory: 915  loss: 0.4424  loss_rpn_cls: 0.0399  loss_rpn_bbox: 0.0177  loss_cls: 0.2204  acc: 96.1914  loss_bbox: 0.1643
2025/05/16 10:03:45 - mmengine - INFO - Epoch(train) [1][2100/8276]  lr: 2.0000e-02  eta: 2:17:45  time: 0.1741  data_time: 0.0048  memory: 916  loss: 0.5466  loss_rpn_cls: 0.0487  loss_rpn_bbox: 0.0212  loss_cls: 0.2653  acc: 95.0195  loss_bbox: 0.2114
2025/05/16 10:03:54 - mmengine - INFO - Epoch(train) [1][2150/8276]  lr: 2.0000e-02  eta: 2:17:33  time: 0.1716  data_time: 0.0047  memory: 916  loss: 0.4879  loss_rpn_cls: 0.0402  loss_rpn_bbox: 0.0155  loss_cls: 0.2511  acc: 91.4062  loss_bbox: 0.1811
2025/05/16 10:04:02 - mmengine - INFO - Epoch(train) [1][2200/8276]  lr: 2.0000e-02  eta: 2:17:22  time: 0.1711  data_time: 0.0046  memory: 916  loss: 0.4815  loss_rpn_cls: 0.0379  loss_rpn_bbox: 0.0176  loss_cls: 0.2423  acc: 93.1641  loss_bbox: 0.1837
2025/05/16 10:04:11 - mmengine - INFO - Epoch(train) [1][2250/8276]  lr: 2.0000e-02  eta: 2:17:13  time: 0.1735  data_time: 0.0050  memory: 915  loss: 0.4927  loss_rpn_cls: 0.0403  loss_rpn_bbox: 0.0177  loss_cls: 0.2368  acc: 96.4844  loss_bbox: 0.1979
2025/05/16 10:04:20 - mmengine - INFO - Epoch(train) [1][2300/8276]  lr: 2.0000e-02  eta: 2:17:06  time: 0.1754  data_time: 0.0046  memory: 915  loss: 0.4850  loss_rpn_cls: 0.0428  loss_rpn_bbox: 0.0177  loss_cls: 0.2343  acc: 94.9219  loss_bbox: 0.1902
2025/05/16 10:04:28 - mmengine - INFO - Epoch(train) [1][2350/8276]  lr: 2.0000e-02  eta: 2:16:58  time: 0.1740  data_time: 0.0049  memory: 916  loss: 0.4889  loss_rpn_cls: 0.0411  loss_rpn_bbox: 0.0158  loss_cls: 0.2345  acc: 92.9688  loss_bbox: 0.1974
2025/05/16 10:04:37 - mmengine - INFO - Epoch(train) [1][2400/8276]  lr: 2.0000e-02  eta: 2:16:45  time: 0.1700  data_time: 0.0048  memory: 915  loss: 0.5279  loss_rpn_cls: 0.0488  loss_rpn_bbox: 0.0174  loss_cls: 0.2557  acc: 92.4805  loss_bbox: 0.2061
2025/05/16 10:04:45 - mmengine - INFO - Epoch(train) [1][2450/8276]  lr: 2.0000e-02  eta: 2:16:37  time: 0.1738  data_time: 0.0047  memory: 916  loss: 0.5497  loss_rpn_cls: 0.0386  loss_rpn_bbox: 0.0177  loss_cls: 0.2756  acc: 97.6562  loss_bbox: 0.2177
2025/05/16 10:04:54 - mmengine - INFO - Epoch(train) [1][2500/8276]  lr: 2.0000e-02  eta: 2:16:29  time: 0.1743  data_time: 0.0049  memory: 916  loss: 0.5260  loss_rpn_cls: 0.0339  loss_rpn_bbox: 0.0154  loss_cls: 0.2709  acc: 96.5820  loss_bbox: 0.2058
2025/05/16 10:05:03 - mmengine - INFO - Epoch(train) [1][2550/8276]  lr: 2.0000e-02  eta: 2:16:20  time: 0.1739  data_time: 0.0051  memory: 916  loss: 0.5475  loss_rpn_cls: 0.0393  loss_rpn_bbox: 0.0179  loss_cls: 0.2704  acc: 95.6055  loss_bbox: 0.2199
2025/05/16 10:05:12 - mmengine - INFO - Epoch(train) [1][2600/8276]  lr: 2.0000e-02  eta: 2:16:13  time: 0.1751  data_time: 0.0049  memory: 915  loss: 0.4997  loss_rpn_cls: 0.0431  loss_rpn_bbox: 0.0179  loss_cls: 0.2476  acc: 95.6055  loss_bbox: 0.1911
2025/05/16 10:05:20 - mmengine - INFO - Epoch(train) [1][2650/8276]  lr: 2.0000e-02  eta: 2:16:06  time: 0.1751  data_time: 0.0046  memory: 915  loss: 0.4356  loss_rpn_cls: 0.0285  loss_rpn_bbox: 0.0171  loss_cls: 0.2167  acc: 94.6289  loss_bbox: 0.1734
2025/05/16 10:05:29 - mmengine - INFO - Epoch(train) [1][2700/8276]  lr: 2.0000e-02  eta: 2:15:56  time: 0.1733  data_time: 0.0050  memory: 916  loss: 0.4943  loss_rpn_cls: 0.0507  loss_rpn_bbox: 0.0183  loss_cls: 0.2369  acc: 90.8203  loss_bbox: 0.1884
2025/05/16 10:05:38 - mmengine - INFO - Epoch(train) [1][2750/8276]  lr: 2.0000e-02  eta: 2:15:48  time: 0.1739  data_time: 0.0050  memory: 916  loss: 0.4992  loss_rpn_cls: 0.0480  loss_rpn_bbox: 0.0182  loss_cls: 0.2479  acc: 97.8516  loss_bbox: 0.1851
2025/05/16 10:05:46 - mmengine - INFO - Epoch(train) [1][2800/8276]  lr: 2.0000e-02  eta: 2:15:38  time: 0.1726  data_time: 0.0051  memory: 915  loss: 0.5018  loss_rpn_cls: 0.0358  loss_rpn_bbox: 0.0163  loss_cls: 0.2487  acc: 86.0352  loss_bbox: 0.2010
2025/05/16 10:05:55 - mmengine - INFO - Epoch(train) [1][2850/8276]  lr: 2.0000e-02  eta: 2:15:28  time: 0.1722  data_time: 0.0049  memory: 915  loss: 0.5574  loss_rpn_cls: 0.0491  loss_rpn_bbox: 0.0180  loss_cls: 0.2735  acc: 92.2852  loss_bbox: 0.2167
2025/05/16 10:06:04 - mmengine - INFO - Epoch(train) [1][2900/8276]  lr: 2.0000e-02  eta: 2:15:18  time: 0.1720  data_time: 0.0048  memory: 915  loss: 0.4767  loss_rpn_cls: 0.0324  loss_rpn_bbox: 0.0147  loss_cls: 0.2385  acc: 97.9492  loss_bbox: 0.1912
2025/05/16 10:06:12 - mmengine - INFO - Epoch(train) [1][2950/8276]  lr: 2.0000e-02  eta: 2:15:09  time: 0.1722  data_time: 0.0049  memory: 915  loss: 0.5158  loss_rpn_cls: 0.0370  loss_rpn_bbox: 0.0154  loss_cls: 0.2574  acc: 94.1406  loss_bbox: 0.2060
2025/05/16 10:06:21 - mmengine - INFO - Exp name: mask-rcnn_voc_20250516_095727
2025/05/16 10:06:21 - mmengine - INFO - Epoch(train) [1][3000/8276]  lr: 2.0000e-02  eta: 2:14:58  time: 0.1710  data_time: 0.0049  memory: 915  loss: 0.4819  loss_rpn_cls: 0.0455  loss_rpn_bbox: 0.0182  loss_cls: 0.2302  acc: 94.4336  loss_bbox: 0.1881
2025/05/16 10:06:29 - mmengine - INFO - Epoch(train) [1][3050/8276]  lr: 2.0000e-02  eta: 2:14:48  time: 0.1721  data_time: 0.0050  memory: 915  loss: 0.6289  loss_rpn_cls: 0.0547  loss_rpn_bbox: 0.0216  loss_cls: 0.3116  acc: 94.1406  loss_bbox: 0.2409
2025/05/16 10:06:38 - mmengine - INFO - Epoch(train) [1][3100/8276]  lr: 2.0000e-02  eta: 2:14:40  time: 0.1744  data_time: 0.0047  memory: 915  loss: 0.4829  loss_rpn_cls: 0.0308  loss_rpn_bbox: 0.0153  loss_cls: 0.2379  acc: 93.8477  loss_bbox: 0.1989
2025/05/16 10:06:47 - mmengine - INFO - Epoch(train) [1][3150/8276]  lr: 2.0000e-02  eta: 2:14:32  time: 0.1742  data_time: 0.0047  memory: 916  loss: 0.5018  loss_rpn_cls: 0.0409  loss_rpn_bbox: 0.0180  loss_cls: 0.2421  acc: 94.4336  loss_bbox: 0.2008
2025/05/16 10:06:55 - mmengine - INFO - Epoch(train) [1][3200/8276]  lr: 2.0000e-02  eta: 2:14:23  time: 0.1731  data_time: 0.0048  memory: 915  loss: 0.6347  loss_rpn_cls: 0.0610  loss_rpn_bbox: 0.0219  loss_cls: 0.3117  acc: 95.2148  loss_bbox: 0.2400
2025/05/16 10:07:04 - mmengine - INFO - Epoch(train) [1][3250/8276]  lr: 2.0000e-02  eta: 2:14:13  time: 0.1719  data_time: 0.0047  memory: 915  loss: 0.4926  loss_rpn_cls: 0.0361  loss_rpn_bbox: 0.0152  loss_cls: 0.2496  acc: 98.5352  loss_bbox: 0.1918
2025/05/16 10:07:13 - mmengine - INFO - Epoch(train) [1][3300/8276]  lr: 2.0000e-02  eta: 2:14:02  time: 0.1701  data_time: 0.0052  memory: 915  loss: 0.5262  loss_rpn_cls: 0.0455  loss_rpn_bbox: 0.0199  loss_cls: 0.2535  acc: 94.4336  loss_bbox: 0.2074
2025/05/16 10:07:21 - mmengine - INFO - Epoch(train) [1][3350/8276]  lr: 2.0000e-02  eta: 2:13:55  time: 0.1767  data_time: 0.0053  memory: 915  loss: 0.4256  loss_rpn_cls: 0.0421  loss_rpn_bbox: 0.0160  loss_cls: 0.2005  acc: 94.1406  loss_bbox: 0.1670
2025/05/16 10:07:30 - mmengine - INFO - Epoch(train) [1][3400/8276]  lr: 2.0000e-02  eta: 2:13:47  time: 0.1741  data_time: 0.0047  memory: 915  loss: 0.4686  loss_rpn_cls: 0.0327  loss_rpn_bbox: 0.0158  loss_cls: 0.2335  acc: 96.5820  loss_bbox: 0.1866
2025/05/16 10:07:39 - mmengine - INFO - Epoch(train) [1][3450/8276]  lr: 2.0000e-02  eta: 2:13:39  time: 0.1746  data_time: 0.0051  memory: 915  loss: 0.5223  loss_rpn_cls: 0.0328  loss_rpn_bbox: 0.0165  loss_cls: 0.2639  acc: 96.5820  loss_bbox: 0.2091
2025/05/16 10:07:47 - mmengine - INFO - Epoch(train) [1][3500/8276]  lr: 2.0000e-02  eta: 2:13:30  time: 0.1724  data_time: 0.0050  memory: 915  loss: 0.4788  loss_rpn_cls: 0.0348  loss_rpn_bbox: 0.0151  loss_cls: 0.2384  acc: 92.2852  loss_bbox: 0.1905
2025/05/16 10:07:56 - mmengine - INFO - Epoch(train) [1][3550/8276]  lr: 2.0000e-02  eta: 2:13:20  time: 0.1714  data_time: 0.0045  memory: 915  loss: 0.4781  loss_rpn_cls: 0.0329  loss_rpn_bbox: 0.0217  loss_cls: 0.2352  acc: 95.8008  loss_bbox: 0.1883
2025/05/16 10:08:05 - mmengine - INFO - Epoch(train) [1][3600/8276]  lr: 2.0000e-02  eta: 2:13:11  time: 0.1737  data_time: 0.0047  memory: 915  loss: 0.5315  loss_rpn_cls: 0.0354  loss_rpn_bbox: 0.0171  loss_cls: 0.2709  acc: 92.9688  loss_bbox: 0.2080
2025/05/16 10:08:13 - mmengine - INFO - Epoch(train) [1][3650/8276]  lr: 2.0000e-02  eta: 2:13:03  time: 0.1746  data_time: 0.0051  memory: 915  loss: 0.5098  loss_rpn_cls: 0.0339  loss_rpn_bbox: 0.0156  loss_cls: 0.2663  acc: 91.4062  loss_bbox: 0.1940
2025/05/16 10:08:22 - mmengine - INFO - Epoch(train) [1][3700/8276]  lr: 2.0000e-02  eta: 2:12:54  time: 0.1733  data_time: 0.0048  memory: 916  loss: 0.5596  loss_rpn_cls: 0.0468  loss_rpn_bbox: 0.0175  loss_cls: 0.2773  acc: 86.6211  loss_bbox: 0.2181
2025/05/16 10:08:31 - mmengine - INFO - Epoch(train) [1][3750/8276]  lr: 2.0000e-02  eta: 2:12:45  time: 0.1721  data_time: 0.0047  memory: 915  loss: 0.4579  loss_rpn_cls: 0.0411  loss_rpn_bbox: 0.0162  loss_cls: 0.2237  acc: 95.8984  loss_bbox: 0.1768
2025/05/16 10:08:39 - mmengine - INFO - Epoch(train) [1][3800/8276]  lr: 2.0000e-02  eta: 2:12:36  time: 0.1740  data_time: 0.0046  memory: 915  loss: 0.5827  loss_rpn_cls: 0.0511  loss_rpn_bbox: 0.0240  loss_cls: 0.2799  acc: 85.8398  loss_bbox: 0.2276
2025/05/16 10:08:48 - mmengine - INFO - Epoch(train) [1][3850/8276]  lr: 2.0000e-02  eta: 2:12:28  time: 0.1743  data_time: 0.0051  memory: 884  loss: 0.4652  loss_rpn_cls: 0.0377  loss_rpn_bbox: 0.0142  loss_cls: 0.2261  acc: 91.9922  loss_bbox: 0.1872
2025/05/16 10:08:57 - mmengine - INFO - Epoch(train) [1][3900/8276]  lr: 2.0000e-02  eta: 2:12:20  time: 0.1736  data_time: 0.0050  memory: 915  loss: 0.5045  loss_rpn_cls: 0.0308  loss_rpn_bbox: 0.0182  loss_cls: 0.2372  acc: 95.2148  loss_bbox: 0.2184
2025/05/16 10:09:06 - mmengine - INFO - Epoch(train) [1][3950/8276]  lr: 2.0000e-02  eta: 2:12:11  time: 0.1742  data_time: 0.0049  memory: 916  loss: 0.4887  loss_rpn_cls: 0.0368  loss_rpn_bbox: 0.0189  loss_cls: 0.2439  acc: 93.6523  loss_bbox: 0.1891
2025/05/16 10:09:14 - mmengine - INFO - Exp name: mask-rcnn_voc_20250516_095727
2025/05/16 10:09:14 - mmengine - INFO - Epoch(train) [1][4000/8276]  lr: 2.0000e-02  eta: 2:12:02  time: 0.1732  data_time: 0.0049  memory: 915  loss: 0.4760  loss_rpn_cls: 0.0333  loss_rpn_bbox: 0.0164  loss_cls: 0.2279  acc: 95.8984  loss_bbox: 0.1983
2025/05/16 10:09:23 - mmengine - INFO - Epoch(train) [1][4050/8276]  lr: 2.0000e-02  eta: 2:11:52  time: 0.1708  data_time: 0.0054  memory: 916  loss: 0.5104  loss_rpn_cls: 0.0397  loss_rpn_bbox: 0.0176  loss_cls: 0.2501  acc: 95.8008  loss_bbox: 0.2029
2025/05/16 10:09:31 - mmengine - INFO - Epoch(train) [1][4100/8276]  lr: 2.0000e-02  eta: 2:11:43  time: 0.1721  data_time: 0.0046  memory: 915  loss: 0.4696  loss_rpn_cls: 0.0336  loss_rpn_bbox: 0.0163  loss_cls: 0.2327  acc: 92.4805  loss_bbox: 0.1870
2025/05/16 10:09:40 - mmengine - INFO - Epoch(train) [1][4150/8276]  lr: 2.0000e-02  eta: 2:11:34  time: 0.1730  data_time: 0.0048  memory: 916  loss: 0.4549  loss_rpn_cls: 0.0340  loss_rpn_bbox: 0.0154  loss_cls: 0.2229  acc: 96.1914  loss_bbox: 0.1826
2025/05/16 10:09:49 - mmengine - INFO - Epoch(train) [1][4200/8276]  lr: 2.0000e-02  eta: 2:11:24  time: 0.1709  data_time: 0.0049  memory: 915  loss: 0.4853  loss_rpn_cls: 0.0373  loss_rpn_bbox: 0.0172  loss_cls: 0.2385  acc: 96.8750  loss_bbox: 0.1923
2025/05/16 10:09:57 - mmengine - INFO - Epoch(train) [1][4250/8276]  lr: 2.0000e-02  eta: 2:11:15  time: 0.1726  data_time: 0.0048  memory: 915  loss: 0.4580  loss_rpn_cls: 0.0307  loss_rpn_bbox: 0.0162  loss_cls: 0.2366  acc: 92.6758  loss_bbox: 0.1745
2025/05/16 10:10:06 - mmengine - INFO - Epoch(train) [1][4300/8276]  lr: 2.0000e-02  eta: 2:11:06  time: 0.1732  data_time: 0.0051  memory: 916  loss: 0.4308  loss_rpn_cls: 0.0365  loss_rpn_bbox: 0.0166  loss_cls: 0.2031  acc: 90.8203  loss_bbox: 0.1746
2025/05/16 10:10:14 - mmengine - INFO - Epoch(train) [1][4350/8276]  lr: 2.0000e-02  eta: 2:10:57  time: 0.1727  data_time: 0.0049  memory: 915  loss: 0.4086  loss_rpn_cls: 0.0291  loss_rpn_bbox: 0.0136  loss_cls: 0.2077  acc: 95.2148  loss_bbox: 0.1582
2025/05/16 10:10:23 - mmengine - INFO - Epoch(train) [1][4400/8276]  lr: 2.0000e-02  eta: 2:10:48  time: 0.1731  data_time: 0.0047  memory: 915  loss: 0.5235  loss_rpn_cls: 0.0370  loss_rpn_bbox: 0.0173  loss_cls: 0.2650  acc: 92.0898  loss_bbox: 0.2042
2025/05/16 10:10:32 - mmengine - INFO - Epoch(train) [1][4450/8276]  lr: 2.0000e-02  eta: 2:10:40  time: 0.1745  data_time: 0.0051  memory: 915  loss: 0.4865  loss_rpn_cls: 0.0315  loss_rpn_bbox: 0.0146  loss_cls: 0.2401  acc: 93.1641  loss_bbox: 0.2002
2025/05/16 10:10:40 - mmengine - INFO - Epoch(train) [1][4500/8276]  lr: 2.0000e-02  eta: 2:10:30  time: 0.1721  data_time: 0.0051  memory: 915  loss: 0.4637  loss_rpn_cls: 0.0307  loss_rpn_bbox: 0.0132  loss_cls: 0.2228  acc: 96.4844  loss_bbox: 0.1970
2025/05/16 10:10:49 - mmengine - INFO - Epoch(train) [1][4550/8276]  lr: 2.0000e-02  eta: 2:10:23  time: 0.1758  data_time: 0.0049  memory: 915  loss: 0.5245  loss_rpn_cls: 0.0368  loss_rpn_bbox: 0.0181  loss_cls: 0.2520  acc: 93.6523  loss_bbox: 0.2175
2025/05/16 10:10:58 - mmengine - INFO - Epoch(train) [1][4600/8276]  lr: 2.0000e-02  eta: 2:10:14  time: 0.1738  data_time: 0.0052  memory: 916  loss: 0.4225  loss_rpn_cls: 0.0395  loss_rpn_bbox: 0.0157  loss_cls: 0.2057  acc: 96.2891  loss_bbox: 0.1616
2025/05/16 10:11:07 - mmengine - INFO - Epoch(train) [1][4650/8276]  lr: 2.0000e-02  eta: 2:10:05  time: 0.1723  data_time: 0.0049  memory: 916  loss: 0.4630  loss_rpn_cls: 0.0279  loss_rpn_bbox: 0.0152  loss_cls: 0.2205  acc: 98.5352  loss_bbox: 0.1994
2025/05/16 10:11:15 - mmengine - INFO - Epoch(train) [1][4700/8276]  lr: 2.0000e-02  eta: 2:09:55  time: 0.1701  data_time: 0.0049  memory: 916  loss: 0.4366  loss_rpn_cls: 0.0362  loss_rpn_bbox: 0.0139  loss_cls: 0.2133  acc: 96.2891  loss_bbox: 0.1733
2025/05/16 10:11:24 - mmengine - INFO - Epoch(train) [1][4750/8276]  lr: 2.0000e-02  eta: 2:09:47  time: 0.1745  data_time: 0.0048  memory: 916  loss: 0.4893  loss_rpn_cls: 0.0332  loss_rpn_bbox: 0.0158  loss_cls: 0.2450  acc: 97.5586  loss_bbox: 0.1954
2025/05/16 10:11:32 - mmengine - INFO - Epoch(train) [1][4800/8276]  lr: 2.0000e-02  eta: 2:09:38  time: 0.1737  data_time: 0.0049  memory: 916  loss: 0.4521  loss_rpn_cls: 0.0321  loss_rpn_bbox: 0.0129  loss_cls: 0.2190  acc: 96.0938  loss_bbox: 0.1882
2025/05/16 10:11:41 - mmengine - INFO - Epoch(train) [1][4850/8276]  lr: 2.0000e-02  eta: 2:09:29  time: 0.1712  data_time: 0.0046  memory: 915  loss: 0.4549  loss_rpn_cls: 0.0351  loss_rpn_bbox: 0.0145  loss_cls: 0.2109  acc: 95.0195  loss_bbox: 0.1944
2025/05/16 10:11:49 - mmengine - INFO - Epoch(train) [1][4900/8276]  lr: 2.0000e-02  eta: 2:09:18  time: 0.1682  data_time: 0.0049  memory: 915  loss: 0.4381  loss_rpn_cls: 0.0349  loss_rpn_bbox: 0.0141  loss_cls: 0.2097  acc: 90.7227  loss_bbox: 0.1795
2025/05/16 10:11:58 - mmengine - INFO - Epoch(train) [1][4950/8276]  lr: 2.0000e-02  eta: 2:09:09  time: 0.1735  data_time: 0.0050  memory: 916  loss: 0.4090  loss_rpn_cls: 0.0280  loss_rpn_bbox: 0.0147  loss_cls: 0.1949  acc: 94.6289  loss_bbox: 0.1713
2025/05/16 10:12:07 - mmengine - INFO - Exp name: mask-rcnn_voc_20250516_095727
2025/05/16 10:12:07 - mmengine - INFO - Epoch(train) [1][5000/8276]  lr: 2.0000e-02  eta: 2:09:00  time: 0.1734  data_time: 0.0048  memory: 915  loss: 0.4087  loss_rpn_cls: 0.0271  loss_rpn_bbox: 0.0131  loss_cls: 0.2005  acc: 98.5352  loss_bbox: 0.1680
2025/05/16 10:12:15 - mmengine - INFO - Epoch(train) [1][5050/8276]  lr: 2.0000e-02  eta: 2:08:51  time: 0.1725  data_time: 0.0048  memory: 916  loss: 0.4751  loss_rpn_cls: 0.0427  loss_rpn_bbox: 0.0167  loss_cls: 0.2195  acc: 95.3125  loss_bbox: 0.1961
2025/05/16 10:12:24 - mmengine - INFO - Epoch(train) [1][5100/8276]  lr: 2.0000e-02  eta: 2:08:44  time: 0.1758  data_time: 0.0050  memory: 916  loss: 0.4774  loss_rpn_cls: 0.0379  loss_rpn_bbox: 0.0166  loss_cls: 0.2352  acc: 98.1445  loss_bbox: 0.1876
2025/05/16 10:12:33 - mmengine - INFO - Epoch(train) [1][5150/8276]  lr: 2.0000e-02  eta: 2:08:35  time: 0.1745  data_time: 0.0050  memory: 915  loss: 0.5165  loss_rpn_cls: 0.0456  loss_rpn_bbox: 0.0208  loss_cls: 0.2476  acc: 91.7969  loss_bbox: 0.2025
2025/05/16 10:12:42 - mmengine - INFO - Epoch(train) [1][5200/8276]  lr: 2.0000e-02  eta: 2:08:27  time: 0.1731  data_time: 0.0048  memory: 915  loss: 0.4609  loss_rpn_cls: 0.0395  loss_rpn_bbox: 0.0176  loss_cls: 0.2174  acc: 95.8984  loss_bbox: 0.1863
2025/05/16 10:12:50 - mmengine - INFO - Epoch(train) [1][5250/8276]  lr: 2.0000e-02  eta: 2:08:18  time: 0.1741  data_time: 0.0046  memory: 915  loss: 0.4144  loss_rpn_cls: 0.0297  loss_rpn_bbox: 0.0152  loss_cls: 0.2105  acc: 96.3867  loss_bbox: 0.1589
2025/05/16 10:12:59 - mmengine - INFO - Epoch(train) [1][5300/8276]  lr: 2.0000e-02  eta: 2:08:10  time: 0.1734  data_time: 0.0046  memory: 915  loss: 0.4891  loss_rpn_cls: 0.0346  loss_rpn_bbox: 0.0175  loss_cls: 0.2355  acc: 88.7695  loss_bbox: 0.2015
2025/05/16 10:13:08 - mmengine - INFO - Epoch(train) [1][5350/8276]  lr: 2.0000e-02  eta: 2:08:02  time: 0.1745  data_time: 0.0047  memory: 916  loss: 0.4863  loss_rpn_cls: 0.0364  loss_rpn_bbox: 0.0171  loss_cls: 0.2379  acc: 97.9492  loss_bbox: 0.1949
2025/05/16 10:13:16 - mmengine - INFO - Epoch(train) [1][5400/8276]  lr: 2.0000e-02  eta: 2:07:53  time: 0.1745  data_time: 0.0048  memory: 916  loss: 0.4577  loss_rpn_cls: 0.0283  loss_rpn_bbox: 0.0136  loss_cls: 0.2266  acc: 95.7031  loss_bbox: 0.1892
2025/05/16 10:13:25 - mmengine - INFO - Epoch(train) [1][5450/8276]  lr: 2.0000e-02  eta: 2:07:44  time: 0.1728  data_time: 0.0046  memory: 915  loss: 0.4187  loss_rpn_cls: 0.0390  loss_rpn_bbox: 0.0155  loss_cls: 0.2003  acc: 96.3867  loss_bbox: 0.1639
2025/05/16 10:13:34 - mmengine - INFO - Epoch(train) [1][5500/8276]  lr: 2.0000e-02  eta: 2:07:36  time: 0.1748  data_time: 0.0051  memory: 915  loss: 0.5172  loss_rpn_cls: 0.0480  loss_rpn_bbox: 0.0206  loss_cls: 0.2460  acc: 94.8242  loss_bbox: 0.2026
2025/05/16 10:13:42 - mmengine - INFO - Epoch(train) [1][5550/8276]  lr: 2.0000e-02  eta: 2:07:27  time: 0.1719  data_time: 0.0047  memory: 916  loss: 0.4404  loss_rpn_cls: 0.0320  loss_rpn_bbox: 0.0174  loss_cls: 0.2068  acc: 95.7031  loss_bbox: 0.1842
2025/05/16 10:13:51 - mmengine - INFO - Epoch(train) [1][5600/8276]  lr: 2.0000e-02  eta: 2:07:18  time: 0.1728  data_time: 0.0048  memory: 916  loss: 0.4328  loss_rpn_cls: 0.0298  loss_rpn_bbox: 0.0134  loss_cls: 0.2166  acc: 91.5039  loss_bbox: 0.1730
2025/05/16 10:14:00 - mmengine - INFO - Epoch(train) [1][5650/8276]  lr: 2.0000e-02  eta: 2:07:09  time: 0.1713  data_time: 0.0044  memory: 915  loss: 0.4661  loss_rpn_cls: 0.0299  loss_rpn_bbox: 0.0158  loss_cls: 0.2323  acc: 97.6562  loss_bbox: 0.1882
2025/05/16 10:14:08 - mmengine - INFO - Epoch(train) [1][5700/8276]  lr: 2.0000e-02  eta: 2:07:00  time: 0.1741  data_time: 0.0049  memory: 916  loss: 0.5124  loss_rpn_cls: 0.0415  loss_rpn_bbox: 0.0186  loss_cls: 0.2518  acc: 96.2891  loss_bbox: 0.2005
2025/05/16 10:14:17 - mmengine - INFO - Epoch(train) [1][5750/8276]  lr: 2.0000e-02  eta: 2:06:52  time: 0.1731  data_time: 0.0050  memory: 916  loss: 0.5409  loss_rpn_cls: 0.0380  loss_rpn_bbox: 0.0162  loss_cls: 0.2767  acc: 91.2109  loss_bbox: 0.2100
2025/05/16 10:14:26 - mmengine - INFO - Epoch(train) [1][5800/8276]  lr: 2.0000e-02  eta: 2:06:43  time: 0.1731  data_time: 0.0045  memory: 915  loss: 0.4395  loss_rpn_cls: 0.0322  loss_rpn_bbox: 0.0141  loss_cls: 0.2218  acc: 90.8203  loss_bbox: 0.1714
2025/05/16 10:14:34 - mmengine - INFO - Epoch(train) [1][5850/8276]  lr: 2.0000e-02  eta: 2:06:34  time: 0.1736  data_time: 0.0048  memory: 916  loss: 0.4865  loss_rpn_cls: 0.0283  loss_rpn_bbox: 0.0155  loss_cls: 0.2344  acc: 86.6211  loss_bbox: 0.2083
2025/05/16 10:14:43 - mmengine - INFO - Epoch(train) [1][5900/8276]  lr: 2.0000e-02  eta: 2:06:25  time: 0.1729  data_time: 0.0054  memory: 915  loss: 0.5080  loss_rpn_cls: 0.0496  loss_rpn_bbox: 0.0184  loss_cls: 0.2478  acc: 94.9219  loss_bbox: 0.1922
2025/05/16 10:14:52 - mmengine - INFO - Epoch(train) [1][5950/8276]  lr: 2.0000e-02  eta: 2:06:17  time: 0.1741  data_time: 0.0050  memory: 915  loss: 0.4438  loss_rpn_cls: 0.0389  loss_rpn_bbox: 0.0156  loss_cls: 0.2108  acc: 83.8867  loss_bbox: 0.1785
2025/05/16 10:15:00 - mmengine - INFO - Exp name: mask-rcnn_voc_20250516_095727
2025/05/16 10:15:00 - mmengine - INFO - Epoch(train) [1][6000/8276]  lr: 2.0000e-02  eta: 2:06:08  time: 0.1723  data_time: 0.0046  memory: 915  loss: 0.4191  loss_rpn_cls: 0.0304  loss_rpn_bbox: 0.0143  loss_cls: 0.1995  acc: 97.0703  loss_bbox: 0.1748
2025/05/16 10:15:09 - mmengine - INFO - Epoch(train) [1][6050/8276]  lr: 2.0000e-02  eta: 2:05:59  time: 0.1733  data_time: 0.0050  memory: 915  loss: 0.4145  loss_rpn_cls: 0.0326  loss_rpn_bbox: 0.0130  loss_cls: 0.2125  acc: 98.2422  loss_bbox: 0.1565
2025/05/16 10:15:18 - mmengine - INFO - Epoch(train) [1][6100/8276]  lr: 2.0000e-02  eta: 2:05:50  time: 0.1730  data_time: 0.0046  memory: 916  loss: 0.4337  loss_rpn_cls: 0.0307  loss_rpn_bbox: 0.0136  loss_cls: 0.2149  acc: 97.9492  loss_bbox: 0.1744
2025/05/16 10:15:26 - mmengine - INFO - Epoch(train) [1][6150/8276]  lr: 2.0000e-02  eta: 2:05:42  time: 0.1754  data_time: 0.0043  memory: 916  loss: 0.4266  loss_rpn_cls: 0.0307  loss_rpn_bbox: 0.0177  loss_cls: 0.1959  acc: 89.9414  loss_bbox: 0.1823
2025/05/16 10:15:35 - mmengine - INFO - Epoch(train) [1][6200/8276]  lr: 2.0000e-02  eta: 2:05:34  time: 0.1753  data_time: 0.0042  memory: 916  loss: 0.4371  loss_rpn_cls: 0.0316  loss_rpn_bbox: 0.0147  loss_cls: 0.2059  acc: 97.9492  loss_bbox: 0.1848
2025/05/16 10:15:44 - mmengine - INFO - Epoch(train) [1][6250/8276]  lr: 2.0000e-02  eta: 2:05:26  time: 0.1729  data_time: 0.0046  memory: 915  loss: 0.4762  loss_rpn_cls: 0.0322  loss_rpn_bbox: 0.0146  loss_cls: 0.2378  acc: 94.4336  loss_bbox: 0.1916
2025/05/16 10:15:52 - mmengine - INFO - Epoch(train) [1][6300/8276]  lr: 2.0000e-02  eta: 2:05:17  time: 0.1747  data_time: 0.0047  memory: 916  loss: 0.5172  loss_rpn_cls: 0.0393  loss_rpn_bbox: 0.0188  loss_cls: 0.2484  acc: 94.4336  loss_bbox: 0.2107
2025/05/16 10:16:01 - mmengine - INFO - Epoch(train) [1][6350/8276]  lr: 2.0000e-02  eta: 2:05:09  time: 0.1731  data_time: 0.0043  memory: 916  loss: 0.3898  loss_rpn_cls: 0.0247  loss_rpn_bbox: 0.0133  loss_cls: 0.1838  acc: 94.1406  loss_bbox: 0.1680
2025/05/16 10:16:10 - mmengine - INFO - Epoch(train) [1][6400/8276]  lr: 2.0000e-02  eta: 2:04:59  time: 0.1703  data_time: 0.0043  memory: 915  loss: 0.4796  loss_rpn_cls: 0.0559  loss_rpn_bbox: 0.0185  loss_cls: 0.2137  acc: 96.5820  loss_bbox: 0.1914
2025/05/16 10:16:18 - mmengine - INFO - Epoch(train) [1][6450/8276]  lr: 2.0000e-02  eta: 2:04:50  time: 0.1728  data_time: 0.0043  memory: 915  loss: 0.4374  loss_rpn_cls: 0.0349  loss_rpn_bbox: 0.0162  loss_cls: 0.2113  acc: 95.0195  loss_bbox: 0.1750
2025/05/16 10:16:27 - mmengine - INFO - Epoch(train) [1][6500/8276]  lr: 2.0000e-02  eta: 2:04:41  time: 0.1736  data_time: 0.0044  memory: 915  loss: 0.4801  loss_rpn_cls: 0.0387  loss_rpn_bbox: 0.0153  loss_cls: 0.2338  acc: 94.9219  loss_bbox: 0.1922
2025/05/16 10:16:36 - mmengine - INFO - Epoch(train) [1][6550/8276]  lr: 2.0000e-02  eta: 2:04:32  time: 0.1726  data_time: 0.0044  memory: 915  loss: 0.4631  loss_rpn_cls: 0.0307  loss_rpn_bbox: 0.0141  loss_cls: 0.2305  acc: 94.6289  loss_bbox: 0.1877
2025/05/16 10:16:44 - mmengine - INFO - Epoch(train) [1][6600/8276]  lr: 2.0000e-02  eta: 2:04:23  time: 0.1717  data_time: 0.0044  memory: 916  loss: 0.4286  loss_rpn_cls: 0.0317  loss_rpn_bbox: 0.0144  loss_cls: 0.2035  acc: 96.5820  loss_bbox: 0.1790
2025/05/16 10:16:53 - mmengine - INFO - Epoch(train) [1][6650/8276]  lr: 2.0000e-02  eta: 2:04:14  time: 0.1724  data_time: 0.0047  memory: 915  loss: 0.4721  loss_rpn_cls: 0.0389  loss_rpn_bbox: 0.0161  loss_cls: 0.2198  acc: 88.4766  loss_bbox: 0.1974
2025/05/16 10:17:01 - mmengine - INFO - Epoch(train) [1][6700/8276]  lr: 2.0000e-02  eta: 2:04:04  time: 0.1689  data_time: 0.0043  memory: 915  loss: 0.4380  loss_rpn_cls: 0.0358  loss_rpn_bbox: 0.0163  loss_cls: 0.2061  acc: 97.5586  loss_bbox: 0.1797
2025/05/16 10:17:10 - mmengine - INFO - Epoch(train) [1][6750/8276]  lr: 2.0000e-02  eta: 2:03:54  time: 0.1693  data_time: 0.0044  memory: 915  loss: 0.4010  loss_rpn_cls: 0.0335  loss_rpn_bbox: 0.0159  loss_cls: 0.1869  acc: 97.5586  loss_bbox: 0.1647
2025/05/16 10:17:18 - mmengine - INFO - Epoch(train) [1][6800/8276]  lr: 2.0000e-02  eta: 2:03:45  time: 0.1715  data_time: 0.0046  memory: 915  loss: 0.5271  loss_rpn_cls: 0.0536  loss_rpn_bbox: 0.0171  loss_cls: 0.2500  acc: 90.7227  loss_bbox: 0.2064
2025/05/16 10:17:27 - mmengine - INFO - Epoch(train) [1][6850/8276]  lr: 2.0000e-02  eta: 2:03:35  time: 0.1682  data_time: 0.0042  memory: 915  loss: 0.4595  loss_rpn_cls: 0.0379  loss_rpn_bbox: 0.0174  loss_cls: 0.2181  acc: 94.6289  loss_bbox: 0.1861
2025/05/16 10:17:35 - mmengine - INFO - Epoch(train) [1][6900/8276]  lr: 2.0000e-02  eta: 2:03:25  time: 0.1698  data_time: 0.0042  memory: 916  loss: 0.4724  loss_rpn_cls: 0.0337  loss_rpn_bbox: 0.0162  loss_cls: 0.2251  acc: 92.7734  loss_bbox: 0.1974
2025/05/16 10:17:44 - mmengine - INFO - Epoch(train) [1][6950/8276]  lr: 2.0000e-02  eta: 2:03:15  time: 0.1691  data_time: 0.0043  memory: 915  loss: 0.4305  loss_rpn_cls: 0.0331  loss_rpn_bbox: 0.0160  loss_cls: 0.1987  acc: 95.8008  loss_bbox: 0.1827
2025/05/16 10:17:52 - mmengine - INFO - Exp name: mask-rcnn_voc_20250516_095727
2025/05/16 10:17:52 - mmengine - INFO - Epoch(train) [1][7000/8276]  lr: 2.0000e-02  eta: 2:03:06  time: 0.1717  data_time: 0.0049  memory: 916  loss: 0.4918  loss_rpn_cls: 0.0350  loss_rpn_bbox: 0.0154  loss_cls: 0.2312  acc: 93.8477  loss_bbox: 0.2102
2025/05/16 10:18:01 - mmengine - INFO - Epoch(train) [1][7050/8276]  lr: 2.0000e-02  eta: 2:02:57  time: 0.1727  data_time: 0.0048  memory: 916  loss: 0.4668  loss_rpn_cls: 0.0303  loss_rpn_bbox: 0.0148  loss_cls: 0.2261  acc: 87.2070  loss_bbox: 0.1956
2025/05/16 10:18:10 - mmengine - INFO - Epoch(train) [1][7100/8276]  lr: 2.0000e-02  eta: 2:02:49  time: 0.1737  data_time: 0.0047  memory: 915  loss: 0.4653  loss_rpn_cls: 0.0304  loss_rpn_bbox: 0.0160  loss_cls: 0.2202  acc: 89.5508  loss_bbox: 0.1987
2025/05/16 10:18:18 - mmengine - INFO - Epoch(train) [1][7150/8276]  lr: 2.0000e-02  eta: 2:02:40  time: 0.1730  data_time: 0.0047  memory: 915  loss: 0.4468  loss_rpn_cls: 0.0395  loss_rpn_bbox: 0.0173  loss_cls: 0.2020  acc: 96.8750  loss_bbox: 0.1879
2025/05/16 10:18:27 - mmengine - INFO - Epoch(train) [1][7200/8276]  lr: 2.0000e-02  eta: 2:02:31  time: 0.1718  data_time: 0.0043  memory: 915  loss: 0.4841  loss_rpn_cls: 0.0392  loss_rpn_bbox: 0.0158  loss_cls: 0.2330  acc: 97.0703  loss_bbox: 0.1961
2025/05/16 10:18:35 - mmengine - INFO - Epoch(train) [1][7250/8276]  lr: 2.0000e-02  eta: 2:02:22  time: 0.1718  data_time: 0.0045  memory: 915  loss: 0.5020  loss_rpn_cls: 0.0351  loss_rpn_bbox: 0.0169  loss_cls: 0.2428  acc: 86.6211  loss_bbox: 0.2073
2025/05/16 10:18:44 - mmengine - INFO - Epoch(train) [1][7300/8276]  lr: 2.0000e-02  eta: 2:02:12  time: 0.1685  data_time: 0.0041  memory: 885  loss: 0.5231  loss_rpn_cls: 0.0380  loss_rpn_bbox: 0.0192  loss_cls: 0.2635  acc: 98.6328  loss_bbox: 0.2025
2025/05/16 10:18:53 - mmengine - INFO - Epoch(train) [1][7350/8276]  lr: 2.0000e-02  eta: 2:02:03  time: 0.1736  data_time: 0.0042  memory: 916  loss: 0.4122  loss_rpn_cls: 0.0268  loss_rpn_bbox: 0.0149  loss_cls: 0.1969  acc: 84.5703  loss_bbox: 0.1735
2025/05/16 10:19:01 - mmengine - INFO - Epoch(train) [1][7400/8276]  lr: 2.0000e-02  eta: 2:01:55  time: 0.1734  data_time: 0.0042  memory: 915  loss: 0.4211  loss_rpn_cls: 0.0281  loss_rpn_bbox: 0.0131  loss_cls: 0.2088  acc: 97.4609  loss_bbox: 0.1711
2025/05/16 10:19:10 - mmengine - INFO - Epoch(train) [1][7450/8276]  lr: 2.0000e-02  eta: 2:01:45  time: 0.1702  data_time: 0.0041  memory: 915  loss: 0.4451  loss_rpn_cls: 0.0315  loss_rpn_bbox: 0.0158  loss_cls: 0.2111  acc: 89.5508  loss_bbox: 0.1867
2025/05/16 10:19:18 - mmengine - INFO - Epoch(train) [1][7500/8276]  lr: 2.0000e-02  eta: 2:01:37  time: 0.1742  data_time: 0.0045  memory: 915  loss: 0.4774  loss_rpn_cls: 0.0344  loss_rpn_bbox: 0.0207  loss_cls: 0.2163  acc: 94.9219  loss_bbox: 0.2061
2025/05/16 10:19:27 - mmengine - INFO - Epoch(train) [1][7550/8276]  lr: 2.0000e-02  eta: 2:01:28  time: 0.1729  data_time: 0.0047  memory: 915  loss: 0.4151  loss_rpn_cls: 0.0367  loss_rpn_bbox: 0.0177  loss_cls: 0.1911  acc: 95.9961  loss_bbox: 0.1695
2025/05/16 10:19:36 - mmengine - INFO - Epoch(train) [1][7600/8276]  lr: 2.0000e-02  eta: 2:01:20  time: 0.1736  data_time: 0.0046  memory: 916  loss: 0.4404  loss_rpn_cls: 0.0372  loss_rpn_bbox: 0.0175  loss_cls: 0.2085  acc: 90.0391  loss_bbox: 0.1772
2025/05/16 10:19:45 - mmengine - INFO - Epoch(train) [1][7650/8276]  lr: 2.0000e-02  eta: 2:01:12  time: 0.1756  data_time: 0.0048  memory: 915  loss: 0.3942  loss_rpn_cls: 0.0334  loss_rpn_bbox: 0.0130  loss_cls: 0.1900  acc: 94.4336  loss_bbox: 0.1578
2025/05/16 10:19:53 - mmengine - INFO - Epoch(train) [1][7700/8276]  lr: 2.0000e-02  eta: 2:01:03  time: 0.1732  data_time: 0.0047  memory: 915  loss: 0.4013  loss_rpn_cls: 0.0309  loss_rpn_bbox: 0.0119  loss_cls: 0.1992  acc: 96.7773  loss_bbox: 0.1593
2025/05/16 10:20:02 - mmengine - INFO - Epoch(train) [1][7750/8276]  lr: 2.0000e-02  eta: 2:00:54  time: 0.1731  data_time: 0.0046  memory: 915  loss: 0.4143  loss_rpn_cls: 0.0305  loss_rpn_bbox: 0.0130  loss_cls: 0.1995  acc: 91.4062  loss_bbox: 0.1713
2025/05/16 10:20:10 - mmengine - INFO - Epoch(train) [1][7800/8276]  lr: 2.0000e-02  eta: 2:00:45  time: 0.1716  data_time: 0.0045  memory: 916  loss: 0.4736  loss_rpn_cls: 0.0386  loss_rpn_bbox: 0.0188  loss_cls: 0.2253  acc: 93.5547  loss_bbox: 0.1909
2025/05/16 10:20:19 - mmengine - INFO - Epoch(train) [1][7850/8276]  lr: 2.0000e-02  eta: 2:00:37  time: 0.1749  data_time: 0.0045  memory: 915  loss: 0.4226  loss_rpn_cls: 0.0386  loss_rpn_bbox: 0.0188  loss_cls: 0.1922  acc: 94.0430  loss_bbox: 0.1730
2025/05/16 10:20:28 - mmengine - INFO - Epoch(train) [1][7900/8276]  lr: 2.0000e-02  eta: 2:00:29  time: 0.1739  data_time: 0.0050  memory: 916  loss: 0.4507  loss_rpn_cls: 0.0327  loss_rpn_bbox: 0.0148  loss_cls: 0.2146  acc: 93.8477  loss_bbox: 0.1885
2025/05/16 10:20:37 - mmengine - INFO - Epoch(train) [1][7950/8276]  lr: 2.0000e-02  eta: 2:00:20  time: 0.1734  data_time: 0.0051  memory: 915  loss: 0.4823  loss_rpn_cls: 0.0337  loss_rpn_bbox: 0.0158  loss_cls: 0.2320  acc: 96.4844  loss_bbox: 0.2008
2025/05/16 10:20:45 - mmengine - INFO - Exp name: mask-rcnn_voc_20250516_095727
2025/05/16 10:20:45 - mmengine - INFO - Epoch(train) [1][8000/8276]  lr: 2.0000e-02  eta: 2:00:12  time: 0.1760  data_time: 0.0047  memory: 915  loss: 0.4230  loss_rpn_cls: 0.0302  loss_rpn_bbox: 0.0161  loss_cls: 0.2052  acc: 96.3867  loss_bbox: 0.1714
2025/05/16 10:20:54 - mmengine - INFO - Epoch(train) [1][8050/8276]  lr: 2.0000e-02  eta: 2:00:04  time: 0.1762  data_time: 0.0050  memory: 915  loss: 0.4290  loss_rpn_cls: 0.0334  loss_rpn_bbox: 0.0154  loss_cls: 0.2003  acc: 92.9688  loss_bbox: 0.1800
2025/05/16 10:21:03 - mmengine - INFO - Epoch(train) [1][8100/8276]  lr: 2.0000e-02  eta: 1:59:56  time: 0.1736  data_time: 0.0052  memory: 915  loss: 0.4201  loss_rpn_cls: 0.0250  loss_rpn_bbox: 0.0167  loss_cls: 0.1947  acc: 95.7031  loss_bbox: 0.1836
2025/05/16 10:21:12 - mmengine - INFO - Epoch(train) [1][8150/8276]  lr: 2.0000e-02  eta: 1:59:48  time: 0.1753  data_time: 0.0049  memory: 916  loss: 0.4331  loss_rpn_cls: 0.0316  loss_rpn_bbox: 0.0158  loss_cls: 0.2057  acc: 96.9727  loss_bbox: 0.1799
2025/05/16 10:21:20 - mmengine - INFO - Epoch(train) [1][8200/8276]  lr: 2.0000e-02  eta: 1:59:39  time: 0.1737  data_time: 0.0048  memory: 916  loss: 0.4321  loss_rpn_cls: 0.0277  loss_rpn_bbox: 0.0147  loss_cls: 0.2087  acc: 92.8711  loss_bbox: 0.1810
2025/05/16 10:21:29 - mmengine - INFO - Epoch(train) [1][8250/8276]  lr: 2.0000e-02  eta: 1:59:31  time: 0.1749  data_time: 0.0047  memory: 915  loss: 0.3308  loss_rpn_cls: 0.0209  loss_rpn_bbox: 0.0120  loss_cls: 0.1521  acc: 94.7266  loss_bbox: 0.1458
2025/05/16 10:21:34 - mmengine - INFO - Exp name: mask-rcnn_voc_20250516_095727
2025/05/16 10:21:34 - mmengine - INFO - Saving checkpoint at 1 epochs
2025/05/16 10:21:38 - mmengine - INFO - Epoch(val) [1][  50/4952]    eta: 0:03:45  time: 0.0460  data_time: 0.0043  memory: 916  
2025/05/16 10:21:40 - mmengine - INFO - Epoch(val) [1][ 100/4952]    eta: 0:03:33  time: 0.0418  data_time: 0.0025  memory: 450  
2025/05/16 10:21:42 - mmengine - INFO - Epoch(val) [1][ 150/4952]    eta: 0:03:25  time: 0.0409  data_time: 0.0023  memory: 450  
2025/05/16 10:21:44 - mmengine - INFO - Epoch(val) [1][ 200/4952]    eta: 0:03:21  time: 0.0406  data_time: 0.0021  memory: 450  
2025/05/16 10:21:46 - mmengine - INFO - Epoch(val) [1][ 250/4952]    eta: 0:03:16  time: 0.0400  data_time: 0.0021  memory: 451  
2025/05/16 10:21:48 - mmengine - INFO - Epoch(val) [1][ 300/4952]    eta: 0:03:13  time: 0.0401  data_time: 0.0020  memory: 450  
2025/05/16 10:21:50 - mmengine - INFO - Epoch(val) [1][ 350/4952]    eta: 0:03:10  time: 0.0409  data_time: 0.0023  memory: 450  
2025/05/16 10:21:52 - mmengine - INFO - Epoch(val) [1][ 400/4952]    eta: 0:03:07  time: 0.0400  data_time: 0.0023  memory: 450  
2025/05/16 10:21:54 - mmengine - INFO - Epoch(val) [1][ 450/4952]    eta: 0:03:05  time: 0.0401  data_time: 0.0022  memory: 450  
2025/05/16 10:21:56 - mmengine - INFO - Epoch(val) [1][ 500/4952]    eta: 0:03:02  time: 0.0404  data_time: 0.0023  memory: 450  
2025/05/16 10:21:58 - mmengine - INFO - Epoch(val) [1][ 550/4952]    eta: 0:03:00  time: 0.0400  data_time: 0.0022  memory: 449  
2025/05/16 10:22:00 - mmengine - INFO - Epoch(val) [1][ 600/4952]    eta: 0:02:58  time: 0.0409  data_time: 0.0023  memory: 450  
2025/05/16 10:22:02 - mmengine - INFO - Epoch(val) [1][ 650/4952]    eta: 0:02:56  time: 0.0405  data_time: 0.0022  memory: 450  
2025/05/16 10:22:04 - mmengine - INFO - Epoch(val) [1][ 700/4952]    eta: 0:02:54  time: 0.0408  data_time: 0.0022  memory: 450  
2025/05/16 10:22:06 - mmengine - INFO - Epoch(val) [1][ 750/4952]    eta: 0:02:51  time: 0.0405  data_time: 0.0023  memory: 451  
2025/05/16 10:22:08 - mmengine - INFO - Epoch(val) [1][ 800/4952]    eta: 0:02:49  time: 0.0400  data_time: 0.0020  memory: 450  
2025/05/16 10:22:10 - mmengine - INFO - Epoch(val) [1][ 850/4952]    eta: 0:02:47  time: 0.0400  data_time: 0.0022  memory: 450  
2025/05/16 10:22:12 - mmengine - INFO - Epoch(val) [1][ 900/4952]    eta: 0:02:45  time: 0.0408  data_time: 0.0022  memory: 451  
2025/05/16 10:22:14 - mmengine - INFO - Epoch(val) [1][ 950/4952]    eta: 0:02:43  time: 0.0400  data_time: 0.0023  memory: 450  
2025/05/16 10:22:16 - mmengine - INFO - Epoch(val) [1][1000/4952]    eta: 0:02:41  time: 0.0405  data_time: 0.0023  memory: 451  
2025/05/16 10:22:18 - mmengine - INFO - Epoch(val) [1][1050/4952]    eta: 0:02:38  time: 0.0400  data_time: 0.0022  memory: 450  
2025/05/16 10:22:21 - mmengine - INFO - Epoch(val) [1][1100/4952]    eta: 0:02:36  time: 0.0405  data_time: 0.0022  memory: 451  
2025/05/16 10:22:23 - mmengine - INFO - Epoch(val) [1][1150/4952]    eta: 0:02:34  time: 0.0403  data_time: 0.0023  memory: 450  
2025/05/16 10:22:25 - mmengine - INFO - Epoch(val) [1][1200/4952]    eta: 0:02:32  time: 0.0400  data_time: 0.0022  memory: 449  
2025/05/16 10:22:27 - mmengine - INFO - Epoch(val) [1][1250/4952]    eta: 0:02:30  time: 0.0396  data_time: 0.0023  memory: 450  
2025/05/16 10:22:29 - mmengine - INFO - Epoch(val) [1][1300/4952]    eta: 0:02:28  time: 0.0405  data_time: 0.0026  memory: 451  
2025/05/16 10:22:31 - mmengine - INFO - Epoch(val) [1][1350/4952]    eta: 0:02:26  time: 0.0404  data_time: 0.0021  memory: 450  
2025/05/16 10:22:33 - mmengine - INFO - Epoch(val) [1][1400/4952]    eta: 0:02:24  time: 0.0405  data_time: 0.0022  memory: 450  
2025/05/16 10:22:35 - mmengine - INFO - Epoch(val) [1][1450/4952]    eta: 0:02:22  time: 0.0400  data_time: 0.0022  memory: 450  
2025/05/16 10:22:37 - mmengine - INFO - Epoch(val) [1][1500/4952]    eta: 0:02:20  time: 0.0405  data_time: 0.0022  memory: 451  
2025/05/16 10:22:39 - mmengine - INFO - Epoch(val) [1][1550/4952]    eta: 0:02:18  time: 0.0403  data_time: 0.0022  memory: 450  
2025/05/16 10:22:41 - mmengine - INFO - Epoch(val) [1][1600/4952]    eta: 0:02:15  time: 0.0406  data_time: 0.0023  memory: 450  
2025/05/16 10:22:43 - mmengine - INFO - Epoch(val) [1][1650/4952]    eta: 0:02:13  time: 0.0404  data_time: 0.0023  memory: 449  
2025/05/16 10:22:45 - mmengine - INFO - Epoch(val) [1][1700/4952]    eta: 0:02:11  time: 0.0401  data_time: 0.0024  memory: 450  
2025/05/16 10:22:47 - mmengine - INFO - Epoch(val) [1][1750/4952]    eta: 0:02:09  time: 0.0406  data_time: 0.0023  memory: 449  
2025/05/16 10:22:49 - mmengine - INFO - Epoch(val) [1][1800/4952]    eta: 0:02:07  time: 0.0404  data_time: 0.0022  memory: 450  
2025/05/16 10:22:51 - mmengine - INFO - Epoch(val) [1][1850/4952]    eta: 0:02:05  time: 0.0405  data_time: 0.0023  memory: 450  
2025/05/16 10:22:53 - mmengine - INFO - Epoch(val) [1][1900/4952]    eta: 0:02:03  time: 0.0397  data_time: 0.0022  memory: 449  
2025/05/16 10:22:55 - mmengine - INFO - Epoch(val) [1][1950/4952]    eta: 0:02:01  time: 0.0409  data_time: 0.0022  memory: 450  
2025/05/16 10:22:57 - mmengine - INFO - Epoch(val) [1][2000/4952]    eta: 0:01:59  time: 0.0401  data_time: 0.0024  memory: 450  
2025/05/16 10:22:59 - mmengine - INFO - Epoch(val) [1][2050/4952]    eta: 0:01:57  time: 0.0402  data_time: 0.0025  memory: 450  
2025/05/16 10:23:01 - mmengine - INFO - Epoch(val) [1][2100/4952]    eta: 0:01:55  time: 0.0404  data_time: 0.0026  memory: 451  
2025/05/16 10:23:03 - mmengine - INFO - Epoch(val) [1][2150/4952]    eta: 0:01:53  time: 0.0396  data_time: 0.0022  memory: 449  
2025/05/16 10:23:05 - mmengine - INFO - Epoch(val) [1][2200/4952]    eta: 0:01:51  time: 0.0399  data_time: 0.0021  memory: 450  
2025/05/16 10:23:07 - mmengine - INFO - Epoch(val) [1][2250/4952]    eta: 0:01:49  time: 0.0396  data_time: 0.0021  memory: 449  
2025/05/16 10:23:09 - mmengine - INFO - Epoch(val) [1][2300/4952]    eta: 0:01:47  time: 0.0397  data_time: 0.0021  memory: 450  
2025/05/16 10:23:11 - mmengine - INFO - Epoch(val) [1][2350/4952]    eta: 0:01:45  time: 0.0401  data_time: 0.0023  memory: 451  
2025/05/16 10:23:13 - mmengine - INFO - Epoch(val) [1][2400/4952]    eta: 0:01:43  time: 0.0400  data_time: 0.0021  memory: 451  
2025/05/16 10:23:15 - mmengine - INFO - Epoch(val) [1][2450/4952]    eta: 0:01:41  time: 0.0410  data_time: 0.0022  memory: 450  
2025/05/16 10:23:17 - mmengine - INFO - Epoch(val) [1][2500/4952]    eta: 0:01:39  time: 0.0404  data_time: 0.0022  memory: 450  
2025/05/16 10:23:19 - mmengine - INFO - Epoch(val) [1][2550/4952]    eta: 0:01:37  time: 0.0405  data_time: 0.0024  memory: 450  
2025/05/16 10:23:21 - mmengine - INFO - Epoch(val) [1][2600/4952]    eta: 0:01:35  time: 0.0403  data_time: 0.0022  memory: 451  
2025/05/16 10:23:23 - mmengine - INFO - Epoch(val) [1][2650/4952]    eta: 0:01:33  time: 0.0398  data_time: 0.0022  memory: 450  
2025/05/16 10:23:25 - mmengine - INFO - Epoch(val) [1][2700/4952]    eta: 0:01:31  time: 0.0401  data_time: 0.0022  memory: 450  
2025/05/16 10:23:27 - mmengine - INFO - Epoch(val) [1][2750/4952]    eta: 0:01:28  time: 0.0396  data_time: 0.0020  memory: 449  
2025/05/16 10:23:29 - mmengine - INFO - Epoch(val) [1][2800/4952]    eta: 0:01:26  time: 0.0404  data_time: 0.0023  memory: 449  
2025/05/16 10:23:31 - mmengine - INFO - Epoch(val) [1][2850/4952]    eta: 0:01:24  time: 0.0409  data_time: 0.0027  memory: 450  
2025/05/16 10:23:33 - mmengine - INFO - Epoch(val) [1][2900/4952]    eta: 0:01:22  time: 0.0393  data_time: 0.0025  memory: 449  
2025/05/16 10:23:35 - mmengine - INFO - Epoch(val) [1][2950/4952]    eta: 0:01:20  time: 0.0398  data_time: 0.0021  memory: 449  
2025/05/16 10:23:37 - mmengine - INFO - Epoch(val) [1][3000/4952]    eta: 0:01:18  time: 0.0405  data_time: 0.0022  memory: 450  
2025/05/16 10:23:39 - mmengine - INFO - Epoch(val) [1][3050/4952]    eta: 0:01:16  time: 0.0396  data_time: 0.0022  memory: 450  
2025/05/16 10:23:41 - mmengine - INFO - Epoch(val) [1][3100/4952]    eta: 0:01:14  time: 0.0404  data_time: 0.0024  memory: 450  
2025/05/16 10:23:43 - mmengine - INFO - Epoch(val) [1][3150/4952]    eta: 0:01:12  time: 0.0397  data_time: 0.0021  memory: 450  
2025/05/16 10:23:45 - mmengine - INFO - Epoch(val) [1][3200/4952]    eta: 0:01:10  time: 0.0401  data_time: 0.0024  memory: 449  
2025/05/16 10:23:47 - mmengine - INFO - Epoch(val) [1][3250/4952]    eta: 0:01:08  time: 0.0404  data_time: 0.0024  memory: 450  
2025/05/16 10:23:49 - mmengine - INFO - Epoch(val) [1][3300/4952]    eta: 0:01:06  time: 0.0405  data_time: 0.0025  memory: 449  
2025/05/16 10:23:51 - mmengine - INFO - Epoch(val) [1][3350/4952]    eta: 0:01:04  time: 0.0404  data_time: 0.0023  memory: 450  
2025/05/16 10:23:53 - mmengine - INFO - Epoch(val) [1][3400/4952]    eta: 0:01:02  time: 0.0405  data_time: 0.0022  memory: 451  
2025/05/16 10:23:55 - mmengine - INFO - Epoch(val) [1][3450/4952]    eta: 0:01:00  time: 0.0393  data_time: 0.0021  memory: 450  
2025/05/16 10:23:57 - mmengine - INFO - Epoch(val) [1][3500/4952]    eta: 0:00:58  time: 0.0406  data_time: 0.0023  memory: 451  
2025/05/16 10:23:59 - mmengine - INFO - Epoch(val) [1][3550/4952]    eta: 0:00:56  time: 0.0404  data_time: 0.0023  memory: 450  
2025/05/16 10:24:01 - mmengine - INFO - Epoch(val) [1][3600/4952]    eta: 0:00:54  time: 0.0406  data_time: 0.0021  memory: 450  
2025/05/16 10:24:03 - mmengine - INFO - Epoch(val) [1][3650/4952]    eta: 0:00:52  time: 0.0405  data_time: 0.0026  memory: 450  
2025/05/16 10:24:05 - mmengine - INFO - Epoch(val) [1][3700/4952]    eta: 0:00:50  time: 0.0401  data_time: 0.0023  memory: 451  
2025/05/16 10:24:07 - mmengine - INFO - Epoch(val) [1][3750/4952]    eta: 0:00:48  time: 0.0401  data_time: 0.0022  memory: 449  
2025/05/16 10:24:09 - mmengine - INFO - Epoch(val) [1][3800/4952]    eta: 0:00:46  time: 0.0400  data_time: 0.0025  memory: 450  
2025/05/16 10:24:11 - mmengine - INFO - Epoch(val) [1][3850/4952]    eta: 0:00:44  time: 0.0405  data_time: 0.0023  memory: 450  
2025/05/16 10:24:13 - mmengine - INFO - Epoch(val) [1][3900/4952]    eta: 0:00:42  time: 0.0404  data_time: 0.0022  memory: 450  
2025/05/16 10:24:15 - mmengine - INFO - Epoch(val) [1][3950/4952]    eta: 0:00:40  time: 0.0399  data_time: 0.0021  memory: 449  
2025/05/16 10:24:17 - mmengine - INFO - Epoch(val) [1][4000/4952]    eta: 0:00:38  time: 0.0402  data_time: 0.0022  memory: 451  
2025/05/16 10:24:19 - mmengine - INFO - Epoch(val) [1][4050/4952]    eta: 0:00:36  time: 0.0403  data_time: 0.0023  memory: 450  
2025/05/16 10:24:21 - mmengine - INFO - Epoch(val) [1][4100/4952]    eta: 0:00:34  time: 0.0401  data_time: 0.0026  memory: 449  
2025/05/16 10:24:23 - mmengine - INFO - Epoch(val) [1][4150/4952]    eta: 0:00:32  time: 0.0396  data_time: 0.0022  memory: 451  
2025/05/16 10:24:25 - mmengine - INFO - Epoch(val) [1][4200/4952]    eta: 0:00:30  time: 0.0400  data_time: 0.0021  memory: 450  
2025/05/16 10:24:27 - mmengine - INFO - Epoch(val) [1][4250/4952]    eta: 0:00:28  time: 0.0400  data_time: 0.0023  memory: 451  
2025/05/16 10:24:29 - mmengine - INFO - Epoch(val) [1][4300/4952]    eta: 0:00:26  time: 0.0405  data_time: 0.0021  memory: 450  
2025/05/16 10:24:31 - mmengine - INFO - Epoch(val) [1][4350/4952]    eta: 0:00:24  time: 0.0404  data_time: 0.0022  memory: 450  
2025/05/16 10:24:33 - mmengine - INFO - Epoch(val) [1][4400/4952]    eta: 0:00:22  time: 0.0405  data_time: 0.0022  memory: 450  
2025/05/16 10:24:35 - mmengine - INFO - Epoch(val) [1][4450/4952]    eta: 0:00:20  time: 0.0400  data_time: 0.0024  memory: 450  
2025/05/16 10:24:37 - mmengine - INFO - Epoch(val) [1][4500/4952]    eta: 0:00:18  time: 0.0405  data_time: 0.0023  memory: 450  
2025/05/16 10:24:39 - mmengine - INFO - Epoch(val) [1][4550/4952]    eta: 0:00:16  time: 0.0404  data_time: 0.0021  memory: 449  
2025/05/16 10:24:41 - mmengine - INFO - Epoch(val) [1][4600/4952]    eta: 0:00:14  time: 0.0400  data_time: 0.0021  memory: 450  
2025/05/16 10:24:43 - mmengine - INFO - Epoch(val) [1][4650/4952]    eta: 0:00:12  time: 0.0401  data_time: 0.0021  memory: 450  
2025/05/16 10:24:45 - mmengine - INFO - Epoch(val) [1][4700/4952]    eta: 0:00:10  time: 0.0405  data_time: 0.0020  memory: 449  
2025/05/16 10:24:47 - mmengine - INFO - Epoch(val) [1][4750/4952]    eta: 0:00:08  time: 0.0405  data_time: 0.0023  memory: 450  
2025/05/16 10:24:49 - mmengine - INFO - Epoch(val) [1][4800/4952]    eta: 0:00:06  time: 0.0404  data_time: 0.0021  memory: 449  
2025/05/16 10:24:51 - mmengine - INFO - Epoch(val) [1][4850/4952]    eta: 0:00:04  time: 0.0405  data_time: 0.0023  memory: 450  
2025/05/16 10:24:53 - mmengine - INFO - Epoch(val) [1][4900/4952]    eta: 0:00:02  time: 0.0404  data_time: 0.0022  memory: 450  
2025/05/16 10:24:55 - mmengine - INFO - Epoch(val) [1][4950/4952]    eta: 0:00:00  time: 0.0405  data_time: 0.0021  memory: 451  
2025/05/16 10:24:56 - mmengine - INFO - 
---------------iou_thr: 0.5---------------
2025/05/16 10:24:59 - mmengine - INFO - 
+-------------+------+-------+--------+-------+
| class       | gts  | dets  | recall | ap    |
+-------------+------+-------+--------+-------+
| aeroplane   | 285  | 10285 | 0.747  | 0.188 |
| bicycle     | 337  | 2369  | 0.766  | 0.476 |
| bird        | 459  | 6187  | 0.721  | 0.336 |
| boat        | 263  | 2236  | 0.456  | 0.176 |
| bottle      | 469  | 714   | 0.256  | 0.150 |
| bus         | 213  | 1575  | 0.775  | 0.505 |
| car         | 1201 | 6816  | 0.804  | 0.644 |
| cat         | 358  | 5459  | 0.888  | 0.499 |
| chair       | 756  | 7064  | 0.608  | 0.262 |
| cow         | 244  | 2448  | 0.836  | 0.243 |
| diningtable | 206  | 3130  | 0.791  | 0.403 |
| dog         | 489  | 5895  | 0.898  | 0.254 |
| horse       | 348  | 2838  | 0.833  | 0.492 |
| motorbike   | 325  | 5568  | 0.911  | 0.393 |
| person      | 4528 | 34460 | 0.848  | 0.603 |
| pottedplant | 480  | 2368  | 0.475  | 0.226 |
| sheep       | 242  | 880   | 0.574  | 0.291 |
| sofa        | 239  | 2578  | 0.795  | 0.418 |
| train       | 282  | 789   | 0.628  | 0.422 |
| tvmonitor   | 308  | 3500  | 0.766  | 0.476 |
+-------------+------+-------+--------+-------+
| mAP         |      |       |        | 0.373 |
+-------------+------+-------+--------+-------+
2025/05/16 10:24:59 - mmengine - INFO - Epoch(val) [1][4952/4952]    pascal_voc/mAP: 0.3728  pascal_voc/AP50: 0.3730  data_time: 0.0023  time: 0.0403
2025/05/16 10:25:08 - mmengine - INFO - Epoch(train) [2][  50/8276]  lr: 2.0000e-02  eta: 1:59:18  time: 0.1756  data_time: 0.0051  memory: 916  loss: 0.3984  loss_rpn_cls: 0.0264  loss_rpn_bbox: 0.0139  loss_cls: 0.1873  acc: 90.8203  loss_bbox: 0.1708
2025/05/16 10:25:16 - mmengine - INFO - Epoch(train) [2][ 100/8276]  lr: 2.0000e-02  eta: 1:59:10  time: 0.1743  data_time: 0.0044  memory: 915  loss: 0.4564  loss_rpn_cls: 0.0311  loss_rpn_bbox: 0.0178  loss_cls: 0.2180  acc: 94.3359  loss_bbox: 0.1895
2025/05/16 10:25:25 - mmengine - INFO - Epoch(train) [2][ 150/8276]  lr: 2.0000e-02  eta: 1:59:01  time: 0.1739  data_time: 0.0046  memory: 915  loss: 0.4057  loss_rpn_cls: 0.0252  loss_rpn_bbox: 0.0141  loss_cls: 0.1856  acc: 96.2891  loss_bbox: 0.1807
2025/05/16 10:25:34 - mmengine - INFO - Epoch(train) [2][ 200/8276]  lr: 2.0000e-02  eta: 1:58:53  time: 0.1743  data_time: 0.0047  memory: 915  loss: 0.5081  loss_rpn_cls: 0.0412  loss_rpn_bbox: 0.0217  loss_cls: 0.2349  acc: 98.4375  loss_bbox: 0.2103
2025/05/16 10:25:42 - mmengine - INFO - Epoch(train) [2][ 250/8276]  lr: 2.0000e-02  eta: 1:58:44  time: 0.1728  data_time: 0.0046  memory: 916  loss: 0.3713  loss_rpn_cls: 0.0201  loss_rpn_bbox: 0.0121  loss_cls: 0.1834  acc: 97.8516  loss_bbox: 0.1556
2025/05/16 10:25:51 - mmengine - INFO - Epoch(train) [2][ 300/8276]  lr: 2.0000e-02  eta: 1:58:35  time: 0.1715  data_time: 0.0049  memory: 915  loss: 0.4429  loss_rpn_cls: 0.0316  loss_rpn_bbox: 0.0153  loss_cls: 0.2112  acc: 93.0664  loss_bbox: 0.1849
2025/05/16 10:26:00 - mmengine - INFO - Epoch(train) [2][ 350/8276]  lr: 2.0000e-02  eta: 1:58:26  time: 0.1725  data_time: 0.0046  memory: 915  loss: 0.4045  loss_rpn_cls: 0.0301  loss_rpn_bbox: 0.0148  loss_cls: 0.1938  acc: 86.4258  loss_bbox: 0.1659
2025/05/16 10:26:08 - mmengine - INFO - Epoch(train) [2][ 400/8276]  lr: 2.0000e-02  eta: 1:58:18  time: 0.1763  data_time: 0.0049  memory: 916  loss: 0.4675  loss_rpn_cls: 0.0361  loss_rpn_bbox: 0.0227  loss_cls: 0.2139  acc: 96.6797  loss_bbox: 0.1948
2025/05/16 10:26:17 - mmengine - INFO - Epoch(train) [2][ 450/8276]  lr: 2.0000e-02  eta: 1:58:10  time: 0.1747  data_time: 0.0048  memory: 915  loss: 0.3948  loss_rpn_cls: 0.0291  loss_rpn_bbox: 0.0156  loss_cls: 0.1835  acc: 93.6523  loss_bbox: 0.1666
2025/05/16 10:26:26 - mmengine - INFO - Epoch(train) [2][ 500/8276]  lr: 2.0000e-02  eta: 1:58:01  time: 0.1723  data_time: 0.0050  memory: 915  loss: 0.3879  loss_rpn_cls: 0.0275  loss_rpn_bbox: 0.0134  loss_cls: 0.1753  acc: 97.0703  loss_bbox: 0.1717
2025/05/16 10:26:34 - mmengine - INFO - Epoch(train) [2][ 550/8276]  lr: 2.0000e-02  eta: 1:57:52  time: 0.1701  data_time: 0.0048  memory: 916  loss: 0.3841  loss_rpn_cls: 0.0192  loss_rpn_bbox: 0.0137  loss_cls: 0.1772  acc: 91.5039  loss_bbox: 0.1741
2025/05/16 10:26:43 - mmengine - INFO - Epoch(train) [2][ 600/8276]  lr: 2.0000e-02  eta: 1:57:43  time: 0.1736  data_time: 0.0049  memory: 916  loss: 0.4345  loss_rpn_cls: 0.0281  loss_rpn_bbox: 0.0158  loss_cls: 0.2034  acc: 93.9453  loss_bbox: 0.1871
2025/05/16 10:26:52 - mmengine - INFO - Epoch(train) [2][ 650/8276]  lr: 2.0000e-02  eta: 1:57:35  time: 0.1729  data_time: 0.0050  memory: 916  loss: 0.4272  loss_rpn_cls: 0.0281  loss_rpn_bbox: 0.0146  loss_cls: 0.2058  acc: 93.3594  loss_bbox: 0.1787
2025/05/16 10:27:00 - mmengine - INFO - Epoch(train) [2][ 700/8276]  lr: 2.0000e-02  eta: 1:57:26  time: 0.1747  data_time: 0.0050  memory: 915  loss: 0.4556  loss_rpn_cls: 0.0289  loss_rpn_bbox: 0.0183  loss_cls: 0.2055  acc: 92.5781  loss_bbox: 0.2029
2025/05/16 10:27:05 - mmengine - INFO - Exp name: mask-rcnn_voc_20250516_095727
2025/05/16 10:27:09 - mmengine - INFO - Epoch(train) [2][ 750/8276]  lr: 2.0000e-02  eta: 1:57:17  time: 0.1728  data_time: 0.0047  memory: 915  loss: 0.3551  loss_rpn_cls: 0.0258  loss_rpn_bbox: 0.0133  loss_cls: 0.1646  acc: 94.9219  loss_bbox: 0.1514
2025/05/16 10:27:18 - mmengine - INFO - Epoch(train) [2][ 800/8276]  lr: 2.0000e-02  eta: 1:57:09  time: 0.1750  data_time: 0.0047  memory: 916  loss: 0.4709  loss_rpn_cls: 0.0375  loss_rpn_bbox: 0.0201  loss_cls: 0.2146  acc: 87.1094  loss_bbox: 0.1986
2025/05/16 10:27:26 - mmengine - INFO - Epoch(train) [2][ 850/8276]  lr: 2.0000e-02  eta: 1:57:00  time: 0.1710  data_time: 0.0048  memory: 916  loss: 0.4364  loss_rpn_cls: 0.0361  loss_rpn_bbox: 0.0149  loss_cls: 0.2176  acc: 91.2109  loss_bbox: 0.1677
2025/05/16 10:27:35 - mmengine - INFO - Epoch(train) [2][ 900/8276]  lr: 2.0000e-02  eta: 1:56:52  time: 0.1748  data_time: 0.0044  memory: 915  loss: 0.4001  loss_rpn_cls: 0.0294  loss_rpn_bbox: 0.0152  loss_cls: 0.1839  acc: 94.2383  loss_bbox: 0.1715
2025/05/16 10:27:44 - mmengine - INFO - Epoch(train) [2][ 950/8276]  lr: 2.0000e-02  eta: 1:56:44  time: 0.1774  data_time: 0.0051  memory: 915  loss: 0.3586  loss_rpn_cls: 0.0237  loss_rpn_bbox: 0.0156  loss_cls: 0.1638  acc: 97.9492  loss_bbox: 0.1555
2025/05/16 10:27:53 - mmengine - INFO - Epoch(train) [2][1000/8276]  lr: 2.0000e-02  eta: 1:56:35  time: 0.1734  data_time: 0.0051  memory: 916  loss: 0.3748  loss_rpn_cls: 0.0225  loss_rpn_bbox: 0.0130  loss_cls: 0.1834  acc: 88.7695  loss_bbox: 0.1559
2025/05/16 10:28:01 - mmengine - INFO - Epoch(train) [2][1050/8276]  lr: 2.0000e-02  eta: 1:56:27  time: 0.1738  data_time: 0.0046  memory: 915  loss: 0.3847  loss_rpn_cls: 0.0265  loss_rpn_bbox: 0.0142  loss_cls: 0.1777  acc: 94.4336  loss_bbox: 0.1662
2025/05/16 10:28:10 - mmengine - INFO - Epoch(train) [2][1100/8276]  lr: 2.0000e-02  eta: 1:56:18  time: 0.1726  data_time: 0.0048  memory: 915  loss: 0.4777  loss_rpn_cls: 0.0363  loss_rpn_bbox: 0.0151  loss_cls: 0.2266  acc: 91.3086  loss_bbox: 0.1997
2025/05/16 10:28:19 - mmengine - INFO - Epoch(train) [2][1150/8276]  lr: 2.0000e-02  eta: 1:56:10  time: 0.1741  data_time: 0.0048  memory: 915  loss: 0.5127  loss_rpn_cls: 0.0323  loss_rpn_bbox: 0.0202  loss_cls: 0.2425  acc: 89.9414  loss_bbox: 0.2177
2025/05/16 10:28:27 - mmengine - INFO - Epoch(train) [2][1200/8276]  lr: 2.0000e-02  eta: 1:56:01  time: 0.1755  data_time: 0.0046  memory: 915  loss: 0.4352  loss_rpn_cls: 0.0335  loss_rpn_bbox: 0.0158  loss_cls: 0.2031  acc: 95.6055  loss_bbox: 0.1827
2025/05/16 10:28:36 - mmengine - INFO - Epoch(train) [2][1250/8276]  lr: 2.0000e-02  eta: 1:55:54  time: 0.1784  data_time: 0.0047  memory: 915  loss: 0.3777  loss_rpn_cls: 0.0183  loss_rpn_bbox: 0.0105  loss_cls: 0.1848  acc: 91.6992  loss_bbox: 0.1641
2025/05/16 10:28:45 - mmengine - INFO - Epoch(train) [2][1300/8276]  lr: 2.0000e-02  eta: 1:55:45  time: 0.1714  data_time: 0.0051  memory: 915  loss: 0.4797  loss_rpn_cls: 0.0312  loss_rpn_bbox: 0.0147  loss_cls: 0.2311  acc: 92.5781  loss_bbox: 0.2027
2025/05/16 10:28:53 - mmengine - INFO - Epoch(train) [2][1350/8276]  lr: 2.0000e-02  eta: 1:55:36  time: 0.1719  data_time: 0.0051  memory: 916  loss: 0.4026  loss_rpn_cls: 0.0339  loss_rpn_bbox: 0.0148  loss_cls: 0.1821  acc: 95.7031  loss_bbox: 0.1718
2025/05/16 10:29:02 - mmengine - INFO - Epoch(train) [2][1400/8276]  lr: 2.0000e-02  eta: 1:55:27  time: 0.1725  data_time: 0.0047  memory: 915  loss: 0.4098  loss_rpn_cls: 0.0301  loss_rpn_bbox: 0.0143  loss_cls: 0.1933  acc: 95.1172  loss_bbox: 0.1720
2025/05/16 10:29:11 - mmengine - INFO - Epoch(train) [2][1450/8276]  lr: 2.0000e-02  eta: 1:55:18  time: 0.1694  data_time: 0.0048  memory: 916  loss: 0.3950  loss_rpn_cls: 0.0280  loss_rpn_bbox: 0.0126  loss_cls: 0.1829  acc: 96.8750  loss_bbox: 0.1715
2025/05/16 10:29:19 - mmengine - INFO - Epoch(train) [2][1500/8276]  lr: 2.0000e-02  eta: 1:55:09  time: 0.1737  data_time: 0.0046  memory: 916  loss: 0.4225  loss_rpn_cls: 0.0278  loss_rpn_bbox: 0.0133  loss_cls: 0.1993  acc: 95.2148  loss_bbox: 0.1821
2025/05/16 10:29:28 - mmengine - INFO - Epoch(train) [2][1550/8276]  lr: 2.0000e-02  eta: 1:55:00  time: 0.1707  data_time: 0.0050  memory: 915  loss: 0.3702  loss_rpn_cls: 0.0315  loss_rpn_bbox: 0.0123  loss_cls: 0.1746  acc: 97.1680  loss_bbox: 0.1518
2025/05/16 10:29:36 - mmengine - INFO - Epoch(train) [2][1600/8276]  lr: 2.0000e-02  eta: 1:54:51  time: 0.1735  data_time: 0.0050  memory: 916  loss: 0.4314  loss_rpn_cls: 0.0278  loss_rpn_bbox: 0.0149  loss_cls: 0.1958  acc: 90.9180  loss_bbox: 0.1929
2025/05/16 10:29:45 - mmengine - INFO - Epoch(train) [2][1650/8276]  lr: 2.0000e-02  eta: 1:54:42  time: 0.1725  data_time: 0.0049  memory: 915  loss: 0.3954  loss_rpn_cls: 0.0293  loss_rpn_bbox: 0.0141  loss_cls: 0.1821  acc: 94.9219  loss_bbox: 0.1699
2025/05/16 10:29:54 - mmengine - INFO - Epoch(train) [2][1700/8276]  lr: 2.0000e-02  eta: 1:54:33  time: 0.1716  data_time: 0.0049  memory: 915  loss: 0.4506  loss_rpn_cls: 0.0360  loss_rpn_bbox: 0.0160  loss_cls: 0.2084  acc: 91.2109  loss_bbox: 0.1901
2025/05/16 10:29:58 - mmengine - INFO - Exp name: mask-rcnn_voc_20250516_095727
2025/05/16 10:30:02 - mmengine - INFO - Epoch(train) [2][1750/8276]  lr: 2.0000e-02  eta: 1:54:25  time: 0.1735  data_time: 0.0049  memory: 915  loss: 0.4582  loss_rpn_cls: 0.0269  loss_rpn_bbox: 0.0155  loss_cls: 0.2184  acc: 92.8711  loss_bbox: 0.1974
2025/05/16 10:30:11 - mmengine - INFO - Epoch(train) [2][1800/8276]  lr: 2.0000e-02  eta: 1:54:16  time: 0.1728  data_time: 0.0048  memory: 915  loss: 0.3978  loss_rpn_cls: 0.0180  loss_rpn_bbox: 0.0140  loss_cls: 0.1928  acc: 92.8711  loss_bbox: 0.1729
2025/05/16 10:30:20 - mmengine - INFO - Epoch(train) [2][1850/8276]  lr: 2.0000e-02  eta: 1:54:08  time: 0.1743  data_time: 0.0047  memory: 916  loss: 0.4995  loss_rpn_cls: 0.0341  loss_rpn_bbox: 0.0188  loss_cls: 0.2298  acc: 87.5977  loss_bbox: 0.2168
2025/05/16 10:30:28 - mmengine - INFO - Epoch(train) [2][1900/8276]  lr: 2.0000e-02  eta: 1:53:59  time: 0.1746  data_time: 0.0048  memory: 916  loss: 0.3616  loss_rpn_cls: 0.0183  loss_rpn_bbox: 0.0113  loss_cls: 0.1789  acc: 94.3359  loss_bbox: 0.1531
2025/05/16 10:30:37 - mmengine - INFO - Epoch(train) [2][1950/8276]  lr: 2.0000e-02  eta: 1:53:50  time: 0.1728  data_time: 0.0046  memory: 884  loss: 0.4274  loss_rpn_cls: 0.0218  loss_rpn_bbox: 0.0123  loss_cls: 0.2061  acc: 95.6055  loss_bbox: 0.1871
2025/05/16 10:30:46 - mmengine - INFO - Epoch(train) [2][2000/8276]  lr: 2.0000e-02  eta: 1:53:41  time: 0.1720  data_time: 0.0047  memory: 915  loss: 0.4423  loss_rpn_cls: 0.0258  loss_rpn_bbox: 0.0152  loss_cls: 0.2042  acc: 97.5586  loss_bbox: 0.1971
2025/05/16 10:30:54 - mmengine - INFO - Epoch(train) [2][2050/8276]  lr: 2.0000e-02  eta: 1:53:33  time: 0.1752  data_time: 0.0050  memory: 915  loss: 0.4708  loss_rpn_cls: 0.0314  loss_rpn_bbox: 0.0183  loss_cls: 0.2130  acc: 97.3633  loss_bbox: 0.2082
2025/05/16 10:31:03 - mmengine - INFO - Epoch(train) [2][2100/8276]  lr: 2.0000e-02  eta: 1:53:24  time: 0.1711  data_time: 0.0049  memory: 915  loss: 0.4167  loss_rpn_cls: 0.0258  loss_rpn_bbox: 0.0159  loss_cls: 0.2006  acc: 98.1445  loss_bbox: 0.1743
2025/05/16 10:31:12 - mmengine - INFO - Epoch(train) [2][2150/8276]  lr: 2.0000e-02  eta: 1:53:15  time: 0.1731  data_time: 0.0046  memory: 916  loss: 0.4138  loss_rpn_cls: 0.0247  loss_rpn_bbox: 0.0129  loss_cls: 0.2059  acc: 94.9219  loss_bbox: 0.1703
2025/05/16 10:31:20 - mmengine - INFO - Epoch(train) [2][2200/8276]  lr: 2.0000e-02  eta: 1:53:06  time: 0.1702  data_time: 0.0050  memory: 916  loss: 0.4272  loss_rpn_cls: 0.0281  loss_rpn_bbox: 0.0169  loss_cls: 0.1940  acc: 96.2891  loss_bbox: 0.1882
2025/05/16 10:31:29 - mmengine - INFO - Epoch(train) [2][2250/8276]  lr: 2.0000e-02  eta: 1:52:57  time: 0.1720  data_time: 0.0049  memory: 915  loss: 0.4236  loss_rpn_cls: 0.0341  loss_rpn_bbox: 0.0137  loss_cls: 0.2033  acc: 93.5547  loss_bbox: 0.1725
2025/05/16 10:31:37 - mmengine - INFO - Epoch(train) [2][2300/8276]  lr: 2.0000e-02  eta: 1:52:49  time: 0.1740  data_time: 0.0046  memory: 884  loss: 0.4385  loss_rpn_cls: 0.0268  loss_rpn_bbox: 0.0140  loss_cls: 0.2062  acc: 94.5312  loss_bbox: 0.1915
2025/05/16 10:31:46 - mmengine - INFO - Epoch(train) [2][2350/8276]  lr: 2.0000e-02  eta: 1:52:40  time: 0.1730  data_time: 0.0049  memory: 915  loss: 0.4588  loss_rpn_cls: 0.0252  loss_rpn_bbox: 0.0151  loss_cls: 0.2177  acc: 98.6328  loss_bbox: 0.2008
2025/05/16 10:31:55 - mmengine - INFO - Epoch(train) [2][2400/8276]  lr: 2.0000e-02  eta: 1:52:31  time: 0.1728  data_time: 0.0051  memory: 884  loss: 0.4368  loss_rpn_cls: 0.0280  loss_rpn_bbox: 0.0134  loss_cls: 0.2024  acc: 91.0156  loss_bbox: 0.1930
2025/05/16 10:32:04 - mmengine - INFO - Epoch(train) [2][2450/8276]  lr: 2.0000e-02  eta: 1:52:23  time: 0.1757  data_time: 0.0052  memory: 916  loss: 0.4003  loss_rpn_cls: 0.0291  loss_rpn_bbox: 0.0129  loss_cls: 0.1895  acc: 96.6797  loss_bbox: 0.1688
2025/05/16 10:32:12 - mmengine - INFO - Epoch(train) [2][2500/8276]  lr: 2.0000e-02  eta: 1:52:14  time: 0.1723  data_time: 0.0050  memory: 916  loss: 0.3751  loss_rpn_cls: 0.0249  loss_rpn_bbox: 0.0112  loss_cls: 0.1815  acc: 97.0703  loss_bbox: 0.1574
2025/05/16 10:32:21 - mmengine - INFO - Epoch(train) [2][2550/8276]  lr: 2.0000e-02  eta: 1:52:06  time: 0.1730  data_time: 0.0047  memory: 916  loss: 0.4241  loss_rpn_cls: 0.0312  loss_rpn_bbox: 0.0146  loss_cls: 0.2053  acc: 97.7539  loss_bbox: 0.1729
2025/05/16 10:32:30 - mmengine - INFO - Epoch(train) [2][2600/8276]  lr: 2.0000e-02  eta: 1:51:57  time: 0.1749  data_time: 0.0054  memory: 915  loss: 0.4201  loss_rpn_cls: 0.0284  loss_rpn_bbox: 0.0140  loss_cls: 0.2061  acc: 95.1172  loss_bbox: 0.1717
2025/05/16 10:32:38 - mmengine - INFO - Epoch(train) [2][2650/8276]  lr: 2.0000e-02  eta: 1:51:49  time: 0.1745  data_time: 0.0051  memory: 916  loss: 0.4214  loss_rpn_cls: 0.0285  loss_rpn_bbox: 0.0141  loss_cls: 0.2040  acc: 89.8438  loss_bbox: 0.1748
2025/05/16 10:32:47 - mmengine - INFO - Epoch(train) [2][2700/8276]  lr: 2.0000e-02  eta: 1:51:40  time: 0.1716  data_time: 0.0047  memory: 915  loss: 0.3641  loss_rpn_cls: 0.0248  loss_rpn_bbox: 0.0143  loss_cls: 0.1695  acc: 85.7422  loss_bbox: 0.1555
2025/05/16 10:32:51 - mmengine - INFO - Exp name: mask-rcnn_voc_20250516_095727
2025/05/16 10:32:56 - mmengine - INFO - Epoch(train) [2][2750/8276]  lr: 2.0000e-02  eta: 1:51:31  time: 0.1729  data_time: 0.0046  memory: 916  loss: 0.3859  loss_rpn_cls: 0.0177  loss_rpn_bbox: 0.0121  loss_cls: 0.1905  acc: 96.1914  loss_bbox: 0.1657
2025/05/16 10:33:04 - mmengine - INFO - Epoch(train) [2][2800/8276]  lr: 2.0000e-02  eta: 1:51:22  time: 0.1717  data_time: 0.0049  memory: 915  loss: 0.4588  loss_rpn_cls: 0.0263  loss_rpn_bbox: 0.0163  loss_cls: 0.2127  acc: 94.5312  loss_bbox: 0.2035
2025/05/16 10:33:13 - mmengine - INFO - Epoch(train) [2][2850/8276]  lr: 2.0000e-02  eta: 1:51:14  time: 0.1745  data_time: 0.0052  memory: 916  loss: 0.4494  loss_rpn_cls: 0.0330  loss_rpn_bbox: 0.0147  loss_cls: 0.2118  acc: 99.3164  loss_bbox: 0.1899
2025/05/16 10:33:22 - mmengine - INFO - Epoch(train) [2][2900/8276]  lr: 2.0000e-02  eta: 1:51:05  time: 0.1740  data_time: 0.0049  memory: 916  loss: 0.3954  loss_rpn_cls: 0.0203  loss_rpn_bbox: 0.0133  loss_cls: 0.1849  acc: 89.8438  loss_bbox: 0.1769
2025/05/16 10:33:31 - mmengine - INFO - Epoch(train) [2][2950/8276]  lr: 2.0000e-02  eta: 1:50:59  time: 0.1854  data_time: 0.0047  memory: 915  loss: 0.4371  loss_rpn_cls: 0.0288  loss_rpn_bbox: 0.0145  loss_cls: 0.1982  acc: 92.3828  loss_bbox: 0.1956
2025/05/16 10:33:40 - mmengine - INFO - Epoch(train) [2][3000/8276]  lr: 2.0000e-02  eta: 1:50:50  time: 0.1750  data_time: 0.0050  memory: 916  loss: 0.4316  loss_rpn_cls: 0.0278  loss_rpn_bbox: 0.0139  loss_cls: 0.2119  acc: 95.5078  loss_bbox: 0.1779
2025/05/16 10:33:48 - mmengine - INFO - Epoch(train) [2][3050/8276]  lr: 2.0000e-02  eta: 1:50:42  time: 0.1754  data_time: 0.0053  memory: 916  loss: 0.4185  loss_rpn_cls: 0.0311  loss_rpn_bbox: 0.0158  loss_cls: 0.2040  acc: 97.1680  loss_bbox: 0.1676
2025/05/16 10:33:57 - mmengine - INFO - Epoch(train) [2][3100/8276]  lr: 2.0000e-02  eta: 1:50:34  time: 0.1748  data_time: 0.0049  memory: 915  loss: 0.4182  loss_rpn_cls: 0.0316  loss_rpn_bbox: 0.0140  loss_cls: 0.1990  acc: 92.3828  loss_bbox: 0.1736
2025/05/16 10:34:06 - mmengine - INFO - Epoch(train) [2][3150/8276]  lr: 2.0000e-02  eta: 1:50:25  time: 0.1753  data_time: 0.0051  memory: 915  loss: 0.4485  loss_rpn_cls: 0.0288  loss_rpn_bbox: 0.0179  loss_cls: 0.2135  acc: 91.7969  loss_bbox: 0.1884
2025/05/16 10:34:15 - mmengine - INFO - Epoch(train) [2][3200/8276]  lr: 2.0000e-02  eta: 1:50:17  time: 0.1764  data_time: 0.0050  memory: 915  loss: 0.4682  loss_rpn_cls: 0.0268  loss_rpn_bbox: 0.0174  loss_cls: 0.2159  acc: 97.7539  loss_bbox: 0.2081
2025/05/16 10:34:23 - mmengine - INFO - Epoch(train) [2][3250/8276]  lr: 2.0000e-02  eta: 1:50:08  time: 0.1736  data_time: 0.0045  memory: 915  loss: 0.4329  loss_rpn_cls: 0.0284  loss_rpn_bbox: 0.0147  loss_cls: 0.2053  acc: 90.9180  loss_bbox: 0.1844
2025/05/16 10:34:32 - mmengine - INFO - Epoch(train) [2][3300/8276]  lr: 2.0000e-02  eta: 1:50:00  time: 0.1739  data_time: 0.0052  memory: 915  loss: 0.4190  loss_rpn_cls: 0.0282  loss_rpn_bbox: 0.0137  loss_cls: 0.1967  acc: 96.5820  loss_bbox: 0.1803
2025/05/16 10:34:41 - mmengine - INFO - Epoch(train) [2][3350/8276]  lr: 2.0000e-02  eta: 1:49:52  time: 0.1757  data_time: 0.0049  memory: 916  loss: 0.5314  loss_rpn_cls: 0.0388  loss_rpn_bbox: 0.0190  loss_cls: 0.2372  acc: 90.4297  loss_bbox: 0.2364
2025/05/16 10:34:50 - mmengine - INFO - Epoch(train) [2][3400/8276]  lr: 2.0000e-02  eta: 1:49:43  time: 0.1739  data_time: 0.0048  memory: 915  loss: 0.3892  loss_rpn_cls: 0.0263  loss_rpn_bbox: 0.0147  loss_cls: 0.1800  acc: 97.9492  loss_bbox: 0.1683
2025/05/16 10:34:58 - mmengine - INFO - Epoch(train) [2][3450/8276]  lr: 2.0000e-02  eta: 1:49:35  time: 0.1753  data_time: 0.0050  memory: 915  loss: 0.4497  loss_rpn_cls: 0.0349  loss_rpn_bbox: 0.0165  loss_cls: 0.2190  acc: 98.7305  loss_bbox: 0.1793
2025/05/16 10:35:07 - mmengine - INFO - Epoch(train) [2][3500/8276]  lr: 2.0000e-02  eta: 1:49:26  time: 0.1715  data_time: 0.0046  memory: 915  loss: 0.4795  loss_rpn_cls: 0.0379  loss_rpn_bbox: 0.0172  loss_cls: 0.2292  acc: 92.5781  loss_bbox: 0.1952
2025/05/16 10:35:16 - mmengine - INFO - Epoch(train) [2][3550/8276]  lr: 2.0000e-02  eta: 1:49:17  time: 0.1745  data_time: 0.0051  memory: 916  loss: 0.3866  loss_rpn_cls: 0.0243  loss_rpn_bbox: 0.0126  loss_cls: 0.1893  acc: 97.7539  loss_bbox: 0.1603
2025/05/16 10:35:24 - mmengine - INFO - Epoch(train) [2][3600/8276]  lr: 2.0000e-02  eta: 1:49:09  time: 0.1745  data_time: 0.0050  memory: 916  loss: 0.4153  loss_rpn_cls: 0.0258  loss_rpn_bbox: 0.0137  loss_cls: 0.2017  acc: 94.6289  loss_bbox: 0.1740
2025/05/16 10:35:33 - mmengine - INFO - Epoch(train) [2][3650/8276]  lr: 2.0000e-02  eta: 1:49:00  time: 0.1734  data_time: 0.0049  memory: 915  loss: 0.4176  loss_rpn_cls: 0.0329  loss_rpn_bbox: 0.0151  loss_cls: 0.1910  acc: 93.4570  loss_bbox: 0.1787
2025/05/16 10:35:42 - mmengine - INFO - Epoch(train) [2][3700/8276]  lr: 2.0000e-02  eta: 1:48:51  time: 0.1730  data_time: 0.0048  memory: 915  loss: 0.4395  loss_rpn_cls: 0.0340  loss_rpn_bbox: 0.0140  loss_cls: 0.2028  acc: 95.9961  loss_bbox: 0.1887
2025/05/16 10:35:46 - mmengine - INFO - Exp name: mask-rcnn_voc_20250516_095727
2025/05/16 10:35:50 - mmengine - INFO - Epoch(train) [2][3750/8276]  lr: 2.0000e-02  eta: 1:48:43  time: 0.1730  data_time: 0.0051  memory: 915  loss: 0.4006  loss_rpn_cls: 0.0276  loss_rpn_bbox: 0.0140  loss_cls: 0.1842  acc: 95.8984  loss_bbox: 0.1749
2025/05/16 10:35:59 - mmengine - INFO - Epoch(train) [2][3800/8276]  lr: 2.0000e-02  eta: 1:48:34  time: 0.1740  data_time: 0.0049  memory: 915  loss: 0.5097  loss_rpn_cls: 0.0368  loss_rpn_bbox: 0.0172  loss_cls: 0.2467  acc: 93.3594  loss_bbox: 0.2089
2025/05/16 10:36:08 - mmengine - INFO - Epoch(train) [2][3850/8276]  lr: 2.0000e-02  eta: 1:48:26  time: 0.1750  data_time: 0.0048  memory: 915  loss: 0.4059  loss_rpn_cls: 0.0214  loss_rpn_bbox: 0.0144  loss_cls: 0.1949  acc: 95.1172  loss_bbox: 0.1753
2025/05/16 10:36:17 - mmengine - INFO - Epoch(train) [2][3900/8276]  lr: 2.0000e-02  eta: 1:48:17  time: 0.1748  data_time: 0.0047  memory: 916  loss: 0.3852  loss_rpn_cls: 0.0238  loss_rpn_bbox: 0.0140  loss_cls: 0.1799  acc: 98.7305  loss_bbox: 0.1675
2025/05/16 10:36:25 - mmengine - INFO - Epoch(train) [2][3950/8276]  lr: 2.0000e-02  eta: 1:48:09  time: 0.1739  data_time: 0.0048  memory: 916  loss: 0.3958  loss_rpn_cls: 0.0298  loss_rpn_bbox: 0.0179  loss_cls: 0.1782  acc: 96.2891  loss_bbox: 0.1699
2025/05/16 10:36:34 - mmengine - INFO - Epoch(train) [2][4000/8276]  lr: 2.0000e-02  eta: 1:48:01  time: 0.1769  data_time: 0.0049  memory: 916  loss: 0.4437  loss_rpn_cls: 0.0332  loss_rpn_bbox: 0.0157  loss_cls: 0.2111  acc: 97.4609  loss_bbox: 0.1837
2025/05/16 10:36:43 - mmengine - INFO - Epoch(train) [2][4050/8276]  lr: 2.0000e-02  eta: 1:47:52  time: 0.1750  data_time: 0.0048  memory: 915  loss: 0.3969  loss_rpn_cls: 0.0227  loss_rpn_bbox: 0.0127  loss_cls: 0.1953  acc: 96.7773  loss_bbox: 0.1662
2025/05/16 10:36:52 - mmengine - INFO - Epoch(train) [2][4100/8276]  lr: 2.0000e-02  eta: 1:47:44  time: 0.1749  data_time: 0.0049  memory: 916  loss: 0.3612  loss_rpn_cls: 0.0255  loss_rpn_bbox: 0.0120  loss_cls: 0.1657  acc: 94.4336  loss_bbox: 0.1579
2025/05/16 10:37:00 - mmengine - INFO - Epoch(train) [2][4150/8276]  lr: 2.0000e-02  eta: 1:47:35  time: 0.1752  data_time: 0.0048  memory: 916  loss: 0.4678  loss_rpn_cls: 0.0301  loss_rpn_bbox: 0.0169  loss_cls: 0.2168  acc: 86.9141  loss_bbox: 0.2040
2025/05/16 10:37:09 - mmengine - INFO - Epoch(train) [2][4200/8276]  lr: 2.0000e-02  eta: 1:47:27  time: 0.1735  data_time: 0.0049  memory: 915  loss: 0.5083  loss_rpn_cls: 0.0396  loss_rpn_bbox: 0.0190  loss_cls: 0.2379  acc: 82.6172  loss_bbox: 0.2118
2025/05/16 10:37:18 - mmengine - INFO - Epoch(train) [2][4250/8276]  lr: 2.0000e-02  eta: 1:47:18  time: 0.1758  data_time: 0.0048  memory: 916  loss: 0.4287  loss_rpn_cls: 0.0284  loss_rpn_bbox: 0.0141  loss_cls: 0.2067  acc: 92.6758  loss_bbox: 0.1795
2025/05/16 10:37:26 - mmengine - INFO - Epoch(train) [2][4300/8276]  lr: 2.0000e-02  eta: 1:47:09  time: 0.1705  data_time: 0.0049  memory: 915  loss: 0.4480  loss_rpn_cls: 0.0385  loss_rpn_bbox: 0.0164  loss_cls: 0.2024  acc: 90.5273  loss_bbox: 0.1906
2025/05/16 10:37:35 - mmengine - INFO - Epoch(train) [2][4350/8276]  lr: 2.0000e-02  eta: 1:47:00  time: 0.1725  data_time: 0.0046  memory: 916  loss: 0.4458  loss_rpn_cls: 0.0318  loss_rpn_bbox: 0.0159  loss_cls: 0.2041  acc: 89.6484  loss_bbox: 0.1941
2025/05/16 10:37:44 - mmengine - INFO - Epoch(train) [2][4400/8276]  lr: 2.0000e-02  eta: 1:46:52  time: 0.1738  data_time: 0.0049  memory: 915  loss: 0.4060  loss_rpn_cls: 0.0273  loss_rpn_bbox: 0.0142  loss_cls: 0.1894  acc: 94.2383  loss_bbox: 0.1751
2025/05/16 10:37:52 - mmengine - INFO - Epoch(train) [2][4450/8276]  lr: 2.0000e-02  eta: 1:46:43  time: 0.1711  data_time: 0.0049  memory: 916  loss: 0.3968  loss_rpn_cls: 0.0279  loss_rpn_bbox: 0.0156  loss_cls: 0.1825  acc: 94.6289  loss_bbox: 0.1708
2025/05/16 10:38:01 - mmengine - INFO - Epoch(train) [2][4500/8276]  lr: 2.0000e-02  eta: 1:46:34  time: 0.1716  data_time: 0.0049  memory: 915  loss: 0.4133  loss_rpn_cls: 0.0272  loss_rpn_bbox: 0.0138  loss_cls: 0.1995  acc: 95.9961  loss_bbox: 0.1729
2025/05/16 10:38:09 - mmengine - INFO - Epoch(train) [2][4550/8276]  lr: 2.0000e-02  eta: 1:46:25  time: 0.1729  data_time: 0.0047  memory: 915  loss: 0.4348  loss_rpn_cls: 0.0231  loss_rpn_bbox: 0.0153  loss_cls: 0.1948  acc: 96.3867  loss_bbox: 0.2017
2025/05/16 10:38:18 - mmengine - INFO - Epoch(train) [2][4600/8276]  lr: 2.0000e-02  eta: 1:46:17  time: 0.1756  data_time: 0.0046  memory: 915  loss: 0.4173  loss_rpn_cls: 0.0265  loss_rpn_bbox: 0.0138  loss_cls: 0.1908  acc: 96.1914  loss_bbox: 0.1863
2025/05/16 10:38:27 - mmengine - INFO - Epoch(train) [2][4650/8276]  lr: 2.0000e-02  eta: 1:46:08  time: 0.1732  data_time: 0.0046  memory: 915  loss: 0.3774  loss_rpn_cls: 0.0241  loss_rpn_bbox: 0.0116  loss_cls: 0.1822  acc: 97.2656  loss_bbox: 0.1594
2025/05/16 10:38:36 - mmengine - INFO - Epoch(train) [2][4700/8276]  lr: 2.0000e-02  eta: 1:45:59  time: 0.1729  data_time: 0.0049  memory: 915  loss: 0.4472  loss_rpn_cls: 0.0278  loss_rpn_bbox: 0.0169  loss_cls: 0.2110  acc: 93.8477  loss_bbox: 0.1915
2025/05/16 10:38:40 - mmengine - INFO - Exp name: mask-rcnn_voc_20250516_095727
2025/05/16 10:38:44 - mmengine - INFO - Epoch(train) [2][4750/8276]  lr: 2.0000e-02  eta: 1:45:51  time: 0.1743  data_time: 0.0049  memory: 915  loss: 0.3914  loss_rpn_cls: 0.0247  loss_rpn_bbox: 0.0136  loss_cls: 0.1780  acc: 93.5547  loss_bbox: 0.1750
2025/05/16 10:38:53 - mmengine - INFO - Epoch(train) [2][4800/8276]  lr: 2.0000e-02  eta: 1:45:42  time: 0.1739  data_time: 0.0049  memory: 916  loss: 0.4701  loss_rpn_cls: 0.0302  loss_rpn_bbox: 0.0160  loss_cls: 0.2187  acc: 88.4766  loss_bbox: 0.2052
2025/05/16 10:39:01 - mmengine - INFO - Epoch(train) [2][4850/8276]  lr: 2.0000e-02  eta: 1:45:33  time: 0.1710  data_time: 0.0047  memory: 915  loss: 0.4189  loss_rpn_cls: 0.0342  loss_rpn_bbox: 0.0146  loss_cls: 0.1999  acc: 89.7461  loss_bbox: 0.1702
2025/05/16 10:39:10 - mmengine - INFO - Epoch(train) [2][4900/8276]  lr: 2.0000e-02  eta: 1:45:25  time: 0.1737  data_time: 0.0049  memory: 915  loss: 0.4024  loss_rpn_cls: 0.0272  loss_rpn_bbox: 0.0131  loss_cls: 0.1857  acc: 97.5586  loss_bbox: 0.1764
2025/05/16 10:39:19 - mmengine - INFO - Epoch(train) [2][4950/8276]  lr: 2.0000e-02  eta: 1:45:16  time: 0.1724  data_time: 0.0049  memory: 915  loss: 0.4177  loss_rpn_cls: 0.0303  loss_rpn_bbox: 0.0151  loss_cls: 0.1982  acc: 93.3594  loss_bbox: 0.1741
2025/05/16 10:39:28 - mmengine - INFO - Epoch(train) [2][5000/8276]  lr: 2.0000e-02  eta: 1:45:07  time: 0.1749  data_time: 0.0050  memory: 916  loss: 0.4444  loss_rpn_cls: 0.0355  loss_rpn_bbox: 0.0135  loss_cls: 0.2144  acc: 96.2891  loss_bbox: 0.1810
2025/05/16 10:39:36 - mmengine - INFO - Epoch(train) [2][5050/8276]  lr: 2.0000e-02  eta: 1:44:59  time: 0.1727  data_time: 0.0049  memory: 916  loss: 0.3894  loss_rpn_cls: 0.0269  loss_rpn_bbox: 0.0148  loss_cls: 0.1704  acc: 95.8008  loss_bbox: 0.1774
2025/05/16 10:39:45 - mmengine - INFO - Epoch(train) [2][5100/8276]  lr: 2.0000e-02  eta: 1:44:50  time: 0.1711  data_time: 0.0047  memory: 915  loss: 0.3501  loss_rpn_cls: 0.0217  loss_rpn_bbox: 0.0125  loss_cls: 0.1666  acc: 92.2852  loss_bbox: 0.1493
2025/05/16 10:39:53 - mmengine - INFO - Epoch(train) [2][5150/8276]  lr: 2.0000e-02  eta: 1:44:41  time: 0.1717  data_time: 0.0048  memory: 915  loss: 0.3550  loss_rpn_cls: 0.0224  loss_rpn_bbox: 0.0115  loss_cls: 0.1618  acc: 93.9453  loss_bbox: 0.1593
2025/05/16 10:40:02 - mmengine - INFO - Epoch(train) [2][5200/8276]  lr: 2.0000e-02  eta: 1:44:32  time: 0.1736  data_time: 0.0050  memory: 916  loss: 0.4113  loss_rpn_cls: 0.0286  loss_rpn_bbox: 0.0147  loss_cls: 0.1949  acc: 95.7031  loss_bbox: 0.1731
2025/05/16 10:40:11 - mmengine - INFO - Epoch(train) [2][5250/8276]  lr: 2.0000e-02  eta: 1:44:23  time: 0.1717  data_time: 0.0046  memory: 915  loss: 0.4177  loss_rpn_cls: 0.0366  loss_rpn_bbox: 0.0171  loss_cls: 0.1899  acc: 96.2891  loss_bbox: 0.1742
2025/05/16 10:40:19 - mmengine - INFO - Epoch(train) [2][5300/8276]  lr: 2.0000e-02  eta: 1:44:14  time: 0.1713  data_time: 0.0047  memory: 916  loss: 0.3680  loss_rpn_cls: 0.0282  loss_rpn_bbox: 0.0140  loss_cls: 0.1712  acc: 96.3867  loss_bbox: 0.1546
2025/05/16 10:40:28 - mmengine - INFO - Epoch(train) [2][5350/8276]  lr: 2.0000e-02  eta: 1:44:06  time: 0.1746  data_time: 0.0052  memory: 915  loss: 0.3570  loss_rpn_cls: 0.0223  loss_rpn_bbox: 0.0123  loss_cls: 0.1591  acc: 97.5586  loss_bbox: 0.1633
2025/05/16 10:40:37 - mmengine - INFO - Epoch(train) [2][5400/8276]  lr: 2.0000e-02  eta: 1:43:57  time: 0.1727  data_time: 0.0049  memory: 885  loss: 0.3494  loss_rpn_cls: 0.0236  loss_rpn_bbox: 0.0149  loss_cls: 0.1592  acc: 96.2891  loss_bbox: 0.1517
2025/05/16 10:40:45 - mmengine - INFO - Epoch(train) [2][5450/8276]  lr: 2.0000e-02  eta: 1:43:48  time: 0.1744  data_time: 0.0045  memory: 916  loss: 0.4173  loss_rpn_cls: 0.0246  loss_rpn_bbox: 0.0149  loss_cls: 0.2092  acc: 94.8242  loss_bbox: 0.1687
2025/05/16 10:40:54 - mmengine - INFO - Epoch(train) [2][5500/8276]  lr: 2.0000e-02  eta: 1:43:40  time: 0.1726  data_time: 0.0050  memory: 915  loss: 0.3850  loss_rpn_cls: 0.0289  loss_rpn_bbox: 0.0137  loss_cls: 0.1881  acc: 98.9258  loss_bbox: 0.1543
2025/05/16 10:41:02 - mmengine - INFO - Epoch(train) [2][5550/8276]  lr: 2.0000e-02  eta: 1:43:31  time: 0.1714  data_time: 0.0049  memory: 915  loss: 0.5008  loss_rpn_cls: 0.0532  loss_rpn_bbox: 0.0194  loss_cls: 0.2234  acc: 91.1133  loss_bbox: 0.2048
2025/05/16 10:41:11 - mmengine - INFO - Epoch(train) [2][5600/8276]  lr: 2.0000e-02  eta: 1:43:22  time: 0.1723  data_time: 0.0047  memory: 915  loss: 0.4107  loss_rpn_cls: 0.0263  loss_rpn_bbox: 0.0125  loss_cls: 0.1969  acc: 95.1172  loss_bbox: 0.1749
2025/05/16 10:41:20 - mmengine - INFO - Epoch(train) [2][5650/8276]  lr: 2.0000e-02  eta: 1:43:13  time: 0.1727  data_time: 0.0049  memory: 915  loss: 0.4358  loss_rpn_cls: 0.0259  loss_rpn_bbox: 0.0138  loss_cls: 0.2054  acc: 92.9688  loss_bbox: 0.1908
2025/05/16 10:41:28 - mmengine - INFO - Epoch(train) [2][5700/8276]  lr: 2.0000e-02  eta: 1:43:04  time: 0.1728  data_time: 0.0047  memory: 916  loss: 0.3845  loss_rpn_cls: 0.0230  loss_rpn_bbox: 0.0130  loss_cls: 0.1771  acc: 95.7031  loss_bbox: 0.1713
2025/05/16 10:41:33 - mmengine - INFO - Exp name: mask-rcnn_voc_20250516_095727
2025/05/16 10:41:37 - mmengine - INFO - Epoch(train) [2][5750/8276]  lr: 2.0000e-02  eta: 1:42:56  time: 0.1714  data_time: 0.0052  memory: 915  loss: 0.4191  loss_rpn_cls: 0.0306  loss_rpn_bbox: 0.0153  loss_cls: 0.1904  acc: 97.7539  loss_bbox: 0.1828
2025/05/16 10:41:46 - mmengine - INFO - Epoch(train) [2][5800/8276]  lr: 2.0000e-02  eta: 1:42:47  time: 0.1721  data_time: 0.0047  memory: 915  loss: 0.4494  loss_rpn_cls: 0.0317  loss_rpn_bbox: 0.0146  loss_cls: 0.2049  acc: 93.8477  loss_bbox: 0.1982
2025/05/16 10:41:54 - mmengine - INFO - Epoch(train) [2][5850/8276]  lr: 2.0000e-02  eta: 1:42:38  time: 0.1747  data_time: 0.0051  memory: 915  loss: 0.4519  loss_rpn_cls: 0.0317  loss_rpn_bbox: 0.0163  loss_cls: 0.2156  acc: 93.1641  loss_bbox: 0.1883
2025/05/16 10:42:03 - mmengine - INFO - Epoch(train) [2][5900/8276]  lr: 2.0000e-02  eta: 1:42:30  time: 0.1758  data_time: 0.0052  memory: 916  loss: 0.4471  loss_rpn_cls: 0.0245  loss_rpn_bbox: 0.0139  loss_cls: 0.2083  acc: 87.9883  loss_bbox: 0.2003
2025/05/16 10:42:12 - mmengine - INFO - Epoch(train) [2][5950/8276]  lr: 2.0000e-02  eta: 1:42:21  time: 0.1717  data_time: 0.0047  memory: 916  loss: 0.4215  loss_rpn_cls: 0.0350  loss_rpn_bbox: 0.0165  loss_cls: 0.1954  acc: 98.1445  loss_bbox: 0.1746
2025/05/16 10:42:20 - mmengine - INFO - Epoch(train) [2][6000/8276]  lr: 2.0000e-02  eta: 1:42:12  time: 0.1746  data_time: 0.0049  memory: 916  loss: 0.4694  loss_rpn_cls: 0.0318  loss_rpn_bbox: 0.0146  loss_cls: 0.2239  acc: 91.8945  loss_bbox: 0.1991
2025/05/16 10:42:29 - mmengine - INFO - Epoch(train) [2][6050/8276]  lr: 2.0000e-02  eta: 1:42:04  time: 0.1724  data_time: 0.0051  memory: 915  loss: 0.4913  loss_rpn_cls: 0.0408  loss_rpn_bbox: 0.0168  loss_cls: 0.2323  acc: 95.7031  loss_bbox: 0.2013
2025/05/16 10:42:38 - mmengine - INFO - Epoch(train) [2][6100/8276]  lr: 2.0000e-02  eta: 1:41:55  time: 0.1732  data_time: 0.0049  memory: 915  loss: 0.4325  loss_rpn_cls: 0.0328  loss_rpn_bbox: 0.0154  loss_cls: 0.2134  acc: 96.2891  loss_bbox: 0.1708
2025/05/16 10:42:46 - mmengine - INFO - Epoch(train) [2][6150/8276]  lr: 2.0000e-02  eta: 1:41:46  time: 0.1727  data_time: 0.0051  memory: 915  loss: 0.4677  loss_rpn_cls: 0.0416  loss_rpn_bbox: 0.0184  loss_cls: 0.2176  acc: 93.4570  loss_bbox: 0.1901
2025/05/16 10:42:55 - mmengine - INFO - Epoch(train) [2][6200/8276]  lr: 2.0000e-02  eta: 1:41:38  time: 0.1734  data_time: 0.0053  memory: 915  loss: 0.3987  loss_rpn_cls: 0.0253  loss_rpn_bbox: 0.0143  loss_cls: 0.1855  acc: 94.2383  loss_bbox: 0.1736
2025/05/16 10:43:03 - mmengine - INFO - Epoch(train) [2][6250/8276]  lr: 2.0000e-02  eta: 1:41:29  time: 0.1702  data_time: 0.0052  memory: 915  loss: 0.4027  loss_rpn_cls: 0.0240  loss_rpn_bbox: 0.0139  loss_cls: 0.1819  acc: 93.6523  loss_bbox: 0.1828
2025/05/16 10:43:12 - mmengine - INFO - Epoch(train) [2][6300/8276]  lr: 2.0000e-02  eta: 1:41:20  time: 0.1725  data_time: 0.0054  memory: 915  loss: 0.4021  loss_rpn_cls: 0.0247  loss_rpn_bbox: 0.0137  loss_cls: 0.1864  acc: 95.5078  loss_bbox: 0.1774
2025/05/16 10:43:21 - mmengine - INFO - Epoch(train) [2][6350/8276]  lr: 2.0000e-02  eta: 1:41:11  time: 0.1716  data_time: 0.0050  memory: 916  loss: 0.4251  loss_rpn_cls: 0.0269  loss_rpn_bbox: 0.0156  loss_cls: 0.1956  acc: 93.6523  loss_bbox: 0.1870
2025/05/16 10:43:29 - mmengine - INFO - Epoch(train) [2][6400/8276]  lr: 2.0000e-02  eta: 1:41:02  time: 0.1745  data_time: 0.0049  memory: 916  loss: 0.4108  loss_rpn_cls: 0.0251  loss_rpn_bbox: 0.0125  loss_cls: 0.1964  acc: 90.0391  loss_bbox: 0.1767
2025/05/16 10:43:38 - mmengine - INFO - Epoch(train) [2][6450/8276]  lr: 2.0000e-02  eta: 1:40:54  time: 0.1729  data_time: 0.0051  memory: 916  loss: 0.4472  loss_rpn_cls: 0.0313  loss_rpn_bbox: 0.0157  loss_cls: 0.2055  acc: 88.6719  loss_bbox: 0.1948
2025/05/16 10:43:47 - mmengine - INFO - Epoch(train) [2][6500/8276]  lr: 2.0000e-02  eta: 1:40:45  time: 0.1746  data_time: 0.0051  memory: 916  loss: 0.4255  loss_rpn_cls: 0.0284  loss_rpn_bbox: 0.0132  loss_cls: 0.1982  acc: 97.3633  loss_bbox: 0.1856
2025/05/16 10:43:56 - mmengine - INFO - Epoch(train) [2][6550/8276]  lr: 2.0000e-02  eta: 1:40:37  time: 0.1769  data_time: 0.0049  memory: 915  loss: 0.4279  loss_rpn_cls: 0.0350  loss_rpn_bbox: 0.0183  loss_cls: 0.1892  acc: 93.5547  loss_bbox: 0.1854
2025/05/16 10:44:04 - mmengine - INFO - Epoch(train) [2][6600/8276]  lr: 2.0000e-02  eta: 1:40:28  time: 0.1746  data_time: 0.0052  memory: 915  loss: 0.4038  loss_rpn_cls: 0.0229  loss_rpn_bbox: 0.0148  loss_cls: 0.1962  acc: 87.8906  loss_bbox: 0.1699
2025/05/16 10:44:13 - mmengine - INFO - Epoch(train) [2][6650/8276]  lr: 2.0000e-02  eta: 1:40:20  time: 0.1725  data_time: 0.0052  memory: 916  loss: 0.4462  loss_rpn_cls: 0.0430  loss_rpn_bbox: 0.0176  loss_cls: 0.2039  acc: 95.1172  loss_bbox: 0.1817
2025/05/16 10:44:22 - mmengine - INFO - Epoch(train) [2][6700/8276]  lr: 2.0000e-02  eta: 1:40:11  time: 0.1749  data_time: 0.0050  memory: 915  loss: 0.4079  loss_rpn_cls: 0.0394  loss_rpn_bbox: 0.0156  loss_cls: 0.1885  acc: 93.2617  loss_bbox: 0.1644
2025/05/16 10:44:26 - mmengine - INFO - Exp name: mask-rcnn_voc_20250516_095727
2025/05/16 10:44:30 - mmengine - INFO - Epoch(train) [2][6750/8276]  lr: 2.0000e-02  eta: 1:40:02  time: 0.1730  data_time: 0.0051  memory: 915  loss: 0.4108  loss_rpn_cls: 0.0396  loss_rpn_bbox: 0.0193  loss_cls: 0.1855  acc: 96.6797  loss_bbox: 0.1665
2025/05/16 10:44:39 - mmengine - INFO - Epoch(train) [2][6800/8276]  lr: 2.0000e-02  eta: 1:39:54  time: 0.1730  data_time: 0.0053  memory: 915  loss: 0.4591  loss_rpn_cls: 0.0350  loss_rpn_bbox: 0.0167  loss_cls: 0.2180  acc: 95.5078  loss_bbox: 0.1894
2025/05/16 10:44:48 - mmengine - INFO - Epoch(train) [2][6850/8276]  lr: 2.0000e-02  eta: 1:39:45  time: 0.1763  data_time: 0.0053  memory: 916  loss: 0.4496  loss_rpn_cls: 0.0245  loss_rpn_bbox: 0.0160  loss_cls: 0.2109  acc: 92.7734  loss_bbox: 0.1983
2025/05/16 10:44:57 - mmengine - INFO - Epoch(train) [2][6900/8276]  lr: 2.0000e-02  eta: 1:39:37  time: 0.1755  data_time: 0.0050  memory: 916  loss: 0.4112  loss_rpn_cls: 0.0226  loss_rpn_bbox: 0.0140  loss_cls: 0.1927  acc: 94.6289  loss_bbox: 0.1818
2025/05/16 10:45:05 - mmengine - INFO - Epoch(train) [2][6950/8276]  lr: 2.0000e-02  eta: 1:39:28  time: 0.1730  data_time: 0.0045  memory: 915  loss: 0.4493  loss_rpn_cls: 0.0305  loss_rpn_bbox: 0.0152  loss_cls: 0.2095  acc: 95.6055  loss_bbox: 0.1941
2025/05/16 10:45:14 - mmengine - INFO - Epoch(train) [2][7000/8276]  lr: 2.0000e-02  eta: 1:39:20  time: 0.1745  data_time: 0.0053  memory: 916  loss: 0.3847  loss_rpn_cls: 0.0253  loss_rpn_bbox: 0.0114  loss_cls: 0.1837  acc: 89.2578  loss_bbox: 0.1642
2025/05/16 10:45:23 - mmengine - INFO - Epoch(train) [2][7050/8276]  lr: 2.0000e-02  eta: 1:39:11  time: 0.1761  data_time: 0.0052  memory: 915  loss: 0.4128  loss_rpn_cls: 0.0288  loss_rpn_bbox: 0.0142  loss_cls: 0.1971  acc: 92.4805  loss_bbox: 0.1727
2025/05/16 10:45:31 - mmengine - INFO - Epoch(train) [2][7100/8276]  lr: 2.0000e-02  eta: 1:39:03  time: 0.1728  data_time: 0.0051  memory: 915  loss: 0.3734  loss_rpn_cls: 0.0274  loss_rpn_bbox: 0.0120  loss_cls: 0.1775  acc: 96.7773  loss_bbox: 0.1564
2025/05/16 10:45:40 - mmengine - INFO - Epoch(train) [2][7150/8276]  lr: 2.0000e-02  eta: 1:38:54  time: 0.1753  data_time: 0.0049  memory: 916  loss: 0.4061  loss_rpn_cls: 0.0299  loss_rpn_bbox: 0.0149  loss_cls: 0.1992  acc: 97.0703  loss_bbox: 0.1620
2025/05/16 10:45:49 - mmengine - INFO - Epoch(train) [2][7200/8276]  lr: 2.0000e-02  eta: 1:38:46  time: 0.1738  data_time: 0.0050  memory: 915  loss: 0.4573  loss_rpn_cls: 0.0495  loss_rpn_bbox: 0.0188  loss_cls: 0.2012  acc: 97.9492  loss_bbox: 0.1879
2025/05/16 10:45:57 - mmengine - INFO - Epoch(train) [2][7250/8276]  lr: 2.0000e-02  eta: 1:38:36  time: 0.1685  data_time: 0.0048  memory: 915  loss: 0.4050  loss_rpn_cls: 0.0369  loss_rpn_bbox: 0.0194  loss_cls: 0.1894  acc: 95.1172  loss_bbox: 0.1593
2025/05/16 10:46:06 - mmengine - INFO - Epoch(train) [2][7300/8276]  lr: 2.0000e-02  eta: 1:38:27  time: 0.1706  data_time: 0.0052  memory: 915  loss: 0.4237  loss_rpn_cls: 0.0276  loss_rpn_bbox: 0.0164  loss_cls: 0.1896  acc: 94.9219  loss_bbox: 0.1901
2025/05/16 10:46:14 - mmengine - INFO - Epoch(train) [2][7350/8276]  lr: 2.0000e-02  eta: 1:38:18  time: 0.1700  data_time: 0.0053  memory: 915  loss: 0.3906  loss_rpn_cls: 0.0264  loss_rpn_bbox: 0.0151  loss_cls: 0.1835  acc: 91.9922  loss_bbox: 0.1656
2025/05/16 10:46:23 - mmengine - INFO - Epoch(train) [2][7400/8276]  lr: 2.0000e-02  eta: 1:38:09  time: 0.1682  data_time: 0.0050  memory: 915  loss: 0.3769  loss_rpn_cls: 0.0296  loss_rpn_bbox: 0.0146  loss_cls: 0.1669  acc: 96.6797  loss_bbox: 0.1658
2025/05/16 10:46:31 - mmengine - INFO - Epoch(train) [2][7450/8276]  lr: 2.0000e-02  eta: 1:38:00  time: 0.1718  data_time: 0.0049  memory: 916  loss: 0.3954  loss_rpn_cls: 0.0289  loss_rpn_bbox: 0.0152  loss_cls: 0.1734  acc: 94.1406  loss_bbox: 0.1779
2025/05/16 10:46:40 - mmengine - INFO - Epoch(train) [2][7500/8276]  lr: 2.0000e-02  eta: 1:37:51  time: 0.1689  data_time: 0.0047  memory: 915  loss: 0.4077  loss_rpn_cls: 0.0280  loss_rpn_bbox: 0.0140  loss_cls: 0.1887  acc: 90.2344  loss_bbox: 0.1770
2025/05/16 10:46:48 - mmengine - INFO - Epoch(train) [2][7550/8276]  lr: 2.0000e-02  eta: 1:37:42  time: 0.1711  data_time: 0.0050  memory: 915  loss: 0.4005  loss_rpn_cls: 0.0267  loss_rpn_bbox: 0.0140  loss_cls: 0.1870  acc: 95.8008  loss_bbox: 0.1727
2025/05/16 10:46:57 - mmengine - INFO - Epoch(train) [2][7600/8276]  lr: 2.0000e-02  eta: 1:37:33  time: 0.1712  data_time: 0.0047  memory: 915  loss: 0.4092  loss_rpn_cls: 0.0318  loss_rpn_bbox: 0.0145  loss_cls: 0.1901  acc: 95.7031  loss_bbox: 0.1727
2025/05/16 10:47:06 - mmengine - INFO - Epoch(train) [2][7650/8276]  lr: 2.0000e-02  eta: 1:37:25  time: 0.1722  data_time: 0.0049  memory: 915  loss: 0.4151  loss_rpn_cls: 0.0341  loss_rpn_bbox: 0.0136  loss_cls: 0.1955  acc: 94.7266  loss_bbox: 0.1719
2025/05/16 10:47:14 - mmengine - INFO - Epoch(train) [2][7700/8276]  lr: 2.0000e-02  eta: 1:37:16  time: 0.1714  data_time: 0.0047  memory: 915  loss: 0.4326  loss_rpn_cls: 0.0267  loss_rpn_bbox: 0.0136  loss_cls: 0.2078  acc: 94.9219  loss_bbox: 0.1845
2025/05/16 10:47:18 - mmengine - INFO - Exp name: mask-rcnn_voc_20250516_095727
2025/05/16 10:47:23 - mmengine - INFO - Epoch(train) [2][7750/8276]  lr: 2.0000e-02  eta: 1:37:07  time: 0.1747  data_time: 0.0053  memory: 916  loss: 0.4163  loss_rpn_cls: 0.0272  loss_rpn_bbox: 0.0152  loss_cls: 0.1839  acc: 93.5547  loss_bbox: 0.1900
2025/05/16 10:47:32 - mmengine - INFO - Epoch(train) [2][7800/8276]  lr: 2.0000e-02  eta: 1:36:59  time: 0.1758  data_time: 0.0045  memory: 915  loss: 0.3973  loss_rpn_cls: 0.0227  loss_rpn_bbox: 0.0130  loss_cls: 0.1803  acc: 90.6250  loss_bbox: 0.1814
2025/05/16 10:47:40 - mmengine - INFO - Epoch(train) [2][7850/8276]  lr: 2.0000e-02  eta: 1:36:50  time: 0.1720  data_time: 0.0045  memory: 915  loss: 0.4274  loss_rpn_cls: 0.0242  loss_rpn_bbox: 0.0150  loss_cls: 0.2016  acc: 90.0391  loss_bbox: 0.1866
2025/05/16 10:47:49 - mmengine - INFO - Epoch(train) [2][7900/8276]  lr: 2.0000e-02  eta: 1:36:41  time: 0.1727  data_time: 0.0046  memory: 916  loss: 0.3965  loss_rpn_cls: 0.0290  loss_rpn_bbox: 0.0142  loss_cls: 0.1847  acc: 93.4570  loss_bbox: 0.1687
2025/05/16 10:47:57 - mmengine - INFO - Epoch(train) [2][7950/8276]  lr: 2.0000e-02  eta: 1:36:32  time: 0.1697  data_time: 0.0042  memory: 915  loss: 0.5087  loss_rpn_cls: 0.0339  loss_rpn_bbox: 0.0200  loss_cls: 0.2306  acc: 84.0820  loss_bbox: 0.2242
2025/05/16 10:48:06 - mmengine - INFO - Epoch(train) [2][8000/8276]  lr: 2.0000e-02  eta: 1:36:24  time: 0.1740  data_time: 0.0041  memory: 884  loss: 0.3343  loss_rpn_cls: 0.0173  loss_rpn_bbox: 0.0086  loss_cls: 0.1601  acc: 96.9727  loss_bbox: 0.1483
2025/05/16 10:48:15 - mmengine - INFO - Epoch(train) [2][8050/8276]  lr: 2.0000e-02  eta: 1:36:15  time: 0.1717  data_time: 0.0042  memory: 915  loss: 0.3943  loss_rpn_cls: 0.0260  loss_rpn_bbox: 0.0142  loss_cls: 0.1831  acc: 95.3125  loss_bbox: 0.1711
2025/05/16 10:48:23 - mmengine - INFO - Epoch(train) [2][8100/8276]  lr: 2.0000e-02  eta: 1:36:06  time: 0.1707  data_time: 0.0046  memory: 885  loss: 0.4213  loss_rpn_cls: 0.0256  loss_rpn_bbox: 0.0139  loss_cls: 0.2022  acc: 95.6055  loss_bbox: 0.1796
2025/05/16 10:48:32 - mmengine - INFO - Epoch(train) [2][8150/8276]  lr: 2.0000e-02  eta: 1:35:57  time: 0.1708  data_time: 0.0042  memory: 916  loss: 0.3746  loss_rpn_cls: 0.0226  loss_rpn_bbox: 0.0122  loss_cls: 0.1748  acc: 94.2383  loss_bbox: 0.1649
2025/05/16 10:48:40 - mmengine - INFO - Epoch(train) [2][8200/8276]  lr: 2.0000e-02  eta: 1:35:48  time: 0.1710  data_time: 0.0045  memory: 916  loss: 0.4405  loss_rpn_cls: 0.0351  loss_rpn_bbox: 0.0168  loss_cls: 0.2048  acc: 93.6523  loss_bbox: 0.1839
2025/05/16 10:48:49 - mmengine - INFO - Epoch(train) [2][8250/8276]  lr: 2.0000e-02  eta: 1:35:39  time: 0.1704  data_time: 0.0044  memory: 885  loss: 0.4352  loss_rpn_cls: 0.0401  loss_rpn_bbox: 0.0181  loss_cls: 0.1969  acc: 97.3633  loss_bbox: 0.1801
2025/05/16 10:48:53 - mmengine - INFO - Exp name: mask-rcnn_voc_20250516_095727
2025/05/16 10:48:53 - mmengine - INFO - Saving checkpoint at 2 epochs
2025/05/16 10:48:57 - mmengine - INFO - Epoch(val) [2][  50/4952]    eta: 0:03:17  time: 0.0404  data_time: 0.0021  memory: 915  
2025/05/16 10:48:59 - mmengine - INFO - Epoch(val) [2][ 100/4952]    eta: 0:03:15  time: 0.0404  data_time: 0.0023  memory: 451  
2025/05/16 10:49:01 - mmengine - INFO - Epoch(val) [2][ 150/4952]    eta: 0:03:13  time: 0.0404  data_time: 0.0022  memory: 451  
2025/05/16 10:49:03 - mmengine - INFO - Epoch(val) [2][ 200/4952]    eta: 0:03:12  time: 0.0405  data_time: 0.0020  memory: 451  
2025/05/16 10:49:05 - mmengine - INFO - Epoch(val) [2][ 250/4952]    eta: 0:03:09  time: 0.0404  data_time: 0.0022  memory: 452  
2025/05/16 10:49:07 - mmengine - INFO - Epoch(val) [2][ 300/4952]    eta: 0:03:07  time: 0.0404  data_time: 0.0022  memory: 451  
2025/05/16 10:49:09 - mmengine - INFO - Epoch(val) [2][ 350/4952]    eta: 0:03:05  time: 0.0404  data_time: 0.0022  memory: 451  
2025/05/16 10:49:11 - mmengine - INFO - Epoch(val) [2][ 400/4952]    eta: 0:03:03  time: 0.0404  data_time: 0.0022  memory: 451  
2025/05/16 10:49:13 - mmengine - INFO - Epoch(val) [2][ 450/4952]    eta: 0:03:01  time: 0.0404  data_time: 0.0022  memory: 451  
2025/05/16 10:49:15 - mmengine - INFO - Epoch(val) [2][ 500/4952]    eta: 0:02:59  time: 0.0404  data_time: 0.0022  memory: 451  
2025/05/16 10:49:17 - mmengine - INFO - Epoch(val) [2][ 550/4952]    eta: 0:02:57  time: 0.0404  data_time: 0.0021  memory: 450  
2025/05/16 10:49:19 - mmengine - INFO - Epoch(val) [2][ 600/4952]    eta: 0:02:55  time: 0.0405  data_time: 0.0022  memory: 450  
2025/05/16 10:49:21 - mmengine - INFO - Epoch(val) [2][ 650/4952]    eta: 0:02:53  time: 0.0405  data_time: 0.0022  memory: 451  
2025/05/16 10:49:23 - mmengine - INFO - Epoch(val) [2][ 700/4952]    eta: 0:02:51  time: 0.0404  data_time: 0.0023  memory: 451  
2025/05/16 10:49:25 - mmengine - INFO - Epoch(val) [2][ 750/4952]    eta: 0:02:49  time: 0.0404  data_time: 0.0021  memory: 452  
2025/05/16 10:49:27 - mmengine - INFO - Epoch(val) [2][ 800/4952]    eta: 0:02:47  time: 0.0404  data_time: 0.0026  memory: 451  
2025/05/16 10:49:29 - mmengine - INFO - Epoch(val) [2][ 850/4952]    eta: 0:02:45  time: 0.0404  data_time: 0.0024  memory: 451  
2025/05/16 10:49:31 - mmengine - INFO - Epoch(val) [2][ 900/4952]    eta: 0:02:43  time: 0.0404  data_time: 0.0024  memory: 451  
2025/05/16 10:49:33 - mmengine - INFO - Epoch(val) [2][ 950/4952]    eta: 0:02:41  time: 0.0404  data_time: 0.0022  memory: 451  
2025/05/16 10:49:35 - mmengine - INFO - Epoch(val) [2][1000/4952]    eta: 0:02:39  time: 0.0405  data_time: 0.0023  memory: 451  
2025/05/16 10:49:37 - mmengine - INFO - Epoch(val) [2][1050/4952]    eta: 0:02:37  time: 0.0404  data_time: 0.0023  memory: 451  
2025/05/16 10:49:39 - mmengine - INFO - Epoch(val) [2][1100/4952]    eta: 0:02:35  time: 0.0405  data_time: 0.0023  memory: 451  
2025/05/16 10:49:42 - mmengine - INFO - Epoch(val) [2][1150/4952]    eta: 0:02:33  time: 0.0404  data_time: 0.0024  memory: 452  
2025/05/16 10:49:44 - mmengine - INFO - Epoch(val) [2][1200/4952]    eta: 0:02:31  time: 0.0405  data_time: 0.0025  memory: 451  
2025/05/16 10:49:46 - mmengine - INFO - Epoch(val) [2][1250/4952]    eta: 0:02:29  time: 0.0405  data_time: 0.0021  memory: 451  
2025/05/16 10:49:48 - mmengine - INFO - Epoch(val) [2][1300/4952]    eta: 0:02:27  time: 0.0404  data_time: 0.0022  memory: 451  
2025/05/16 10:49:50 - mmengine - INFO - Epoch(val) [2][1350/4952]    eta: 0:02:25  time: 0.0405  data_time: 0.0021  memory: 451  
2025/05/16 10:49:52 - mmengine - INFO - Epoch(val) [2][1400/4952]    eta: 0:02:23  time: 0.0405  data_time: 0.0026  memory: 451  
2025/05/16 10:49:54 - mmengine - INFO - Epoch(val) [2][1450/4952]    eta: 0:02:21  time: 0.0404  data_time: 0.0023  memory: 451  
2025/05/16 10:49:56 - mmengine - INFO - Epoch(val) [2][1500/4952]    eta: 0:02:19  time: 0.0404  data_time: 0.0023  memory: 451  
2025/05/16 10:49:58 - mmengine - INFO - Epoch(val) [2][1550/4952]    eta: 0:02:17  time: 0.0408  data_time: 0.0022  memory: 451  
2025/05/16 10:50:00 - mmengine - INFO - Epoch(val) [2][1600/4952]    eta: 0:02:15  time: 0.0405  data_time: 0.0021  memory: 451  
2025/05/16 10:50:02 - mmengine - INFO - Epoch(val) [2][1650/4952]    eta: 0:02:13  time: 0.0403  data_time: 0.0025  memory: 450  
2025/05/16 10:50:04 - mmengine - INFO - Epoch(val) [2][1700/4952]    eta: 0:02:11  time: 0.0404  data_time: 0.0021  memory: 450  
2025/05/16 10:50:06 - mmengine - INFO - Epoch(val) [2][1750/4952]    eta: 0:02:09  time: 0.0404  data_time: 0.0021  memory: 451  
2025/05/16 10:50:08 - mmengine - INFO - Epoch(val) [2][1800/4952]    eta: 0:02:07  time: 0.0404  data_time: 0.0023  memory: 451  
2025/05/16 10:50:10 - mmengine - INFO - Epoch(val) [2][1850/4952]    eta: 0:02:05  time: 0.0404  data_time: 0.0023  memory: 451  
2025/05/16 10:50:12 - mmengine - INFO - Epoch(val) [2][1900/4952]    eta: 0:02:03  time: 0.0405  data_time: 0.0023  memory: 450  
2025/05/16 10:50:14 - mmengine - INFO - Epoch(val) [2][1950/4952]    eta: 0:02:01  time: 0.0404  data_time: 0.0025  memory: 451  
2025/05/16 10:50:16 - mmengine - INFO - Epoch(val) [2][2000/4952]    eta: 0:01:59  time: 0.0405  data_time: 0.0023  memory: 451  
2025/05/16 10:50:18 - mmengine - INFO - Epoch(val) [2][2050/4952]    eta: 0:01:57  time: 0.0404  data_time: 0.0022  memory: 451  
2025/05/16 10:50:20 - mmengine - INFO - Epoch(val) [2][2100/4952]    eta: 0:01:55  time: 0.0404  data_time: 0.0026  memory: 450  
2025/05/16 10:50:22 - mmengine - INFO - Epoch(val) [2][2150/4952]    eta: 0:01:53  time: 0.0404  data_time: 0.0024  memory: 451  
2025/05/16 10:50:24 - mmengine - INFO - Epoch(val) [2][2200/4952]    eta: 0:01:51  time: 0.0404  data_time: 0.0022  memory: 451  
2025/05/16 10:50:26 - mmengine - INFO - Epoch(val) [2][2250/4952]    eta: 0:01:49  time: 0.0405  data_time: 0.0027  memory: 450  
2025/05/16 10:50:28 - mmengine - INFO - Epoch(val) [2][2300/4952]    eta: 0:01:47  time: 0.0404  data_time: 0.0023  memory: 450  
2025/05/16 10:50:30 - mmengine - INFO - Epoch(val) [2][2350/4952]    eta: 0:01:45  time: 0.0404  data_time: 0.0022  memory: 451  
2025/05/16 10:50:32 - mmengine - INFO - Epoch(val) [2][2400/4952]    eta: 0:01:43  time: 0.0404  data_time: 0.0021  memory: 451  
2025/05/16 10:50:34 - mmengine - INFO - Epoch(val) [2][2450/4952]    eta: 0:01:41  time: 0.0404  data_time: 0.0022  memory: 450  
2025/05/16 10:50:36 - mmengine - INFO - Epoch(val) [2][2500/4952]    eta: 0:01:39  time: 0.0404  data_time: 0.0020  memory: 451  
2025/05/16 10:50:38 - mmengine - INFO - Epoch(val) [2][2550/4952]    eta: 0:01:37  time: 0.0404  data_time: 0.0023  memory: 451  
2025/05/16 10:50:40 - mmengine - INFO - Epoch(val) [2][2600/4952]    eta: 0:01:35  time: 0.0403  data_time: 0.0023  memory: 451  
2025/05/16 10:50:42 - mmengine - INFO - Epoch(val) [2][2650/4952]    eta: 0:01:33  time: 0.0404  data_time: 0.0024  memory: 451  
2025/05/16 10:50:44 - mmengine - INFO - Epoch(val) [2][2700/4952]    eta: 0:01:31  time: 0.0404  data_time: 0.0023  memory: 451  
2025/05/16 10:50:46 - mmengine - INFO - Epoch(val) [2][2750/4952]    eta: 0:01:29  time: 0.0404  data_time: 0.0022  memory: 451  
2025/05/16 10:50:48 - mmengine - INFO - Epoch(val) [2][2800/4952]    eta: 0:01:27  time: 0.0404  data_time: 0.0024  memory: 451  
2025/05/16 10:50:50 - mmengine - INFO - Epoch(val) [2][2850/4952]    eta: 0:01:24  time: 0.0405  data_time: 0.0025  memory: 451  
2025/05/16 10:50:52 - mmengine - INFO - Epoch(val) [2][2900/4952]    eta: 0:01:22  time: 0.0405  data_time: 0.0026  memory: 450  
2025/05/16 10:50:54 - mmengine - INFO - Epoch(val) [2][2950/4952]    eta: 0:01:20  time: 0.0404  data_time: 0.0023  memory: 451  
2025/05/16 10:50:56 - mmengine - INFO - Epoch(val) [2][3000/4952]    eta: 0:01:18  time: 0.0404  data_time: 0.0025  memory: 450  
2025/05/16 10:50:58 - mmengine - INFO - Epoch(val) [2][3050/4952]    eta: 0:01:16  time: 0.0404  data_time: 0.0024  memory: 451  
2025/05/16 10:51:00 - mmengine - INFO - Epoch(val) [2][3100/4952]    eta: 0:01:14  time: 0.0406  data_time: 0.0023  memory: 451  
2025/05/16 10:51:02 - mmengine - INFO - Epoch(val) [2][3150/4952]    eta: 0:01:12  time: 0.0404  data_time: 0.0025  memory: 450  
2025/05/16 10:51:05 - mmengine - INFO - Epoch(val) [2][3200/4952]    eta: 0:01:10  time: 0.0405  data_time: 0.0025  memory: 451  
2025/05/16 10:51:07 - mmengine - INFO - Epoch(val) [2][3250/4952]    eta: 0:01:08  time: 0.0404  data_time: 0.0024  memory: 450  
2025/05/16 10:51:09 - mmengine - INFO - Epoch(val) [2][3300/4952]    eta: 0:01:06  time: 0.0404  data_time: 0.0023  memory: 450  
2025/05/16 10:51:11 - mmengine - INFO - Epoch(val) [2][3350/4952]    eta: 0:01:04  time: 0.0403  data_time: 0.0022  memory: 450  
2025/05/16 10:51:13 - mmengine - INFO - Epoch(val) [2][3400/4952]    eta: 0:01:02  time: 0.0404  data_time: 0.0024  memory: 451  
2025/05/16 10:51:15 - mmengine - INFO - Epoch(val) [2][3450/4952]    eta: 0:01:00  time: 0.0404  data_time: 0.0023  memory: 451  
2025/05/16 10:51:17 - mmengine - INFO - Epoch(val) [2][3500/4952]    eta: 0:00:58  time: 0.0404  data_time: 0.0023  memory: 451  
2025/05/16 10:51:19 - mmengine - INFO - Epoch(val) [2][3550/4952]    eta: 0:00:56  time: 0.0403  data_time: 0.0024  memory: 450  
2025/05/16 10:51:21 - mmengine - INFO - Epoch(val) [2][3600/4952]    eta: 0:00:54  time: 0.0404  data_time: 0.0024  memory: 452  
2025/05/16 10:51:23 - mmengine - INFO - Epoch(val) [2][3650/4952]    eta: 0:00:52  time: 0.0404  data_time: 0.0023  memory: 451  
2025/05/16 10:51:25 - mmengine - INFO - Epoch(val) [2][3700/4952]    eta: 0:00:50  time: 0.0404  data_time: 0.0022  memory: 450  
2025/05/16 10:51:27 - mmengine - INFO - Epoch(val) [2][3750/4952]    eta: 0:00:48  time: 0.0404  data_time: 0.0023  memory: 450  
2025/05/16 10:51:29 - mmengine - INFO - Epoch(val) [2][3800/4952]    eta: 0:00:46  time: 0.0404  data_time: 0.0028  memory: 451  
2025/05/16 10:51:31 - mmengine - INFO - Epoch(val) [2][3850/4952]    eta: 0:00:44  time: 0.0404  data_time: 0.0025  memory: 451  
2025/05/16 10:51:33 - mmengine - INFO - Epoch(val) [2][3900/4952]    eta: 0:00:42  time: 0.0404  data_time: 0.0024  memory: 451  
2025/05/16 10:51:35 - mmengine - INFO - Epoch(val) [2][3950/4952]    eta: 0:00:40  time: 0.0404  data_time: 0.0024  memory: 451  
2025/05/16 10:51:37 - mmengine - INFO - Epoch(val) [2][4000/4952]    eta: 0:00:38  time: 0.0404  data_time: 0.0024  memory: 452  
2025/05/16 10:51:39 - mmengine - INFO - Epoch(val) [2][4050/4952]    eta: 0:00:36  time: 0.0489  data_time: 0.0023  memory: 451  
2025/05/16 10:51:41 - mmengine - INFO - Epoch(val) [2][4100/4952]    eta: 0:00:34  time: 0.0404  data_time: 0.0025  memory: 450  
2025/05/16 10:51:43 - mmengine - INFO - Epoch(val) [2][4150/4952]    eta: 0:00:32  time: 0.0404  data_time: 0.0022  memory: 451  
2025/05/16 10:51:45 - mmengine - INFO - Epoch(val) [2][4200/4952]    eta: 0:00:30  time: 0.0404  data_time: 0.0023  memory: 450  
2025/05/16 10:51:47 - mmengine - INFO - Epoch(val) [2][4250/4952]    eta: 0:00:28  time: 0.0404  data_time: 0.0025  memory: 451  
2025/05/16 10:51:49 - mmengine - INFO - Epoch(val) [2][4300/4952]    eta: 0:00:26  time: 0.0404  data_time: 0.0023  memory: 451  
2025/05/16 10:51:51 - mmengine - INFO - Epoch(val) [2][4350/4952]    eta: 0:00:24  time: 0.0403  data_time: 0.0022  memory: 451  
2025/05/16 10:51:53 - mmengine - INFO - Epoch(val) [2][4400/4952]    eta: 0:00:22  time: 0.0404  data_time: 0.0023  memory: 451  
2025/05/16 10:51:56 - mmengine - INFO - Epoch(val) [2][4450/4952]    eta: 0:00:20  time: 0.0404  data_time: 0.0024  memory: 451  
2025/05/16 10:51:58 - mmengine - INFO - Epoch(val) [2][4500/4952]    eta: 0:00:18  time: 0.0405  data_time: 0.0023  memory: 450  
2025/05/16 10:52:00 - mmengine - INFO - Epoch(val) [2][4550/4952]    eta: 0:00:16  time: 0.0405  data_time: 0.0024  memory: 451  
2025/05/16 10:52:02 - mmengine - INFO - Epoch(val) [2][4600/4952]    eta: 0:00:14  time: 0.0404  data_time: 0.0027  memory: 450  
2025/05/16 10:52:04 - mmengine - INFO - Epoch(val) [2][4650/4952]    eta: 0:00:12  time: 0.0404  data_time: 0.0023  memory: 450  
2025/05/16 10:52:06 - mmengine - INFO - Epoch(val) [2][4700/4952]    eta: 0:00:10  time: 0.0405  data_time: 0.0023  memory: 451  
2025/05/16 10:52:08 - mmengine - INFO - Epoch(val) [2][4750/4952]    eta: 0:00:08  time: 0.0405  data_time: 0.0024  memory: 451  
2025/05/16 10:52:10 - mmengine - INFO - Epoch(val) [2][4800/4952]    eta: 0:00:06  time: 0.0404  data_time: 0.0023  memory: 450  
2025/05/16 10:52:12 - mmengine - INFO - Epoch(val) [2][4850/4952]    eta: 0:00:04  time: 0.0405  data_time: 0.0023  memory: 451  
2025/05/16 10:52:14 - mmengine - INFO - Epoch(val) [2][4900/4952]    eta: 0:00:02  time: 0.0405  data_time: 0.0022  memory: 451  
2025/05/16 10:52:16 - mmengine - INFO - Epoch(val) [2][4950/4952]    eta: 0:00:00  time: 0.0404  data_time: 0.0021  memory: 451  
2025/05/16 10:52:16 - mmengine - INFO - 
---------------iou_thr: 0.5---------------
2025/05/16 10:52:19 - mmengine - INFO - 
+-------------+------+-------+--------+-------+
| class       | gts  | dets  | recall | ap    |
+-------------+------+-------+--------+-------+
| aeroplane   | 285  | 1925  | 0.737  | 0.528 |
| bicycle     | 337  | 1591  | 0.789  | 0.576 |
| bird        | 459  | 2348  | 0.686  | 0.427 |
| boat        | 263  | 3069  | 0.715  | 0.341 |
| bottle      | 469  | 1404  | 0.416  | 0.306 |
| bus         | 213  | 3327  | 0.873  | 0.586 |
| car         | 1201 | 7239  | 0.848  | 0.685 |
| cat         | 358  | 2494  | 0.905  | 0.605 |
| chair       | 756  | 28327 | 0.839  | 0.349 |
| cow         | 244  | 4291  | 0.898  | 0.403 |
| diningtable | 206  | 10281 | 0.917  | 0.334 |
| dog         | 489  | 5732  | 0.928  | 0.487 |
| horse       | 348  | 4326  | 0.931  | 0.610 |
| motorbike   | 325  | 1803  | 0.822  | 0.598 |
| person      | 4528 | 21833 | 0.834  | 0.661 |
| pottedplant | 480  | 2053  | 0.540  | 0.275 |
| sheep       | 242  | 5222  | 0.826  | 0.453 |
| sofa        | 239  | 6270  | 0.929  | 0.566 |
| train       | 282  | 10992 | 0.936  | 0.574 |
| tvmonitor   | 308  | 1112  | 0.698  | 0.504 |
+-------------+------+-------+--------+-------+
| mAP         |      |       |        | 0.493 |
+-------------+------+-------+--------+-------+
2025/05/16 10:52:19 - mmengine - INFO - Epoch(val) [2][4952/4952]    pascal_voc/mAP: 0.4934  pascal_voc/AP50: 0.4930  data_time: 0.0023  time: 0.0405
2025/05/16 10:52:28 - mmengine - INFO - Epoch(train) [3][  50/8276]  lr: 2.0000e-02  eta: 1:35:26  time: 0.1731  data_time: 0.0050  memory: 916  loss: 0.4471  loss_rpn_cls: 0.0303  loss_rpn_bbox: 0.0155  loss_cls: 0.2077  acc: 96.8750  loss_bbox: 0.1936
2025/05/16 10:52:37 - mmengine - INFO - Epoch(train) [3][ 100/8276]  lr: 2.0000e-02  eta: 1:35:17  time: 0.1742  data_time: 0.0051  memory: 915  loss: 0.4891  loss_rpn_cls: 0.0266  loss_rpn_bbox: 0.0189  loss_cls: 0.2238  acc: 97.0703  loss_bbox: 0.2198
2025/05/16 10:52:45 - mmengine - INFO - Epoch(train) [3][ 150/8276]  lr: 2.0000e-02  eta: 1:35:09  time: 0.1733  data_time: 0.0050  memory: 915  loss: 0.3470  loss_rpn_cls: 0.0206  loss_rpn_bbox: 0.0131  loss_cls: 0.1598  acc: 93.9453  loss_bbox: 0.1535
2025/05/16 10:52:54 - mmengine - INFO - Epoch(train) [3][ 200/8276]  lr: 2.0000e-02  eta: 1:35:00  time: 0.1763  data_time: 0.0050  memory: 915  loss: 0.3928  loss_rpn_cls: 0.0258  loss_rpn_bbox: 0.0131  loss_cls: 0.1743  acc: 98.1445  loss_bbox: 0.1796
2025/05/16 10:53:03 - mmengine - INFO - Epoch(train) [3][ 250/8276]  lr: 2.0000e-02  eta: 1:34:52  time: 0.1734  data_time: 0.0050  memory: 916  loss: 0.4217  loss_rpn_cls: 0.0297  loss_rpn_bbox: 0.0185  loss_cls: 0.1895  acc: 97.9492  loss_bbox: 0.1841
2025/05/16 10:53:12 - mmengine - INFO - Epoch(train) [3][ 300/8276]  lr: 2.0000e-02  eta: 1:34:43  time: 0.1773  data_time: 0.0046  memory: 916  loss: 0.3636  loss_rpn_cls: 0.0203  loss_rpn_bbox: 0.0120  loss_cls: 0.1650  acc: 92.9688  loss_bbox: 0.1664
2025/05/16 10:53:20 - mmengine - INFO - Epoch(train) [3][ 350/8276]  lr: 2.0000e-02  eta: 1:34:35  time: 0.1755  data_time: 0.0046  memory: 916  loss: 0.4547  loss_rpn_cls: 0.0258  loss_rpn_bbox: 0.0148  loss_cls: 0.2049  acc: 96.6797  loss_bbox: 0.2092
2025/05/16 10:53:29 - mmengine - INFO - Epoch(train) [3][ 400/8276]  lr: 2.0000e-02  eta: 1:34:27  time: 0.1754  data_time: 0.0045  memory: 916  loss: 0.3709  loss_rpn_cls: 0.0244  loss_rpn_bbox: 0.0129  loss_cls: 0.1755  acc: 96.6797  loss_bbox: 0.1581
2025/05/16 10:53:38 - mmengine - INFO - Exp name: mask-rcnn_voc_20250516_095727
2025/05/16 10:53:38 - mmengine - INFO - Epoch(train) [3][ 450/8276]  lr: 2.0000e-02  eta: 1:34:18  time: 0.1772  data_time: 0.0053  memory: 915  loss: 0.3428  loss_rpn_cls: 0.0189  loss_rpn_bbox: 0.0131  loss_cls: 0.1483  acc: 97.2656  loss_bbox: 0.1625
2025/05/16 10:53:47 - mmengine - INFO - Epoch(train) [3][ 500/8276]  lr: 2.0000e-02  eta: 1:34:10  time: 0.1756  data_time: 0.0049  memory: 915  loss: 0.4390  loss_rpn_cls: 0.0266  loss_rpn_bbox: 0.0157  loss_cls: 0.2075  acc: 96.7773  loss_bbox: 0.1893
2025/05/16 10:53:56 - mmengine - INFO - Epoch(train) [3][ 550/8276]  lr: 2.0000e-02  eta: 1:34:01  time: 0.1742  data_time: 0.0051  memory: 915  loss: 0.4089  loss_rpn_cls: 0.0224  loss_rpn_bbox: 0.0143  loss_cls: 0.1887  acc: 97.7539  loss_bbox: 0.1835
2025/05/16 10:54:04 - mmengine - INFO - Epoch(train) [3][ 600/8276]  lr: 2.0000e-02  eta: 1:33:53  time: 0.1758  data_time: 0.0051  memory: 915  loss: 0.4515  loss_rpn_cls: 0.0329  loss_rpn_bbox: 0.0197  loss_cls: 0.1989  acc: 92.9688  loss_bbox: 0.1999
2025/05/16 10:54:13 - mmengine - INFO - Epoch(train) [3][ 650/8276]  lr: 2.0000e-02  eta: 1:33:44  time: 0.1770  data_time: 0.0051  memory: 915  loss: 0.5165  loss_rpn_cls: 0.0386  loss_rpn_bbox: 0.0188  loss_cls: 0.2311  acc: 94.5312  loss_bbox: 0.2280
2025/05/16 10:54:22 - mmengine - INFO - Epoch(train) [3][ 700/8276]  lr: 2.0000e-02  eta: 1:33:36  time: 0.1728  data_time: 0.0049  memory: 915  loss: 0.3803  loss_rpn_cls: 0.0294  loss_rpn_bbox: 0.0148  loss_cls: 0.1680  acc: 94.6289  loss_bbox: 0.1681
2025/05/16 10:54:31 - mmengine - INFO - Epoch(train) [3][ 750/8276]  lr: 2.0000e-02  eta: 1:33:27  time: 0.1751  data_time: 0.0052  memory: 916  loss: 0.4294  loss_rpn_cls: 0.0238  loss_rpn_bbox: 0.0153  loss_cls: 0.1953  acc: 94.3359  loss_bbox: 0.1950
2025/05/16 10:54:39 - mmengine - INFO - Epoch(train) [3][ 800/8276]  lr: 2.0000e-02  eta: 1:33:18  time: 0.1719  data_time: 0.0051  memory: 915  loss: 0.3858  loss_rpn_cls: 0.0290  loss_rpn_bbox: 0.0152  loss_cls: 0.1748  acc: 98.3398  loss_bbox: 0.1668
2025/05/16 10:54:48 - mmengine - INFO - Epoch(train) [3][ 850/8276]  lr: 2.0000e-02  eta: 1:33:10  time: 0.1710  data_time: 0.0047  memory: 916  loss: 0.3913  loss_rpn_cls: 0.0239  loss_rpn_bbox: 0.0149  loss_cls: 0.1763  acc: 95.7031  loss_bbox: 0.1762
2025/05/16 10:54:56 - mmengine - INFO - Epoch(train) [3][ 900/8276]  lr: 2.0000e-02  eta: 1:33:01  time: 0.1745  data_time: 0.0047  memory: 915  loss: 0.3196  loss_rpn_cls: 0.0168  loss_rpn_bbox: 0.0127  loss_cls: 0.1469  acc: 94.0430  loss_bbox: 0.1433
2025/05/16 10:55:05 - mmengine - INFO - Epoch(train) [3][ 950/8276]  lr: 2.0000e-02  eta: 1:32:52  time: 0.1704  data_time: 0.0047  memory: 915  loss: 0.3610  loss_rpn_cls: 0.0265  loss_rpn_bbox: 0.0120  loss_cls: 0.1640  acc: 96.3867  loss_bbox: 0.1584
2025/05/16 10:55:14 - mmengine - INFO - Epoch(train) [3][1000/8276]  lr: 2.0000e-02  eta: 1:32:43  time: 0.1725  data_time: 0.0048  memory: 915  loss: 0.3556  loss_rpn_cls: 0.0207  loss_rpn_bbox: 0.0132  loss_cls: 0.1602  acc: 96.6797  loss_bbox: 0.1616
2025/05/16 10:55:22 - mmengine - INFO - Epoch(train) [3][1050/8276]  lr: 2.0000e-02  eta: 1:32:35  time: 0.1740  data_time: 0.0046  memory: 915  loss: 0.4546  loss_rpn_cls: 0.0328  loss_rpn_bbox: 0.0164  loss_cls: 0.2082  acc: 96.2891  loss_bbox: 0.1972
2025/05/16 10:55:31 - mmengine - INFO - Epoch(train) [3][1100/8276]  lr: 2.0000e-02  eta: 1:32:26  time: 0.1731  data_time: 0.0048  memory: 915  loss: 0.3987  loss_rpn_cls: 0.0233  loss_rpn_bbox: 0.0138  loss_cls: 0.1867  acc: 92.4805  loss_bbox: 0.1749
2025/05/16 10:55:40 - mmengine - INFO - Epoch(train) [3][1150/8276]  lr: 2.0000e-02  eta: 1:32:17  time: 0.1742  data_time: 0.0047  memory: 915  loss: 0.3852  loss_rpn_cls: 0.0232  loss_rpn_bbox: 0.0128  loss_cls: 0.1843  acc: 92.0898  loss_bbox: 0.1649
2025/05/16 10:55:48 - mmengine - INFO - Epoch(train) [3][1200/8276]  lr: 2.0000e-02  eta: 1:32:09  time: 0.1738  data_time: 0.0048  memory: 915  loss: 0.3997  loss_rpn_cls: 0.0288  loss_rpn_bbox: 0.0130  loss_cls: 0.1914  acc: 95.7031  loss_bbox: 0.1666
2025/05/16 10:55:57 - mmengine - INFO - Epoch(train) [3][1250/8276]  lr: 2.0000e-02  eta: 1:32:00  time: 0.1733  data_time: 0.0048  memory: 915  loss: 0.4183  loss_rpn_cls: 0.0309  loss_rpn_bbox: 0.0158  loss_cls: 0.1934  acc: 99.6094  loss_bbox: 0.1782
2025/05/16 10:56:06 - mmengine - INFO - Epoch(train) [3][1300/8276]  lr: 2.0000e-02  eta: 1:31:51  time: 0.1727  data_time: 0.0048  memory: 916  loss: 0.3963  loss_rpn_cls: 0.0241  loss_rpn_bbox: 0.0136  loss_cls: 0.1834  acc: 97.5586  loss_bbox: 0.1752
2025/05/16 10:56:14 - mmengine - INFO - Epoch(train) [3][1350/8276]  lr: 2.0000e-02  eta: 1:31:43  time: 0.1738  data_time: 0.0049  memory: 916  loss: 0.4169  loss_rpn_cls: 0.0208  loss_rpn_bbox: 0.0152  loss_cls: 0.1919  acc: 95.5078  loss_bbox: 0.1890
2025/05/16 10:56:23 - mmengine - INFO - Epoch(train) [3][1400/8276]  lr: 2.0000e-02  eta: 1:31:34  time: 0.1721  data_time: 0.0047  memory: 916  loss: 0.3854  loss_rpn_cls: 0.0204  loss_rpn_bbox: 0.0116  loss_cls: 0.1854  acc: 97.5586  loss_bbox: 0.1679
2025/05/16 10:56:31 - mmengine - INFO - Exp name: mask-rcnn_voc_20250516_095727
2025/05/16 10:56:32 - mmengine - INFO - Epoch(train) [3][1450/8276]  lr: 2.0000e-02  eta: 1:31:25  time: 0.1723  data_time: 0.0044  memory: 916  loss: 0.3638  loss_rpn_cls: 0.0197  loss_rpn_bbox: 0.0125  loss_cls: 0.1682  acc: 91.4062  loss_bbox: 0.1634
2025/05/16 10:56:40 - mmengine - INFO - Epoch(train) [3][1500/8276]  lr: 2.0000e-02  eta: 1:31:16  time: 0.1693  data_time: 0.0042  memory: 915  loss: 0.4217  loss_rpn_cls: 0.0274  loss_rpn_bbox: 0.0158  loss_cls: 0.1905  acc: 95.5078  loss_bbox: 0.1880
2025/05/16 10:56:49 - mmengine - INFO - Epoch(train) [3][1550/8276]  lr: 2.0000e-02  eta: 1:31:08  time: 0.1747  data_time: 0.0052  memory: 915  loss: 0.4542  loss_rpn_cls: 0.0337  loss_rpn_bbox: 0.0171  loss_cls: 0.2085  acc: 94.7266  loss_bbox: 0.1950
2025/05/16 10:56:58 - mmengine - INFO - Epoch(train) [3][1600/8276]  lr: 2.0000e-02  eta: 1:30:59  time: 0.1745  data_time: 0.0045  memory: 915  loss: 0.4192  loss_rpn_cls: 0.0217  loss_rpn_bbox: 0.0134  loss_cls: 0.1971  acc: 95.8984  loss_bbox: 0.1870
2025/05/16 10:57:06 - mmengine - INFO - Epoch(train) [3][1650/8276]  lr: 2.0000e-02  eta: 1:30:51  time: 0.1765  data_time: 0.0047  memory: 915  loss: 0.4324  loss_rpn_cls: 0.0253  loss_rpn_bbox: 0.0142  loss_cls: 0.1989  acc: 97.0703  loss_bbox: 0.1940
2025/05/16 10:57:15 - mmengine - INFO - Epoch(train) [3][1700/8276]  lr: 2.0000e-02  eta: 1:30:42  time: 0.1743  data_time: 0.0050  memory: 884  loss: 0.4151  loss_rpn_cls: 0.0247  loss_rpn_bbox: 0.0133  loss_cls: 0.1939  acc: 96.3867  loss_bbox: 0.1832
2025/05/16 10:57:24 - mmengine - INFO - Epoch(train) [3][1750/8276]  lr: 2.0000e-02  eta: 1:30:34  time: 0.1756  data_time: 0.0048  memory: 915  loss: 0.4074  loss_rpn_cls: 0.0266  loss_rpn_bbox: 0.0149  loss_cls: 0.1820  acc: 95.1172  loss_bbox: 0.1839
2025/05/16 10:57:33 - mmengine - INFO - Epoch(train) [3][1800/8276]  lr: 2.0000e-02  eta: 1:30:25  time: 0.1745  data_time: 0.0053  memory: 916  loss: 0.4119  loss_rpn_cls: 0.0275  loss_rpn_bbox: 0.0146  loss_cls: 0.1895  acc: 89.4531  loss_bbox: 0.1803
2025/05/16 10:57:41 - mmengine - INFO - Epoch(train) [3][1850/8276]  lr: 2.0000e-02  eta: 1:30:17  time: 0.1736  data_time: 0.0049  memory: 915  loss: 0.4178  loss_rpn_cls: 0.0255  loss_rpn_bbox: 0.0150  loss_cls: 0.1971  acc: 86.4258  loss_bbox: 0.1802
2025/05/16 10:57:50 - mmengine - INFO - Epoch(train) [3][1900/8276]  lr: 2.0000e-02  eta: 1:30:08  time: 0.1753  data_time: 0.0049  memory: 916  loss: 0.4521  loss_rpn_cls: 0.0343  loss_rpn_bbox: 0.0170  loss_cls: 0.2064  acc: 97.5586  loss_bbox: 0.1944
2025/05/16 10:57:59 - mmengine - INFO - Epoch(train) [3][1950/8276]  lr: 2.0000e-02  eta: 1:29:59  time: 0.1741  data_time: 0.0051  memory: 915  loss: 0.3401  loss_rpn_cls: 0.0226  loss_rpn_bbox: 0.0113  loss_cls: 0.1591  acc: 94.8242  loss_bbox: 0.1471
2025/05/16 10:58:07 - mmengine - INFO - Epoch(train) [3][2000/8276]  lr: 2.0000e-02  eta: 1:29:51  time: 0.1741  data_time: 0.0047  memory: 915  loss: 0.3876  loss_rpn_cls: 0.0314  loss_rpn_bbox: 0.0145  loss_cls: 0.1783  acc: 92.8711  loss_bbox: 0.1635
2025/05/16 10:58:16 - mmengine - INFO - Epoch(train) [3][2050/8276]  lr: 2.0000e-02  eta: 1:29:42  time: 0.1705  data_time: 0.0045  memory: 916  loss: 0.3615  loss_rpn_cls: 0.0260  loss_rpn_bbox: 0.0132  loss_cls: 0.1691  acc: 95.7031  loss_bbox: 0.1532
2025/05/16 10:58:25 - mmengine - INFO - Epoch(train) [3][2100/8276]  lr: 2.0000e-02  eta: 1:29:33  time: 0.1740  data_time: 0.0047  memory: 915  loss: 0.4044  loss_rpn_cls: 0.0259  loss_rpn_bbox: 0.0141  loss_cls: 0.1847  acc: 95.4102  loss_bbox: 0.1797
2025/05/16 10:58:33 - mmengine - INFO - Epoch(train) [3][2150/8276]  lr: 2.0000e-02  eta: 1:29:25  time: 0.1716  data_time: 0.0045  memory: 916  loss: 0.4068  loss_rpn_cls: 0.0278  loss_rpn_bbox: 0.0147  loss_cls: 0.1845  acc: 97.0703  loss_bbox: 0.1798
2025/05/16 10:58:42 - mmengine - INFO - Epoch(train) [3][2200/8276]  lr: 2.0000e-02  eta: 1:29:16  time: 0.1725  data_time: 0.0048  memory: 916  loss: 0.3642  loss_rpn_cls: 0.0288  loss_rpn_bbox: 0.0124  loss_cls: 0.1717  acc: 97.7539  loss_bbox: 0.1512
2025/05/16 10:58:51 - mmengine - INFO - Epoch(train) [3][2250/8276]  lr: 2.0000e-02  eta: 1:29:07  time: 0.1756  data_time: 0.0047  memory: 915  loss: 0.3879  loss_rpn_cls: 0.0205  loss_rpn_bbox: 0.0129  loss_cls: 0.1861  acc: 93.2617  loss_bbox: 0.1684
2025/05/16 10:58:59 - mmengine - INFO - Epoch(train) [3][2300/8276]  lr: 2.0000e-02  eta: 1:28:59  time: 0.1718  data_time: 0.0047  memory: 915  loss: 0.4616  loss_rpn_cls: 0.0409  loss_rpn_bbox: 0.0180  loss_cls: 0.2149  acc: 96.7773  loss_bbox: 0.1879
2025/05/16 10:59:08 - mmengine - INFO - Epoch(train) [3][2350/8276]  lr: 2.0000e-02  eta: 1:28:50  time: 0.1742  data_time: 0.0049  memory: 915  loss: 0.3926  loss_rpn_cls: 0.0235  loss_rpn_bbox: 0.0126  loss_cls: 0.1900  acc: 96.4844  loss_bbox: 0.1666
2025/05/16 10:59:17 - mmengine - INFO - Epoch(train) [3][2400/8276]  lr: 2.0000e-02  eta: 1:28:41  time: 0.1746  data_time: 0.0046  memory: 915  loss: 0.4078  loss_rpn_cls: 0.0282  loss_rpn_bbox: 0.0148  loss_cls: 0.1862  acc: 96.9727  loss_bbox: 0.1786
2025/05/16 10:59:25 - mmengine - INFO - Exp name: mask-rcnn_voc_20250516_095727
2025/05/16 10:59:25 - mmengine - INFO - Epoch(train) [3][2450/8276]  lr: 2.0000e-02  eta: 1:28:33  time: 0.1745  data_time: 0.0045  memory: 915  loss: 0.3978  loss_rpn_cls: 0.0251  loss_rpn_bbox: 0.0120  loss_cls: 0.1933  acc: 92.4805  loss_bbox: 0.1675
2025/05/16 10:59:34 - mmengine - INFO - Epoch(train) [3][2500/8276]  lr: 2.0000e-02  eta: 1:28:24  time: 0.1718  data_time: 0.0045  memory: 916  loss: 0.3922  loss_rpn_cls: 0.0258  loss_rpn_bbox: 0.0139  loss_cls: 0.1830  acc: 97.0703  loss_bbox: 0.1695
2025/05/16 10:59:43 - mmengine - INFO - Epoch(train) [3][2550/8276]  lr: 2.0000e-02  eta: 1:28:15  time: 0.1733  data_time: 0.0051  memory: 915  loss: 0.4160  loss_rpn_cls: 0.0237  loss_rpn_bbox: 0.0140  loss_cls: 0.1909  acc: 93.1641  loss_bbox: 0.1874
2025/05/16 10:59:51 - mmengine - INFO - Epoch(train) [3][2600/8276]  lr: 2.0000e-02  eta: 1:28:07  time: 0.1726  data_time: 0.0047  memory: 915  loss: 0.4006  loss_rpn_cls: 0.0222  loss_rpn_bbox: 0.0123  loss_cls: 0.1958  acc: 97.0703  loss_bbox: 0.1704
2025/05/16 11:00:00 - mmengine - INFO - Epoch(train) [3][2650/8276]  lr: 2.0000e-02  eta: 1:27:58  time: 0.1724  data_time: 0.0046  memory: 915  loss: 0.4425  loss_rpn_cls: 0.0288  loss_rpn_bbox: 0.0170  loss_cls: 0.2096  acc: 82.2266  loss_bbox: 0.1871
2025/05/16 11:00:09 - mmengine - INFO - Epoch(train) [3][2700/8276]  lr: 2.0000e-02  eta: 1:27:49  time: 0.1717  data_time: 0.0047  memory: 916  loss: 0.4047  loss_rpn_cls: 0.0258  loss_rpn_bbox: 0.0159  loss_cls: 0.1865  acc: 97.5586  loss_bbox: 0.1765
2025/05/16 11:00:17 - mmengine - INFO - Epoch(train) [3][2750/8276]  lr: 2.0000e-02  eta: 1:27:40  time: 0.1743  data_time: 0.0050  memory: 915  loss: 0.3808  loss_rpn_cls: 0.0292  loss_rpn_bbox: 0.0158  loss_cls: 0.1738  acc: 91.2109  loss_bbox: 0.1621
2025/05/16 11:00:26 - mmengine - INFO - Epoch(train) [3][2800/8276]  lr: 2.0000e-02  eta: 1:27:32  time: 0.1751  data_time: 0.0054  memory: 916  loss: 0.4450  loss_rpn_cls: 0.0311  loss_rpn_bbox: 0.0152  loss_cls: 0.2116  acc: 97.7539  loss_bbox: 0.1871
2025/05/16 11:00:35 - mmengine - INFO - Epoch(train) [3][2850/8276]  lr: 2.0000e-02  eta: 1:27:23  time: 0.1710  data_time: 0.0048  memory: 915  loss: 0.4530  loss_rpn_cls: 0.0304  loss_rpn_bbox: 0.0151  loss_cls: 0.2206  acc: 97.7539  loss_bbox: 0.1869
2025/05/16 11:00:43 - mmengine - INFO - Epoch(train) [3][2900/8276]  lr: 2.0000e-02  eta: 1:27:15  time: 0.1741  data_time: 0.0046  memory: 916  loss: 0.4744  loss_rpn_cls: 0.0354  loss_rpn_bbox: 0.0171  loss_cls: 0.2209  acc: 91.9922  loss_bbox: 0.2010
2025/05/16 11:00:52 - mmengine - INFO - Epoch(train) [3][2950/8276]  lr: 2.0000e-02  eta: 1:27:06  time: 0.1717  data_time: 0.0047  memory: 915  loss: 0.3958  loss_rpn_cls: 0.0295  loss_rpn_bbox: 0.0164  loss_cls: 0.1749  acc: 87.7930  loss_bbox: 0.1750
2025/05/16 11:01:01 - mmengine - INFO - Epoch(train) [3][3000/8276]  lr: 2.0000e-02  eta: 1:26:57  time: 0.1734  data_time: 0.0048  memory: 916  loss: 0.3916  loss_rpn_cls: 0.0279  loss_rpn_bbox: 0.0131  loss_cls: 0.1884  acc: 98.3398  loss_bbox: 0.1622
2025/05/16 11:01:09 - mmengine - INFO - Epoch(train) [3][3050/8276]  lr: 2.0000e-02  eta: 1:26:49  time: 0.1753  data_time: 0.0046  memory: 915  loss: 0.3671  loss_rpn_cls: 0.0261  loss_rpn_bbox: 0.0148  loss_cls: 0.1672  acc: 95.3125  loss_bbox: 0.1590
2025/05/16 11:01:18 - mmengine - INFO - Epoch(train) [3][3100/8276]  lr: 2.0000e-02  eta: 1:26:40  time: 0.1770  data_time: 0.0048  memory: 915  loss: 0.3741  loss_rpn_cls: 0.0196  loss_rpn_bbox: 0.0133  loss_cls: 0.1722  acc: 97.3633  loss_bbox: 0.1690
2025/05/16 11:01:27 - mmengine - INFO - Epoch(train) [3][3150/8276]  lr: 2.0000e-02  eta: 1:26:32  time: 0.1751  data_time: 0.0047  memory: 916  loss: 0.3834  loss_rpn_cls: 0.0206  loss_rpn_bbox: 0.0140  loss_cls: 0.1803  acc: 100.0000  loss_bbox: 0.1685
2025/05/16 11:01:36 - mmengine - INFO - Epoch(train) [3][3200/8276]  lr: 2.0000e-02  eta: 1:26:23  time: 0.1744  data_time: 0.0053  memory: 885  loss: 0.3783  loss_rpn_cls: 0.0237  loss_rpn_bbox: 0.0137  loss_cls: 0.1826  acc: 96.6797  loss_bbox: 0.1584
2025/05/16 11:01:44 - mmengine - INFO - Epoch(train) [3][3250/8276]  lr: 2.0000e-02  eta: 1:26:15  time: 0.1770  data_time: 0.0053  memory: 915  loss: 0.4123  loss_rpn_cls: 0.0239  loss_rpn_bbox: 0.0147  loss_cls: 0.1895  acc: 95.2148  loss_bbox: 0.1843
2025/05/16 11:01:53 - mmengine - INFO - Epoch(train) [3][3300/8276]  lr: 2.0000e-02  eta: 1:26:06  time: 0.1760  data_time: 0.0049  memory: 916  loss: 0.4397  loss_rpn_cls: 0.0328  loss_rpn_bbox: 0.0171  loss_cls: 0.1964  acc: 96.7773  loss_bbox: 0.1934
2025/05/16 11:02:02 - mmengine - INFO - Epoch(train) [3][3350/8276]  lr: 2.0000e-02  eta: 1:25:58  time: 0.1764  data_time: 0.0050  memory: 915  loss: 0.3987  loss_rpn_cls: 0.0237  loss_rpn_bbox: 0.0127  loss_cls: 0.1861  acc: 96.5820  loss_bbox: 0.1762
2025/05/16 11:02:11 - mmengine - INFO - Epoch(train) [3][3400/8276]  lr: 2.0000e-02  eta: 1:25:49  time: 0.1746  data_time: 0.0048  memory: 915  loss: 0.4379  loss_rpn_cls: 0.0297  loss_rpn_bbox: 0.0160  loss_cls: 0.2034  acc: 96.2891  loss_bbox: 0.1887
2025/05/16 11:02:19 - mmengine - INFO - Exp name: mask-rcnn_voc_20250516_095727
2025/05/16 11:02:20 - mmengine - INFO - Epoch(train) [3][3450/8276]  lr: 2.0000e-02  eta: 1:25:41  time: 0.1773  data_time: 0.0049  memory: 916  loss: 0.3719  loss_rpn_cls: 0.0209  loss_rpn_bbox: 0.0113  loss_cls: 0.1707  acc: 91.1133  loss_bbox: 0.1689
2025/05/16 11:02:29 - mmengine - INFO - Epoch(train) [3][3500/8276]  lr: 2.0000e-02  eta: 1:25:32  time: 0.1762  data_time: 0.0053  memory: 915  loss: 0.4039  loss_rpn_cls: 0.0274  loss_rpn_bbox: 0.0142  loss_cls: 0.1822  acc: 92.8711  loss_bbox: 0.1801
2025/05/16 11:02:37 - mmengine - INFO - Epoch(train) [3][3550/8276]  lr: 2.0000e-02  eta: 1:25:24  time: 0.1743  data_time: 0.0049  memory: 915  loss: 0.4558  loss_rpn_cls: 0.0301  loss_rpn_bbox: 0.0147  loss_cls: 0.2135  acc: 95.3125  loss_bbox: 0.1975
2025/05/16 11:02:46 - mmengine - INFO - Epoch(train) [3][3600/8276]  lr: 2.0000e-02  eta: 1:25:15  time: 0.1739  data_time: 0.0049  memory: 916  loss: 0.4100  loss_rpn_cls: 0.0252  loss_rpn_bbox: 0.0148  loss_cls: 0.1897  acc: 97.1680  loss_bbox: 0.1803
2025/05/16 11:02:55 - mmengine - INFO - Epoch(train) [3][3650/8276]  lr: 2.0000e-02  eta: 1:25:06  time: 0.1736  data_time: 0.0050  memory: 916  loss: 0.3389  loss_rpn_cls: 0.0183  loss_rpn_bbox: 0.0116  loss_cls: 0.1619  acc: 96.8750  loss_bbox: 0.1472
2025/05/16 11:03:03 - mmengine - INFO - Epoch(train) [3][3700/8276]  lr: 2.0000e-02  eta: 1:24:58  time: 0.1757  data_time: 0.0054  memory: 916  loss: 0.3914  loss_rpn_cls: 0.0262  loss_rpn_bbox: 0.0142  loss_cls: 0.1807  acc: 95.8984  loss_bbox: 0.1703
2025/05/16 11:03:12 - mmengine - INFO - Epoch(train) [3][3750/8276]  lr: 2.0000e-02  eta: 1:24:49  time: 0.1743  data_time: 0.0048  memory: 915  loss: 0.4188  loss_rpn_cls: 0.0256  loss_rpn_bbox: 0.0144  loss_cls: 0.1848  acc: 93.6523  loss_bbox: 0.1940
2025/05/16 11:03:21 - mmengine - INFO - Epoch(train) [3][3800/8276]  lr: 2.0000e-02  eta: 1:24:41  time: 0.1730  data_time: 0.0048  memory: 885  loss: 0.4214  loss_rpn_cls: 0.0296  loss_rpn_bbox: 0.0156  loss_cls: 0.1942  acc: 96.8750  loss_bbox: 0.1820
2025/05/16 11:03:30 - mmengine - INFO - Epoch(train) [3][3850/8276]  lr: 2.0000e-02  eta: 1:24:32  time: 0.1743  data_time: 0.0057  memory: 915  loss: 0.3979  loss_rpn_cls: 0.0263  loss_rpn_bbox: 0.0141  loss_cls: 0.1788  acc: 93.3594  loss_bbox: 0.1787
2025/05/16 11:03:38 - mmengine - INFO - Epoch(train) [3][3900/8276]  lr: 2.0000e-02  eta: 1:24:23  time: 0.1750  data_time: 0.0054  memory: 915  loss: 0.3819  loss_rpn_cls: 0.0288  loss_rpn_bbox: 0.0145  loss_cls: 0.1726  acc: 96.2891  loss_bbox: 0.1660
2025/05/16 11:03:47 - mmengine - INFO - Epoch(train) [3][3950/8276]  lr: 2.0000e-02  eta: 1:24:15  time: 0.1772  data_time: 0.0050  memory: 915  loss: 0.4330  loss_rpn_cls: 0.0264  loss_rpn_bbox: 0.0160  loss_cls: 0.1951  acc: 89.8438  loss_bbox: 0.1955
2025/05/16 11:03:56 - mmengine - INFO - Epoch(train) [3][4000/8276]  lr: 2.0000e-02  eta: 1:24:06  time: 0.1747  data_time: 0.0050  memory: 915  loss: 0.3504  loss_rpn_cls: 0.0239  loss_rpn_bbox: 0.0125  loss_cls: 0.1617  acc: 95.1172  loss_bbox: 0.1524
2025/05/16 11:04:04 - mmengine - INFO - Epoch(train) [3][4050/8276]  lr: 2.0000e-02  eta: 1:23:58  time: 0.1720  data_time: 0.0048  memory: 916  loss: 0.3965  loss_rpn_cls: 0.0246  loss_rpn_bbox: 0.0118  loss_cls: 0.1914  acc: 95.9961  loss_bbox: 0.1687
2025/05/16 11:04:13 - mmengine - INFO - Epoch(train) [3][4100/8276]  lr: 2.0000e-02  eta: 1:23:49  time: 0.1752  data_time: 0.0049  memory: 915  loss: 0.3651  loss_rpn_cls: 0.0217  loss_rpn_bbox: 0.0129  loss_cls: 0.1601  acc: 94.2383  loss_bbox: 0.1704
2025/05/16 11:04:22 - mmengine - INFO - Epoch(train) [3][4150/8276]  lr: 2.0000e-02  eta: 1:23:40  time: 0.1731  data_time: 0.0050  memory: 915  loss: 0.4286  loss_rpn_cls: 0.0256  loss_rpn_bbox: 0.0157  loss_cls: 0.1971  acc: 92.1875  loss_bbox: 0.1901
2025/05/16 11:04:31 - mmengine - INFO - Epoch(train) [3][4200/8276]  lr: 2.0000e-02  eta: 1:23:32  time: 0.1735  data_time: 0.0051  memory: 915  loss: 0.4312  loss_rpn_cls: 0.0281  loss_rpn_bbox: 0.0150  loss_cls: 0.1997  acc: 97.1680  loss_bbox: 0.1883
2025/05/16 11:04:39 - mmengine - INFO - Epoch(train) [3][4250/8276]  lr: 2.0000e-02  eta: 1:23:23  time: 0.1720  data_time: 0.0051  memory: 915  loss: 0.3896  loss_rpn_cls: 0.0238  loss_rpn_bbox: 0.0126  loss_cls: 0.1772  acc: 88.5742  loss_bbox: 0.1759
2025/05/16 11:04:48 - mmengine - INFO - Epoch(train) [3][4300/8276]  lr: 2.0000e-02  eta: 1:23:14  time: 0.1740  data_time: 0.0049  memory: 916  loss: 0.3748  loss_rpn_cls: 0.0217  loss_rpn_bbox: 0.0137  loss_cls: 0.1731  acc: 97.0703  loss_bbox: 0.1663
2025/05/16 11:04:57 - mmengine - INFO - Epoch(train) [3][4350/8276]  lr: 2.0000e-02  eta: 1:23:06  time: 0.1745  data_time: 0.0051  memory: 916  loss: 0.4029  loss_rpn_cls: 0.0231  loss_rpn_bbox: 0.0134  loss_cls: 0.1921  acc: 90.5273  loss_bbox: 0.1744
2025/05/16 11:05:05 - mmengine - INFO - Epoch(train) [3][4400/8276]  lr: 2.0000e-02  eta: 1:22:57  time: 0.1753  data_time: 0.0051  memory: 916  loss: 0.4314  loss_rpn_cls: 0.0247  loss_rpn_bbox: 0.0140  loss_cls: 0.2032  acc: 95.9961  loss_bbox: 0.1895
2025/05/16 11:05:14 - mmengine - INFO - Exp name: mask-rcnn_voc_20250516_095727
2025/05/16 11:05:14 - mmengine - INFO - Epoch(train) [3][4450/8276]  lr: 2.0000e-02  eta: 1:22:49  time: 0.1754  data_time: 0.0054  memory: 915  loss: 0.3930  loss_rpn_cls: 0.0244  loss_rpn_bbox: 0.0153  loss_cls: 0.1765  acc: 92.1875  loss_bbox: 0.1767
2025/05/16 11:05:23 - mmengine - INFO - Epoch(train) [3][4500/8276]  lr: 2.0000e-02  eta: 1:22:40  time: 0.1753  data_time: 0.0053  memory: 915  loss: 0.3504  loss_rpn_cls: 0.0260  loss_rpn_bbox: 0.0142  loss_cls: 0.1599  acc: 92.0898  loss_bbox: 0.1503
2025/05/16 11:05:32 - mmengine - INFO - Epoch(train) [3][4550/8276]  lr: 2.0000e-02  eta: 1:22:32  time: 0.1748  data_time: 0.0048  memory: 885  loss: 0.3512  loss_rpn_cls: 0.0196  loss_rpn_bbox: 0.0111  loss_cls: 0.1623  acc: 94.0430  loss_bbox: 0.1581
2025/05/16 11:05:40 - mmengine - INFO - Epoch(train) [3][4600/8276]  lr: 2.0000e-02  eta: 1:22:23  time: 0.1755  data_time: 0.0048  memory: 915  loss: 0.3412  loss_rpn_cls: 0.0215  loss_rpn_bbox: 0.0129  loss_cls: 0.1617  acc: 96.5820  loss_bbox: 0.1451
2025/05/16 11:05:49 - mmengine - INFO - Epoch(train) [3][4650/8276]  lr: 2.0000e-02  eta: 1:22:15  time: 0.1764  data_time: 0.0051  memory: 916  loss: 0.3671  loss_rpn_cls: 0.0237  loss_rpn_bbox: 0.0124  loss_cls: 0.1661  acc: 98.2422  loss_bbox: 0.1649
2025/05/16 11:05:58 - mmengine - INFO - Epoch(train) [3][4700/8276]  lr: 2.0000e-02  eta: 1:22:06  time: 0.1723  data_time: 0.0050  memory: 915  loss: 0.3578  loss_rpn_cls: 0.0209  loss_rpn_bbox: 0.0119  loss_cls: 0.1685  acc: 97.2656  loss_bbox: 0.1565
2025/05/16 11:06:07 - mmengine - INFO - Epoch(train) [3][4750/8276]  lr: 2.0000e-02  eta: 1:21:57  time: 0.1736  data_time: 0.0050  memory: 915  loss: 0.3787  loss_rpn_cls: 0.0202  loss_rpn_bbox: 0.0126  loss_cls: 0.1757  acc: 93.6523  loss_bbox: 0.1702
2025/05/16 11:06:15 - mmengine - INFO - Epoch(train) [3][4800/8276]  lr: 2.0000e-02  eta: 1:21:49  time: 0.1732  data_time: 0.0053  memory: 915  loss: 0.4177  loss_rpn_cls: 0.0231  loss_rpn_bbox: 0.0147  loss_cls: 0.1953  acc: 95.8984  loss_bbox: 0.1846
2025/05/16 11:06:24 - mmengine - INFO - Epoch(train) [3][4850/8276]  lr: 2.0000e-02  eta: 1:21:40  time: 0.1722  data_time: 0.0050  memory: 915  loss: 0.4035  loss_rpn_cls: 0.0415  loss_rpn_bbox: 0.0179  loss_cls: 0.1767  acc: 95.9961  loss_bbox: 0.1674
2025/05/16 11:06:32 - mmengine - INFO - Epoch(train) [3][4900/8276]  lr: 2.0000e-02  eta: 1:21:31  time: 0.1718  data_time: 0.0051  memory: 915  loss: 0.3452  loss_rpn_cls: 0.0206  loss_rpn_bbox: 0.0116  loss_cls: 0.1558  acc: 96.3867  loss_bbox: 0.1572
2025/05/16 11:06:41 - mmengine - INFO - Epoch(train) [3][4950/8276]  lr: 2.0000e-02  eta: 1:21:22  time: 0.1741  data_time: 0.0051  memory: 916  loss: 0.4197  loss_rpn_cls: 0.0232  loss_rpn_bbox: 0.0151  loss_cls: 0.1904  acc: 98.1445  loss_bbox: 0.1910
2025/05/16 11:06:50 - mmengine - INFO - Epoch(train) [3][5000/8276]  lr: 2.0000e-02  eta: 1:21:14  time: 0.1747  data_time: 0.0051  memory: 915  loss: 0.4073  loss_rpn_cls: 0.0213  loss_rpn_bbox: 0.0127  loss_cls: 0.1902  acc: 93.5547  loss_bbox: 0.1830
2025/05/16 11:06:59 - mmengine - INFO - Epoch(train) [3][5050/8276]  lr: 2.0000e-02  eta: 1:21:05  time: 0.1733  data_time: 0.0048  memory: 916  loss: 0.4220  loss_rpn_cls: 0.0281  loss_rpn_bbox: 0.0152  loss_cls: 0.1937  acc: 97.2656  loss_bbox: 0.1850
2025/05/16 11:07:07 - mmengine - INFO - Epoch(train) [3][5100/8276]  lr: 2.0000e-02  eta: 1:20:56  time: 0.1700  data_time: 0.0049  memory: 915  loss: 0.3507  loss_rpn_cls: 0.0240  loss_rpn_bbox: 0.0134  loss_cls: 0.1609  acc: 95.3125  loss_bbox: 0.1524
2025/05/16 11:07:16 - mmengine - INFO - Epoch(train) [3][5150/8276]  lr: 2.0000e-02  eta: 1:20:48  time: 0.1739  data_time: 0.0052  memory: 916  loss: 0.4083  loss_rpn_cls: 0.0205  loss_rpn_bbox: 0.0133  loss_cls: 0.1743  acc: 99.0234  loss_bbox: 0.2001
2025/05/16 11:07:24 - mmengine - INFO - Epoch(train) [3][5200/8276]  lr: 2.0000e-02  eta: 1:20:39  time: 0.1726  data_time: 0.0050  memory: 915  loss: 0.3472  loss_rpn_cls: 0.0235  loss_rpn_bbox: 0.0134  loss_cls: 0.1583  acc: 90.1367  loss_bbox: 0.1520
2025/05/16 11:07:33 - mmengine - INFO - Epoch(train) [3][5250/8276]  lr: 2.0000e-02  eta: 1:20:30  time: 0.1731  data_time: 0.0052  memory: 916  loss: 0.3960  loss_rpn_cls: 0.0288  loss_rpn_bbox: 0.0159  loss_cls: 0.1824  acc: 84.2773  loss_bbox: 0.1688
2025/05/16 11:07:42 - mmengine - INFO - Epoch(train) [3][5300/8276]  lr: 2.0000e-02  eta: 1:20:21  time: 0.1739  data_time: 0.0048  memory: 915  loss: 0.3765  loss_rpn_cls: 0.0246  loss_rpn_bbox: 0.0147  loss_cls: 0.1719  acc: 96.3867  loss_bbox: 0.1652
2025/05/16 11:07:51 - mmengine - INFO - Epoch(train) [3][5350/8276]  lr: 2.0000e-02  eta: 1:20:13  time: 0.1777  data_time: 0.0054  memory: 915  loss: 0.4697  loss_rpn_cls: 0.0332  loss_rpn_bbox: 0.0188  loss_cls: 0.2070  acc: 89.8438  loss_bbox: 0.2107
2025/05/16 11:07:59 - mmengine - INFO - Epoch(train) [3][5400/8276]  lr: 2.0000e-02  eta: 1:20:04  time: 0.1699  data_time: 0.0049  memory: 916  loss: 0.3431  loss_rpn_cls: 0.0199  loss_rpn_bbox: 0.0109  loss_cls: 0.1553  acc: 96.4844  loss_bbox: 0.1570
2025/05/16 11:08:07 - mmengine - INFO - Exp name: mask-rcnn_voc_20250516_095727
2025/05/16 11:08:08 - mmengine - INFO - Epoch(train) [3][5450/8276]  lr: 2.0000e-02  eta: 1:19:55  time: 0.1729  data_time: 0.0052  memory: 916  loss: 0.3571  loss_rpn_cls: 0.0213  loss_rpn_bbox: 0.0121  loss_cls: 0.1659  acc: 95.8008  loss_bbox: 0.1578
2025/05/16 11:08:16 - mmengine - INFO - Epoch(train) [3][5500/8276]  lr: 2.0000e-02  eta: 1:19:47  time: 0.1718  data_time: 0.0046  memory: 916  loss: 0.4077  loss_rpn_cls: 0.0280  loss_rpn_bbox: 0.0125  loss_cls: 0.2001  acc: 88.8672  loss_bbox: 0.1670
2025/05/16 11:08:25 - mmengine - INFO - Epoch(train) [3][5550/8276]  lr: 2.0000e-02  eta: 1:19:38  time: 0.1741  data_time: 0.0051  memory: 915  loss: 0.3408  loss_rpn_cls: 0.0232  loss_rpn_bbox: 0.0131  loss_cls: 0.1538  acc: 96.6797  loss_bbox: 0.1506
2025/05/16 11:08:34 - mmengine - INFO - Epoch(train) [3][5600/8276]  lr: 2.0000e-02  eta: 1:19:29  time: 0.1737  data_time: 0.0050  memory: 916  loss: 0.3587  loss_rpn_cls: 0.0259  loss_rpn_bbox: 0.0142  loss_cls: 0.1610  acc: 97.4609  loss_bbox: 0.1576
2025/05/16 11:08:42 - mmengine - INFO - Epoch(train) [3][5650/8276]  lr: 2.0000e-02  eta: 1:19:21  time: 0.1737  data_time: 0.0051  memory: 915  loss: 0.4113  loss_rpn_cls: 0.0295  loss_rpn_bbox: 0.0145  loss_cls: 0.1828  acc: 95.4102  loss_bbox: 0.1845
2025/05/16 11:08:51 - mmengine - INFO - Epoch(train) [3][5700/8276]  lr: 2.0000e-02  eta: 1:19:12  time: 0.1706  data_time: 0.0051  memory: 915  loss: 0.3894  loss_rpn_cls: 0.0262  loss_rpn_bbox: 0.0131  loss_cls: 0.1818  acc: 95.4102  loss_bbox: 0.1683
2025/05/16 11:08:59 - mmengine - INFO - Epoch(train) [3][5750/8276]  lr: 2.0000e-02  eta: 1:19:03  time: 0.1702  data_time: 0.0052  memory: 915  loss: 0.3798  loss_rpn_cls: 0.0274  loss_rpn_bbox: 0.0123  loss_cls: 0.1766  acc: 97.6562  loss_bbox: 0.1636
2025/05/16 11:09:08 - mmengine - INFO - Epoch(train) [3][5800/8276]  lr: 2.0000e-02  eta: 1:18:54  time: 0.1710  data_time: 0.0052  memory: 915  loss: 0.4595  loss_rpn_cls: 0.0398  loss_rpn_bbox: 0.0177  loss_cls: 0.2104  acc: 93.3594  loss_bbox: 0.1916
2025/05/16 11:09:17 - mmengine - INFO - Epoch(train) [3][5850/8276]  lr: 2.0000e-02  eta: 1:18:46  time: 0.1762  data_time: 0.0053  memory: 916  loss: 0.3687  loss_rpn_cls: 0.0280  loss_rpn_bbox: 0.0135  loss_cls: 0.1662  acc: 97.4609  loss_bbox: 0.1610
2025/05/16 11:09:26 - mmengine - INFO - Epoch(train) [3][5900/8276]  lr: 2.0000e-02  eta: 1:18:37  time: 0.1737  data_time: 0.0050  memory: 915  loss: 0.4110  loss_rpn_cls: 0.0281  loss_rpn_bbox: 0.0151  loss_cls: 0.1851  acc: 95.1172  loss_bbox: 0.1826
2025/05/16 11:09:34 - mmengine - INFO - Epoch(train) [3][5950/8276]  lr: 2.0000e-02  eta: 1:18:28  time: 0.1731  data_time: 0.0049  memory: 916  loss: 0.3629  loss_rpn_cls: 0.0235  loss_rpn_bbox: 0.0128  loss_cls: 0.1670  acc: 97.2656  loss_bbox: 0.1596
2025/05/16 11:09:43 - mmengine - INFO - Epoch(train) [3][6000/8276]  lr: 2.0000e-02  eta: 1:18:20  time: 0.1714  data_time: 0.0049  memory: 916  loss: 0.3852  loss_rpn_cls: 0.0261  loss_rpn_bbox: 0.0126  loss_cls: 0.1817  acc: 91.9922  loss_bbox: 0.1648
2025/05/16 11:09:51 - mmengine - INFO - Epoch(train) [3][6050/8276]  lr: 2.0000e-02  eta: 1:18:11  time: 0.1745  data_time: 0.0047  memory: 916  loss: 0.3290  loss_rpn_cls: 0.0224  loss_rpn_bbox: 0.0121  loss_cls: 0.1502  acc: 98.4375  loss_bbox: 0.1444
2025/05/16 11:10:00 - mmengine - INFO - Epoch(train) [3][6100/8276]  lr: 2.0000e-02  eta: 1:18:02  time: 0.1730  data_time: 0.0045  memory: 885  loss: 0.3534  loss_rpn_cls: 0.0246  loss_rpn_bbox: 0.0117  loss_cls: 0.1615  acc: 94.6289  loss_bbox: 0.1556
2025/05/16 11:10:09 - mmengine - INFO - Epoch(train) [3][6150/8276]  lr: 2.0000e-02  eta: 1:17:54  time: 0.1738  data_time: 0.0048  memory: 915  loss: 0.3723  loss_rpn_cls: 0.0243  loss_rpn_bbox: 0.0137  loss_cls: 0.1716  acc: 95.2148  loss_bbox: 0.1627
2025/05/16 11:10:17 - mmengine - INFO - Epoch(train) [3][6200/8276]  lr: 2.0000e-02  eta: 1:17:45  time: 0.1732  data_time: 0.0050  memory: 915  loss: 0.3967  loss_rpn_cls: 0.0305  loss_rpn_bbox: 0.0149  loss_cls: 0.1843  acc: 89.1602  loss_bbox: 0.1671
2025/05/16 11:10:26 - mmengine - INFO - Epoch(train) [3][6250/8276]  lr: 2.0000e-02  eta: 1:17:36  time: 0.1726  data_time: 0.0049  memory: 915  loss: 0.3052  loss_rpn_cls: 0.0226  loss_rpn_bbox: 0.0096  loss_cls: 0.1405  acc: 97.0703  loss_bbox: 0.1326
2025/05/16 11:10:35 - mmengine - INFO - Epoch(train) [3][6300/8276]  lr: 2.0000e-02  eta: 1:17:27  time: 0.1702  data_time: 0.0046  memory: 915  loss: 0.3484  loss_rpn_cls: 0.0185  loss_rpn_bbox: 0.0121  loss_cls: 0.1629  acc: 97.7539  loss_bbox: 0.1548
2025/05/16 11:10:43 - mmengine - INFO - Epoch(train) [3][6350/8276]  lr: 2.0000e-02  eta: 1:17:19  time: 0.1718  data_time: 0.0048  memory: 916  loss: 0.3572  loss_rpn_cls: 0.0205  loss_rpn_bbox: 0.0128  loss_cls: 0.1647  acc: 95.4102  loss_bbox: 0.1593
2025/05/16 11:10:52 - mmengine - INFO - Epoch(train) [3][6400/8276]  lr: 2.0000e-02  eta: 1:17:10  time: 0.1719  data_time: 0.0048  memory: 915  loss: 0.3915  loss_rpn_cls: 0.0316  loss_rpn_bbox: 0.0136  loss_cls: 0.1827  acc: 94.7266  loss_bbox: 0.1636
2025/05/16 11:11:00 - mmengine - INFO - Exp name: mask-rcnn_voc_20250516_095727
2025/05/16 11:11:00 - mmengine - INFO - Epoch(train) [3][6450/8276]  lr: 2.0000e-02  eta: 1:17:01  time: 0.1720  data_time: 0.0054  memory: 915  loss: 0.4169  loss_rpn_cls: 0.0316  loss_rpn_bbox: 0.0166  loss_cls: 0.1851  acc: 89.4531  loss_bbox: 0.1836
2025/05/16 11:11:09 - mmengine - INFO - Epoch(train) [3][6500/8276]  lr: 2.0000e-02  eta: 1:16:52  time: 0.1739  data_time: 0.0050  memory: 915  loss: 0.3951  loss_rpn_cls: 0.0253  loss_rpn_bbox: 0.0134  loss_cls: 0.1848  acc: 92.8711  loss_bbox: 0.1715
2025/05/16 11:11:18 - mmengine - INFO - Epoch(train) [3][6550/8276]  lr: 2.0000e-02  eta: 1:16:44  time: 0.1719  data_time: 0.0048  memory: 915  loss: 0.3578  loss_rpn_cls: 0.0270  loss_rpn_bbox: 0.0154  loss_cls: 0.1623  acc: 99.5117  loss_bbox: 0.1530
2025/05/16 11:11:26 - mmengine - INFO - Epoch(train) [3][6600/8276]  lr: 2.0000e-02  eta: 1:16:35  time: 0.1721  data_time: 0.0047  memory: 916  loss: 0.3993  loss_rpn_cls: 0.0300  loss_rpn_bbox: 0.0127  loss_cls: 0.1874  acc: 96.1914  loss_bbox: 0.1691
2025/05/16 11:11:35 - mmengine - INFO - Epoch(train) [3][6650/8276]  lr: 2.0000e-02  eta: 1:16:26  time: 0.1716  data_time: 0.0053  memory: 915  loss: 0.3943  loss_rpn_cls: 0.0306  loss_rpn_bbox: 0.0127  loss_cls: 0.1790  acc: 92.8711  loss_bbox: 0.1721
2025/05/16 11:11:44 - mmengine - INFO - Epoch(train) [3][6700/8276]  lr: 2.0000e-02  eta: 1:16:17  time: 0.1722  data_time: 0.0051  memory: 915  loss: 0.4054  loss_rpn_cls: 0.0309  loss_rpn_bbox: 0.0133  loss_cls: 0.1891  acc: 91.1133  loss_bbox: 0.1721
2025/05/16 11:11:52 - mmengine - INFO - Epoch(train) [3][6750/8276]  lr: 2.0000e-02  eta: 1:16:09  time: 0.1692  data_time: 0.0046  memory: 915  loss: 0.3615  loss_rpn_cls: 0.0233  loss_rpn_bbox: 0.0122  loss_cls: 0.1756  acc: 95.7031  loss_bbox: 0.1505
2025/05/16 11:12:01 - mmengine - INFO - Epoch(train) [3][6800/8276]  lr: 2.0000e-02  eta: 1:16:00  time: 0.1726  data_time: 0.0048  memory: 916  loss: 0.4377  loss_rpn_cls: 0.0309  loss_rpn_bbox: 0.0151  loss_cls: 0.2068  acc: 91.6992  loss_bbox: 0.1849
2025/05/16 11:12:09 - mmengine - INFO - Epoch(train) [3][6850/8276]  lr: 2.0000e-02  eta: 1:15:51  time: 0.1692  data_time: 0.0046  memory: 915  loss: 0.4335  loss_rpn_cls: 0.0325  loss_rpn_bbox: 0.0156  loss_cls: 0.1963  acc: 94.4336  loss_bbox: 0.1892
2025/05/16 11:12:18 - mmengine - INFO - Epoch(train) [3][6900/8276]  lr: 2.0000e-02  eta: 1:15:42  time: 0.1712  data_time: 0.0045  memory: 915  loss: 0.4116  loss_rpn_cls: 0.0299  loss_rpn_bbox: 0.0135  loss_cls: 0.1827  acc: 89.5508  loss_bbox: 0.1855
2025/05/16 11:12:26 - mmengine - INFO - Epoch(train) [3][6950/8276]  lr: 2.0000e-02  eta: 1:15:33  time: 0.1711  data_time: 0.0046  memory: 915  loss: 0.3488  loss_rpn_cls: 0.0236  loss_rpn_bbox: 0.0127  loss_cls: 0.1598  acc: 96.0938  loss_bbox: 0.1526
2025/05/16 11:12:35 - mmengine - INFO - Epoch(train) [3][7000/8276]  lr: 2.0000e-02  eta: 1:15:25  time: 0.1746  data_time: 0.0051  memory: 915  loss: 0.4048  loss_rpn_cls: 0.0205  loss_rpn_bbox: 0.0131  loss_cls: 0.1847  acc: 91.6992  loss_bbox: 0.1865
2025/05/16 11:12:44 - mmengine - INFO - Epoch(train) [3][7050/8276]  lr: 2.0000e-02  eta: 1:15:16  time: 0.1734  data_time: 0.0044  memory: 915  loss: 0.4055  loss_rpn_cls: 0.0282  loss_rpn_bbox: 0.0149  loss_cls: 0.1925  acc: 94.4336  loss_bbox: 0.1700
2025/05/16 11:12:52 - mmengine - INFO - Epoch(train) [3][7100/8276]  lr: 2.0000e-02  eta: 1:15:07  time: 0.1739  data_time: 0.0047  memory: 915  loss: 0.4650  loss_rpn_cls: 0.0308  loss_rpn_bbox: 0.0147  loss_cls: 0.2120  acc: 93.8477  loss_bbox: 0.2074
2025/05/16 11:13:01 - mmengine - INFO - Epoch(train) [3][7150/8276]  lr: 2.0000e-02  eta: 1:14:59  time: 0.1708  data_time: 0.0045  memory: 916  loss: 0.3866  loss_rpn_cls: 0.0242  loss_rpn_bbox: 0.0120  loss_cls: 0.1836  acc: 91.9922  loss_bbox: 0.1668
2025/05/16 11:13:09 - mmengine - INFO - Epoch(train) [3][7200/8276]  lr: 2.0000e-02  eta: 1:14:50  time: 0.1719  data_time: 0.0049  memory: 915  loss: 0.3448  loss_rpn_cls: 0.0282  loss_rpn_bbox: 0.0138  loss_cls: 0.1535  acc: 94.8242  loss_bbox: 0.1493
2025/05/16 11:13:18 - mmengine - INFO - Epoch(train) [3][7250/8276]  lr: 2.0000e-02  eta: 1:14:41  time: 0.1735  data_time: 0.0052  memory: 916  loss: 0.3690  loss_rpn_cls: 0.0226  loss_rpn_bbox: 0.0128  loss_cls: 0.1714  acc: 97.9492  loss_bbox: 0.1621
2025/05/16 11:13:27 - mmengine - INFO - Epoch(train) [3][7300/8276]  lr: 2.0000e-02  eta: 1:14:33  time: 0.1724  data_time: 0.0046  memory: 916  loss: 0.3659  loss_rpn_cls: 0.0196  loss_rpn_bbox: 0.0139  loss_cls: 0.1708  acc: 98.2422  loss_bbox: 0.1617
2025/05/16 11:13:35 - mmengine - INFO - Epoch(train) [3][7350/8276]  lr: 2.0000e-02  eta: 1:14:24  time: 0.1744  data_time: 0.0050  memory: 915  loss: 0.3848  loss_rpn_cls: 0.0222  loss_rpn_bbox: 0.0124  loss_cls: 0.1752  acc: 92.2852  loss_bbox: 0.1750
2025/05/16 11:13:44 - mmengine - INFO - Epoch(train) [3][7400/8276]  lr: 2.0000e-02  eta: 1:14:15  time: 0.1720  data_time: 0.0046  memory: 915  loss: 0.4748  loss_rpn_cls: 0.0287  loss_rpn_bbox: 0.0164  loss_cls: 0.2166  acc: 87.0117  loss_bbox: 0.2131
2025/05/16 11:13:52 - mmengine - INFO - Exp name: mask-rcnn_voc_20250516_095727
2025/05/16 11:13:53 - mmengine - INFO - Epoch(train) [3][7450/8276]  lr: 2.0000e-02  eta: 1:14:07  time: 0.1736  data_time: 0.0045  memory: 915  loss: 0.4177  loss_rpn_cls: 0.0314  loss_rpn_bbox: 0.0169  loss_cls: 0.1959  acc: 96.3867  loss_bbox: 0.1735
2025/05/16 11:14:01 - mmengine - INFO - Epoch(train) [3][7500/8276]  lr: 2.0000e-02  eta: 1:13:58  time: 0.1737  data_time: 0.0050  memory: 915  loss: 0.4135  loss_rpn_cls: 0.0265  loss_rpn_bbox: 0.0145  loss_cls: 0.1818  acc: 98.0469  loss_bbox: 0.1907
2025/05/16 11:14:10 - mmengine - INFO - Epoch(train) [3][7550/8276]  lr: 2.0000e-02  eta: 1:13:49  time: 0.1732  data_time: 0.0047  memory: 915  loss: 0.3853  loss_rpn_cls: 0.0204  loss_rpn_bbox: 0.0128  loss_cls: 0.1782  acc: 97.4609  loss_bbox: 0.1740
2025/05/16 11:14:19 - mmengine - INFO - Epoch(train) [3][7600/8276]  lr: 2.0000e-02  eta: 1:13:41  time: 0.1724  data_time: 0.0055  memory: 916  loss: 0.3981  loss_rpn_cls: 0.0325  loss_rpn_bbox: 0.0143  loss_cls: 0.1820  acc: 93.7500  loss_bbox: 0.1694
2025/05/16 11:14:27 - mmengine - INFO - Epoch(train) [3][7650/8276]  lr: 2.0000e-02  eta: 1:13:32  time: 0.1741  data_time: 0.0050  memory: 915  loss: 0.4131  loss_rpn_cls: 0.0279  loss_rpn_bbox: 0.0142  loss_cls: 0.1842  acc: 99.2188  loss_bbox: 0.1869
2025/05/16 11:14:36 - mmengine - INFO - Epoch(train) [3][7700/8276]  lr: 2.0000e-02  eta: 1:13:23  time: 0.1728  data_time: 0.0045  memory: 916  loss: 0.3756  loss_rpn_cls: 0.0321  loss_rpn_bbox: 0.0168  loss_cls: 0.1659  acc: 93.3594  loss_bbox: 0.1609
2025/05/16 11:14:45 - mmengine - INFO - Epoch(train) [3][7750/8276]  lr: 2.0000e-02  eta: 1:13:15  time: 0.1760  data_time: 0.0045  memory: 915  loss: 0.3299  loss_rpn_cls: 0.0245  loss_rpn_bbox: 0.0127  loss_cls: 0.1378  acc: 97.4609  loss_bbox: 0.1549
2025/05/16 11:14:54 - mmengine - INFO - Epoch(train) [3][7800/8276]  lr: 2.0000e-02  eta: 1:13:06  time: 0.1736  data_time: 0.0046  memory: 916  loss: 0.3707  loss_rpn_cls: 0.0218  loss_rpn_bbox: 0.0134  loss_cls: 0.1698  acc: 98.3398  loss_bbox: 0.1657
2025/05/16 11:15:02 - mmengine - INFO - Epoch(train) [3][7850/8276]  lr: 2.0000e-02  eta: 1:12:57  time: 0.1764  data_time: 0.0048  memory: 915  loss: 0.4566  loss_rpn_cls: 0.0349  loss_rpn_bbox: 0.0183  loss_cls: 0.2128  acc: 96.9727  loss_bbox: 0.1906
2025/05/16 11:15:11 - mmengine - INFO - Epoch(train) [3][7900/8276]  lr: 2.0000e-02  eta: 1:12:49  time: 0.1751  data_time: 0.0051  memory: 915  loss: 0.4012  loss_rpn_cls: 0.0293  loss_rpn_bbox: 0.0152  loss_cls: 0.1973  acc: 96.8750  loss_bbox: 0.1594
2025/05/16 11:15:20 - mmengine - INFO - Epoch(train) [3][7950/8276]  lr: 2.0000e-02  eta: 1:12:40  time: 0.1730  data_time: 0.0049  memory: 915  loss: 0.3946  loss_rpn_cls: 0.0240  loss_rpn_bbox: 0.0122  loss_cls: 0.1797  acc: 96.8750  loss_bbox: 0.1786
2025/05/16 11:15:29 - mmengine - INFO - Epoch(train) [3][8000/8276]  lr: 2.0000e-02  eta: 1:12:32  time: 0.1738  data_time: 0.0047  memory: 915  loss: 0.3941  loss_rpn_cls: 0.0234  loss_rpn_bbox: 0.0139  loss_cls: 0.1717  acc: 96.1914  loss_bbox: 0.1850
2025/05/16 11:15:37 - mmengine - INFO - Epoch(train) [3][8050/8276]  lr: 2.0000e-02  eta: 1:12:23  time: 0.1728  data_time: 0.0048  memory: 915  loss: 0.3999  loss_rpn_cls: 0.0278  loss_rpn_bbox: 0.0134  loss_cls: 0.1855  acc: 90.8203  loss_bbox: 0.1731
2025/05/16 11:15:46 - mmengine - INFO - Epoch(train) [3][8100/8276]  lr: 2.0000e-02  eta: 1:12:14  time: 0.1737  data_time: 0.0050  memory: 915  loss: 0.3919  loss_rpn_cls: 0.0220  loss_rpn_bbox: 0.0120  loss_cls: 0.1820  acc: 92.0898  loss_bbox: 0.1758
2025/05/16 11:15:55 - mmengine - INFO - Epoch(train) [3][8150/8276]  lr: 2.0000e-02  eta: 1:12:06  time: 0.1756  data_time: 0.0048  memory: 916  loss: 0.3296  loss_rpn_cls: 0.0177  loss_rpn_bbox: 0.0108  loss_cls: 0.1490  acc: 93.6523  loss_bbox: 0.1521
2025/05/16 11:16:03 - mmengine - INFO - Epoch(train) [3][8200/8276]  lr: 2.0000e-02  eta: 1:11:57  time: 0.1725  data_time: 0.0047  memory: 915  loss: 0.3453  loss_rpn_cls: 0.0234  loss_rpn_bbox: 0.0151  loss_cls: 0.1549  acc: 92.1875  loss_bbox: 0.1520
2025/05/16 11:16:12 - mmengine - INFO - Epoch(train) [3][8250/8276]  lr: 2.0000e-02  eta: 1:11:48  time: 0.1721  data_time: 0.0052  memory: 915  loss: 0.4527  loss_rpn_cls: 0.0375  loss_rpn_bbox: 0.0182  loss_cls: 0.1994  acc: 87.1094  loss_bbox: 0.1976
2025/05/16 11:16:16 - mmengine - INFO - Exp name: mask-rcnn_voc_20250516_095727
2025/05/16 11:16:16 - mmengine - INFO - Saving checkpoint at 3 epochs
2025/05/16 11:16:20 - mmengine - INFO - Epoch(val) [3][  50/4952]    eta: 0:03:25  time: 0.0419  data_time: 0.0024  memory: 916  
2025/05/16 11:16:22 - mmengine - INFO - Epoch(val) [3][ 100/4952]    eta: 0:03:19  time: 0.0404  data_time: 0.0022  memory: 450  
2025/05/16 11:16:24 - mmengine - INFO - Epoch(val) [3][ 150/4952]    eta: 0:03:16  time: 0.0404  data_time: 0.0023  memory: 451  
2025/05/16 11:16:26 - mmengine - INFO - Epoch(val) [3][ 200/4952]    eta: 0:03:13  time: 0.0405  data_time: 0.0021  memory: 450  
2025/05/16 11:16:28 - mmengine - INFO - Epoch(val) [3][ 250/4952]    eta: 0:03:11  time: 0.0404  data_time: 0.0022  memory: 451  
2025/05/16 11:16:30 - mmengine - INFO - Epoch(val) [3][ 300/4952]    eta: 0:03:08  time: 0.0401  data_time: 0.0020  memory: 450  
2025/05/16 11:16:32 - mmengine - INFO - Epoch(val) [3][ 350/4952]    eta: 0:03:06  time: 0.0404  data_time: 0.0022  memory: 451  
2025/05/16 11:16:35 - mmengine - INFO - Epoch(val) [3][ 400/4952]    eta: 0:03:04  time: 0.0404  data_time: 0.0022  memory: 450  
2025/05/16 11:16:37 - mmengine - INFO - Epoch(val) [3][ 450/4952]    eta: 0:03:02  time: 0.0405  data_time: 0.0022  memory: 450  
2025/05/16 11:16:39 - mmengine - INFO - Epoch(val) [3][ 500/4952]    eta: 0:03:00  time: 0.0404  data_time: 0.0023  memory: 450  
2025/05/16 11:16:41 - mmengine - INFO - Epoch(val) [3][ 550/4952]    eta: 0:02:58  time: 0.0408  data_time: 0.0026  memory: 450  
2025/05/16 11:16:43 - mmengine - INFO - Epoch(val) [3][ 600/4952]    eta: 0:02:56  time: 0.0404  data_time: 0.0027  memory: 451  
2025/05/16 11:16:45 - mmengine - INFO - Epoch(val) [3][ 650/4952]    eta: 0:02:54  time: 0.0406  data_time: 0.0024  memory: 450  
2025/05/16 11:16:47 - mmengine - INFO - Epoch(val) [3][ 700/4952]    eta: 0:02:52  time: 0.0404  data_time: 0.0022  memory: 450  
2025/05/16 11:16:49 - mmengine - INFO - Epoch(val) [3][ 750/4952]    eta: 0:02:50  time: 0.0405  data_time: 0.0025  memory: 451  
2025/05/16 11:16:51 - mmengine - INFO - Epoch(val) [3][ 800/4952]    eta: 0:02:48  time: 0.0405  data_time: 0.0024  memory: 449  
2025/05/16 11:16:53 - mmengine - INFO - Epoch(val) [3][ 850/4952]    eta: 0:02:46  time: 0.0404  data_time: 0.0022  memory: 451  
2025/05/16 11:16:55 - mmengine - INFO - Epoch(val) [3][ 900/4952]    eta: 0:02:44  time: 0.0405  data_time: 0.0021  memory: 451  
2025/05/16 11:16:57 - mmengine - INFO - Epoch(val) [3][ 950/4952]    eta: 0:02:42  time: 0.0405  data_time: 0.0021  memory: 450  
2025/05/16 11:16:59 - mmengine - INFO - Epoch(val) [3][1000/4952]    eta: 0:02:40  time: 0.0405  data_time: 0.0022  memory: 450  
2025/05/16 11:17:01 - mmengine - INFO - Epoch(val) [3][1050/4952]    eta: 0:02:38  time: 0.0404  data_time: 0.0024  memory: 451  
2025/05/16 11:17:03 - mmengine - INFO - Epoch(val) [3][1100/4952]    eta: 0:02:36  time: 0.0404  data_time: 0.0024  memory: 450  
2025/05/16 11:17:05 - mmengine - INFO - Epoch(val) [3][1150/4952]    eta: 0:02:33  time: 0.0404  data_time: 0.0024  memory: 452  
2025/05/16 11:17:07 - mmengine - INFO - Epoch(val) [3][1200/4952]    eta: 0:02:31  time: 0.0405  data_time: 0.0024  memory: 451  
2025/05/16 11:17:09 - mmengine - INFO - Epoch(val) [3][1250/4952]    eta: 0:02:29  time: 0.0404  data_time: 0.0024  memory: 450  
2025/05/16 11:17:11 - mmengine - INFO - Epoch(val) [3][1300/4952]    eta: 0:02:27  time: 0.0404  data_time: 0.0026  memory: 451  
2025/05/16 11:17:13 - mmengine - INFO - Epoch(val) [3][1350/4952]    eta: 0:02:25  time: 0.0405  data_time: 0.0025  memory: 450  
2025/05/16 11:17:15 - mmengine - INFO - Epoch(val) [3][1400/4952]    eta: 0:02:23  time: 0.0404  data_time: 0.0023  memory: 451  
2025/05/16 11:17:17 - mmengine - INFO - Epoch(val) [3][1450/4952]    eta: 0:02:21  time: 0.0404  data_time: 0.0021  memory: 451  
2025/05/16 11:17:19 - mmengine - INFO - Epoch(val) [3][1500/4952]    eta: 0:02:19  time: 0.0405  data_time: 0.0022  memory: 450  
2025/05/16 11:17:21 - mmengine - INFO - Epoch(val) [3][1550/4952]    eta: 0:02:17  time: 0.0403  data_time: 0.0022  memory: 451  
2025/05/16 11:17:23 - mmengine - INFO - Epoch(val) [3][1600/4952]    eta: 0:02:15  time: 0.0404  data_time: 0.0022  memory: 450  
2025/05/16 11:17:25 - mmengine - INFO - Epoch(val) [3][1650/4952]    eta: 0:02:13  time: 0.0404  data_time: 0.0025  memory: 450  
2025/05/16 11:17:27 - mmengine - INFO - Epoch(val) [3][1700/4952]    eta: 0:02:11  time: 0.0404  data_time: 0.0024  memory: 450  
2025/05/16 11:17:29 - mmengine - INFO - Epoch(val) [3][1750/4952]    eta: 0:02:09  time: 0.0404  data_time: 0.0024  memory: 449  
2025/05/16 11:17:31 - mmengine - INFO - Epoch(val) [3][1800/4952]    eta: 0:02:07  time: 0.0403  data_time: 0.0024  memory: 450  
2025/05/16 11:17:33 - mmengine - INFO - Epoch(val) [3][1850/4952]    eta: 0:02:05  time: 0.0404  data_time: 0.0023  memory: 451  
2025/05/16 11:17:35 - mmengine - INFO - Epoch(val) [3][1900/4952]    eta: 0:02:03  time: 0.0400  data_time: 0.0023  memory: 450  
2025/05/16 11:17:37 - mmengine - INFO - Epoch(val) [3][1950/4952]    eta: 0:02:01  time: 0.0400  data_time: 0.0022  memory: 451  
2025/05/16 11:17:39 - mmengine - INFO - Epoch(val) [3][2000/4952]    eta: 0:01:59  time: 0.0404  data_time: 0.0021  memory: 450  
2025/05/16 11:17:41 - mmengine - INFO - Epoch(val) [3][2050/4952]    eta: 0:01:57  time: 0.0404  data_time: 0.0023  memory: 451  
2025/05/16 11:17:43 - mmengine - INFO - Epoch(val) [3][2100/4952]    eta: 0:01:55  time: 0.0404  data_time: 0.0023  memory: 450  
2025/05/16 11:17:45 - mmengine - INFO - Epoch(val) [3][2150/4952]    eta: 0:01:53  time: 0.0404  data_time: 0.0027  memory: 451  
2025/05/16 11:17:47 - mmengine - INFO - Epoch(val) [3][2200/4952]    eta: 0:01:51  time: 0.0403  data_time: 0.0022  memory: 450  
2025/05/16 11:17:49 - mmengine - INFO - Epoch(val) [3][2250/4952]    eta: 0:01:49  time: 0.0405  data_time: 0.0022  memory: 449  
2025/05/16 11:17:51 - mmengine - INFO - Epoch(val) [3][2300/4952]    eta: 0:01:47  time: 0.0405  data_time: 0.0021  memory: 450  
2025/05/16 11:17:53 - mmengine - INFO - Epoch(val) [3][2350/4952]    eta: 0:01:45  time: 0.0401  data_time: 0.0022  memory: 451  
2025/05/16 11:17:55 - mmengine - INFO - Epoch(val) [3][2400/4952]    eta: 0:01:43  time: 0.0405  data_time: 0.0024  memory: 451  
2025/05/16 11:17:57 - mmengine - INFO - Epoch(val) [3][2450/4952]    eta: 0:01:41  time: 0.0405  data_time: 0.0023  memory: 450  
2025/05/16 11:17:59 - mmengine - INFO - Epoch(val) [3][2500/4952]    eta: 0:01:39  time: 0.0404  data_time: 0.0021  memory: 450  
2025/05/16 11:18:02 - mmengine - INFO - Epoch(val) [3][2550/4952]    eta: 0:01:37  time: 0.0405  data_time: 0.0025  memory: 450  
2025/05/16 11:18:04 - mmengine - INFO - Epoch(val) [3][2600/4952]    eta: 0:01:35  time: 0.0405  data_time: 0.0022  memory: 451  
2025/05/16 11:18:06 - mmengine - INFO - Epoch(val) [3][2650/4952]    eta: 0:01:33  time: 0.0405  data_time: 0.0021  memory: 451  
2025/05/16 11:18:08 - mmengine - INFO - Epoch(val) [3][2700/4952]    eta: 0:01:31  time: 0.0405  data_time: 0.0020  memory: 450  
2025/05/16 11:18:10 - mmengine - INFO - Epoch(val) [3][2750/4952]    eta: 0:01:29  time: 0.0403  data_time: 0.0020  memory: 450  
2025/05/16 11:18:12 - mmengine - INFO - Epoch(val) [3][2800/4952]    eta: 0:01:27  time: 0.0402  data_time: 0.0021  memory: 450  
2025/05/16 11:18:14 - mmengine - INFO - Epoch(val) [3][2850/4952]    eta: 0:01:24  time: 0.0402  data_time: 0.0021  memory: 451  
2025/05/16 11:18:16 - mmengine - INFO - Epoch(val) [3][2900/4952]    eta: 0:01:22  time: 0.0404  data_time: 0.0023  memory: 451  
2025/05/16 11:18:18 - mmengine - INFO - Epoch(val) [3][2950/4952]    eta: 0:01:20  time: 0.0404  data_time: 0.0023  memory: 450  
2025/05/16 11:18:20 - mmengine - INFO - Epoch(val) [3][3000/4952]    eta: 0:01:18  time: 0.0404  data_time: 0.0026  memory: 450  
2025/05/16 11:18:22 - mmengine - INFO - Epoch(val) [3][3050/4952]    eta: 0:01:16  time: 0.0404  data_time: 0.0022  memory: 449  
2025/05/16 11:18:24 - mmengine - INFO - Epoch(val) [3][3100/4952]    eta: 0:01:14  time: 0.0403  data_time: 0.0022  memory: 450  
2025/05/16 11:18:26 - mmengine - INFO - Epoch(val) [3][3150/4952]    eta: 0:01:12  time: 0.0404  data_time: 0.0024  memory: 451  
2025/05/16 11:18:28 - mmengine - INFO - Epoch(val) [3][3200/4952]    eta: 0:01:10  time: 0.0401  data_time: 0.0022  memory: 451  
2025/05/16 11:18:30 - mmengine - INFO - Epoch(val) [3][3250/4952]    eta: 0:01:08  time: 0.0403  data_time: 0.0022  memory: 450  
2025/05/16 11:18:32 - mmengine - INFO - Epoch(val) [3][3300/4952]    eta: 0:01:06  time: 0.0405  data_time: 0.0023  memory: 450  
2025/05/16 11:18:34 - mmengine - INFO - Epoch(val) [3][3350/4952]    eta: 0:01:04  time: 0.0404  data_time: 0.0022  memory: 449  
2025/05/16 11:18:36 - mmengine - INFO - Epoch(val) [3][3400/4952]    eta: 0:01:02  time: 0.0404  data_time: 0.0022  memory: 450  
2025/05/16 11:18:38 - mmengine - INFO - Epoch(val) [3][3450/4952]    eta: 0:01:00  time: 0.0400  data_time: 0.0020  memory: 450  
2025/05/16 11:18:40 - mmengine - INFO - Epoch(val) [3][3500/4952]    eta: 0:00:58  time: 0.0405  data_time: 0.0021  memory: 451  
2025/05/16 11:18:42 - mmengine - INFO - Epoch(val) [3][3550/4952]    eta: 0:00:56  time: 0.0404  data_time: 0.0022  memory: 451  
2025/05/16 11:18:44 - mmengine - INFO - Epoch(val) [3][3600/4952]    eta: 0:00:54  time: 0.0404  data_time: 0.0021  memory: 452  
2025/05/16 11:18:46 - mmengine - INFO - Epoch(val) [3][3650/4952]    eta: 0:00:52  time: 0.0404  data_time: 0.0023  memory: 451  
2025/05/16 11:18:48 - mmengine - INFO - Epoch(val) [3][3700/4952]    eta: 0:00:50  time: 0.0404  data_time: 0.0025  memory: 450  
2025/05/16 11:18:50 - mmengine - INFO - Epoch(val) [3][3750/4952]    eta: 0:00:48  time: 0.0404  data_time: 0.0022  memory: 450  
2025/05/16 11:18:52 - mmengine - INFO - Epoch(val) [3][3800/4952]    eta: 0:00:46  time: 0.0404  data_time: 0.0023  memory: 450  
2025/05/16 11:18:54 - mmengine - INFO - Epoch(val) [3][3850/4952]    eta: 0:00:44  time: 0.0404  data_time: 0.0024  memory: 450  
2025/05/16 11:18:56 - mmengine - INFO - Epoch(val) [3][3900/4952]    eta: 0:00:42  time: 0.0404  data_time: 0.0020  memory: 450  
2025/05/16 11:18:58 - mmengine - INFO - Epoch(val) [3][3950/4952]    eta: 0:00:40  time: 0.0404  data_time: 0.0020  memory: 451  
2025/05/16 11:19:00 - mmengine - INFO - Epoch(val) [3][4000/4952]    eta: 0:00:38  time: 0.0405  data_time: 0.0021  memory: 451  
2025/05/16 11:19:02 - mmengine - INFO - Epoch(val) [3][4050/4952]    eta: 0:00:36  time: 0.0406  data_time: 0.0023  memory: 451  
2025/05/16 11:19:04 - mmengine - INFO - Epoch(val) [3][4100/4952]    eta: 0:00:34  time: 0.0405  data_time: 0.0025  memory: 450  
2025/05/16 11:19:06 - mmengine - INFO - Epoch(val) [3][4150/4952]    eta: 0:00:32  time: 0.0404  data_time: 0.0021  memory: 451  
2025/05/16 11:19:08 - mmengine - INFO - Epoch(val) [3][4200/4952]    eta: 0:00:30  time: 0.0405  data_time: 0.0025  memory: 450  
2025/05/16 11:19:10 - mmengine - INFO - Epoch(val) [3][4250/4952]    eta: 0:00:28  time: 0.0404  data_time: 0.0025  memory: 451  
2025/05/16 11:19:12 - mmengine - INFO - Epoch(val) [3][4300/4952]    eta: 0:00:26  time: 0.0405  data_time: 0.0022  memory: 451  
2025/05/16 11:19:14 - mmengine - INFO - Epoch(val) [3][4350/4952]    eta: 0:00:24  time: 0.0404  data_time: 0.0021  memory: 451  
2025/05/16 11:19:16 - mmengine - INFO - Epoch(val) [3][4400/4952]    eta: 0:00:22  time: 0.0404  data_time: 0.0022  memory: 450  
2025/05/16 11:19:18 - mmengine - INFO - Epoch(val) [3][4450/4952]    eta: 0:00:20  time: 0.0404  data_time: 0.0023  memory: 450  
2025/05/16 11:19:20 - mmengine - INFO - Epoch(val) [3][4500/4952]    eta: 0:00:18  time: 0.0404  data_time: 0.0022  memory: 450  
2025/05/16 11:19:22 - mmengine - INFO - Epoch(val) [3][4550/4952]    eta: 0:00:16  time: 0.0404  data_time: 0.0022  memory: 451  
2025/05/16 11:19:24 - mmengine - INFO - Epoch(val) [3][4600/4952]    eta: 0:00:14  time: 0.0404  data_time: 0.0023  memory: 450  
2025/05/16 11:19:26 - mmengine - INFO - Epoch(val) [3][4650/4952]    eta: 0:00:12  time: 0.0404  data_time: 0.0024  memory: 450  
2025/05/16 11:19:28 - mmengine - INFO - Epoch(val) [3][4700/4952]    eta: 0:00:10  time: 0.0404  data_time: 0.0023  memory: 450  
2025/05/16 11:19:31 - mmengine - INFO - Epoch(val) [3][4750/4952]    eta: 0:00:08  time: 0.0406  data_time: 0.0022  memory: 450  
2025/05/16 11:19:33 - mmengine - INFO - Epoch(val) [3][4800/4952]    eta: 0:00:06  time: 0.0402  data_time: 0.0022  memory: 450  
2025/05/16 11:19:35 - mmengine - INFO - Epoch(val) [3][4850/4952]    eta: 0:00:04  time: 0.0404  data_time: 0.0022  memory: 450  
2025/05/16 11:19:37 - mmengine - INFO - Epoch(val) [3][4900/4952]    eta: 0:00:02  time: 0.0404  data_time: 0.0021  memory: 451  
2025/05/16 11:19:39 - mmengine - INFO - Epoch(val) [3][4950/4952]    eta: 0:00:00  time: 0.0404  data_time: 0.0021  memory: 451  
2025/05/16 11:19:39 - mmengine - INFO - 
---------------iou_thr: 0.5---------------
2025/05/16 11:19:42 - mmengine - INFO - 
+-------------+------+-------+--------+-------+
| class       | gts  | dets  | recall | ap    |
+-------------+------+-------+--------+-------+
| aeroplane   | 285  | 1463  | 0.712  | 0.512 |
| bicycle     | 337  | 2362  | 0.855  | 0.582 |
| bird        | 459  | 2208  | 0.660  | 0.359 |
| boat        | 263  | 1473  | 0.643  | 0.356 |
| bottle      | 469  | 3654  | 0.533  | 0.306 |
| bus         | 213  | 1600  | 0.845  | 0.631 |
| car         | 1201 | 4159  | 0.804  | 0.696 |
| cat         | 358  | 2395  | 0.880  | 0.645 |
| chair       | 756  | 17449 | 0.836  | 0.391 |
| cow         | 244  | 5529  | 0.918  | 0.429 |
| diningtable | 206  | 3699  | 0.835  | 0.537 |
| dog         | 489  | 4006  | 0.935  | 0.539 |
| horse       | 348  | 5525  | 0.940  | 0.639 |
| motorbike   | 325  | 1796  | 0.834  | 0.599 |
| person      | 4528 | 26121 | 0.855  | 0.687 |
| pottedplant | 480  | 5073  | 0.696  | 0.342 |
| sheep       | 242  | 2513  | 0.773  | 0.471 |
| sofa        | 239  | 2168  | 0.891  | 0.600 |
| train       | 282  | 5666  | 0.897  | 0.583 |
| tvmonitor   | 308  | 3378  | 0.834  | 0.576 |
+-------------+------+-------+--------+-------+
| mAP         |      |       |        | 0.524 |
+-------------+------+-------+--------+-------+
2025/05/16 11:19:42 - mmengine - INFO - Epoch(val) [3][4952/4952]    pascal_voc/mAP: 0.5239  pascal_voc/AP50: 0.5240  data_time: 0.0023  time: 0.0404
2025/05/16 11:19:51 - mmengine - INFO - Epoch(train) [4][  50/8276]  lr: 2.0000e-02  eta: 1:11:35  time: 0.1730  data_time: 0.0051  memory: 916  loss: 0.4332  loss_rpn_cls: 0.0291  loss_rpn_bbox: 0.0163  loss_cls: 0.1983  acc: 92.3828  loss_bbox: 0.1895
2025/05/16 11:19:59 - mmengine - INFO - Epoch(train) [4][ 100/8276]  lr: 2.0000e-02  eta: 1:11:26  time: 0.1740  data_time: 0.0047  memory: 916  loss: 0.3877  loss_rpn_cls: 0.0244  loss_rpn_bbox: 0.0139  loss_cls: 0.1816  acc: 93.5547  loss_bbox: 0.1679
2025/05/16 11:20:08 - mmengine - INFO - Epoch(train) [4][ 150/8276]  lr: 2.0000e-02  eta: 1:11:18  time: 0.1713  data_time: 0.0050  memory: 915  loss: 0.3050  loss_rpn_cls: 0.0184  loss_rpn_bbox: 0.0115  loss_cls: 0.1337  acc: 96.8750  loss_bbox: 0.1415
2025/05/16 11:20:12 - mmengine - INFO - Exp name: mask-rcnn_voc_20250516_095727
2025/05/16 11:20:17 - mmengine - INFO - Epoch(train) [4][ 200/8276]  lr: 2.0000e-02  eta: 1:11:09  time: 0.1743  data_time: 0.0046  memory: 915  loss: 0.3619  loss_rpn_cls: 0.0226  loss_rpn_bbox: 0.0131  loss_cls: 0.1553  acc: 98.4375  loss_bbox: 0.1709
2025/05/16 11:20:25 - mmengine - INFO - Epoch(train) [4][ 250/8276]  lr: 2.0000e-02  eta: 1:11:00  time: 0.1754  data_time: 0.0049  memory: 915  loss: 0.3483  loss_rpn_cls: 0.0168  loss_rpn_bbox: 0.0101  loss_cls: 0.1591  acc: 98.0469  loss_bbox: 0.1623
2025/05/16 11:20:34 - mmengine - INFO - Epoch(train) [4][ 300/8276]  lr: 2.0000e-02  eta: 1:10:52  time: 0.1712  data_time: 0.0047  memory: 915  loss: 0.4310  loss_rpn_cls: 0.0258  loss_rpn_bbox: 0.0144  loss_cls: 0.1948  acc: 95.1172  loss_bbox: 0.1959
2025/05/16 11:20:43 - mmengine - INFO - Epoch(train) [4][ 350/8276]  lr: 2.0000e-02  eta: 1:10:43  time: 0.1728  data_time: 0.0047  memory: 916  loss: 0.3735  loss_rpn_cls: 0.0187  loss_rpn_bbox: 0.0129  loss_cls: 0.1622  acc: 97.6562  loss_bbox: 0.1797
2025/05/16 11:20:51 - mmengine - INFO - Epoch(train) [4][ 400/8276]  lr: 2.0000e-02  eta: 1:10:34  time: 0.1713  data_time: 0.0047  memory: 915  loss: 0.3637  loss_rpn_cls: 0.0237  loss_rpn_bbox: 0.0133  loss_cls: 0.1621  acc: 94.1406  loss_bbox: 0.1647
2025/05/16 11:21:00 - mmengine - INFO - Epoch(train) [4][ 450/8276]  lr: 2.0000e-02  eta: 1:10:25  time: 0.1712  data_time: 0.0051  memory: 915  loss: 0.4343  loss_rpn_cls: 0.0358  loss_rpn_bbox: 0.0167  loss_cls: 0.1937  acc: 96.3867  loss_bbox: 0.1882
2025/05/16 11:21:08 - mmengine - INFO - Epoch(train) [4][ 500/8276]  lr: 2.0000e-02  eta: 1:10:17  time: 0.1726  data_time: 0.0048  memory: 915  loss: 0.3874  loss_rpn_cls: 0.0214  loss_rpn_bbox: 0.0141  loss_cls: 0.1733  acc: 97.6562  loss_bbox: 0.1785
2025/05/16 11:21:17 - mmengine - INFO - Epoch(train) [4][ 550/8276]  lr: 2.0000e-02  eta: 1:10:08  time: 0.1746  data_time: 0.0049  memory: 916  loss: 0.3866  loss_rpn_cls: 0.0273  loss_rpn_bbox: 0.0127  loss_cls: 0.1744  acc: 96.1914  loss_bbox: 0.1723
2025/05/16 11:21:26 - mmengine - INFO - Epoch(train) [4][ 600/8276]  lr: 2.0000e-02  eta: 1:09:59  time: 0.1737  data_time: 0.0051  memory: 916  loss: 0.3544  loss_rpn_cls: 0.0178  loss_rpn_bbox: 0.0112  loss_cls: 0.1595  acc: 98.7305  loss_bbox: 0.1659
2025/05/16 11:21:35 - mmengine - INFO - Epoch(train) [4][ 650/8276]  lr: 2.0000e-02  eta: 1:09:51  time: 0.1730  data_time: 0.0052  memory: 885  loss: 0.3631  loss_rpn_cls: 0.0242  loss_rpn_bbox: 0.0134  loss_cls: 0.1611  acc: 98.7305  loss_bbox: 0.1643
2025/05/16 11:21:43 - mmengine - INFO - Epoch(train) [4][ 700/8276]  lr: 2.0000e-02  eta: 1:09:42  time: 0.1745  data_time: 0.0050  memory: 915  loss: 0.3389  loss_rpn_cls: 0.0171  loss_rpn_bbox: 0.0124  loss_cls: 0.1610  acc: 94.2383  loss_bbox: 0.1484
2025/05/16 11:21:52 - mmengine - INFO - Epoch(train) [4][ 750/8276]  lr: 2.0000e-02  eta: 1:09:34  time: 0.1762  data_time: 0.0047  memory: 915  loss: 0.3647  loss_rpn_cls: 0.0175  loss_rpn_bbox: 0.0119  loss_cls: 0.1649  acc: 90.0391  loss_bbox: 0.1703
2025/05/16 11:22:01 - mmengine - INFO - Epoch(train) [4][ 800/8276]  lr: 2.0000e-02  eta: 1:09:25  time: 0.1736  data_time: 0.0051  memory: 915  loss: 0.3795  loss_rpn_cls: 0.0240  loss_rpn_bbox: 0.0128  loss_cls: 0.1661  acc: 97.9492  loss_bbox: 0.1766
2025/05/16 11:22:09 - mmengine - INFO - Epoch(train) [4][ 850/8276]  lr: 2.0000e-02  eta: 1:09:16  time: 0.1722  data_time: 0.0050  memory: 916  loss: 0.3725  loss_rpn_cls: 0.0216  loss_rpn_bbox: 0.0130  loss_cls: 0.1629  acc: 98.0469  loss_bbox: 0.1751
2025/05/16 11:22:18 - mmengine - INFO - Epoch(train) [4][ 900/8276]  lr: 2.0000e-02  eta: 1:09:07  time: 0.1724  data_time: 0.0048  memory: 915  loss: 0.3789  loss_rpn_cls: 0.0217  loss_rpn_bbox: 0.0144  loss_cls: 0.1701  acc: 96.7773  loss_bbox: 0.1727
2025/05/16 11:22:27 - mmengine - INFO - Epoch(train) [4][ 950/8276]  lr: 2.0000e-02  eta: 1:08:59  time: 0.1720  data_time: 0.0051  memory: 915  loss: 0.3801  loss_rpn_cls: 0.0209  loss_rpn_bbox: 0.0137  loss_cls: 0.1748  acc: 94.6289  loss_bbox: 0.1707
2025/05/16 11:22:35 - mmengine - INFO - Epoch(train) [4][1000/8276]  lr: 2.0000e-02  eta: 1:08:50  time: 0.1749  data_time: 0.0048  memory: 916  loss: 0.4191  loss_rpn_cls: 0.0251  loss_rpn_bbox: 0.0154  loss_cls: 0.1889  acc: 96.1914  loss_bbox: 0.1896
2025/05/16 11:22:44 - mmengine - INFO - Epoch(train) [4][1050/8276]  lr: 2.0000e-02  eta: 1:08:42  time: 0.1747  data_time: 0.0048  memory: 915  loss: 0.3509  loss_rpn_cls: 0.0251  loss_rpn_bbox: 0.0123  loss_cls: 0.1594  acc: 95.9961  loss_bbox: 0.1541
2025/05/16 11:22:53 - mmengine - INFO - Epoch(train) [4][1100/8276]  lr: 2.0000e-02  eta: 1:08:33  time: 0.1772  data_time: 0.0051  memory: 916  loss: 0.3514  loss_rpn_cls: 0.0181  loss_rpn_bbox: 0.0111  loss_cls: 0.1648  acc: 88.6719  loss_bbox: 0.1575
2025/05/16 11:23:02 - mmengine - INFO - Epoch(train) [4][1150/8276]  lr: 2.0000e-02  eta: 1:08:25  time: 0.1760  data_time: 0.0048  memory: 916  loss: 0.3466  loss_rpn_cls: 0.0151  loss_rpn_bbox: 0.0132  loss_cls: 0.1577  acc: 92.4805  loss_bbox: 0.1606
2025/05/16 11:23:06 - mmengine - INFO - Exp name: mask-rcnn_voc_20250516_095727
2025/05/16 11:23:11 - mmengine - INFO - Epoch(train) [4][1200/8276]  lr: 2.0000e-02  eta: 1:08:16  time: 0.1753  data_time: 0.0048  memory: 916  loss: 0.3746  loss_rpn_cls: 0.0235  loss_rpn_bbox: 0.0127  loss_cls: 0.1707  acc: 97.7539  loss_bbox: 0.1677
2025/05/16 11:23:19 - mmengine - INFO - Epoch(train) [4][1250/8276]  lr: 2.0000e-02  eta: 1:08:07  time: 0.1708  data_time: 0.0046  memory: 916  loss: 0.4142  loss_rpn_cls: 0.0313  loss_rpn_bbox: 0.0141  loss_cls: 0.1871  acc: 91.0156  loss_bbox: 0.1816
2025/05/16 11:23:28 - mmengine - INFO - Epoch(train) [4][1300/8276]  lr: 2.0000e-02  eta: 1:07:58  time: 0.1704  data_time: 0.0047  memory: 916  loss: 0.4050  loss_rpn_cls: 0.0308  loss_rpn_bbox: 0.0146  loss_cls: 0.1795  acc: 94.9219  loss_bbox: 0.1801
2025/05/16 11:23:36 - mmengine - INFO - Epoch(train) [4][1350/8276]  lr: 2.0000e-02  eta: 1:07:50  time: 0.1718  data_time: 0.0045  memory: 915  loss: 0.4040  loss_rpn_cls: 0.0273  loss_rpn_bbox: 0.0149  loss_cls: 0.1812  acc: 94.2383  loss_bbox: 0.1806
2025/05/16 11:23:45 - mmengine - INFO - Epoch(train) [4][1400/8276]  lr: 2.0000e-02  eta: 1:07:41  time: 0.1709  data_time: 0.0046  memory: 916  loss: 0.4125  loss_rpn_cls: 0.0254  loss_rpn_bbox: 0.0160  loss_cls: 0.1830  acc: 96.0938  loss_bbox: 0.1882
2025/05/16 11:23:53 - mmengine - INFO - Epoch(train) [4][1450/8276]  lr: 2.0000e-02  eta: 1:07:32  time: 0.1732  data_time: 0.0043  memory: 916  loss: 0.4007  loss_rpn_cls: 0.0280  loss_rpn_bbox: 0.0146  loss_cls: 0.1896  acc: 95.3125  loss_bbox: 0.1685
2025/05/16 11:24:02 - mmengine - INFO - Epoch(train) [4][1500/8276]  lr: 2.0000e-02  eta: 1:07:24  time: 0.1742  data_time: 0.0043  memory: 915  loss: 0.3683  loss_rpn_cls: 0.0194  loss_rpn_bbox: 0.0128  loss_cls: 0.1670  acc: 98.7305  loss_bbox: 0.1692
2025/05/16 11:24:11 - mmengine - INFO - Epoch(train) [4][1550/8276]  lr: 2.0000e-02  eta: 1:07:15  time: 0.1718  data_time: 0.0043  memory: 915  loss: 0.4300  loss_rpn_cls: 0.0265  loss_rpn_bbox: 0.0144  loss_cls: 0.1981  acc: 96.2891  loss_bbox: 0.1910
2025/05/16 11:24:19 - mmengine - INFO - Epoch(train) [4][1600/8276]  lr: 2.0000e-02  eta: 1:07:06  time: 0.1716  data_time: 0.0040  memory: 915  loss: 0.3748  loss_rpn_cls: 0.0237  loss_rpn_bbox: 0.0128  loss_cls: 0.1725  acc: 96.6797  loss_bbox: 0.1658
2025/05/16 11:24:28 - mmengine - INFO - Epoch(train) [4][1650/8276]  lr: 2.0000e-02  eta: 1:06:57  time: 0.1729  data_time: 0.0046  memory: 915  loss: 0.3907  loss_rpn_cls: 0.0220  loss_rpn_bbox: 0.0128  loss_cls: 0.1855  acc: 95.2148  loss_bbox: 0.1704
2025/05/16 11:24:36 - mmengine - INFO - Epoch(train) [4][1700/8276]  lr: 2.0000e-02  eta: 1:06:49  time: 0.1711  data_time: 0.0045  memory: 915  loss: 0.3578  loss_rpn_cls: 0.0263  loss_rpn_bbox: 0.0134  loss_cls: 0.1543  acc: 95.9961  loss_bbox: 0.1638
2025/05/16 11:24:45 - mmengine - INFO - Epoch(train) [4][1750/8276]  lr: 2.0000e-02  eta: 1:06:40  time: 0.1701  data_time: 0.0045  memory: 915  loss: 0.3855  loss_rpn_cls: 0.0267  loss_rpn_bbox: 0.0128  loss_cls: 0.1751  acc: 93.9453  loss_bbox: 0.1709
2025/05/16 11:24:54 - mmengine - INFO - Epoch(train) [4][1800/8276]  lr: 2.0000e-02  eta: 1:06:31  time: 0.1715  data_time: 0.0043  memory: 915  loss: 0.3643  loss_rpn_cls: 0.0182  loss_rpn_bbox: 0.0142  loss_cls: 0.1609  acc: 92.6758  loss_bbox: 0.1710
2025/05/16 11:25:02 - mmengine - INFO - Epoch(train) [4][1850/8276]  lr: 2.0000e-02  eta: 1:06:22  time: 0.1738  data_time: 0.0045  memory: 916  loss: 0.3779  loss_rpn_cls: 0.0283  loss_rpn_bbox: 0.0153  loss_cls: 0.1721  acc: 92.5781  loss_bbox: 0.1622
2025/05/16 11:25:11 - mmengine - INFO - Epoch(train) [4][1900/8276]  lr: 2.0000e-02  eta: 1:06:14  time: 0.1745  data_time: 0.0043  memory: 916  loss: 0.3543  loss_rpn_cls: 0.0282  loss_rpn_bbox: 0.0132  loss_cls: 0.1626  acc: 97.6562  loss_bbox: 0.1504
2025/05/16 11:25:20 - mmengine - INFO - Epoch(train) [4][1950/8276]  lr: 2.0000e-02  eta: 1:06:05  time: 0.1735  data_time: 0.0049  memory: 916  loss: 0.4481  loss_rpn_cls: 0.0347  loss_rpn_bbox: 0.0141  loss_cls: 0.2126  acc: 85.5469  loss_bbox: 0.1867
2025/05/16 11:25:28 - mmengine - INFO - Epoch(train) [4][2000/8276]  lr: 2.0000e-02  eta: 1:05:56  time: 0.1732  data_time: 0.0049  memory: 915  loss: 0.3308  loss_rpn_cls: 0.0218  loss_rpn_bbox: 0.0114  loss_cls: 0.1547  acc: 95.9961  loss_bbox: 0.1429
2025/05/16 11:25:37 - mmengine - INFO - Epoch(train) [4][2050/8276]  lr: 2.0000e-02  eta: 1:05:48  time: 0.1743  data_time: 0.0050  memory: 915  loss: 0.3603  loss_rpn_cls: 0.0199  loss_rpn_bbox: 0.0121  loss_cls: 0.1608  acc: 95.9961  loss_bbox: 0.1675
2025/05/16 11:25:46 - mmengine - INFO - Epoch(train) [4][2100/8276]  lr: 2.0000e-02  eta: 1:05:39  time: 0.1720  data_time: 0.0048  memory: 916  loss: 0.4055  loss_rpn_cls: 0.0202  loss_rpn_bbox: 0.0131  loss_cls: 0.1835  acc: 91.9922  loss_bbox: 0.1887
2025/05/16 11:25:54 - mmengine - INFO - Epoch(train) [4][2150/8276]  lr: 2.0000e-02  eta: 1:05:30  time: 0.1750  data_time: 0.0052  memory: 915  loss: 0.3490  loss_rpn_cls: 0.0216  loss_rpn_bbox: 0.0135  loss_cls: 0.1672  acc: 95.1172  loss_bbox: 0.1467
2025/05/16 11:25:58 - mmengine - INFO - Exp name: mask-rcnn_voc_20250516_095727
2025/05/16 11:26:03 - mmengine - INFO - Epoch(train) [4][2200/8276]  lr: 2.0000e-02  eta: 1:05:22  time: 0.1726  data_time: 0.0045  memory: 915  loss: 0.4290  loss_rpn_cls: 0.0282  loss_rpn_bbox: 0.0154  loss_cls: 0.1961  acc: 81.7383  loss_bbox: 0.1893
2025/05/16 11:26:12 - mmengine - INFO - Epoch(train) [4][2250/8276]  lr: 2.0000e-02  eta: 1:05:13  time: 0.1736  data_time: 0.0049  memory: 885  loss: 0.3399  loss_rpn_cls: 0.0262  loss_rpn_bbox: 0.0169  loss_cls: 0.1509  acc: 94.3359  loss_bbox: 0.1458
2025/05/16 11:26:20 - mmengine - INFO - Epoch(train) [4][2300/8276]  lr: 2.0000e-02  eta: 1:05:05  time: 0.1755  data_time: 0.0047  memory: 885  loss: 0.3596  loss_rpn_cls: 0.0207  loss_rpn_bbox: 0.0135  loss_cls: 0.1706  acc: 93.2617  loss_bbox: 0.1549
2025/05/16 11:26:29 - mmengine - INFO - Epoch(train) [4][2350/8276]  lr: 2.0000e-02  eta: 1:04:56  time: 0.1731  data_time: 0.0049  memory: 915  loss: 0.3810  loss_rpn_cls: 0.0298  loss_rpn_bbox: 0.0155  loss_cls: 0.1693  acc: 96.9727  loss_bbox: 0.1664
2025/05/16 11:26:38 - mmengine - INFO - Epoch(train) [4][2400/8276]  lr: 2.0000e-02  eta: 1:04:47  time: 0.1752  data_time: 0.0050  memory: 915  loss: 0.3970  loss_rpn_cls: 0.0336  loss_rpn_bbox: 0.0165  loss_cls: 0.1770  acc: 90.5273  loss_bbox: 0.1698
2025/05/16 11:26:47 - mmengine - INFO - Epoch(train) [4][2450/8276]  lr: 2.0000e-02  eta: 1:04:39  time: 0.1732  data_time: 0.0055  memory: 915  loss: 0.3711  loss_rpn_cls: 0.0242  loss_rpn_bbox: 0.0153  loss_cls: 0.1691  acc: 93.3594  loss_bbox: 0.1625
2025/05/16 11:26:55 - mmengine - INFO - Epoch(train) [4][2500/8276]  lr: 2.0000e-02  eta: 1:04:30  time: 0.1739  data_time: 0.0049  memory: 915  loss: 0.3822  loss_rpn_cls: 0.0230  loss_rpn_bbox: 0.0142  loss_cls: 0.1799  acc: 96.5820  loss_bbox: 0.1651
2025/05/16 11:27:04 - mmengine - INFO - Epoch(train) [4][2550/8276]  lr: 2.0000e-02  eta: 1:04:21  time: 0.1730  data_time: 0.0047  memory: 915  loss: 0.3517  loss_rpn_cls: 0.0243  loss_rpn_bbox: 0.0130  loss_cls: 0.1621  acc: 93.3594  loss_bbox: 0.1523
2025/05/16 11:27:13 - mmengine - INFO - Epoch(train) [4][2600/8276]  lr: 2.0000e-02  eta: 1:04:13  time: 0.1730  data_time: 0.0046  memory: 915  loss: 0.3733  loss_rpn_cls: 0.0273  loss_rpn_bbox: 0.0144  loss_cls: 0.1686  acc: 94.9219  loss_bbox: 0.1630
2025/05/16 11:27:21 - mmengine - INFO - Epoch(train) [4][2650/8276]  lr: 2.0000e-02  eta: 1:04:04  time: 0.1705  data_time: 0.0044  memory: 915  loss: 0.3440  loss_rpn_cls: 0.0322  loss_rpn_bbox: 0.0145  loss_cls: 0.1514  acc: 95.3125  loss_bbox: 0.1459
2025/05/16 11:27:30 - mmengine - INFO - Epoch(train) [4][2700/8276]  lr: 2.0000e-02  eta: 1:03:55  time: 0.1711  data_time: 0.0049  memory: 915  loss: 0.3678  loss_rpn_cls: 0.0312  loss_rpn_bbox: 0.0149  loss_cls: 0.1652  acc: 91.4062  loss_bbox: 0.1565
2025/05/16 11:27:38 - mmengine - INFO - Epoch(train) [4][2750/8276]  lr: 2.0000e-02  eta: 1:03:46  time: 0.1731  data_time: 0.0048  memory: 915  loss: 0.3801  loss_rpn_cls: 0.0317  loss_rpn_bbox: 0.0139  loss_cls: 0.1657  acc: 96.5820  loss_bbox: 0.1689
2025/05/16 11:27:47 - mmengine - INFO - Epoch(train) [4][2800/8276]  lr: 2.0000e-02  eta: 1:03:38  time: 0.1722  data_time: 0.0048  memory: 915  loss: 0.3659  loss_rpn_cls: 0.0194  loss_rpn_bbox: 0.0122  loss_cls: 0.1656  acc: 97.6562  loss_bbox: 0.1686
2025/05/16 11:27:55 - mmengine - INFO - Epoch(train) [4][2850/8276]  lr: 2.0000e-02  eta: 1:03:29  time: 0.1695  data_time: 0.0044  memory: 915  loss: 0.3709  loss_rpn_cls: 0.0264  loss_rpn_bbox: 0.0145  loss_cls: 0.1645  acc: 97.6562  loss_bbox: 0.1655
2025/05/16 11:28:04 - mmengine - INFO - Epoch(train) [4][2900/8276]  lr: 2.0000e-02  eta: 1:03:20  time: 0.1734  data_time: 0.0043  memory: 915  loss: 0.3921  loss_rpn_cls: 0.0209  loss_rpn_bbox: 0.0150  loss_cls: 0.1713  acc: 95.7031  loss_bbox: 0.1848
2025/05/16 11:28:13 - mmengine - INFO - Epoch(train) [4][2950/8276]  lr: 2.0000e-02  eta: 1:03:11  time: 0.1718  data_time: 0.0044  memory: 915  loss: 0.4035  loss_rpn_cls: 0.0236  loss_rpn_bbox: 0.0141  loss_cls: 0.1787  acc: 98.0469  loss_bbox: 0.1871
2025/05/16 11:28:21 - mmengine - INFO - Epoch(train) [4][3000/8276]  lr: 2.0000e-02  eta: 1:03:03  time: 0.1715  data_time: 0.0046  memory: 915  loss: 0.3645  loss_rpn_cls: 0.0217  loss_rpn_bbox: 0.0141  loss_cls: 0.1656  acc: 97.1680  loss_bbox: 0.1630
2025/05/16 11:28:30 - mmengine - INFO - Epoch(train) [4][3050/8276]  lr: 2.0000e-02  eta: 1:02:54  time: 0.1735  data_time: 0.0046  memory: 915  loss: 0.3591  loss_rpn_cls: 0.0192  loss_rpn_bbox: 0.0146  loss_cls: 0.1556  acc: 88.9648  loss_bbox: 0.1697
2025/05/16 11:28:38 - mmengine - INFO - Epoch(train) [4][3100/8276]  lr: 2.0000e-02  eta: 1:02:45  time: 0.1712  data_time: 0.0046  memory: 915  loss: 0.3753  loss_rpn_cls: 0.0221  loss_rpn_bbox: 0.0133  loss_cls: 0.1643  acc: 94.5312  loss_bbox: 0.1755
2025/05/16 11:28:47 - mmengine - INFO - Epoch(train) [4][3150/8276]  lr: 2.0000e-02  eta: 1:02:37  time: 0.1738  data_time: 0.0046  memory: 916  loss: 0.4154  loss_rpn_cls: 0.0251  loss_rpn_bbox: 0.0142  loss_cls: 0.1902  acc: 93.6523  loss_bbox: 0.1860
2025/05/16 11:28:51 - mmengine - INFO - Exp name: mask-rcnn_voc_20250516_095727
2025/05/16 11:28:56 - mmengine - INFO - Epoch(train) [4][3200/8276]  lr: 2.0000e-02  eta: 1:02:28  time: 0.1741  data_time: 0.0044  memory: 916  loss: 0.3688  loss_rpn_cls: 0.0229  loss_rpn_bbox: 0.0116  loss_cls: 0.1705  acc: 96.9727  loss_bbox: 0.1638
2025/05/16 11:29:05 - mmengine - INFO - Epoch(train) [4][3250/8276]  lr: 2.0000e-02  eta: 1:02:20  time: 0.1775  data_time: 0.0050  memory: 915  loss: 0.3848  loss_rpn_cls: 0.0268  loss_rpn_bbox: 0.0150  loss_cls: 0.1696  acc: 96.3867  loss_bbox: 0.1733
2025/05/16 11:29:14 - mmengine - INFO - Epoch(train) [4][3300/8276]  lr: 2.0000e-02  eta: 1:02:11  time: 0.1800  data_time: 0.0049  memory: 915  loss: 0.4040  loss_rpn_cls: 0.0252  loss_rpn_bbox: 0.0129  loss_cls: 0.1928  acc: 91.8945  loss_bbox: 0.1731
2025/05/16 11:29:23 - mmengine - INFO - Epoch(train) [4][3350/8276]  lr: 2.0000e-02  eta: 1:02:03  time: 0.1777  data_time: 0.0053  memory: 915  loss: 0.3764  loss_rpn_cls: 0.0244  loss_rpn_bbox: 0.0136  loss_cls: 0.1693  acc: 95.6055  loss_bbox: 0.1690
2025/05/16 11:29:32 - mmengine - INFO - Epoch(train) [4][3400/8276]  lr: 2.0000e-02  eta: 1:01:54  time: 0.1771  data_time: 0.0053  memory: 916  loss: 0.3887  loss_rpn_cls: 0.0265  loss_rpn_bbox: 0.0130  loss_cls: 0.1759  acc: 91.4062  loss_bbox: 0.1733
2025/05/16 11:29:40 - mmengine - INFO - Epoch(train) [4][3450/8276]  lr: 2.0000e-02  eta: 1:01:45  time: 0.1749  data_time: 0.0055  memory: 915  loss: 0.3741  loss_rpn_cls: 0.0245  loss_rpn_bbox: 0.0150  loss_cls: 0.1650  acc: 97.3633  loss_bbox: 0.1696
2025/05/16 11:29:49 - mmengine - INFO - Epoch(train) [4][3500/8276]  lr: 2.0000e-02  eta: 1:01:37  time: 0.1758  data_time: 0.0052  memory: 915  loss: 0.3411  loss_rpn_cls: 0.0222  loss_rpn_bbox: 0.0134  loss_cls: 0.1593  acc: 95.7031  loss_bbox: 0.1463
2025/05/16 11:29:58 - mmengine - INFO - Epoch(train) [4][3550/8276]  lr: 2.0000e-02  eta: 1:01:28  time: 0.1743  data_time: 0.0053  memory: 915  loss: 0.3476  loss_rpn_cls: 0.0194  loss_rpn_bbox: 0.0120  loss_cls: 0.1627  acc: 96.5820  loss_bbox: 0.1535
2025/05/16 11:30:07 - mmengine - INFO - Epoch(train) [4][3600/8276]  lr: 2.0000e-02  eta: 1:01:20  time: 0.1753  data_time: 0.0051  memory: 915  loss: 0.3642  loss_rpn_cls: 0.0259  loss_rpn_bbox: 0.0140  loss_cls: 0.1622  acc: 97.3633  loss_bbox: 0.1621
2025/05/16 11:30:15 - mmengine - INFO - Epoch(train) [4][3650/8276]  lr: 2.0000e-02  eta: 1:01:11  time: 0.1733  data_time: 0.0050  memory: 884  loss: 0.4140  loss_rpn_cls: 0.0350  loss_rpn_bbox: 0.0152  loss_cls: 0.1847  acc: 97.7539  loss_bbox: 0.1791
2025/05/16 11:30:24 - mmengine - INFO - Epoch(train) [4][3700/8276]  lr: 2.0000e-02  eta: 1:01:02  time: 0.1761  data_time: 0.0050  memory: 916  loss: 0.3416  loss_rpn_cls: 0.0232  loss_rpn_bbox: 0.0116  loss_cls: 0.1540  acc: 93.6523  loss_bbox: 0.1528
2025/05/16 11:30:33 - mmengine - INFO - Epoch(train) [4][3750/8276]  lr: 2.0000e-02  eta: 1:00:54  time: 0.1751  data_time: 0.0051  memory: 915  loss: 0.3746  loss_rpn_cls: 0.0216  loss_rpn_bbox: 0.0124  loss_cls: 0.1766  acc: 96.2891  loss_bbox: 0.1639
2025/05/16 11:30:42 - mmengine - INFO - Epoch(train) [4][3800/8276]  lr: 2.0000e-02  eta: 1:00:45  time: 0.1745  data_time: 0.0051  memory: 915  loss: 0.3688  loss_rpn_cls: 0.0218  loss_rpn_bbox: 0.0114  loss_cls: 0.1732  acc: 94.4336  loss_bbox: 0.1624
2025/05/16 11:30:50 - mmengine - INFO - Epoch(train) [4][3850/8276]  lr: 2.0000e-02  eta: 1:00:37  time: 0.1733  data_time: 0.0046  memory: 915  loss: 0.3860  loss_rpn_cls: 0.0269  loss_rpn_bbox: 0.0136  loss_cls: 0.1822  acc: 95.6055  loss_bbox: 0.1632
2025/05/16 11:30:59 - mmengine - INFO - Epoch(train) [4][3900/8276]  lr: 2.0000e-02  eta: 1:00:28  time: 0.1723  data_time: 0.0044  memory: 915  loss: 0.3613  loss_rpn_cls: 0.0189  loss_rpn_bbox: 0.0125  loss_cls: 0.1685  acc: 97.3633  loss_bbox: 0.1612
2025/05/16 11:31:07 - mmengine - INFO - Epoch(train) [4][3950/8276]  lr: 2.0000e-02  eta: 1:00:19  time: 0.1733  data_time: 0.0048  memory: 916  loss: 0.3762  loss_rpn_cls: 0.0166  loss_rpn_bbox: 0.0136  loss_cls: 0.1700  acc: 93.5547  loss_bbox: 0.1761
2025/05/16 11:31:16 - mmengine - INFO - Epoch(train) [4][4000/8276]  lr: 2.0000e-02  eta: 1:00:10  time: 0.1722  data_time: 0.0046  memory: 915  loss: 0.4798  loss_rpn_cls: 0.0336  loss_rpn_bbox: 0.0160  loss_cls: 0.2182  acc: 90.5273  loss_bbox: 0.2119
2025/05/16 11:31:25 - mmengine - INFO - Epoch(train) [4][4050/8276]  lr: 2.0000e-02  eta: 1:00:02  time: 0.1732  data_time: 0.0050  memory: 916  loss: 0.3823  loss_rpn_cls: 0.0268  loss_rpn_bbox: 0.0129  loss_cls: 0.1747  acc: 90.8203  loss_bbox: 0.1679
2025/05/16 11:31:33 - mmengine - INFO - Epoch(train) [4][4100/8276]  lr: 2.0000e-02  eta: 0:59:53  time: 0.1721  data_time: 0.0046  memory: 916  loss: 0.3619  loss_rpn_cls: 0.0209  loss_rpn_bbox: 0.0113  loss_cls: 0.1691  acc: 98.7305  loss_bbox: 0.1606
2025/05/16 11:31:42 - mmengine - INFO - Epoch(train) [4][4150/8276]  lr: 2.0000e-02  eta: 0:59:44  time: 0.1737  data_time: 0.0054  memory: 915  loss: 0.3865  loss_rpn_cls: 0.0267  loss_rpn_bbox: 0.0167  loss_cls: 0.1786  acc: 96.1914  loss_bbox: 0.1645
2025/05/16 11:31:46 - mmengine - INFO - Exp name: mask-rcnn_voc_20250516_095727
2025/05/16 11:31:51 - mmengine - INFO - Epoch(train) [4][4200/8276]  lr: 2.0000e-02  eta: 0:59:36  time: 0.1755  data_time: 0.0050  memory: 916  loss: 0.3752  loss_rpn_cls: 0.0222  loss_rpn_bbox: 0.0130  loss_cls: 0.1794  acc: 98.4375  loss_bbox: 0.1605
2025/05/16 11:32:00 - mmengine - INFO - Epoch(train) [4][4250/8276]  lr: 2.0000e-02  eta: 0:59:27  time: 0.1755  data_time: 0.0047  memory: 915  loss: 0.4068  loss_rpn_cls: 0.0221  loss_rpn_bbox: 0.0132  loss_cls: 0.1895  acc: 88.6719  loss_bbox: 0.1820
2025/05/16 11:32:08 - mmengine - INFO - Epoch(train) [4][4300/8276]  lr: 2.0000e-02  eta: 0:59:19  time: 0.1746  data_time: 0.0050  memory: 915  loss: 0.3981  loss_rpn_cls: 0.0232  loss_rpn_bbox: 0.0153  loss_cls: 0.1842  acc: 96.7773  loss_bbox: 0.1755
2025/05/16 11:32:17 - mmengine - INFO - Epoch(train) [4][4350/8276]  lr: 2.0000e-02  eta: 0:59:10  time: 0.1736  data_time: 0.0048  memory: 916  loss: 0.4622  loss_rpn_cls: 0.0293  loss_rpn_bbox: 0.0174  loss_cls: 0.2069  acc: 93.1641  loss_bbox: 0.2086
2025/05/16 11:32:26 - mmengine - INFO - Epoch(train) [4][4400/8276]  lr: 2.0000e-02  eta: 0:59:01  time: 0.1740  data_time: 0.0048  memory: 915  loss: 0.4007  loss_rpn_cls: 0.0285  loss_rpn_bbox: 0.0134  loss_cls: 0.1792  acc: 92.7734  loss_bbox: 0.1796
2025/05/16 11:32:34 - mmengine - INFO - Epoch(train) [4][4450/8276]  lr: 2.0000e-02  eta: 0:58:53  time: 0.1722  data_time: 0.0050  memory: 916  loss: 0.3732  loss_rpn_cls: 0.0292  loss_rpn_bbox: 0.0123  loss_cls: 0.1742  acc: 99.5117  loss_bbox: 0.1576
2025/05/16 11:32:43 - mmengine - INFO - Epoch(train) [4][4500/8276]  lr: 2.0000e-02  eta: 0:58:44  time: 0.1735  data_time: 0.0051  memory: 916  loss: 0.4839  loss_rpn_cls: 0.0300  loss_rpn_bbox: 0.0179  loss_cls: 0.2193  acc: 93.0664  loss_bbox: 0.2167
2025/05/16 11:32:52 - mmengine - INFO - Epoch(train) [4][4550/8276]  lr: 2.0000e-02  eta: 0:58:35  time: 0.1753  data_time: 0.0046  memory: 915  loss: 0.3235  loss_rpn_cls: 0.0208  loss_rpn_bbox: 0.0106  loss_cls: 0.1504  acc: 94.3359  loss_bbox: 0.1417
2025/05/16 11:33:00 - mmengine - INFO - Epoch(train) [4][4600/8276]  lr: 2.0000e-02  eta: 0:58:27  time: 0.1734  data_time: 0.0048  memory: 916  loss: 0.3430  loss_rpn_cls: 0.0160  loss_rpn_bbox: 0.0118  loss_cls: 0.1559  acc: 96.7773  loss_bbox: 0.1594
2025/05/16 11:33:09 - mmengine - INFO - Epoch(train) [4][4650/8276]  lr: 2.0000e-02  eta: 0:58:18  time: 0.1725  data_time: 0.0047  memory: 885  loss: 0.4154  loss_rpn_cls: 0.0267  loss_rpn_bbox: 0.0140  loss_cls: 0.1990  acc: 95.1172  loss_bbox: 0.1756
2025/05/16 11:33:18 - mmengine - INFO - Epoch(train) [4][4700/8276]  lr: 2.0000e-02  eta: 0:58:09  time: 0.1723  data_time: 0.0049  memory: 915  loss: 0.3846  loss_rpn_cls: 0.0221  loss_rpn_bbox: 0.0132  loss_cls: 0.1814  acc: 93.4570  loss_bbox: 0.1679
2025/05/16 11:33:26 - mmengine - INFO - Epoch(train) [4][4750/8276]  lr: 2.0000e-02  eta: 0:58:01  time: 0.1730  data_time: 0.0046  memory: 915  loss: 0.4316  loss_rpn_cls: 0.0340  loss_rpn_bbox: 0.0174  loss_cls: 0.1895  acc: 93.8477  loss_bbox: 0.1907
2025/05/16 11:33:35 - mmengine - INFO - Epoch(train) [4][4800/8276]  lr: 2.0000e-02  eta: 0:57:52  time: 0.1719  data_time: 0.0048  memory: 915  loss: 0.3084  loss_rpn_cls: 0.0230  loss_rpn_bbox: 0.0109  loss_cls: 0.1422  acc: 98.4375  loss_bbox: 0.1323
2025/05/16 11:33:44 - mmengine - INFO - Epoch(train) [4][4850/8276]  lr: 2.0000e-02  eta: 0:57:43  time: 0.1732  data_time: 0.0050  memory: 915  loss: 0.3176  loss_rpn_cls: 0.0281  loss_rpn_bbox: 0.0119  loss_cls: 0.1458  acc: 95.5078  loss_bbox: 0.1318
2025/05/16 11:33:52 - mmengine - INFO - Epoch(train) [4][4900/8276]  lr: 2.0000e-02  eta: 0:57:35  time: 0.1753  data_time: 0.0048  memory: 916  loss: 0.3860  loss_rpn_cls: 0.0227  loss_rpn_bbox: 0.0133  loss_cls: 0.1847  acc: 92.4805  loss_bbox: 0.1652
2025/05/16 11:34:01 - mmengine - INFO - Epoch(train) [4][4950/8276]  lr: 2.0000e-02  eta: 0:57:26  time: 0.1734  data_time: 0.0052  memory: 915  loss: 0.3671  loss_rpn_cls: 0.0253  loss_rpn_bbox: 0.0145  loss_cls: 0.1646  acc: 93.7500  loss_bbox: 0.1626
2025/05/16 11:34:10 - mmengine - INFO - Epoch(train) [4][5000/8276]  lr: 2.0000e-02  eta: 0:57:17  time: 0.1747  data_time: 0.0050  memory: 916  loss: 0.4728  loss_rpn_cls: 0.0300  loss_rpn_bbox: 0.0162  loss_cls: 0.2169  acc: 94.3359  loss_bbox: 0.2096
2025/05/16 11:34:19 - mmengine - INFO - Epoch(train) [4][5050/8276]  lr: 2.0000e-02  eta: 0:57:09  time: 0.1746  data_time: 0.0053  memory: 915  loss: 0.4318  loss_rpn_cls: 0.0303  loss_rpn_bbox: 0.0170  loss_cls: 0.1938  acc: 95.2148  loss_bbox: 0.1907
2025/05/16 11:34:27 - mmengine - INFO - Epoch(train) [4][5100/8276]  lr: 2.0000e-02  eta: 0:57:00  time: 0.1746  data_time: 0.0049  memory: 915  loss: 0.3708  loss_rpn_cls: 0.0290  loss_rpn_bbox: 0.0152  loss_cls: 0.1608  acc: 98.1445  loss_bbox: 0.1659
2025/05/16 11:34:36 - mmengine - INFO - Epoch(train) [4][5150/8276]  lr: 2.0000e-02  eta: 0:56:51  time: 0.1722  data_time: 0.0049  memory: 916  loss: 0.3514  loss_rpn_cls: 0.0245  loss_rpn_bbox: 0.0132  loss_cls: 0.1617  acc: 98.2422  loss_bbox: 0.1521
2025/05/16 11:34:40 - mmengine - INFO - Exp name: mask-rcnn_voc_20250516_095727
2025/05/16 11:34:45 - mmengine - INFO - Epoch(train) [4][5200/8276]  lr: 2.0000e-02  eta: 0:56:43  time: 0.1767  data_time: 0.0048  memory: 916  loss: 0.3554  loss_rpn_cls: 0.0218  loss_rpn_bbox: 0.0096  loss_cls: 0.1661  acc: 98.9258  loss_bbox: 0.1579
2025/05/16 11:34:53 - mmengine - INFO - Epoch(train) [4][5250/8276]  lr: 2.0000e-02  eta: 0:56:34  time: 0.1749  data_time: 0.0047  memory: 915  loss: 0.3574  loss_rpn_cls: 0.0204  loss_rpn_bbox: 0.0124  loss_cls: 0.1592  acc: 94.3359  loss_bbox: 0.1655
2025/05/16 11:35:02 - mmengine - INFO - Epoch(train) [4][5300/8276]  lr: 2.0000e-02  eta: 0:56:25  time: 0.1737  data_time: 0.0047  memory: 915  loss: 0.3491  loss_rpn_cls: 0.0174  loss_rpn_bbox: 0.0123  loss_cls: 0.1582  acc: 96.6797  loss_bbox: 0.1613
2025/05/16 11:35:11 - mmengine - INFO - Epoch(train) [4][5350/8276]  lr: 2.0000e-02  eta: 0:56:17  time: 0.1746  data_time: 0.0051  memory: 915  loss: 0.3752  loss_rpn_cls: 0.0256  loss_rpn_bbox: 0.0135  loss_cls: 0.1645  acc: 94.0430  loss_bbox: 0.1715
2025/05/16 11:35:20 - mmengine - INFO - Epoch(train) [4][5400/8276]  lr: 2.0000e-02  eta: 0:56:08  time: 0.1730  data_time: 0.0046  memory: 916  loss: 0.4117  loss_rpn_cls: 0.0247  loss_rpn_bbox: 0.0131  loss_cls: 0.1820  acc: 98.8281  loss_bbox: 0.1920
2025/05/16 11:35:28 - mmengine - INFO - Epoch(train) [4][5450/8276]  lr: 2.0000e-02  eta: 0:55:59  time: 0.1738  data_time: 0.0049  memory: 915  loss: 0.4233  loss_rpn_cls: 0.0272  loss_rpn_bbox: 0.0142  loss_cls: 0.2006  acc: 97.0703  loss_bbox: 0.1813
2025/05/16 11:35:37 - mmengine - INFO - Epoch(train) [4][5500/8276]  lr: 2.0000e-02  eta: 0:55:51  time: 0.1735  data_time: 0.0050  memory: 915  loss: 0.3701  loss_rpn_cls: 0.0205  loss_rpn_bbox: 0.0120  loss_cls: 0.1762  acc: 91.6992  loss_bbox: 0.1613
2025/05/16 11:35:46 - mmengine - INFO - Epoch(train) [4][5550/8276]  lr: 2.0000e-02  eta: 0:55:42  time: 0.1747  data_time: 0.0048  memory: 884  loss: 0.4041  loss_rpn_cls: 0.0261  loss_rpn_bbox: 0.0124  loss_cls: 0.1871  acc: 94.7266  loss_bbox: 0.1785
2025/05/16 11:35:54 - mmengine - INFO - Epoch(train) [4][5600/8276]  lr: 2.0000e-02  eta: 0:55:33  time: 0.1720  data_time: 0.0051  memory: 915  loss: 0.3782  loss_rpn_cls: 0.0221  loss_rpn_bbox: 0.0124  loss_cls: 0.1749  acc: 94.6289  loss_bbox: 0.1688
2025/05/16 11:36:03 - mmengine - INFO - Epoch(train) [4][5650/8276]  lr: 2.0000e-02  eta: 0:55:25  time: 0.1729  data_time: 0.0052  memory: 916  loss: 0.3688  loss_rpn_cls: 0.0228  loss_rpn_bbox: 0.0134  loss_cls: 0.1675  acc: 95.9961  loss_bbox: 0.1651
2025/05/16 11:36:12 - mmengine - INFO - Epoch(train) [4][5700/8276]  lr: 2.0000e-02  eta: 0:55:16  time: 0.1768  data_time: 0.0052  memory: 916  loss: 0.4003  loss_rpn_cls: 0.0229  loss_rpn_bbox: 0.0133  loss_cls: 0.1798  acc: 91.5039  loss_bbox: 0.1843
2025/05/16 11:36:20 - mmengine - INFO - Epoch(train) [4][5750/8276]  lr: 2.0000e-02  eta: 0:55:08  time: 0.1733  data_time: 0.0051  memory: 915  loss: 0.3384  loss_rpn_cls: 0.0219  loss_rpn_bbox: 0.0109  loss_cls: 0.1653  acc: 95.5078  loss_bbox: 0.1404
2025/05/16 11:36:29 - mmengine - INFO - Epoch(train) [4][5800/8276]  lr: 2.0000e-02  eta: 0:54:59  time: 0.1765  data_time: 0.0049  memory: 915  loss: 0.3982  loss_rpn_cls: 0.0213  loss_rpn_bbox: 0.0143  loss_cls: 0.1796  acc: 94.3359  loss_bbox: 0.1831
2025/05/16 11:36:38 - mmengine - INFO - Epoch(train) [4][5850/8276]  lr: 2.0000e-02  eta: 0:54:50  time: 0.1750  data_time: 0.0049  memory: 916  loss: 0.4338  loss_rpn_cls: 0.0234  loss_rpn_bbox: 0.0132  loss_cls: 0.2087  acc: 95.1172  loss_bbox: 0.1885
2025/05/16 11:36:47 - mmengine - INFO - Epoch(train) [4][5900/8276]  lr: 2.0000e-02  eta: 0:54:42  time: 0.1741  data_time: 0.0050  memory: 916  loss: 0.4360  loss_rpn_cls: 0.0328  loss_rpn_bbox: 0.0155  loss_cls: 0.1966  acc: 97.7539  loss_bbox: 0.1910
2025/05/16 11:36:55 - mmengine - INFO - Epoch(train) [4][5950/8276]  lr: 2.0000e-02  eta: 0:54:33  time: 0.1733  data_time: 0.0049  memory: 916  loss: 0.4116  loss_rpn_cls: 0.0250  loss_rpn_bbox: 0.0141  loss_cls: 0.1890  acc: 94.8242  loss_bbox: 0.1836
2025/05/16 11:37:04 - mmengine - INFO - Epoch(train) [4][6000/8276]  lr: 2.0000e-02  eta: 0:54:24  time: 0.1731  data_time: 0.0051  memory: 916  loss: 0.3559  loss_rpn_cls: 0.0218  loss_rpn_bbox: 0.0152  loss_cls: 0.1635  acc: 93.9453  loss_bbox: 0.1554
2025/05/16 11:37:13 - mmengine - INFO - Epoch(train) [4][6050/8276]  lr: 2.0000e-02  eta: 0:54:16  time: 0.1713  data_time: 0.0051  memory: 915  loss: 0.3012  loss_rpn_cls: 0.0196  loss_rpn_bbox: 0.0113  loss_cls: 0.1431  acc: 96.3867  loss_bbox: 0.1272
2025/05/16 11:37:21 - mmengine - INFO - Epoch(train) [4][6100/8276]  lr: 2.0000e-02  eta: 0:54:07  time: 0.1735  data_time: 0.0048  memory: 916  loss: 0.3899  loss_rpn_cls: 0.0222  loss_rpn_bbox: 0.0135  loss_cls: 0.1834  acc: 95.2148  loss_bbox: 0.1708
2025/05/16 11:37:30 - mmengine - INFO - Epoch(train) [4][6150/8276]  lr: 2.0000e-02  eta: 0:53:58  time: 0.1737  data_time: 0.0047  memory: 916  loss: 0.3658  loss_rpn_cls: 0.0209  loss_rpn_bbox: 0.0133  loss_cls: 0.1697  acc: 95.5078  loss_bbox: 0.1619
2025/05/16 11:37:34 - mmengine - INFO - Exp name: mask-rcnn_voc_20250516_095727
2025/05/16 11:37:39 - mmengine - INFO - Epoch(train) [4][6200/8276]  lr: 2.0000e-02  eta: 0:53:50  time: 0.1729  data_time: 0.0053  memory: 916  loss: 0.3667  loss_rpn_cls: 0.0215  loss_rpn_bbox: 0.0125  loss_cls: 0.1660  acc: 96.9727  loss_bbox: 0.1665
2025/05/16 11:37:47 - mmengine - INFO - Epoch(train) [4][6250/8276]  lr: 2.0000e-02  eta: 0:53:41  time: 0.1737  data_time: 0.0053  memory: 915  loss: 0.4197  loss_rpn_cls: 0.0258  loss_rpn_bbox: 0.0166  loss_cls: 0.1846  acc: 95.7031  loss_bbox: 0.1927
2025/05/16 11:37:56 - mmengine - INFO - Epoch(train) [4][6300/8276]  lr: 2.0000e-02  eta: 0:53:32  time: 0.1749  data_time: 0.0051  memory: 915  loss: 0.3797  loss_rpn_cls: 0.0247  loss_rpn_bbox: 0.0133  loss_cls: 0.1795  acc: 94.7266  loss_bbox: 0.1623
2025/05/16 11:38:05 - mmengine - INFO - Epoch(train) [4][6350/8276]  lr: 2.0000e-02  eta: 0:53:24  time: 0.1758  data_time: 0.0050  memory: 915  loss: 0.4086  loss_rpn_cls: 0.0297  loss_rpn_bbox: 0.0151  loss_cls: 0.1886  acc: 98.2422  loss_bbox: 0.1752
2025/05/16 11:38:14 - mmengine - INFO - Epoch(train) [4][6400/8276]  lr: 2.0000e-02  eta: 0:53:15  time: 0.1741  data_time: 0.0053  memory: 915  loss: 0.3965  loss_rpn_cls: 0.0274  loss_rpn_bbox: 0.0149  loss_cls: 0.1759  acc: 96.6797  loss_bbox: 0.1783
2025/05/16 11:38:22 - mmengine - INFO - Epoch(train) [4][6450/8276]  lr: 2.0000e-02  eta: 0:53:06  time: 0.1735  data_time: 0.0049  memory: 916  loss: 0.3822  loss_rpn_cls: 0.0249  loss_rpn_bbox: 0.0137  loss_cls: 0.1783  acc: 89.6484  loss_bbox: 0.1653
2025/05/16 11:38:31 - mmengine - INFO - Epoch(train) [4][6500/8276]  lr: 2.0000e-02  eta: 0:52:58  time: 0.1748  data_time: 0.0049  memory: 915  loss: 0.3762  loss_rpn_cls: 0.0319  loss_rpn_bbox: 0.0145  loss_cls: 0.1685  acc: 98.6328  loss_bbox: 0.1612
2025/05/16 11:38:40 - mmengine - INFO - Epoch(train) [4][6550/8276]  lr: 2.0000e-02  eta: 0:52:49  time: 0.1760  data_time: 0.0049  memory: 915  loss: 0.3530  loss_rpn_cls: 0.0236  loss_rpn_bbox: 0.0105  loss_cls: 0.1683  acc: 93.1641  loss_bbox: 0.1506
2025/05/16 11:38:49 - mmengine - INFO - Epoch(train) [4][6600/8276]  lr: 2.0000e-02  eta: 0:52:41  time: 0.1779  data_time: 0.0049  memory: 916  loss: 0.3415  loss_rpn_cls: 0.0229  loss_rpn_bbox: 0.0133  loss_cls: 0.1630  acc: 99.2188  loss_bbox: 0.1423
2025/05/16 11:38:57 - mmengine - INFO - Epoch(train) [4][6650/8276]  lr: 2.0000e-02  eta: 0:52:32  time: 0.1739  data_time: 0.0049  memory: 916  loss: 0.3686  loss_rpn_cls: 0.0225  loss_rpn_bbox: 0.0121  loss_cls: 0.1764  acc: 96.1914  loss_bbox: 0.1577
2025/05/16 11:39:06 - mmengine - INFO - Epoch(train) [4][6700/8276]  lr: 2.0000e-02  eta: 0:52:23  time: 0.1754  data_time: 0.0048  memory: 915  loss: 0.3911  loss_rpn_cls: 0.0204  loss_rpn_bbox: 0.0128  loss_cls: 0.1758  acc: 97.4609  loss_bbox: 0.1821
2025/05/16 11:39:15 - mmengine - INFO - Epoch(train) [4][6750/8276]  lr: 2.0000e-02  eta: 0:52:15  time: 0.1760  data_time: 0.0048  memory: 916  loss: 0.3881  loss_rpn_cls: 0.0275  loss_rpn_bbox: 0.0169  loss_cls: 0.1734  acc: 96.7773  loss_bbox: 0.1703
2025/05/16 11:39:24 - mmengine - INFO - Epoch(train) [4][6800/8276]  lr: 2.0000e-02  eta: 0:52:06  time: 0.1762  data_time: 0.0051  memory: 915  loss: 0.3636  loss_rpn_cls: 0.0236  loss_rpn_bbox: 0.0146  loss_cls: 0.1671  acc: 97.6562  loss_bbox: 0.1583
2025/05/16 11:39:32 - mmengine - INFO - Epoch(train) [4][6850/8276]  lr: 2.0000e-02  eta: 0:51:57  time: 0.1710  data_time: 0.0051  memory: 915  loss: 0.3879  loss_rpn_cls: 0.0269  loss_rpn_bbox: 0.0126  loss_cls: 0.1850  acc: 99.9023  loss_bbox: 0.1633
2025/05/16 11:39:41 - mmengine - INFO - Epoch(train) [4][6900/8276]  lr: 2.0000e-02  eta: 0:51:49  time: 0.1732  data_time: 0.0050  memory: 884  loss: 0.4560  loss_rpn_cls: 0.0364  loss_rpn_bbox: 0.0184  loss_cls: 0.2111  acc: 89.9414  loss_bbox: 0.1900
2025/05/16 11:39:50 - mmengine - INFO - Epoch(train) [4][6950/8276]  lr: 2.0000e-02  eta: 0:51:40  time: 0.1757  data_time: 0.0051  memory: 916  loss: 0.4150  loss_rpn_cls: 0.0249  loss_rpn_bbox: 0.0145  loss_cls: 0.1927  acc: 94.9219  loss_bbox: 0.1830
2025/05/16 11:39:59 - mmengine - INFO - Epoch(train) [4][7000/8276]  lr: 2.0000e-02  eta: 0:51:32  time: 0.1749  data_time: 0.0051  memory: 915  loss: 0.4072  loss_rpn_cls: 0.0262  loss_rpn_bbox: 0.0134  loss_cls: 0.1839  acc: 94.8242  loss_bbox: 0.1838
2025/05/16 11:40:07 - mmengine - INFO - Epoch(train) [4][7050/8276]  lr: 2.0000e-02  eta: 0:51:23  time: 0.1738  data_time: 0.0052  memory: 916  loss: 0.4111  loss_rpn_cls: 0.0255  loss_rpn_bbox: 0.0142  loss_cls: 0.1903  acc: 97.8516  loss_bbox: 0.1811
2025/05/16 11:40:16 - mmengine - INFO - Epoch(train) [4][7100/8276]  lr: 2.0000e-02  eta: 0:51:14  time: 0.1737  data_time: 0.0049  memory: 916  loss: 0.3882  loss_rpn_cls: 0.0306  loss_rpn_bbox: 0.0138  loss_cls: 0.1929  acc: 96.1914  loss_bbox: 0.1509
2025/05/16 11:40:25 - mmengine - INFO - Epoch(train) [4][7150/8276]  lr: 2.0000e-02  eta: 0:51:06  time: 0.1773  data_time: 0.0049  memory: 915  loss: 0.4365  loss_rpn_cls: 0.0219  loss_rpn_bbox: 0.0159  loss_cls: 0.1988  acc: 96.2891  loss_bbox: 0.1999
2025/05/16 11:40:29 - mmengine - INFO - Exp name: mask-rcnn_voc_20250516_095727
2025/05/16 11:40:34 - mmengine - INFO - Epoch(train) [4][7200/8276]  lr: 2.0000e-02  eta: 0:50:57  time: 0.1754  data_time: 0.0053  memory: 915  loss: 0.3578  loss_rpn_cls: 0.0193  loss_rpn_bbox: 0.0129  loss_cls: 0.1635  acc: 94.7266  loss_bbox: 0.1621
2025/05/16 11:40:42 - mmengine - INFO - Epoch(train) [4][7250/8276]  lr: 2.0000e-02  eta: 0:50:48  time: 0.1746  data_time: 0.0049  memory: 915  loss: 0.3938  loss_rpn_cls: 0.0226  loss_rpn_bbox: 0.0124  loss_cls: 0.1840  acc: 96.0938  loss_bbox: 0.1748
2025/05/16 11:40:51 - mmengine - INFO - Epoch(train) [4][7300/8276]  lr: 2.0000e-02  eta: 0:50:40  time: 0.1760  data_time: 0.0048  memory: 915  loss: 0.3235  loss_rpn_cls: 0.0174  loss_rpn_bbox: 0.0103  loss_cls: 0.1496  acc: 97.6562  loss_bbox: 0.1462
2025/05/16 11:41:00 - mmengine - INFO - Epoch(train) [4][7350/8276]  lr: 2.0000e-02  eta: 0:50:31  time: 0.1745  data_time: 0.0048  memory: 915  loss: 0.4019  loss_rpn_cls: 0.0251  loss_rpn_bbox: 0.0161  loss_cls: 0.1870  acc: 93.9453  loss_bbox: 0.1737
2025/05/16 11:41:09 - mmengine - INFO - Epoch(train) [4][7400/8276]  lr: 2.0000e-02  eta: 0:50:23  time: 0.1760  data_time: 0.0051  memory: 915  loss: 0.3545  loss_rpn_cls: 0.0181  loss_rpn_bbox: 0.0126  loss_cls: 0.1554  acc: 96.2891  loss_bbox: 0.1683
2025/05/16 11:41:17 - mmengine - INFO - Epoch(train) [4][7450/8276]  lr: 2.0000e-02  eta: 0:50:14  time: 0.1774  data_time: 0.0054  memory: 915  loss: 0.3493  loss_rpn_cls: 0.0231  loss_rpn_bbox: 0.0145  loss_cls: 0.1511  acc: 96.4844  loss_bbox: 0.1607
2025/05/16 11:41:26 - mmengine - INFO - Epoch(train) [4][7500/8276]  lr: 2.0000e-02  eta: 0:50:05  time: 0.1772  data_time: 0.0054  memory: 915  loss: 0.4078  loss_rpn_cls: 0.0275  loss_rpn_bbox: 0.0138  loss_cls: 0.1840  acc: 92.4805  loss_bbox: 0.1826
2025/05/16 11:41:35 - mmengine - INFO - Epoch(train) [4][7550/8276]  lr: 2.0000e-02  eta: 0:49:57  time: 0.1762  data_time: 0.0050  memory: 916  loss: 0.4520  loss_rpn_cls: 0.0288  loss_rpn_bbox: 0.0149  loss_cls: 0.2073  acc: 91.9922  loss_bbox: 0.2009
2025/05/16 11:41:44 - mmengine - INFO - Epoch(train) [4][7600/8276]  lr: 2.0000e-02  eta: 0:49:48  time: 0.1727  data_time: 0.0050  memory: 915  loss: 0.3355  loss_rpn_cls: 0.0215  loss_rpn_bbox: 0.0131  loss_cls: 0.1518  acc: 90.1367  loss_bbox: 0.1492
2025/05/16 11:41:53 - mmengine - INFO - Epoch(train) [4][7650/8276]  lr: 2.0000e-02  eta: 0:49:39  time: 0.1744  data_time: 0.0052  memory: 916  loss: 0.3595  loss_rpn_cls: 0.0239  loss_rpn_bbox: 0.0116  loss_cls: 0.1601  acc: 94.3359  loss_bbox: 0.1639
2025/05/16 11:42:01 - mmengine - INFO - Epoch(train) [4][7700/8276]  lr: 2.0000e-02  eta: 0:49:31  time: 0.1757  data_time: 0.0052  memory: 916  loss: 0.3643  loss_rpn_cls: 0.0233  loss_rpn_bbox: 0.0125  loss_cls: 0.1624  acc: 98.0469  loss_bbox: 0.1662
2025/05/16 11:42:10 - mmengine - INFO - Epoch(train) [4][7750/8276]  lr: 2.0000e-02  eta: 0:49:22  time: 0.1725  data_time: 0.0050  memory: 884  loss: 0.4099  loss_rpn_cls: 0.0342  loss_rpn_bbox: 0.0152  loss_cls: 0.1769  acc: 95.1172  loss_bbox: 0.1836
2025/05/16 11:42:19 - mmengine - INFO - Epoch(train) [4][7800/8276]  lr: 2.0000e-02  eta: 0:49:13  time: 0.1727  data_time: 0.0049  memory: 915  loss: 0.3506  loss_rpn_cls: 0.0235  loss_rpn_bbox: 0.0125  loss_cls: 0.1583  acc: 91.9922  loss_bbox: 0.1563
2025/05/16 11:42:27 - mmengine - INFO - Epoch(train) [4][7850/8276]  lr: 2.0000e-02  eta: 0:49:05  time: 0.1751  data_time: 0.0053  memory: 915  loss: 0.3930  loss_rpn_cls: 0.0235  loss_rpn_bbox: 0.0136  loss_cls: 0.1906  acc: 92.7734  loss_bbox: 0.1653
2025/05/16 11:42:36 - mmengine - INFO - Epoch(train) [4][7900/8276]  lr: 2.0000e-02  eta: 0:48:56  time: 0.1756  data_time: 0.0052  memory: 916  loss: 0.3775  loss_rpn_cls: 0.0208  loss_rpn_bbox: 0.0126  loss_cls: 0.1746  acc: 98.7305  loss_bbox: 0.1696
2025/05/16 11:42:45 - mmengine - INFO - Epoch(train) [4][7950/8276]  lr: 2.0000e-02  eta: 0:48:48  time: 0.1731  data_time: 0.0050  memory: 915  loss: 0.3324  loss_rpn_cls: 0.0175  loss_rpn_bbox: 0.0130  loss_cls: 0.1524  acc: 91.2109  loss_bbox: 0.1495
2025/05/16 11:42:53 - mmengine - INFO - Epoch(train) [4][8000/8276]  lr: 2.0000e-02  eta: 0:48:39  time: 0.1728  data_time: 0.0051  memory: 885  loss: 0.3403  loss_rpn_cls: 0.0198  loss_rpn_bbox: 0.0129  loss_cls: 0.1488  acc: 92.6758  loss_bbox: 0.1588
2025/05/16 11:43:02 - mmengine - INFO - Epoch(train) [4][8050/8276]  lr: 2.0000e-02  eta: 0:48:30  time: 0.1757  data_time: 0.0052  memory: 916  loss: 0.3488  loss_rpn_cls: 0.0269  loss_rpn_bbox: 0.0127  loss_cls: 0.1565  acc: 94.5312  loss_bbox: 0.1528
2025/05/16 11:43:11 - mmengine - INFO - Epoch(train) [4][8100/8276]  lr: 2.0000e-02  eta: 0:48:21  time: 0.1707  data_time: 0.0048  memory: 916  loss: 0.3571  loss_rpn_cls: 0.0275  loss_rpn_bbox: 0.0127  loss_cls: 0.1571  acc: 95.0195  loss_bbox: 0.1598
2025/05/16 11:43:19 - mmengine - INFO - Epoch(train) [4][8150/8276]  lr: 2.0000e-02  eta: 0:48:13  time: 0.1723  data_time: 0.0051  memory: 915  loss: 0.3263  loss_rpn_cls: 0.0189  loss_rpn_bbox: 0.0103  loss_cls: 0.1621  acc: 94.9219  loss_bbox: 0.1350
2025/05/16 11:43:23 - mmengine - INFO - Exp name: mask-rcnn_voc_20250516_095727
2025/05/16 11:43:28 - mmengine - INFO - Epoch(train) [4][8200/8276]  lr: 2.0000e-02  eta: 0:48:04  time: 0.1716  data_time: 0.0051  memory: 916  loss: 0.3740  loss_rpn_cls: 0.0325  loss_rpn_bbox: 0.0167  loss_cls: 0.1668  acc: 92.9688  loss_bbox: 0.1579
2025/05/16 11:43:37 - mmengine - INFO - Epoch(train) [4][8250/8276]  lr: 2.0000e-02  eta: 0:47:55  time: 0.1730  data_time: 0.0048  memory: 916  loss: 0.3522  loss_rpn_cls: 0.0259  loss_rpn_bbox: 0.0155  loss_cls: 0.1516  acc: 96.3867  loss_bbox: 0.1592
2025/05/16 11:43:41 - mmengine - INFO - Exp name: mask-rcnn_voc_20250516_095727
2025/05/16 11:43:41 - mmengine - INFO - Saving checkpoint at 4 epochs
2025/05/16 11:43:45 - mmengine - INFO - Epoch(val) [4][  50/4952]    eta: 0:03:26  time: 0.0420  data_time: 0.0024  memory: 915  
2025/05/16 11:43:47 - mmengine - INFO - Epoch(val) [4][ 100/4952]    eta: 0:03:20  time: 0.0405  data_time: 0.0023  memory: 452  
2025/05/16 11:43:49 - mmengine - INFO - Epoch(val) [4][ 150/4952]    eta: 0:03:16  time: 0.0403  data_time: 0.0023  memory: 451  
2025/05/16 11:43:51 - mmengine - INFO - Epoch(val) [4][ 200/4952]    eta: 0:03:13  time: 0.0404  data_time: 0.0024  memory: 450  
2025/05/16 11:43:53 - mmengine - INFO - Epoch(val) [4][ 250/4952]    eta: 0:03:11  time: 0.0404  data_time: 0.0023  memory: 452  
2025/05/16 11:43:55 - mmengine - INFO - Epoch(val) [4][ 300/4952]    eta: 0:03:09  time: 0.0404  data_time: 0.0024  memory: 450  
2025/05/16 11:43:57 - mmengine - INFO - Epoch(val) [4][ 350/4952]    eta: 0:03:07  time: 0.0405  data_time: 0.0026  memory: 451  
2025/05/16 11:43:59 - mmengine - INFO - Epoch(val) [4][ 400/4952]    eta: 0:03:04  time: 0.0405  data_time: 0.0027  memory: 451  
2025/05/16 11:44:01 - mmengine - INFO - Epoch(val) [4][ 450/4952]    eta: 0:03:02  time: 0.0407  data_time: 0.0027  memory: 450  
2025/05/16 11:44:04 - mmengine - INFO - Epoch(val) [4][ 500/4952]    eta: 0:03:00  time: 0.0403  data_time: 0.0026  memory: 450  
2025/05/16 11:44:06 - mmengine - INFO - Epoch(val) [4][ 550/4952]    eta: 0:02:58  time: 0.0404  data_time: 0.0025  memory: 450  
2025/05/16 11:44:08 - mmengine - INFO - Epoch(val) [4][ 600/4952]    eta: 0:02:56  time: 0.0404  data_time: 0.0026  memory: 450  
2025/05/16 11:44:10 - mmengine - INFO - Epoch(val) [4][ 650/4952]    eta: 0:02:54  time: 0.0404  data_time: 0.0023  memory: 451  
2025/05/16 11:44:12 - mmengine - INFO - Epoch(val) [4][ 700/4952]    eta: 0:02:52  time: 0.0404  data_time: 0.0022  memory: 450  
2025/05/16 11:44:14 - mmengine - INFO - Epoch(val) [4][ 750/4952]    eta: 0:02:50  time: 0.0404  data_time: 0.0023  memory: 452  
2025/05/16 11:44:16 - mmengine - INFO - Epoch(val) [4][ 800/4952]    eta: 0:02:48  time: 0.0404  data_time: 0.0023  memory: 451  
2025/05/16 11:44:18 - mmengine - INFO - Epoch(val) [4][ 850/4952]    eta: 0:02:46  time: 0.0403  data_time: 0.0025  memory: 451  
2025/05/16 11:44:20 - mmengine - INFO - Epoch(val) [4][ 900/4952]    eta: 0:02:44  time: 0.0404  data_time: 0.0023  memory: 450  
2025/05/16 11:44:22 - mmengine - INFO - Epoch(val) [4][ 950/4952]    eta: 0:02:42  time: 0.0404  data_time: 0.0025  memory: 452  
2025/05/16 11:44:24 - mmengine - INFO - Epoch(val) [4][1000/4952]    eta: 0:02:40  time: 0.0404  data_time: 0.0027  memory: 451  
2025/05/16 11:44:26 - mmengine - INFO - Epoch(val) [4][1050/4952]    eta: 0:02:38  time: 0.0404  data_time: 0.0025  memory: 450  
2025/05/16 11:44:28 - mmengine - INFO - Epoch(val) [4][1100/4952]    eta: 0:02:35  time: 0.0404  data_time: 0.0023  memory: 450  
2025/05/16 11:44:30 - mmengine - INFO - Epoch(val) [4][1150/4952]    eta: 0:02:33  time: 0.0404  data_time: 0.0022  memory: 451  
2025/05/16 11:44:32 - mmengine - INFO - Epoch(val) [4][1200/4952]    eta: 0:02:31  time: 0.0405  data_time: 0.0026  memory: 451  
2025/05/16 11:44:34 - mmengine - INFO - Epoch(val) [4][1250/4952]    eta: 0:02:29  time: 0.0403  data_time: 0.0026  memory: 450  
2025/05/16 11:44:36 - mmengine - INFO - Epoch(val) [4][1300/4952]    eta: 0:02:27  time: 0.0403  data_time: 0.0024  memory: 451  
2025/05/16 11:44:38 - mmengine - INFO - Epoch(val) [4][1350/4952]    eta: 0:02:25  time: 0.0404  data_time: 0.0025  memory: 450  
2025/05/16 11:44:40 - mmengine - INFO - Epoch(val) [4][1400/4952]    eta: 0:02:23  time: 0.0404  data_time: 0.0026  memory: 451  
2025/05/16 11:44:42 - mmengine - INFO - Epoch(val) [4][1450/4952]    eta: 0:02:21  time: 0.0404  data_time: 0.0023  memory: 451  
2025/05/16 11:44:44 - mmengine - INFO - Epoch(val) [4][1500/4952]    eta: 0:02:19  time: 0.0404  data_time: 0.0023  memory: 452  
2025/05/16 11:44:46 - mmengine - INFO - Epoch(val) [4][1550/4952]    eta: 0:02:17  time: 0.0403  data_time: 0.0024  memory: 450  
2025/05/16 11:44:48 - mmengine - INFO - Epoch(val) [4][1600/4952]    eta: 0:02:15  time: 0.0404  data_time: 0.0023  memory: 451  
2025/05/16 11:44:50 - mmengine - INFO - Epoch(val) [4][1650/4952]    eta: 0:02:13  time: 0.0404  data_time: 0.0023  memory: 451  
2025/05/16 11:44:52 - mmengine - INFO - Epoch(val) [4][1700/4952]    eta: 0:02:11  time: 0.0405  data_time: 0.0023  memory: 450  
2025/05/16 11:44:54 - mmengine - INFO - Epoch(val) [4][1750/4952]    eta: 0:02:09  time: 0.0405  data_time: 0.0022  memory: 450  
2025/05/16 11:44:56 - mmengine - INFO - Epoch(val) [4][1800/4952]    eta: 0:02:07  time: 0.0404  data_time: 0.0024  memory: 451  
2025/05/16 11:44:58 - mmengine - INFO - Epoch(val) [4][1850/4952]    eta: 0:02:05  time: 0.0404  data_time: 0.0024  memory: 450  
2025/05/16 11:45:00 - mmengine - INFO - Epoch(val) [4][1900/4952]    eta: 0:02:03  time: 0.0401  data_time: 0.0023  memory: 450  
2025/05/16 11:45:02 - mmengine - INFO - Epoch(val) [4][1950/4952]    eta: 0:02:01  time: 0.0405  data_time: 0.0026  memory: 451  
2025/05/16 11:45:04 - mmengine - INFO - Epoch(val) [4][2000/4952]    eta: 0:01:59  time: 0.0405  data_time: 0.0026  memory: 451  
2025/05/16 11:45:06 - mmengine - INFO - Epoch(val) [4][2050/4952]    eta: 0:01:57  time: 0.0404  data_time: 0.0023  memory: 451  
2025/05/16 11:45:08 - mmengine - INFO - Epoch(val) [4][2100/4952]    eta: 0:01:55  time: 0.0404  data_time: 0.0025  memory: 451  
2025/05/16 11:45:10 - mmengine - INFO - Epoch(val) [4][2150/4952]    eta: 0:01:53  time: 0.0404  data_time: 0.0025  memory: 451  
2025/05/16 11:45:12 - mmengine - INFO - Epoch(val) [4][2200/4952]    eta: 0:01:51  time: 0.0403  data_time: 0.0024  memory: 450  
2025/05/16 11:45:14 - mmengine - INFO - Epoch(val) [4][2250/4952]    eta: 0:01:49  time: 0.0404  data_time: 0.0026  memory: 450  
2025/05/16 11:45:16 - mmengine - INFO - Epoch(val) [4][2300/4952]    eta: 0:01:47  time: 0.0403  data_time: 0.0026  memory: 451  
2025/05/16 11:45:18 - mmengine - INFO - Epoch(val) [4][2350/4952]    eta: 0:01:45  time: 0.0404  data_time: 0.0026  memory: 451  
2025/05/16 11:45:20 - mmengine - INFO - Epoch(val) [4][2400/4952]    eta: 0:01:43  time: 0.0404  data_time: 0.0024  memory: 450  
2025/05/16 11:45:22 - mmengine - INFO - Epoch(val) [4][2450/4952]    eta: 0:01:41  time: 0.0404  data_time: 0.0023  memory: 451  
2025/05/16 11:45:24 - mmengine - INFO - Epoch(val) [4][2500/4952]    eta: 0:01:39  time: 0.0404  data_time: 0.0023  memory: 450  
2025/05/16 11:45:26 - mmengine - INFO - Epoch(val) [4][2550/4952]    eta: 0:01:37  time: 0.0404  data_time: 0.0025  memory: 451  
2025/05/16 11:45:28 - mmengine - INFO - Epoch(val) [4][2600/4952]    eta: 0:01:35  time: 0.0404  data_time: 0.0024  memory: 451  
2025/05/16 11:45:31 - mmengine - INFO - Epoch(val) [4][2650/4952]    eta: 0:01:33  time: 0.0406  data_time: 0.0025  memory: 451  
2025/05/16 11:45:33 - mmengine - INFO - Epoch(val) [4][2700/4952]    eta: 0:01:31  time: 0.0403  data_time: 0.0025  memory: 450  
2025/05/16 11:45:35 - mmengine - INFO - Epoch(val) [4][2750/4952]    eta: 0:01:29  time: 0.0403  data_time: 0.0024  memory: 450  
2025/05/16 11:45:37 - mmengine - INFO - Epoch(val) [4][2800/4952]    eta: 0:01:27  time: 0.0404  data_time: 0.0026  memory: 450  
2025/05/16 11:45:39 - mmengine - INFO - Epoch(val) [4][2850/4952]    eta: 0:01:24  time: 0.0404  data_time: 0.0024  memory: 450  
2025/05/16 11:45:41 - mmengine - INFO - Epoch(val) [4][2900/4952]    eta: 0:01:22  time: 0.0404  data_time: 0.0026  memory: 450  
2025/05/16 11:45:43 - mmengine - INFO - Epoch(val) [4][2950/4952]    eta: 0:01:20  time: 0.0404  data_time: 0.0025  memory: 451  
2025/05/16 11:45:45 - mmengine - INFO - Epoch(val) [4][3000/4952]    eta: 0:01:18  time: 0.0404  data_time: 0.0026  memory: 450  
2025/05/16 11:45:47 - mmengine - INFO - Epoch(val) [4][3050/4952]    eta: 0:01:16  time: 0.0404  data_time: 0.0025  memory: 451  
2025/05/16 11:45:49 - mmengine - INFO - Epoch(val) [4][3100/4952]    eta: 0:01:14  time: 0.0404  data_time: 0.0023  memory: 452  
2025/05/16 11:45:51 - mmengine - INFO - Epoch(val) [4][3150/4952]    eta: 0:01:12  time: 0.0404  data_time: 0.0027  memory: 450  
2025/05/16 11:45:53 - mmengine - INFO - Epoch(val) [4][3200/4952]    eta: 0:01:10  time: 0.0404  data_time: 0.0023  memory: 451  
2025/05/16 11:45:55 - mmengine - INFO - Epoch(val) [4][3250/4952]    eta: 0:01:08  time: 0.0404  data_time: 0.0024  memory: 450  
2025/05/16 11:45:57 - mmengine - INFO - Epoch(val) [4][3300/4952]    eta: 0:01:06  time: 0.0404  data_time: 0.0025  memory: 451  
2025/05/16 11:45:59 - mmengine - INFO - Epoch(val) [4][3350/4952]    eta: 0:01:04  time: 0.0404  data_time: 0.0023  memory: 450  
2025/05/16 11:46:01 - mmengine - INFO - Epoch(val) [4][3400/4952]    eta: 0:01:02  time: 0.0405  data_time: 0.0024  memory: 451  
2025/05/16 11:46:03 - mmengine - INFO - Epoch(val) [4][3450/4952]    eta: 0:01:00  time: 0.0404  data_time: 0.0022  memory: 451  
2025/05/16 11:46:05 - mmengine - INFO - Epoch(val) [4][3500/4952]    eta: 0:00:58  time: 0.0405  data_time: 0.0023  memory: 451  
2025/05/16 11:46:07 - mmengine - INFO - Epoch(val) [4][3550/4952]    eta: 0:00:56  time: 0.0404  data_time: 0.0025  memory: 450  
2025/05/16 11:46:09 - mmengine - INFO - Epoch(val) [4][3600/4952]    eta: 0:00:54  time: 0.0405  data_time: 0.0024  memory: 451  
2025/05/16 11:46:11 - mmengine - INFO - Epoch(val) [4][3650/4952]    eta: 0:00:52  time: 0.0404  data_time: 0.0024  memory: 451  
2025/05/16 11:46:13 - mmengine - INFO - Epoch(val) [4][3700/4952]    eta: 0:00:50  time: 0.0405  data_time: 0.0023  memory: 451  
2025/05/16 11:46:15 - mmengine - INFO - Epoch(val) [4][3750/4952]    eta: 0:00:48  time: 0.0404  data_time: 0.0023  memory: 451  
2025/05/16 11:46:17 - mmengine - INFO - Epoch(val) [4][3800/4952]    eta: 0:00:46  time: 0.0404  data_time: 0.0023  memory: 451  
2025/05/16 11:46:19 - mmengine - INFO - Epoch(val) [4][3850/4952]    eta: 0:00:44  time: 0.0404  data_time: 0.0024  memory: 450  
2025/05/16 11:46:21 - mmengine - INFO - Epoch(val) [4][3900/4952]    eta: 0:00:42  time: 0.0403  data_time: 0.0024  memory: 451  
2025/05/16 11:46:23 - mmengine - INFO - Epoch(val) [4][3950/4952]    eta: 0:00:40  time: 0.0403  data_time: 0.0023  memory: 451  
2025/05/16 11:46:25 - mmengine - INFO - Epoch(val) [4][4000/4952]    eta: 0:00:38  time: 0.0405  data_time: 0.0023  memory: 451  
2025/05/16 11:46:27 - mmengine - INFO - Epoch(val) [4][4050/4952]    eta: 0:00:36  time: 0.0404  data_time: 0.0026  memory: 451  
2025/05/16 11:46:29 - mmengine - INFO - Epoch(val) [4][4100/4952]    eta: 0:00:34  time: 0.0404  data_time: 0.0028  memory: 450  
2025/05/16 11:46:31 - mmengine - INFO - Epoch(val) [4][4150/4952]    eta: 0:00:32  time: 0.0404  data_time: 0.0024  memory: 451  
2025/05/16 11:46:33 - mmengine - INFO - Epoch(val) [4][4200/4952]    eta: 0:00:30  time: 0.0404  data_time: 0.0024  memory: 450  
2025/05/16 11:46:35 - mmengine - INFO - Epoch(val) [4][4250/4952]    eta: 0:00:28  time: 0.0404  data_time: 0.0027  memory: 451  
2025/05/16 11:46:37 - mmengine - INFO - Epoch(val) [4][4300/4952]    eta: 0:00:26  time: 0.0404  data_time: 0.0025  memory: 451  
2025/05/16 11:46:39 - mmengine - INFO - Epoch(val) [4][4350/4952]    eta: 0:00:24  time: 0.0403  data_time: 0.0025  memory: 451  
2025/05/16 11:46:41 - mmengine - INFO - Epoch(val) [4][4400/4952]    eta: 0:00:22  time: 0.0404  data_time: 0.0025  memory: 450  
2025/05/16 11:46:43 - mmengine - INFO - Epoch(val) [4][4450/4952]    eta: 0:00:20  time: 0.0404  data_time: 0.0023  memory: 451  
2025/05/16 11:46:45 - mmengine - INFO - Epoch(val) [4][4500/4952]    eta: 0:00:18  time: 0.0404  data_time: 0.0026  memory: 450  
2025/05/16 11:46:47 - mmengine - INFO - Epoch(val) [4][4550/4952]    eta: 0:00:16  time: 0.0403  data_time: 0.0025  memory: 450  
2025/05/16 11:46:49 - mmengine - INFO - Epoch(val) [4][4600/4952]    eta: 0:00:14  time: 0.0399  data_time: 0.0023  memory: 450  
2025/05/16 11:46:51 - mmengine - INFO - Epoch(val) [4][4650/4952]    eta: 0:00:12  time: 0.0404  data_time: 0.0026  memory: 450  
2025/05/16 11:46:53 - mmengine - INFO - Epoch(val) [4][4700/4952]    eta: 0:00:10  time: 0.0403  data_time: 0.0025  memory: 451  
2025/05/16 11:46:55 - mmengine - INFO - Epoch(val) [4][4750/4952]    eta: 0:00:08  time: 0.0404  data_time: 0.0023  memory: 451  
2025/05/16 11:46:57 - mmengine - INFO - Epoch(val) [4][4800/4952]    eta: 0:00:06  time: 0.0404  data_time: 0.0023  memory: 451  
2025/05/16 11:47:00 - mmengine - INFO - Epoch(val) [4][4850/4952]    eta: 0:00:04  time: 0.0404  data_time: 0.0024  memory: 451  
2025/05/16 11:47:02 - mmengine - INFO - Epoch(val) [4][4900/4952]    eta: 0:00:02  time: 0.0404  data_time: 0.0023  memory: 451  
2025/05/16 11:47:04 - mmengine - INFO - Epoch(val) [4][4950/4952]    eta: 0:00:00  time: 0.0404  data_time: 0.0024  memory: 451  
2025/05/16 11:47:04 - mmengine - INFO - 
---------------iou_thr: 0.5---------------
2025/05/16 11:47:07 - mmengine - INFO - 
+-------------+------+-------+--------+-------+
| class       | gts  | dets  | recall | ap    |
+-------------+------+-------+--------+-------+
| aeroplane   | 285  | 771   | 0.691  | 0.576 |
| bicycle     | 337  | 1680  | 0.840  | 0.645 |
| bird        | 459  | 1765  | 0.662  | 0.433 |
| boat        | 263  | 1059  | 0.597  | 0.399 |
| bottle      | 469  | 1834  | 0.516  | 0.341 |
| bus         | 213  | 1849  | 0.878  | 0.651 |
| car         | 1201 | 3245  | 0.768  | 0.672 |
| cat         | 358  | 2319  | 0.905  | 0.683 |
| chair       | 756  | 4304  | 0.700  | 0.406 |
| cow         | 244  | 1888  | 0.832  | 0.430 |
| diningtable | 206  | 2363  | 0.835  | 0.531 |
| dog         | 489  | 2618  | 0.890  | 0.541 |
| horse       | 348  | 1164  | 0.851  | 0.706 |
| motorbike   | 325  | 1401  | 0.825  | 0.637 |
| person      | 4528 | 24477 | 0.852  | 0.698 |
| pottedplant | 480  | 2409  | 0.575  | 0.298 |
| sheep       | 242  | 1575  | 0.731  | 0.473 |
| sofa        | 239  | 2591  | 0.891  | 0.591 |
| train       | 282  | 1048  | 0.819  | 0.639 |
| tvmonitor   | 308  | 681   | 0.672  | 0.549 |
+-------------+------+-------+--------+-------+
| mAP         |      |       |        | 0.545 |
+-------------+------+-------+--------+-------+
2025/05/16 11:47:07 - mmengine - INFO - Epoch(val) [4][4952/4952]    pascal_voc/mAP: 0.5449  pascal_voc/AP50: 0.5450  data_time: 0.0024  time: 0.0404
2025/05/16 11:47:16 - mmengine - INFO - Epoch(train) [5][  50/8276]  lr: 2.0000e-02  eta: 0:47:42  time: 0.1729  data_time: 0.0057  memory: 915  loss: 0.3937  loss_rpn_cls: 0.0185  loss_rpn_bbox: 0.0137  loss_cls: 0.1822  acc: 96.0938  loss_bbox: 0.1793
2025/05/16 11:47:24 - mmengine - INFO - Epoch(train) [5][ 100/8276]  lr: 2.0000e-02  eta: 0:47:33  time: 0.1709  data_time: 0.0051  memory: 915  loss: 0.3452  loss_rpn_cls: 0.0227  loss_rpn_bbox: 0.0137  loss_cls: 0.1560  acc: 94.6289  loss_bbox: 0.1529
2025/05/16 11:47:33 - mmengine - INFO - Epoch(train) [5][ 150/8276]  lr: 2.0000e-02  eta: 0:47:25  time: 0.1680  data_time: 0.0048  memory: 916  loss: 0.3325  loss_rpn_cls: 0.0199  loss_rpn_bbox: 0.0140  loss_cls: 0.1406  acc: 97.3633  loss_bbox: 0.1580
2025/05/16 11:47:41 - mmengine - INFO - Epoch(train) [5][ 200/8276]  lr: 2.0000e-02  eta: 0:47:16  time: 0.1698  data_time: 0.0048  memory: 916  loss: 0.3502  loss_rpn_cls: 0.0179  loss_rpn_bbox: 0.0132  loss_cls: 0.1562  acc: 95.5078  loss_bbox: 0.1629
2025/05/16 11:47:50 - mmengine - INFO - Epoch(train) [5][ 250/8276]  lr: 2.0000e-02  eta: 0:47:07  time: 0.1683  data_time: 0.0047  memory: 915  loss: 0.4044  loss_rpn_cls: 0.0248  loss_rpn_bbox: 0.0150  loss_cls: 0.1750  acc: 96.3867  loss_bbox: 0.1896
2025/05/16 11:47:58 - mmengine - INFO - Epoch(train) [5][ 300/8276]  lr: 2.0000e-02  eta: 0:46:58  time: 0.1699  data_time: 0.0044  memory: 916  loss: 0.3688  loss_rpn_cls: 0.0192  loss_rpn_bbox: 0.0125  loss_cls: 0.1718  acc: 95.3125  loss_bbox: 0.1654
2025/05/16 11:48:07 - mmengine - INFO - Epoch(train) [5][ 350/8276]  lr: 2.0000e-02  eta: 0:46:49  time: 0.1697  data_time: 0.0042  memory: 915  loss: 0.3701  loss_rpn_cls: 0.0209  loss_rpn_bbox: 0.0156  loss_cls: 0.1625  acc: 93.3594  loss_bbox: 0.1711
2025/05/16 11:48:15 - mmengine - INFO - Epoch(train) [5][ 400/8276]  lr: 2.0000e-02  eta: 0:46:41  time: 0.1752  data_time: 0.0042  memory: 915  loss: 0.3346  loss_rpn_cls: 0.0253  loss_rpn_bbox: 0.0129  loss_cls: 0.1437  acc: 98.0469  loss_bbox: 0.1526
2025/05/16 11:48:24 - mmengine - INFO - Epoch(train) [5][ 450/8276]  lr: 2.0000e-02  eta: 0:46:32  time: 0.1753  data_time: 0.0041  memory: 916  loss: 0.3621  loss_rpn_cls: 0.0215  loss_rpn_bbox: 0.0128  loss_cls: 0.1653  acc: 94.1406  loss_bbox: 0.1625
2025/05/16 11:48:33 - mmengine - INFO - Epoch(train) [5][ 500/8276]  lr: 2.0000e-02  eta: 0:46:24  time: 0.1764  data_time: 0.0044  memory: 915  loss: 0.3096  loss_rpn_cls: 0.0195  loss_rpn_bbox: 0.0102  loss_cls: 0.1343  acc: 92.5781  loss_bbox: 0.1456
2025/05/16 11:48:42 - mmengine - INFO - Epoch(train) [5][ 550/8276]  lr: 2.0000e-02  eta: 0:46:15  time: 0.1752  data_time: 0.0044  memory: 915  loss: 0.3872  loss_rpn_cls: 0.0206  loss_rpn_bbox: 0.0158  loss_cls: 0.1702  acc: 97.2656  loss_bbox: 0.1807
2025/05/16 11:48:51 - mmengine - INFO - Epoch(train) [5][ 600/8276]  lr: 2.0000e-02  eta: 0:46:06  time: 0.1742  data_time: 0.0047  memory: 915  loss: 0.3938  loss_rpn_cls: 0.0277  loss_rpn_bbox: 0.0154  loss_cls: 0.1797  acc: 94.0430  loss_bbox: 0.1710
2025/05/16 11:48:59 - mmengine - INFO - Epoch(train) [5][ 650/8276]  lr: 2.0000e-02  eta: 0:45:58  time: 0.1711  data_time: 0.0040  memory: 916  loss: 0.4098  loss_rpn_cls: 0.0293  loss_rpn_bbox: 0.0145  loss_cls: 0.1823  acc: 94.1406  loss_bbox: 0.1836
2025/05/16 11:49:08 - mmengine - INFO - Epoch(train) [5][ 700/8276]  lr: 2.0000e-02  eta: 0:45:49  time: 0.1718  data_time: 0.0042  memory: 915  loss: 0.3958  loss_rpn_cls: 0.0211  loss_rpn_bbox: 0.0139  loss_cls: 0.1802  acc: 94.6289  loss_bbox: 0.1806
2025/05/16 11:49:16 - mmengine - INFO - Epoch(train) [5][ 750/8276]  lr: 2.0000e-02  eta: 0:45:40  time: 0.1738  data_time: 0.0043  memory: 916  loss: 0.3381  loss_rpn_cls: 0.0191  loss_rpn_bbox: 0.0118  loss_cls: 0.1530  acc: 98.7305  loss_bbox: 0.1542
2025/05/16 11:49:25 - mmengine - INFO - Epoch(train) [5][ 800/8276]  lr: 2.0000e-02  eta: 0:45:32  time: 0.1730  data_time: 0.0045  memory: 916  loss: 0.4070  loss_rpn_cls: 0.0227  loss_rpn_bbox: 0.0157  loss_cls: 0.1820  acc: 97.2656  loss_bbox: 0.1866
2025/05/16 11:49:34 - mmengine - INFO - Epoch(train) [5][ 850/8276]  lr: 2.0000e-02  eta: 0:45:23  time: 0.1711  data_time: 0.0041  memory: 915  loss: 0.3776  loss_rpn_cls: 0.0257  loss_rpn_bbox: 0.0130  loss_cls: 0.1701  acc: 98.9258  loss_bbox: 0.1689
2025/05/16 11:49:41 - mmengine - INFO - Exp name: mask-rcnn_voc_20250516_095727
2025/05/16 11:49:42 - mmengine - INFO - Epoch(train) [5][ 900/8276]  lr: 2.0000e-02  eta: 0:45:14  time: 0.1675  data_time: 0.0043  memory: 915  loss: 0.3193  loss_rpn_cls: 0.0212  loss_rpn_bbox: 0.0136  loss_cls: 0.1332  acc: 96.4844  loss_bbox: 0.1513
2025/05/16 11:49:51 - mmengine - INFO - Epoch(train) [5][ 950/8276]  lr: 2.0000e-02  eta: 0:45:05  time: 0.1703  data_time: 0.0046  memory: 916  loss: 0.3249  loss_rpn_cls: 0.0166  loss_rpn_bbox: 0.0114  loss_cls: 0.1436  acc: 88.8672  loss_bbox: 0.1534
2025/05/16 11:49:59 - mmengine - INFO - Epoch(train) [5][1000/8276]  lr: 2.0000e-02  eta: 0:44:57  time: 0.1724  data_time: 0.0041  memory: 916  loss: 0.3829  loss_rpn_cls: 0.0250  loss_rpn_bbox: 0.0158  loss_cls: 0.1696  acc: 92.1875  loss_bbox: 0.1725
2025/05/16 11:50:08 - mmengine - INFO - Epoch(train) [5][1050/8276]  lr: 2.0000e-02  eta: 0:44:48  time: 0.1723  data_time: 0.0042  memory: 916  loss: 0.3516  loss_rpn_cls: 0.0204  loss_rpn_bbox: 0.0129  loss_cls: 0.1578  acc: 96.6797  loss_bbox: 0.1604
2025/05/16 11:50:16 - mmengine - INFO - Epoch(train) [5][1100/8276]  lr: 2.0000e-02  eta: 0:44:39  time: 0.1706  data_time: 0.0041  memory: 915  loss: 0.3511  loss_rpn_cls: 0.0191  loss_rpn_bbox: 0.0115  loss_cls: 0.1640  acc: 95.8008  loss_bbox: 0.1566
2025/05/16 11:50:25 - mmengine - INFO - Epoch(train) [5][1150/8276]  lr: 2.0000e-02  eta: 0:44:30  time: 0.1728  data_time: 0.0045  memory: 915  loss: 0.3938  loss_rpn_cls: 0.0212  loss_rpn_bbox: 0.0129  loss_cls: 0.1815  acc: 95.1172  loss_bbox: 0.1783
2025/05/16 11:50:33 - mmengine - INFO - Epoch(train) [5][1200/8276]  lr: 2.0000e-02  eta: 0:44:22  time: 0.1693  data_time: 0.0042  memory: 916  loss: 0.4349  loss_rpn_cls: 0.0281  loss_rpn_bbox: 0.0180  loss_cls: 0.1915  acc: 91.0156  loss_bbox: 0.1972
2025/05/16 11:50:42 - mmengine - INFO - Epoch(train) [5][1250/8276]  lr: 2.0000e-02  eta: 0:44:13  time: 0.1717  data_time: 0.0047  memory: 915  loss: 0.3665  loss_rpn_cls: 0.0286  loss_rpn_bbox: 0.0127  loss_cls: 0.1644  acc: 96.1914  loss_bbox: 0.1608
2025/05/16 11:50:51 - mmengine - INFO - Epoch(train) [5][1300/8276]  lr: 2.0000e-02  eta: 0:44:04  time: 0.1716  data_time: 0.0046  memory: 916  loss: 0.3484  loss_rpn_cls: 0.0206  loss_rpn_bbox: 0.0138  loss_cls: 0.1543  acc: 96.7773  loss_bbox: 0.1597
2025/05/16 11:50:59 - mmengine - INFO - Epoch(train) [5][1350/8276]  lr: 2.0000e-02  eta: 0:43:56  time: 0.1731  data_time: 0.0043  memory: 916  loss: 0.3229  loss_rpn_cls: 0.0170  loss_rpn_bbox: 0.0110  loss_cls: 0.1510  acc: 95.4102  loss_bbox: 0.1439
2025/05/16 11:51:08 - mmengine - INFO - Epoch(train) [5][1400/8276]  lr: 2.0000e-02  eta: 0:43:47  time: 0.1728  data_time: 0.0041  memory: 916  loss: 0.3589  loss_rpn_cls: 0.0217  loss_rpn_bbox: 0.0115  loss_cls: 0.1722  acc: 98.3398  loss_bbox: 0.1535
2025/05/16 11:51:16 - mmengine - INFO - Epoch(train) [5][1450/8276]  lr: 2.0000e-02  eta: 0:43:38  time: 0.1706  data_time: 0.0041  memory: 915  loss: 0.3467  loss_rpn_cls: 0.0213  loss_rpn_bbox: 0.0119  loss_cls: 0.1547  acc: 98.5352  loss_bbox: 0.1588
2025/05/16 11:51:25 - mmengine - INFO - Epoch(train) [5][1500/8276]  lr: 2.0000e-02  eta: 0:43:30  time: 0.1770  data_time: 0.0046  memory: 916  loss: 0.3742  loss_rpn_cls: 0.0386  loss_rpn_bbox: 0.0151  loss_cls: 0.1637  acc: 97.6562  loss_bbox: 0.1568
2025/05/16 11:51:34 - mmengine - INFO - Epoch(train) [5][1550/8276]  lr: 2.0000e-02  eta: 0:43:21  time: 0.1727  data_time: 0.0042  memory: 915  loss: 0.3619  loss_rpn_cls: 0.0226  loss_rpn_bbox: 0.0122  loss_cls: 0.1702  acc: 95.6055  loss_bbox: 0.1569
2025/05/16 11:51:43 - mmengine - INFO - Epoch(train) [5][1600/8276]  lr: 2.0000e-02  eta: 0:43:12  time: 0.1726  data_time: 0.0044  memory: 916  loss: 0.3284  loss_rpn_cls: 0.0159  loss_rpn_bbox: 0.0098  loss_cls: 0.1517  acc: 91.4062  loss_bbox: 0.1510
2025/05/16 11:51:51 - mmengine - INFO - Epoch(train) [5][1650/8276]  lr: 2.0000e-02  eta: 0:43:04  time: 0.1727  data_time: 0.0042  memory: 915  loss: 0.3715  loss_rpn_cls: 0.0236  loss_rpn_bbox: 0.0137  loss_cls: 0.1707  acc: 96.0938  loss_bbox: 0.1635
2025/05/16 11:52:00 - mmengine - INFO - Epoch(train) [5][1700/8276]  lr: 2.0000e-02  eta: 0:42:55  time: 0.1716  data_time: 0.0045  memory: 915  loss: 0.3343  loss_rpn_cls: 0.0228  loss_rpn_bbox: 0.0119  loss_cls: 0.1601  acc: 95.7031  loss_bbox: 0.1394
2025/05/16 11:52:08 - mmengine - INFO - Epoch(train) [5][1750/8276]  lr: 2.0000e-02  eta: 0:42:46  time: 0.1730  data_time: 0.0045  memory: 916  loss: 0.4129  loss_rpn_cls: 0.0262  loss_rpn_bbox: 0.0157  loss_cls: 0.1826  acc: 96.9727  loss_bbox: 0.1884
2025/05/16 11:52:17 - mmengine - INFO - Epoch(train) [5][1800/8276]  lr: 2.0000e-02  eta: 0:42:37  time: 0.1723  data_time: 0.0043  memory: 915  loss: 0.3620  loss_rpn_cls: 0.0191  loss_rpn_bbox: 0.0119  loss_cls: 0.1644  acc: 93.1641  loss_bbox: 0.1667
2025/05/16 11:52:26 - mmengine - INFO - Epoch(train) [5][1850/8276]  lr: 2.0000e-02  eta: 0:42:29  time: 0.1735  data_time: 0.0044  memory: 916  loss: 0.3792  loss_rpn_cls: 0.0205  loss_rpn_bbox: 0.0125  loss_cls: 0.1706  acc: 92.1875  loss_bbox: 0.1756
2025/05/16 11:52:34 - mmengine - INFO - Exp name: mask-rcnn_voc_20250516_095727
2025/05/16 11:52:34 - mmengine - INFO - Epoch(train) [5][1900/8276]  lr: 2.0000e-02  eta: 0:42:20  time: 0.1722  data_time: 0.0043  memory: 915  loss: 0.4407  loss_rpn_cls: 0.0296  loss_rpn_bbox: 0.0164  loss_cls: 0.1814  acc: 97.3633  loss_bbox: 0.2133
2025/05/16 11:52:43 - mmengine - INFO - Epoch(train) [5][1950/8276]  lr: 2.0000e-02  eta: 0:42:11  time: 0.1723  data_time: 0.0048  memory: 916  loss: 0.3829  loss_rpn_cls: 0.0263  loss_rpn_bbox: 0.0163  loss_cls: 0.1631  acc: 94.9219  loss_bbox: 0.1773
2025/05/16 11:52:52 - mmengine - INFO - Epoch(train) [5][2000/8276]  lr: 2.0000e-02  eta: 0:42:03  time: 0.1739  data_time: 0.0048  memory: 916  loss: 0.3857  loss_rpn_cls: 0.0234  loss_rpn_bbox: 0.0140  loss_cls: 0.1761  acc: 90.9180  loss_bbox: 0.1722
2025/05/16 11:53:00 - mmengine - INFO - Epoch(train) [5][2050/8276]  lr: 2.0000e-02  eta: 0:41:54  time: 0.1744  data_time: 0.0047  memory: 916  loss: 0.4110  loss_rpn_cls: 0.0218  loss_rpn_bbox: 0.0147  loss_cls: 0.1746  acc: 95.8984  loss_bbox: 0.2000
2025/05/16 11:53:09 - mmengine - INFO - Epoch(train) [5][2100/8276]  lr: 2.0000e-02  eta: 0:41:45  time: 0.1746  data_time: 0.0045  memory: 915  loss: 0.4279  loss_rpn_cls: 0.0225  loss_rpn_bbox: 0.0146  loss_cls: 0.1913  acc: 88.2812  loss_bbox: 0.1994
2025/05/16 11:53:18 - mmengine - INFO - Epoch(train) [5][2150/8276]  lr: 2.0000e-02  eta: 0:41:37  time: 0.1740  data_time: 0.0046  memory: 915  loss: 0.3927  loss_rpn_cls: 0.0218  loss_rpn_bbox: 0.0122  loss_cls: 0.1833  acc: 96.3867  loss_bbox: 0.1755
2025/05/16 11:53:27 - mmengine - INFO - Epoch(train) [5][2200/8276]  lr: 2.0000e-02  eta: 0:41:28  time: 0.1746  data_time: 0.0046  memory: 915  loss: 0.2903  loss_rpn_cls: 0.0171  loss_rpn_bbox: 0.0102  loss_cls: 0.1374  acc: 91.4062  loss_bbox: 0.1256
2025/05/16 11:53:35 - mmengine - INFO - Epoch(train) [5][2250/8276]  lr: 2.0000e-02  eta: 0:41:19  time: 0.1718  data_time: 0.0050  memory: 915  loss: 0.3462  loss_rpn_cls: 0.0192  loss_rpn_bbox: 0.0127  loss_cls: 0.1609  acc: 96.3867  loss_bbox: 0.1534
2025/05/16 11:53:44 - mmengine - INFO - Epoch(train) [5][2300/8276]  lr: 2.0000e-02  eta: 0:41:11  time: 0.1735  data_time: 0.0050  memory: 916  loss: 0.4185  loss_rpn_cls: 0.0252  loss_rpn_bbox: 0.0143  loss_cls: 0.1992  acc: 90.5273  loss_bbox: 0.1798
2025/05/16 11:53:52 - mmengine - INFO - Epoch(train) [5][2350/8276]  lr: 2.0000e-02  eta: 0:41:02  time: 0.1718  data_time: 0.0052  memory: 915  loss: 0.4134  loss_rpn_cls: 0.0311  loss_rpn_bbox: 0.0172  loss_cls: 0.1891  acc: 92.0898  loss_bbox: 0.1760
2025/05/16 11:54:01 - mmengine - INFO - Epoch(train) [5][2400/8276]  lr: 2.0000e-02  eta: 0:40:53  time: 0.1740  data_time: 0.0052  memory: 915  loss: 0.3666  loss_rpn_cls: 0.0250  loss_rpn_bbox: 0.0143  loss_cls: 0.1627  acc: 94.7266  loss_bbox: 0.1646
2025/05/16 11:54:10 - mmengine - INFO - Epoch(train) [5][2450/8276]  lr: 2.0000e-02  eta: 0:40:45  time: 0.1712  data_time: 0.0051  memory: 915  loss: 0.3331  loss_rpn_cls: 0.0223  loss_rpn_bbox: 0.0116  loss_cls: 0.1513  acc: 97.4609  loss_bbox: 0.1479
2025/05/16 11:54:18 - mmengine - INFO - Epoch(train) [5][2500/8276]  lr: 2.0000e-02  eta: 0:40:36  time: 0.1735  data_time: 0.0048  memory: 915  loss: 0.3566  loss_rpn_cls: 0.0236  loss_rpn_bbox: 0.0133  loss_cls: 0.1637  acc: 93.4570  loss_bbox: 0.1560
2025/05/16 11:54:27 - mmengine - INFO - Epoch(train) [5][2550/8276]  lr: 2.0000e-02  eta: 0:40:27  time: 0.1746  data_time: 0.0050  memory: 915  loss: 0.3249  loss_rpn_cls: 0.0214  loss_rpn_bbox: 0.0135  loss_cls: 0.1458  acc: 96.3867  loss_bbox: 0.1441
2025/05/16 11:54:36 - mmengine - INFO - Epoch(train) [5][2600/8276]  lr: 2.0000e-02  eta: 0:40:19  time: 0.1757  data_time: 0.0047  memory: 915  loss: 0.3268  loss_rpn_cls: 0.0239  loss_rpn_bbox: 0.0116  loss_cls: 0.1518  acc: 97.3633  loss_bbox: 0.1395
2025/05/16 11:54:45 - mmengine - INFO - Epoch(train) [5][2650/8276]  lr: 2.0000e-02  eta: 0:40:10  time: 0.1749  data_time: 0.0049  memory: 915  loss: 0.3619  loss_rpn_cls: 0.0222  loss_rpn_bbox: 0.0136  loss_cls: 0.1527  acc: 92.7734  loss_bbox: 0.1734
2025/05/16 11:54:53 - mmengine - INFO - Epoch(train) [5][2700/8276]  lr: 2.0000e-02  eta: 0:40:01  time: 0.1751  data_time: 0.0052  memory: 915  loss: 0.3038  loss_rpn_cls: 0.0189  loss_rpn_bbox: 0.0126  loss_cls: 0.1372  acc: 95.8984  loss_bbox: 0.1352
2025/05/16 11:55:02 - mmengine - INFO - Epoch(train) [5][2750/8276]  lr: 2.0000e-02  eta: 0:39:53  time: 0.1750  data_time: 0.0052  memory: 884  loss: 0.3676  loss_rpn_cls: 0.0286  loss_rpn_bbox: 0.0138  loss_cls: 0.1670  acc: 94.8242  loss_bbox: 0.1581
2025/05/16 11:55:11 - mmengine - INFO - Epoch(train) [5][2800/8276]  lr: 2.0000e-02  eta: 0:39:44  time: 0.1758  data_time: 0.0051  memory: 916  loss: 0.3699  loss_rpn_cls: 0.0234  loss_rpn_bbox: 0.0135  loss_cls: 0.1667  acc: 93.9453  loss_bbox: 0.1664
2025/05/16 11:55:20 - mmengine - INFO - Epoch(train) [5][2850/8276]  lr: 2.0000e-02  eta: 0:39:36  time: 0.1766  data_time: 0.0052  memory: 915  loss: 0.3211  loss_rpn_cls: 0.0200  loss_rpn_bbox: 0.0113  loss_cls: 0.1445  acc: 98.4375  loss_bbox: 0.1453
2025/05/16 11:55:28 - mmengine - INFO - Exp name: mask-rcnn_voc_20250516_095727
2025/05/16 11:55:28 - mmengine - INFO - Epoch(train) [5][2900/8276]  lr: 2.0000e-02  eta: 0:39:27  time: 0.1737  data_time: 0.0053  memory: 915  loss: 0.3629  loss_rpn_cls: 0.0181  loss_rpn_bbox: 0.0131  loss_cls: 0.1663  acc: 95.8008  loss_bbox: 0.1654
2025/05/16 11:55:37 - mmengine - INFO - Epoch(train) [5][2950/8276]  lr: 2.0000e-02  eta: 0:39:18  time: 0.1758  data_time: 0.0053  memory: 916  loss: 0.3677  loss_rpn_cls: 0.0210  loss_rpn_bbox: 0.0134  loss_cls: 0.1752  acc: 96.7773  loss_bbox: 0.1580
2025/05/16 11:55:46 - mmengine - INFO - Epoch(train) [5][3000/8276]  lr: 2.0000e-02  eta: 0:39:10  time: 0.1742  data_time: 0.0054  memory: 915  loss: 0.3594  loss_rpn_cls: 0.0209  loss_rpn_bbox: 0.0133  loss_cls: 0.1689  acc: 95.9961  loss_bbox: 0.1563
2025/05/16 11:55:55 - mmengine - INFO - Epoch(train) [5][3050/8276]  lr: 2.0000e-02  eta: 0:39:01  time: 0.1737  data_time: 0.0050  memory: 915  loss: 0.3764  loss_rpn_cls: 0.0230  loss_rpn_bbox: 0.0118  loss_cls: 0.1757  acc: 94.7266  loss_bbox: 0.1659
2025/05/16 11:56:03 - mmengine - INFO - Epoch(train) [5][3100/8276]  lr: 2.0000e-02  eta: 0:38:52  time: 0.1732  data_time: 0.0048  memory: 916  loss: 0.3651  loss_rpn_cls: 0.0192  loss_rpn_bbox: 0.0141  loss_cls: 0.1606  acc: 93.0664  loss_bbox: 0.1712
2025/05/16 11:56:12 - mmengine - INFO - Epoch(train) [5][3150/8276]  lr: 2.0000e-02  eta: 0:38:44  time: 0.1735  data_time: 0.0049  memory: 915  loss: 0.3793  loss_rpn_cls: 0.0233  loss_rpn_bbox: 0.0137  loss_cls: 0.1660  acc: 94.9219  loss_bbox: 0.1763
2025/05/16 11:56:21 - mmengine - INFO - Epoch(train) [5][3200/8276]  lr: 2.0000e-02  eta: 0:38:35  time: 0.1733  data_time: 0.0049  memory: 916  loss: 0.3612  loss_rpn_cls: 0.0225  loss_rpn_bbox: 0.0139  loss_cls: 0.1541  acc: 89.6484  loss_bbox: 0.1707
2025/05/16 11:56:29 - mmengine - INFO - Epoch(train) [5][3250/8276]  lr: 2.0000e-02  eta: 0:38:26  time: 0.1720  data_time: 0.0046  memory: 915  loss: 0.3454  loss_rpn_cls: 0.0220  loss_rpn_bbox: 0.0120  loss_cls: 0.1500  acc: 92.2852  loss_bbox: 0.1614
2025/05/16 11:56:38 - mmengine - INFO - Epoch(train) [5][3300/8276]  lr: 2.0000e-02  eta: 0:38:18  time: 0.1750  data_time: 0.0052  memory: 915  loss: 0.3824  loss_rpn_cls: 0.0236  loss_rpn_bbox: 0.0143  loss_cls: 0.1750  acc: 96.1914  loss_bbox: 0.1696
2025/05/16 11:56:47 - mmengine - INFO - Epoch(train) [5][3350/8276]  lr: 2.0000e-02  eta: 0:38:09  time: 0.1762  data_time: 0.0051  memory: 915  loss: 0.3411  loss_rpn_cls: 0.0221  loss_rpn_bbox: 0.0125  loss_cls: 0.1495  acc: 94.1406  loss_bbox: 0.1569
2025/05/16 11:56:56 - mmengine - INFO - Epoch(train) [5][3400/8276]  lr: 2.0000e-02  eta: 0:38:00  time: 0.1748  data_time: 0.0051  memory: 915  loss: 0.3248  loss_rpn_cls: 0.0185  loss_rpn_bbox: 0.0100  loss_cls: 0.1477  acc: 90.0391  loss_bbox: 0.1486
2025/05/16 11:57:04 - mmengine - INFO - Epoch(train) [5][3450/8276]  lr: 2.0000e-02  eta: 0:37:52  time: 0.1778  data_time: 0.0048  memory: 916  loss: 0.3847  loss_rpn_cls: 0.0214  loss_rpn_bbox: 0.0122  loss_cls: 0.1804  acc: 96.5820  loss_bbox: 0.1706
2025/05/16 11:57:13 - mmengine - INFO - Epoch(train) [5][3500/8276]  lr: 2.0000e-02  eta: 0:37:43  time: 0.1769  data_time: 0.0049  memory: 916  loss: 0.3436  loss_rpn_cls: 0.0240  loss_rpn_bbox: 0.0123  loss_cls: 0.1583  acc: 98.4375  loss_bbox: 0.1489
2025/05/16 11:57:22 - mmengine - INFO - Epoch(train) [5][3550/8276]  lr: 2.0000e-02  eta: 0:37:34  time: 0.1723  data_time: 0.0051  memory: 916  loss: 0.4011  loss_rpn_cls: 0.0272  loss_rpn_bbox: 0.0157  loss_cls: 0.1761  acc: 95.8008  loss_bbox: 0.1821
2025/05/16 11:57:31 - mmengine - INFO - Epoch(train) [5][3600/8276]  lr: 2.0000e-02  eta: 0:37:26  time: 0.1737  data_time: 0.0052  memory: 916  loss: 0.3797  loss_rpn_cls: 0.0250  loss_rpn_bbox: 0.0152  loss_cls: 0.1655  acc: 96.2891  loss_bbox: 0.1741
2025/05/16 11:57:39 - mmengine - INFO - Epoch(train) [5][3650/8276]  lr: 2.0000e-02  eta: 0:37:17  time: 0.1757  data_time: 0.0050  memory: 915  loss: 0.3588  loss_rpn_cls: 0.0195  loss_rpn_bbox: 0.0121  loss_cls: 0.1586  acc: 96.2891  loss_bbox: 0.1686
2025/05/16 11:57:48 - mmengine - INFO - Epoch(train) [5][3700/8276]  lr: 2.0000e-02  eta: 0:37:08  time: 0.1723  data_time: 0.0049  memory: 915  loss: 0.3393  loss_rpn_cls: 0.0161  loss_rpn_bbox: 0.0104  loss_cls: 0.1555  acc: 88.2812  loss_bbox: 0.1573
2025/05/16 11:57:57 - mmengine - INFO - Epoch(train) [5][3750/8276]  lr: 2.0000e-02  eta: 0:37:00  time: 0.1744  data_time: 0.0046  memory: 916  loss: 0.3714  loss_rpn_cls: 0.0271  loss_rpn_bbox: 0.0143  loss_cls: 0.1714  acc: 96.3867  loss_bbox: 0.1586
2025/05/16 11:58:05 - mmengine - INFO - Epoch(train) [5][3800/8276]  lr: 2.0000e-02  eta: 0:36:51  time: 0.1723  data_time: 0.0049  memory: 885  loss: 0.3277  loss_rpn_cls: 0.0184  loss_rpn_bbox: 0.0117  loss_cls: 0.1507  acc: 92.6758  loss_bbox: 0.1470
2025/05/16 11:58:14 - mmengine - INFO - Epoch(train) [5][3850/8276]  lr: 2.0000e-02  eta: 0:36:42  time: 0.1741  data_time: 0.0048  memory: 915  loss: 0.3088  loss_rpn_cls: 0.0216  loss_rpn_bbox: 0.0111  loss_cls: 0.1463  acc: 99.1211  loss_bbox: 0.1298
2025/05/16 11:58:22 - mmengine - INFO - Exp name: mask-rcnn_voc_20250516_095727
2025/05/16 11:58:23 - mmengine - INFO - Epoch(train) [5][3900/8276]  lr: 2.0000e-02  eta: 0:36:34  time: 0.1745  data_time: 0.0050  memory: 915  loss: 0.3553  loss_rpn_cls: 0.0163  loss_rpn_bbox: 0.0123  loss_cls: 0.1607  acc: 99.0234  loss_bbox: 0.1659
2025/05/16 11:58:32 - mmengine - INFO - Epoch(train) [5][3950/8276]  lr: 2.0000e-02  eta: 0:36:25  time: 0.1752  data_time: 0.0047  memory: 916  loss: 0.3622  loss_rpn_cls: 0.0194  loss_rpn_bbox: 0.0127  loss_cls: 0.1664  acc: 88.6719  loss_bbox: 0.1638
2025/05/16 11:58:40 - mmengine - INFO - Epoch(train) [5][4000/8276]  lr: 2.0000e-02  eta: 0:36:17  time: 0.1748  data_time: 0.0048  memory: 915  loss: 0.3650  loss_rpn_cls: 0.0169  loss_rpn_bbox: 0.0122  loss_cls: 0.1620  acc: 97.8516  loss_bbox: 0.1739
2025/05/16 11:58:49 - mmengine - INFO - Epoch(train) [5][4050/8276]  lr: 2.0000e-02  eta: 0:36:08  time: 0.1764  data_time: 0.0049  memory: 916  loss: 0.3709  loss_rpn_cls: 0.0218  loss_rpn_bbox: 0.0126  loss_cls: 0.1667  acc: 92.9688  loss_bbox: 0.1698
2025/05/16 11:58:58 - mmengine - INFO - Epoch(train) [5][4100/8276]  lr: 2.0000e-02  eta: 0:35:59  time: 0.1769  data_time: 0.0047  memory: 916  loss: 0.3653  loss_rpn_cls: 0.0253  loss_rpn_bbox: 0.0129  loss_cls: 0.1599  acc: 99.3164  loss_bbox: 0.1671
2025/05/16 11:59:07 - mmengine - INFO - Epoch(train) [5][4150/8276]  lr: 2.0000e-02  eta: 0:35:51  time: 0.1747  data_time: 0.0048  memory: 915  loss: 0.3921  loss_rpn_cls: 0.0255  loss_rpn_bbox: 0.0141  loss_cls: 0.1722  acc: 96.9727  loss_bbox: 0.1802
2025/05/16 11:59:15 - mmengine - INFO - Epoch(train) [5][4200/8276]  lr: 2.0000e-02  eta: 0:35:42  time: 0.1735  data_time: 0.0047  memory: 915  loss: 0.3810  loss_rpn_cls: 0.0203  loss_rpn_bbox: 0.0134  loss_cls: 0.1701  acc: 98.2422  loss_bbox: 0.1772
2025/05/16 11:59:24 - mmengine - INFO - Epoch(train) [5][4250/8276]  lr: 2.0000e-02  eta: 0:35:33  time: 0.1753  data_time: 0.0048  memory: 915  loss: 0.3813  loss_rpn_cls: 0.0218  loss_rpn_bbox: 0.0162  loss_cls: 0.1619  acc: 96.2891  loss_bbox: 0.1814
2025/05/16 11:59:33 - mmengine - INFO - Epoch(train) [5][4300/8276]  lr: 2.0000e-02  eta: 0:35:25  time: 0.1739  data_time: 0.0048  memory: 916  loss: 0.4154  loss_rpn_cls: 0.0256  loss_rpn_bbox: 0.0154  loss_cls: 0.1768  acc: 99.5117  loss_bbox: 0.1975
2025/05/16 11:59:42 - mmengine - INFO - Epoch(train) [5][4350/8276]  lr: 2.0000e-02  eta: 0:35:16  time: 0.1741  data_time: 0.0047  memory: 915  loss: 0.3645  loss_rpn_cls: 0.0212  loss_rpn_bbox: 0.0119  loss_cls: 0.1661  acc: 91.9922  loss_bbox: 0.1652
2025/05/16 11:59:50 - mmengine - INFO - Epoch(train) [5][4400/8276]  lr: 2.0000e-02  eta: 0:35:07  time: 0.1721  data_time: 0.0047  memory: 916  loss: 0.3837  loss_rpn_cls: 0.0238  loss_rpn_bbox: 0.0147  loss_cls: 0.1751  acc: 97.2656  loss_bbox: 0.1701
2025/05/16 11:59:59 - mmengine - INFO - Epoch(train) [5][4450/8276]  lr: 2.0000e-02  eta: 0:34:59  time: 0.1747  data_time: 0.0048  memory: 915  loss: 0.4498  loss_rpn_cls: 0.0278  loss_rpn_bbox: 0.0177  loss_cls: 0.2021  acc: 98.8281  loss_bbox: 0.2021
2025/05/16 12:00:08 - mmengine - INFO - Epoch(train) [5][4500/8276]  lr: 2.0000e-02  eta: 0:34:50  time: 0.1738  data_time: 0.0045  memory: 916  loss: 0.3757  loss_rpn_cls: 0.0204  loss_rpn_bbox: 0.0132  loss_cls: 0.1589  acc: 93.4570  loss_bbox: 0.1833
2025/05/16 12:00:16 - mmengine - INFO - Epoch(train) [5][4550/8276]  lr: 2.0000e-02  eta: 0:34:41  time: 0.1696  data_time: 0.0046  memory: 916  loss: 0.4229  loss_rpn_cls: 0.0412  loss_rpn_bbox: 0.0177  loss_cls: 0.1971  acc: 93.5547  loss_bbox: 0.1670
2025/05/16 12:00:25 - mmengine - INFO - Epoch(train) [5][4600/8276]  lr: 2.0000e-02  eta: 0:34:33  time: 0.1729  data_time: 0.0051  memory: 916  loss: 0.3330  loss_rpn_cls: 0.0187  loss_rpn_bbox: 0.0122  loss_cls: 0.1559  acc: 98.7305  loss_bbox: 0.1462
2025/05/16 12:00:33 - mmengine - INFO - Epoch(train) [5][4650/8276]  lr: 2.0000e-02  eta: 0:34:24  time: 0.1712  data_time: 0.0047  memory: 915  loss: 0.3913  loss_rpn_cls: 0.0246  loss_rpn_bbox: 0.0131  loss_cls: 0.1756  acc: 95.4102  loss_bbox: 0.1780
2025/05/16 12:00:42 - mmengine - INFO - Epoch(train) [5][4700/8276]  lr: 2.0000e-02  eta: 0:34:15  time: 0.1725  data_time: 0.0049  memory: 915  loss: 0.4038  loss_rpn_cls: 0.0279  loss_rpn_bbox: 0.0138  loss_cls: 0.1940  acc: 99.4141  loss_bbox: 0.1680
2025/05/16 12:00:51 - mmengine - INFO - Epoch(train) [5][4750/8276]  lr: 2.0000e-02  eta: 0:34:06  time: 0.1720  data_time: 0.0048  memory: 916  loss: 0.3552  loss_rpn_cls: 0.0215  loss_rpn_bbox: 0.0125  loss_cls: 0.1613  acc: 92.1875  loss_bbox: 0.1598
2025/05/16 12:00:59 - mmengine - INFO - Epoch(train) [5][4800/8276]  lr: 2.0000e-02  eta: 0:33:58  time: 0.1732  data_time: 0.0047  memory: 915  loss: 0.3727  loss_rpn_cls: 0.0256  loss_rpn_bbox: 0.0118  loss_cls: 0.1664  acc: 93.9453  loss_bbox: 0.1689
2025/05/16 12:01:08 - mmengine - INFO - Epoch(train) [5][4850/8276]  lr: 2.0000e-02  eta: 0:33:49  time: 0.1708  data_time: 0.0050  memory: 915  loss: 0.4116  loss_rpn_cls: 0.0330  loss_rpn_bbox: 0.0167  loss_cls: 0.1814  acc: 95.6055  loss_bbox: 0.1805
2025/05/16 12:01:16 - mmengine - INFO - Exp name: mask-rcnn_voc_20250516_095727
2025/05/16 12:01:16 - mmengine - INFO - Epoch(train) [5][4900/8276]  lr: 2.0000e-02  eta: 0:33:40  time: 0.1685  data_time: 0.0046  memory: 915  loss: 0.3357  loss_rpn_cls: 0.0178  loss_rpn_bbox: 0.0107  loss_cls: 0.1541  acc: 94.6289  loss_bbox: 0.1531
2025/05/16 12:01:25 - mmengine - INFO - Epoch(train) [5][4950/8276]  lr: 2.0000e-02  eta: 0:33:32  time: 0.1718  data_time: 0.0048  memory: 916  loss: 0.3566  loss_rpn_cls: 0.0224  loss_rpn_bbox: 0.0106  loss_cls: 0.1655  acc: 97.9492  loss_bbox: 0.1581
2025/05/16 12:01:33 - mmengine - INFO - Epoch(train) [5][5000/8276]  lr: 2.0000e-02  eta: 0:33:23  time: 0.1690  data_time: 0.0048  memory: 915  loss: 0.3439  loss_rpn_cls: 0.0231  loss_rpn_bbox: 0.0116  loss_cls: 0.1564  acc: 97.0703  loss_bbox: 0.1529
2025/05/16 12:01:42 - mmengine - INFO - Epoch(train) [5][5050/8276]  lr: 2.0000e-02  eta: 0:33:14  time: 0.1698  data_time: 0.0051  memory: 915  loss: 0.3015  loss_rpn_cls: 0.0205  loss_rpn_bbox: 0.0119  loss_cls: 0.1319  acc: 94.5312  loss_bbox: 0.1372
2025/05/16 12:01:50 - mmengine - INFO - Epoch(train) [5][5100/8276]  lr: 2.0000e-02  eta: 0:33:05  time: 0.1713  data_time: 0.0049  memory: 916  loss: 0.3086  loss_rpn_cls: 0.0195  loss_rpn_bbox: 0.0108  loss_cls: 0.1436  acc: 96.4844  loss_bbox: 0.1347
2025/05/16 12:01:59 - mmengine - INFO - Epoch(train) [5][5150/8276]  lr: 2.0000e-02  eta: 0:32:57  time: 0.1694  data_time: 0.0048  memory: 915  loss: 0.4026  loss_rpn_cls: 0.0278  loss_rpn_bbox: 0.0137  loss_cls: 0.1851  acc: 97.6562  loss_bbox: 0.1761
2025/05/16 12:02:07 - mmengine - INFO - Epoch(train) [5][5200/8276]  lr: 2.0000e-02  eta: 0:32:48  time: 0.1688  data_time: 0.0048  memory: 915  loss: 0.3616  loss_rpn_cls: 0.0229  loss_rpn_bbox: 0.0126  loss_cls: 0.1665  acc: 92.8711  loss_bbox: 0.1597
2025/05/16 12:02:16 - mmengine - INFO - Epoch(train) [5][5250/8276]  lr: 2.0000e-02  eta: 0:32:39  time: 0.1724  data_time: 0.0049  memory: 916  loss: 0.3911  loss_rpn_cls: 0.0199  loss_rpn_bbox: 0.0144  loss_cls: 0.1714  acc: 94.8242  loss_bbox: 0.1855
2025/05/16 12:02:24 - mmengine - INFO - Epoch(train) [5][5300/8276]  lr: 2.0000e-02  eta: 0:32:31  time: 0.1703  data_time: 0.0051  memory: 915  loss: 0.3420  loss_rpn_cls: 0.0201  loss_rpn_bbox: 0.0125  loss_cls: 0.1570  acc: 95.2148  loss_bbox: 0.1524
2025/05/16 12:02:33 - mmengine - INFO - Epoch(train) [5][5350/8276]  lr: 2.0000e-02  eta: 0:32:22  time: 0.1713  data_time: 0.0047  memory: 885  loss: 0.3611  loss_rpn_cls: 0.0224  loss_rpn_bbox: 0.0124  loss_cls: 0.1669  acc: 99.3164  loss_bbox: 0.1594
2025/05/16 12:02:42 - mmengine - INFO - Epoch(train) [5][5400/8276]  lr: 2.0000e-02  eta: 0:32:13  time: 0.1707  data_time: 0.0046  memory: 915  loss: 0.3647  loss_rpn_cls: 0.0224  loss_rpn_bbox: 0.0128  loss_cls: 0.1723  acc: 94.6289  loss_bbox: 0.1573
2025/05/16 12:02:50 - mmengine - INFO - Epoch(train) [5][5450/8276]  lr: 2.0000e-02  eta: 0:32:04  time: 0.1703  data_time: 0.0046  memory: 915  loss: 0.4100  loss_rpn_cls: 0.0282  loss_rpn_bbox: 0.0148  loss_cls: 0.1786  acc: 91.7969  loss_bbox: 0.1885
2025/05/16 12:02:59 - mmengine - INFO - Epoch(train) [5][5500/8276]  lr: 2.0000e-02  eta: 0:31:56  time: 0.1701  data_time: 0.0048  memory: 915  loss: 0.3959  loss_rpn_cls: 0.0232  loss_rpn_bbox: 0.0130  loss_cls: 0.1837  acc: 98.0469  loss_bbox: 0.1760
2025/05/16 12:03:07 - mmengine - INFO - Epoch(train) [5][5550/8276]  lr: 2.0000e-02  eta: 0:31:47  time: 0.1713  data_time: 0.0048  memory: 916  loss: 0.3613  loss_rpn_cls: 0.0183  loss_rpn_bbox: 0.0116  loss_cls: 0.1737  acc: 95.9961  loss_bbox: 0.1578
2025/05/16 12:03:16 - mmengine - INFO - Epoch(train) [5][5600/8276]  lr: 2.0000e-02  eta: 0:31:38  time: 0.1712  data_time: 0.0046  memory: 915  loss: 0.3637  loss_rpn_cls: 0.0239  loss_rpn_bbox: 0.0154  loss_cls: 0.1669  acc: 95.3125  loss_bbox: 0.1575
2025/05/16 12:03:24 - mmengine - INFO - Epoch(train) [5][5650/8276]  lr: 2.0000e-02  eta: 0:31:30  time: 0.1705  data_time: 0.0050  memory: 915  loss: 0.3727  loss_rpn_cls: 0.0195  loss_rpn_bbox: 0.0113  loss_cls: 0.1811  acc: 97.8516  loss_bbox: 0.1608
2025/05/16 12:03:33 - mmengine - INFO - Epoch(train) [5][5700/8276]  lr: 2.0000e-02  eta: 0:31:21  time: 0.1702  data_time: 0.0049  memory: 915  loss: 0.3964  loss_rpn_cls: 0.0253  loss_rpn_bbox: 0.0136  loss_cls: 0.1778  acc: 97.7539  loss_bbox: 0.1797
2025/05/16 12:03:41 - mmengine - INFO - Epoch(train) [5][5750/8276]  lr: 2.0000e-02  eta: 0:31:12  time: 0.1682  data_time: 0.0048  memory: 915  loss: 0.3541  loss_rpn_cls: 0.0266  loss_rpn_bbox: 0.0132  loss_cls: 0.1614  acc: 97.5586  loss_bbox: 0.1529
2025/05/16 12:03:50 - mmengine - INFO - Epoch(train) [5][5800/8276]  lr: 2.0000e-02  eta: 0:31:03  time: 0.1698  data_time: 0.0047  memory: 915  loss: 0.3621  loss_rpn_cls: 0.0247  loss_rpn_bbox: 0.0168  loss_cls: 0.1638  acc: 96.6797  loss_bbox: 0.1568
2025/05/16 12:03:58 - mmengine - INFO - Epoch(train) [5][5850/8276]  lr: 2.0000e-02  eta: 0:30:55  time: 0.1692  data_time: 0.0051  memory: 915  loss: 0.3860  loss_rpn_cls: 0.0289  loss_rpn_bbox: 0.0133  loss_cls: 0.1849  acc: 93.9453  loss_bbox: 0.1589
2025/05/16 12:04:06 - mmengine - INFO - Exp name: mask-rcnn_voc_20250516_095727
2025/05/16 12:04:07 - mmengine - INFO - Epoch(train) [5][5900/8276]  lr: 2.0000e-02  eta: 0:30:46  time: 0.1703  data_time: 0.0049  memory: 915  loss: 0.4043  loss_rpn_cls: 0.0244  loss_rpn_bbox: 0.0147  loss_cls: 0.1853  acc: 97.4609  loss_bbox: 0.1799
2025/05/16 12:04:15 - mmengine - INFO - Epoch(train) [5][5950/8276]  lr: 2.0000e-02  eta: 0:30:37  time: 0.1704  data_time: 0.0046  memory: 916  loss: 0.3928  loss_rpn_cls: 0.0247  loss_rpn_bbox: 0.0148  loss_cls: 0.1811  acc: 97.5586  loss_bbox: 0.1722
2025/05/16 12:04:24 - mmengine - INFO - Epoch(train) [5][6000/8276]  lr: 2.0000e-02  eta: 0:30:29  time: 0.1699  data_time: 0.0048  memory: 885  loss: 0.3632  loss_rpn_cls: 0.0186  loss_rpn_bbox: 0.0121  loss_cls: 0.1715  acc: 97.4609  loss_bbox: 0.1610
2025/05/16 12:04:32 - mmengine - INFO - Epoch(train) [5][6050/8276]  lr: 2.0000e-02  eta: 0:30:20  time: 0.1701  data_time: 0.0048  memory: 915  loss: 0.3531  loss_rpn_cls: 0.0246  loss_rpn_bbox: 0.0149  loss_cls: 0.1553  acc: 91.2109  loss_bbox: 0.1583
2025/05/16 12:04:41 - mmengine - INFO - Epoch(train) [5][6100/8276]  lr: 2.0000e-02  eta: 0:30:11  time: 0.1693  data_time: 0.0049  memory: 915  loss: 0.3767  loss_rpn_cls: 0.0326  loss_rpn_bbox: 0.0150  loss_cls: 0.1699  acc: 97.6562  loss_bbox: 0.1592
2025/05/16 12:04:49 - mmengine - INFO - Epoch(train) [5][6150/8276]  lr: 2.0000e-02  eta: 0:30:03  time: 0.1707  data_time: 0.0046  memory: 915  loss: 0.3937  loss_rpn_cls: 0.0202  loss_rpn_bbox: 0.0151  loss_cls: 0.1780  acc: 96.7773  loss_bbox: 0.1805
2025/05/16 12:04:58 - mmengine - INFO - Epoch(train) [5][6200/8276]  lr: 2.0000e-02  eta: 0:29:54  time: 0.1710  data_time: 0.0049  memory: 915  loss: 0.3758  loss_rpn_cls: 0.0219  loss_rpn_bbox: 0.0120  loss_cls: 0.1749  acc: 95.7031  loss_bbox: 0.1670
2025/05/16 12:05:06 - mmengine - INFO - Epoch(train) [5][6250/8276]  lr: 2.0000e-02  eta: 0:29:45  time: 0.1715  data_time: 0.0051  memory: 916  loss: 0.3838  loss_rpn_cls: 0.0215  loss_rpn_bbox: 0.0140  loss_cls: 0.1806  acc: 98.1445  loss_bbox: 0.1676
2025/05/16 12:05:15 - mmengine - INFO - Epoch(train) [5][6300/8276]  lr: 2.0000e-02  eta: 0:29:36  time: 0.1678  data_time: 0.0050  memory: 915  loss: 0.3241  loss_rpn_cls: 0.0239  loss_rpn_bbox: 0.0127  loss_cls: 0.1438  acc: 96.0938  loss_bbox: 0.1437
2025/05/16 12:05:23 - mmengine - INFO - Epoch(train) [5][6350/8276]  lr: 2.0000e-02  eta: 0:29:28  time: 0.1682  data_time: 0.0047  memory: 915  loss: 0.3313  loss_rpn_cls: 0.0168  loss_rpn_bbox: 0.0126  loss_cls: 0.1541  acc: 97.4609  loss_bbox: 0.1479
2025/05/16 12:05:32 - mmengine - INFO - Epoch(train) [5][6400/8276]  lr: 2.0000e-02  eta: 0:29:19  time: 0.1699  data_time: 0.0050  memory: 915  loss: 0.3566  loss_rpn_cls: 0.0267  loss_rpn_bbox: 0.0143  loss_cls: 0.1502  acc: 91.1133  loss_bbox: 0.1655
2025/05/16 12:05:40 - mmengine - INFO - Epoch(train) [5][6450/8276]  lr: 2.0000e-02  eta: 0:29:10  time: 0.1710  data_time: 0.0047  memory: 915  loss: 0.4077  loss_rpn_cls: 0.0217  loss_rpn_bbox: 0.0148  loss_cls: 0.1762  acc: 98.1445  loss_bbox: 0.1949
2025/05/16 12:05:49 - mmengine - INFO - Epoch(train) [5][6500/8276]  lr: 2.0000e-02  eta: 0:29:02  time: 0.1730  data_time: 0.0048  memory: 915  loss: 0.3383  loss_rpn_cls: 0.0175  loss_rpn_bbox: 0.0118  loss_cls: 0.1529  acc: 97.5586  loss_bbox: 0.1562
2025/05/16 12:05:57 - mmengine - INFO - Epoch(train) [5][6550/8276]  lr: 2.0000e-02  eta: 0:28:53  time: 0.1716  data_time: 0.0045  memory: 916  loss: 0.3143  loss_rpn_cls: 0.0220  loss_rpn_bbox: 0.0121  loss_cls: 0.1394  acc: 96.5820  loss_bbox: 0.1408
2025/05/16 12:06:06 - mmengine - INFO - Epoch(train) [5][6600/8276]  lr: 2.0000e-02  eta: 0:28:44  time: 0.1729  data_time: 0.0052  memory: 916  loss: 0.4034  loss_rpn_cls: 0.0225  loss_rpn_bbox: 0.0126  loss_cls: 0.1855  acc: 88.1836  loss_bbox: 0.1828
2025/05/16 12:06:15 - mmengine - INFO - Epoch(train) [5][6650/8276]  lr: 2.0000e-02  eta: 0:28:36  time: 0.1710  data_time: 0.0045  memory: 916  loss: 0.4404  loss_rpn_cls: 0.0321  loss_rpn_bbox: 0.0144  loss_cls: 0.1968  acc: 87.8906  loss_bbox: 0.1973
2025/05/16 12:06:23 - mmengine - INFO - Epoch(train) [5][6700/8276]  lr: 2.0000e-02  eta: 0:28:27  time: 0.1729  data_time: 0.0046  memory: 915  loss: 0.3463  loss_rpn_cls: 0.0201  loss_rpn_bbox: 0.0122  loss_cls: 0.1580  acc: 97.2656  loss_bbox: 0.1560
2025/05/16 12:06:32 - mmengine - INFO - Epoch(train) [5][6750/8276]  lr: 2.0000e-02  eta: 0:28:18  time: 0.1748  data_time: 0.0050  memory: 915  loss: 0.3759  loss_rpn_cls: 0.0218  loss_rpn_bbox: 0.0146  loss_cls: 0.1718  acc: 97.7539  loss_bbox: 0.1677
2025/05/16 12:06:41 - mmengine - INFO - Epoch(train) [5][6800/8276]  lr: 2.0000e-02  eta: 0:28:10  time: 0.1785  data_time: 0.0050  memory: 915  loss: 0.3390  loss_rpn_cls: 0.0239  loss_rpn_bbox: 0.0145  loss_cls: 0.1480  acc: 94.7266  loss_bbox: 0.1525
2025/05/16 12:06:50 - mmengine - INFO - Epoch(train) [5][6850/8276]  lr: 2.0000e-02  eta: 0:28:01  time: 0.1758  data_time: 0.0050  memory: 916  loss: 0.3539  loss_rpn_cls: 0.0200  loss_rpn_bbox: 0.0137  loss_cls: 0.1595  acc: 96.2891  loss_bbox: 0.1607
2025/05/16 12:06:58 - mmengine - INFO - Exp name: mask-rcnn_voc_20250516_095727
2025/05/16 12:06:58 - mmengine - INFO - Epoch(train) [5][6900/8276]  lr: 2.0000e-02  eta: 0:27:52  time: 0.1740  data_time: 0.0050  memory: 916  loss: 0.3701  loss_rpn_cls: 0.0212  loss_rpn_bbox: 0.0118  loss_cls: 0.1688  acc: 88.5742  loss_bbox: 0.1683
2025/05/16 12:07:07 - mmengine - INFO - Epoch(train) [5][6950/8276]  lr: 2.0000e-02  eta: 0:27:44  time: 0.1709  data_time: 0.0045  memory: 915  loss: 0.3498  loss_rpn_cls: 0.0224  loss_rpn_bbox: 0.0129  loss_cls: 0.1553  acc: 98.9258  loss_bbox: 0.1593
2025/05/16 12:07:16 - mmengine - INFO - Epoch(train) [5][7000/8276]  lr: 2.0000e-02  eta: 0:27:35  time: 0.1724  data_time: 0.0049  memory: 916  loss: 0.3394  loss_rpn_cls: 0.0255  loss_rpn_bbox: 0.0135  loss_cls: 0.1464  acc: 93.8477  loss_bbox: 0.1539
2025/05/16 12:07:24 - mmengine - INFO - Epoch(train) [5][7050/8276]  lr: 2.0000e-02  eta: 0:27:26  time: 0.1727  data_time: 0.0048  memory: 916  loss: 0.3694  loss_rpn_cls: 0.0247  loss_rpn_bbox: 0.0116  loss_cls: 0.1650  acc: 94.3359  loss_bbox: 0.1681
2025/05/16 12:07:33 - mmengine - INFO - Epoch(train) [5][7100/8276]  lr: 2.0000e-02  eta: 0:27:18  time: 0.1706  data_time: 0.0047  memory: 884  loss: 0.3573  loss_rpn_cls: 0.0269  loss_rpn_bbox: 0.0127  loss_cls: 0.1648  acc: 93.6523  loss_bbox: 0.1529
2025/05/16 12:07:42 - mmengine - INFO - Epoch(train) [5][7150/8276]  lr: 2.0000e-02  eta: 0:27:09  time: 0.1746  data_time: 0.0047  memory: 915  loss: 0.2773  loss_rpn_cls: 0.0160  loss_rpn_bbox: 0.0088  loss_cls: 0.1286  acc: 96.1914  loss_bbox: 0.1238
2025/05/16 12:07:50 - mmengine - INFO - Epoch(train) [5][7200/8276]  lr: 2.0000e-02  eta: 0:27:00  time: 0.1735  data_time: 0.0048  memory: 916  loss: 0.3659  loss_rpn_cls: 0.0249  loss_rpn_bbox: 0.0124  loss_cls: 0.1752  acc: 98.9258  loss_bbox: 0.1535
2025/05/16 12:07:59 - mmengine - INFO - Epoch(train) [5][7250/8276]  lr: 2.0000e-02  eta: 0:26:52  time: 0.1744  data_time: 0.0046  memory: 915  loss: 0.3402  loss_rpn_cls: 0.0166  loss_rpn_bbox: 0.0112  loss_cls: 0.1572  acc: 88.9648  loss_bbox: 0.1551
2025/05/16 12:08:08 - mmengine - INFO - Epoch(train) [5][7300/8276]  lr: 2.0000e-02  eta: 0:26:43  time: 0.1746  data_time: 0.0047  memory: 915  loss: 0.3721  loss_rpn_cls: 0.0228  loss_rpn_bbox: 0.0114  loss_cls: 0.1680  acc: 95.9961  loss_bbox: 0.1699
2025/05/16 12:08:16 - mmengine - INFO - Epoch(train) [5][7350/8276]  lr: 2.0000e-02  eta: 0:26:34  time: 0.1742  data_time: 0.0049  memory: 915  loss: 0.4173  loss_rpn_cls: 0.0250  loss_rpn_bbox: 0.0148  loss_cls: 0.1819  acc: 99.0234  loss_bbox: 0.1956
2025/05/16 12:08:25 - mmengine - INFO - Epoch(train) [5][7400/8276]  lr: 2.0000e-02  eta: 0:26:26  time: 0.1722  data_time: 0.0045  memory: 916  loss: 0.3072  loss_rpn_cls: 0.0160  loss_rpn_bbox: 0.0102  loss_cls: 0.1365  acc: 98.7305  loss_bbox: 0.1445
2025/05/16 12:08:34 - mmengine - INFO - Epoch(train) [5][7450/8276]  lr: 2.0000e-02  eta: 0:26:17  time: 0.1722  data_time: 0.0047  memory: 915  loss: 0.3864  loss_rpn_cls: 0.0226  loss_rpn_bbox: 0.0122  loss_cls: 0.1776  acc: 97.4609  loss_bbox: 0.1738
2025/05/16 12:08:42 - mmengine - INFO - Epoch(train) [5][7500/8276]  lr: 2.0000e-02  eta: 0:26:08  time: 0.1725  data_time: 0.0049  memory: 915  loss: 0.3783  loss_rpn_cls: 0.0278  loss_rpn_bbox: 0.0131  loss_cls: 0.1685  acc: 94.5312  loss_bbox: 0.1689
2025/05/16 12:08:51 - mmengine - INFO - Epoch(train) [5][7550/8276]  lr: 2.0000e-02  eta: 0:26:00  time: 0.1734  data_time: 0.0049  memory: 915  loss: 0.3445  loss_rpn_cls: 0.0230  loss_rpn_bbox: 0.0129  loss_cls: 0.1526  acc: 93.9453  loss_bbox: 0.1559
2025/05/16 12:09:00 - mmengine - INFO - Epoch(train) [5][7600/8276]  lr: 2.0000e-02  eta: 0:25:51  time: 0.1725  data_time: 0.0048  memory: 916  loss: 0.3051  loss_rpn_cls: 0.0173  loss_rpn_bbox: 0.0107  loss_cls: 0.1378  acc: 93.9453  loss_bbox: 0.1393
2025/05/16 12:09:08 - mmengine - INFO - Epoch(train) [5][7650/8276]  lr: 2.0000e-02  eta: 0:25:42  time: 0.1710  data_time: 0.0049  memory: 916  loss: 0.4202  loss_rpn_cls: 0.0269  loss_rpn_bbox: 0.0151  loss_cls: 0.1946  acc: 90.6250  loss_bbox: 0.1836
2025/05/16 12:09:17 - mmengine - INFO - Epoch(train) [5][7700/8276]  lr: 2.0000e-02  eta: 0:25:34  time: 0.1766  data_time: 0.0047  memory: 916  loss: 0.4125  loss_rpn_cls: 0.0298  loss_rpn_bbox: 0.0164  loss_cls: 0.1873  acc: 95.8984  loss_bbox: 0.1790
2025/05/16 12:09:26 - mmengine - INFO - Epoch(train) [5][7750/8276]  lr: 2.0000e-02  eta: 0:25:25  time: 0.1734  data_time: 0.0047  memory: 884  loss: 0.3870  loss_rpn_cls: 0.0270  loss_rpn_bbox: 0.0139  loss_cls: 0.1823  acc: 97.6562  loss_bbox: 0.1639
2025/05/16 12:09:34 - mmengine - INFO - Epoch(train) [5][7800/8276]  lr: 2.0000e-02  eta: 0:25:16  time: 0.1723  data_time: 0.0047  memory: 915  loss: 0.3550  loss_rpn_cls: 0.0228  loss_rpn_bbox: 0.0136  loss_cls: 0.1584  acc: 93.5547  loss_bbox: 0.1602
2025/05/16 12:09:43 - mmengine - INFO - Epoch(train) [5][7850/8276]  lr: 2.0000e-02  eta: 0:25:08  time: 0.1727  data_time: 0.0044  memory: 916  loss: 0.3582  loss_rpn_cls: 0.0200  loss_rpn_bbox: 0.0118  loss_cls: 0.1666  acc: 95.1172  loss_bbox: 0.1598
2025/05/16 12:09:51 - mmengine - INFO - Exp name: mask-rcnn_voc_20250516_095727
2025/05/16 12:09:52 - mmengine - INFO - Epoch(train) [5][7900/8276]  lr: 2.0000e-02  eta: 0:24:59  time: 0.1729  data_time: 0.0048  memory: 916  loss: 0.4077  loss_rpn_cls: 0.0278  loss_rpn_bbox: 0.0132  loss_cls: 0.1934  acc: 94.4336  loss_bbox: 0.1733
2025/05/16 12:10:00 - mmengine - INFO - Epoch(train) [5][7950/8276]  lr: 2.0000e-02  eta: 0:24:50  time: 0.1712  data_time: 0.0047  memory: 916  loss: 0.4025  loss_rpn_cls: 0.0337  loss_rpn_bbox: 0.0153  loss_cls: 0.1830  acc: 94.8242  loss_bbox: 0.1707
2025/05/16 12:10:09 - mmengine - INFO - Epoch(train) [5][8000/8276]  lr: 2.0000e-02  eta: 0:24:42  time: 0.1714  data_time: 0.0048  memory: 915  loss: 0.3655  loss_rpn_cls: 0.0241  loss_rpn_bbox: 0.0127  loss_cls: 0.1691  acc: 89.4531  loss_bbox: 0.1596
2025/05/16 12:10:17 - mmengine - INFO - Epoch(train) [5][8050/8276]  lr: 2.0000e-02  eta: 0:24:33  time: 0.1720  data_time: 0.0053  memory: 915  loss: 0.4184  loss_rpn_cls: 0.0307  loss_rpn_bbox: 0.0151  loss_cls: 0.1871  acc: 96.5820  loss_bbox: 0.1856
2025/05/16 12:10:26 - mmengine - INFO - Epoch(train) [5][8100/8276]  lr: 2.0000e-02  eta: 0:24:24  time: 0.1692  data_time: 0.0047  memory: 916  loss: 0.3770  loss_rpn_cls: 0.0286  loss_rpn_bbox: 0.0146  loss_cls: 0.1633  acc: 95.9961  loss_bbox: 0.1705
2025/05/16 12:10:34 - mmengine - INFO - Epoch(train) [5][8150/8276]  lr: 2.0000e-02  eta: 0:24:16  time: 0.1730  data_time: 0.0048  memory: 916  loss: 0.3993  loss_rpn_cls: 0.0289  loss_rpn_bbox: 0.0161  loss_cls: 0.1814  acc: 98.5352  loss_bbox: 0.1729
2025/05/16 12:10:43 - mmengine - INFO - Epoch(train) [5][8200/8276]  lr: 2.0000e-02  eta: 0:24:07  time: 0.1727  data_time: 0.0048  memory: 915  loss: 0.3631  loss_rpn_cls: 0.0213  loss_rpn_bbox: 0.0122  loss_cls: 0.1646  acc: 89.4531  loss_bbox: 0.1650
2025/05/16 12:10:52 - mmengine - INFO - Epoch(train) [5][8250/8276]  lr: 2.0000e-02  eta: 0:23:58  time: 0.1714  data_time: 0.0050  memory: 915  loss: 0.3534  loss_rpn_cls: 0.0259  loss_rpn_bbox: 0.0129  loss_cls: 0.1622  acc: 95.8984  loss_bbox: 0.1523
2025/05/16 12:10:56 - mmengine - INFO - Exp name: mask-rcnn_voc_20250516_095727
2025/05/16 12:10:56 - mmengine - INFO - Saving checkpoint at 5 epochs
2025/05/16 12:11:00 - mmengine - INFO - Epoch(val) [5][  50/4952]    eta: 0:03:20  time: 0.0409  data_time: 0.0023  memory: 884  
2025/05/16 12:11:02 - mmengine - INFO - Epoch(val) [5][ 100/4952]    eta: 0:03:17  time: 0.0404  data_time: 0.0022  memory: 451  
2025/05/16 12:11:04 - mmengine - INFO - Epoch(val) [5][ 150/4952]    eta: 0:03:14  time: 0.0404  data_time: 0.0021  memory: 451  
2025/05/16 12:11:06 - mmengine - INFO - Epoch(val) [5][ 200/4952]    eta: 0:03:12  time: 0.0405  data_time: 0.0023  memory: 450  
2025/05/16 12:11:08 - mmengine - INFO - Epoch(val) [5][ 250/4952]    eta: 0:03:10  time: 0.0404  data_time: 0.0022  memory: 451  
2025/05/16 12:11:10 - mmengine - INFO - Epoch(val) [5][ 300/4952]    eta: 0:03:08  time: 0.0400  data_time: 0.0022  memory: 450  
2025/05/16 12:11:12 - mmengine - INFO - Epoch(val) [5][ 350/4952]    eta: 0:03:06  time: 0.0404  data_time: 0.0020  memory: 451  
2025/05/16 12:11:14 - mmengine - INFO - Epoch(val) [5][ 400/4952]    eta: 0:03:03  time: 0.0404  data_time: 0.0020  memory: 451  
2025/05/16 12:11:16 - mmengine - INFO - Epoch(val) [5][ 450/4952]    eta: 0:03:01  time: 0.0404  data_time: 0.0021  memory: 450  
2025/05/16 12:11:18 - mmengine - INFO - Epoch(val) [5][ 500/4952]    eta: 0:02:59  time: 0.0404  data_time: 0.0022  memory: 450  
2025/05/16 12:11:20 - mmengine - INFO - Epoch(val) [5][ 550/4952]    eta: 0:02:57  time: 0.0404  data_time: 0.0025  memory: 450  
2025/05/16 12:11:22 - mmengine - INFO - Epoch(val) [5][ 600/4952]    eta: 0:02:55  time: 0.0404  data_time: 0.0023  memory: 451  
2025/05/16 12:11:24 - mmengine - INFO - Epoch(val) [5][ 650/4952]    eta: 0:02:53  time: 0.0404  data_time: 0.0022  memory: 450  
2025/05/16 12:11:26 - mmengine - INFO - Epoch(val) [5][ 700/4952]    eta: 0:02:51  time: 0.0404  data_time: 0.0023  memory: 450  
2025/05/16 12:11:28 - mmengine - INFO - Epoch(val) [5][ 750/4952]    eta: 0:02:49  time: 0.0405  data_time: 0.0021  memory: 451  
2025/05/16 12:11:30 - mmengine - INFO - Epoch(val) [5][ 800/4952]    eta: 0:02:47  time: 0.0404  data_time: 0.0021  memory: 450  
2025/05/16 12:11:32 - mmengine - INFO - Epoch(val) [5][ 850/4952]    eta: 0:02:45  time: 0.0403  data_time: 0.0023  memory: 450  
2025/05/16 12:11:34 - mmengine - INFO - Epoch(val) [5][ 900/4952]    eta: 0:02:43  time: 0.0404  data_time: 0.0021  memory: 450  
2025/05/16 12:11:36 - mmengine - INFO - Epoch(val) [5][ 950/4952]    eta: 0:02:41  time: 0.0400  data_time: 0.0020  memory: 451  
2025/05/16 12:11:38 - mmengine - INFO - Epoch(val) [5][1000/4952]    eta: 0:02:39  time: 0.0404  data_time: 0.0022  memory: 451  
2025/05/16 12:11:40 - mmengine - INFO - Epoch(val) [5][1050/4952]    eta: 0:02:37  time: 0.0403  data_time: 0.0022  memory: 451  
2025/05/16 12:11:42 - mmengine - INFO - Epoch(val) [5][1100/4952]    eta: 0:02:35  time: 0.0404  data_time: 0.0022  memory: 451  
2025/05/16 12:11:44 - mmengine - INFO - Epoch(val) [5][1150/4952]    eta: 0:02:33  time: 0.0403  data_time: 0.0023  memory: 451  
2025/05/16 12:11:46 - mmengine - INFO - Epoch(val) [5][1200/4952]    eta: 0:02:31  time: 0.0405  data_time: 0.0023  memory: 450  
2025/05/16 12:11:48 - mmengine - INFO - Epoch(val) [5][1250/4952]    eta: 0:02:29  time: 0.0400  data_time: 0.0022  memory: 451  
2025/05/16 12:11:51 - mmengine - INFO - Epoch(val) [5][1300/4952]    eta: 0:02:27  time: 0.0409  data_time: 0.0022  memory: 451  
2025/05/16 12:11:53 - mmengine - INFO - Epoch(val) [5][1350/4952]    eta: 0:02:25  time: 0.0405  data_time: 0.0024  memory: 451  
2025/05/16 12:11:55 - mmengine - INFO - Epoch(val) [5][1400/4952]    eta: 0:02:23  time: 0.0405  data_time: 0.0021  memory: 451  
2025/05/16 12:11:57 - mmengine - INFO - Epoch(val) [5][1450/4952]    eta: 0:02:21  time: 0.0405  data_time: 0.0022  memory: 451  
2025/05/16 12:11:59 - mmengine - INFO - Epoch(val) [5][1500/4952]    eta: 0:02:19  time: 0.0405  data_time: 0.0021  memory: 451  
2025/05/16 12:12:01 - mmengine - INFO - Epoch(val) [5][1550/4952]    eta: 0:02:17  time: 0.0404  data_time: 0.0021  memory: 451  
2025/05/16 12:12:03 - mmengine - INFO - Epoch(val) [5][1600/4952]    eta: 0:02:15  time: 0.0405  data_time: 0.0023  memory: 451  
2025/05/16 12:12:05 - mmengine - INFO - Epoch(val) [5][1650/4952]    eta: 0:02:13  time: 0.0405  data_time: 0.0021  memory: 450  
2025/05/16 12:12:07 - mmengine - INFO - Epoch(val) [5][1700/4952]    eta: 0:02:11  time: 0.0404  data_time: 0.0021  memory: 450  
2025/05/16 12:12:09 - mmengine - INFO - Epoch(val) [5][1750/4952]    eta: 0:02:09  time: 0.0404  data_time: 0.0021  memory: 450  
2025/05/16 12:12:11 - mmengine - INFO - Epoch(val) [5][1800/4952]    eta: 0:02:07  time: 0.0403  data_time: 0.0021  memory: 451  
2025/05/16 12:12:13 - mmengine - INFO - Epoch(val) [5][1850/4952]    eta: 0:02:05  time: 0.0404  data_time: 0.0022  memory: 450  
2025/05/16 12:12:15 - mmengine - INFO - Epoch(val) [5][1900/4952]    eta: 0:02:03  time: 0.0401  data_time: 0.0022  memory: 451  
2025/05/16 12:12:17 - mmengine - INFO - Epoch(val) [5][1950/4952]    eta: 0:02:01  time: 0.0399  data_time: 0.0020  memory: 452  
2025/05/16 12:12:19 - mmengine - INFO - Epoch(val) [5][2000/4952]    eta: 0:01:59  time: 0.0401  data_time: 0.0020  memory: 450  
2025/05/16 12:12:21 - mmengine - INFO - Epoch(val) [5][2050/4952]    eta: 0:01:57  time: 0.0404  data_time: 0.0022  memory: 451  
2025/05/16 12:12:23 - mmengine - INFO - Epoch(val) [5][2100/4952]    eta: 0:01:55  time: 0.0404  data_time: 0.0025  memory: 451  
2025/05/16 12:12:25 - mmengine - INFO - Epoch(val) [5][2150/4952]    eta: 0:01:53  time: 0.0400  data_time: 0.0025  memory: 451  
2025/05/16 12:12:27 - mmengine - INFO - Epoch(val) [5][2200/4952]    eta: 0:01:51  time: 0.0403  data_time: 0.0023  memory: 450  
2025/05/16 12:12:29 - mmengine - INFO - Epoch(val) [5][2250/4952]    eta: 0:01:49  time: 0.0404  data_time: 0.0023  memory: 450  
2025/05/16 12:12:31 - mmengine - INFO - Epoch(val) [5][2300/4952]    eta: 0:01:47  time: 0.0399  data_time: 0.0022  memory: 451  
2025/05/16 12:12:33 - mmengine - INFO - Epoch(val) [5][2350/4952]    eta: 0:01:44  time: 0.0400  data_time: 0.0024  memory: 450  
2025/05/16 12:12:35 - mmengine - INFO - Epoch(val) [5][2400/4952]    eta: 0:01:42  time: 0.0404  data_time: 0.0023  memory: 450  
2025/05/16 12:12:37 - mmengine - INFO - Epoch(val) [5][2450/4952]    eta: 0:01:40  time: 0.0402  data_time: 0.0020  memory: 451  
2025/05/16 12:12:39 - mmengine - INFO - Epoch(val) [5][2500/4952]    eta: 0:01:38  time: 0.0403  data_time: 0.0020  memory: 450  
2025/05/16 12:12:41 - mmengine - INFO - Epoch(val) [5][2550/4952]    eta: 0:01:36  time: 0.0404  data_time: 0.0022  memory: 450  
2025/05/16 12:12:43 - mmengine - INFO - Epoch(val) [5][2600/4952]    eta: 0:01:34  time: 0.0404  data_time: 0.0025  memory: 450  
2025/05/16 12:12:45 - mmengine - INFO - Epoch(val) [5][2650/4952]    eta: 0:01:32  time: 0.0405  data_time: 0.0022  memory: 451  
2025/05/16 12:12:47 - mmengine - INFO - Epoch(val) [5][2700/4952]    eta: 0:01:30  time: 0.0404  data_time: 0.0023  memory: 450  
2025/05/16 12:12:49 - mmengine - INFO - Epoch(val) [5][2750/4952]    eta: 0:01:28  time: 0.0400  data_time: 0.0022  memory: 450  
2025/05/16 12:12:51 - mmengine - INFO - Epoch(val) [5][2800/4952]    eta: 0:01:26  time: 0.0401  data_time: 0.0021  memory: 450  
2025/05/16 12:12:53 - mmengine - INFO - Epoch(val) [5][2850/4952]    eta: 0:01:24  time: 0.0403  data_time: 0.0022  memory: 451  
2025/05/16 12:12:55 - mmengine - INFO - Epoch(val) [5][2900/4952]    eta: 0:01:22  time: 0.0404  data_time: 0.0027  memory: 450  
2025/05/16 12:12:57 - mmengine - INFO - Epoch(val) [5][2950/4952]    eta: 0:01:20  time: 0.0400  data_time: 0.0023  memory: 450  
2025/05/16 12:12:59 - mmengine - INFO - Epoch(val) [5][3000/4952]    eta: 0:01:18  time: 0.0405  data_time: 0.0022  memory: 451  
2025/05/16 12:13:01 - mmengine - INFO - Epoch(val) [5][3050/4952]    eta: 0:01:16  time: 0.0400  data_time: 0.0022  memory: 451  
2025/05/16 12:13:03 - mmengine - INFO - Epoch(val) [5][3100/4952]    eta: 0:01:14  time: 0.0404  data_time: 0.0021  memory: 451  
2025/05/16 12:13:05 - mmengine - INFO - Epoch(val) [5][3150/4952]    eta: 0:01:12  time: 0.0404  data_time: 0.0021  memory: 450  
2025/05/16 12:13:07 - mmengine - INFO - Epoch(val) [5][3200/4952]    eta: 0:01:10  time: 0.0401  data_time: 0.0021  memory: 450  
2025/05/16 12:13:09 - mmengine - INFO - Epoch(val) [5][3250/4952]    eta: 0:01:08  time: 0.0399  data_time: 0.0021  memory: 450  
2025/05/16 12:13:11 - mmengine - INFO - Epoch(val) [5][3300/4952]    eta: 0:01:06  time: 0.0409  data_time: 0.0023  memory: 450  
2025/05/16 12:13:13 - mmengine - INFO - Epoch(val) [5][3350/4952]    eta: 0:01:04  time: 0.0404  data_time: 0.0020  memory: 450  
2025/05/16 12:13:15 - mmengine - INFO - Epoch(val) [5][3400/4952]    eta: 0:01:02  time: 0.0404  data_time: 0.0022  memory: 450  
2025/05/16 12:13:17 - mmengine - INFO - Epoch(val) [5][3450/4952]    eta: 0:01:00  time: 0.0388  data_time: 0.0019  memory: 450  
2025/05/16 12:13:19 - mmengine - INFO - Epoch(val) [5][3500/4952]    eta: 0:00:58  time: 0.0400  data_time: 0.0020  memory: 450  
2025/05/16 12:13:21 - mmengine - INFO - Epoch(val) [5][3550/4952]    eta: 0:00:56  time: 0.0403  data_time: 0.0022  memory: 451  
2025/05/16 12:13:23 - mmengine - INFO - Epoch(val) [5][3600/4952]    eta: 0:00:54  time: 0.0405  data_time: 0.0022  memory: 452  
2025/05/16 12:13:25 - mmengine - INFO - Epoch(val) [5][3650/4952]    eta: 0:00:52  time: 0.0404  data_time: 0.0024  memory: 451  
2025/05/16 12:13:27 - mmengine - INFO - Epoch(val) [5][3700/4952]    eta: 0:00:50  time: 0.0403  data_time: 0.0023  memory: 450  
2025/05/16 12:13:29 - mmengine - INFO - Epoch(val) [5][3750/4952]    eta: 0:00:48  time: 0.0400  data_time: 0.0020  memory: 450  
2025/05/16 12:13:31 - mmengine - INFO - Epoch(val) [5][3800/4952]    eta: 0:00:46  time: 0.0400  data_time: 0.0022  memory: 451  
2025/05/16 12:13:33 - mmengine - INFO - Epoch(val) [5][3850/4952]    eta: 0:00:44  time: 0.0396  data_time: 0.0023  memory: 451  
2025/05/16 12:13:35 - mmengine - INFO - Epoch(val) [5][3900/4952]    eta: 0:00:42  time: 0.0403  data_time: 0.0020  memory: 451  
2025/05/16 12:13:37 - mmengine - INFO - Epoch(val) [5][3950/4952]    eta: 0:00:40  time: 0.0400  data_time: 0.0021  memory: 450  
2025/05/16 12:13:39 - mmengine - INFO - Epoch(val) [5][4000/4952]    eta: 0:00:38  time: 0.0403  data_time: 0.0022  memory: 451  
2025/05/16 12:13:41 - mmengine - INFO - Epoch(val) [5][4050/4952]    eta: 0:00:36  time: 0.0402  data_time: 0.0022  memory: 451  
2025/05/16 12:13:43 - mmengine - INFO - Epoch(val) [5][4100/4952]    eta: 0:00:34  time: 0.0400  data_time: 0.0024  memory: 450  
2025/05/16 12:13:45 - mmengine - INFO - Epoch(val) [5][4150/4952]    eta: 0:00:32  time: 0.0400  data_time: 0.0019  memory: 451  
2025/05/16 12:13:47 - mmengine - INFO - Epoch(val) [5][4200/4952]    eta: 0:00:30  time: 0.0399  data_time: 0.0020  memory: 450  
2025/05/16 12:13:49 - mmengine - INFO - Epoch(val) [5][4250/4952]    eta: 0:00:28  time: 0.0404  data_time: 0.0022  memory: 451  
2025/05/16 12:13:51 - mmengine - INFO - Epoch(val) [5][4300/4952]    eta: 0:00:26  time: 0.0404  data_time: 0.0020  memory: 450  
2025/05/16 12:13:53 - mmengine - INFO - Epoch(val) [5][4350/4952]    eta: 0:00:24  time: 0.0404  data_time: 0.0021  memory: 451  
2025/05/16 12:13:55 - mmengine - INFO - Epoch(val) [5][4400/4952]    eta: 0:00:22  time: 0.0404  data_time: 0.0021  memory: 451  
2025/05/16 12:13:58 - mmengine - INFO - Epoch(val) [5][4450/4952]    eta: 0:00:20  time: 0.0404  data_time: 0.0022  memory: 451  
2025/05/16 12:14:00 - mmengine - INFO - Epoch(val) [5][4500/4952]    eta: 0:00:18  time: 0.0404  data_time: 0.0021  memory: 450  
2025/05/16 12:14:02 - mmengine - INFO - Epoch(val) [5][4550/4952]    eta: 0:00:16  time: 0.0404  data_time: 0.0023  memory: 450  
2025/05/16 12:14:04 - mmengine - INFO - Epoch(val) [5][4600/4952]    eta: 0:00:14  time: 0.0404  data_time: 0.0021  memory: 450  
2025/05/16 12:14:06 - mmengine - INFO - Epoch(val) [5][4650/4952]    eta: 0:00:12  time: 0.0405  data_time: 0.0023  memory: 451  
2025/05/16 12:14:08 - mmengine - INFO - Epoch(val) [5][4700/4952]    eta: 0:00:10  time: 0.0405  data_time: 0.0021  memory: 450  
2025/05/16 12:14:10 - mmengine - INFO - Epoch(val) [5][4750/4952]    eta: 0:00:08  time: 0.0405  data_time: 0.0023  memory: 450  
2025/05/16 12:14:12 - mmengine - INFO - Epoch(val) [5][4800/4952]    eta: 0:00:06  time: 0.0405  data_time: 0.0023  memory: 451  
2025/05/16 12:14:14 - mmengine - INFO - Epoch(val) [5][4850/4952]    eta: 0:00:04  time: 0.0405  data_time: 0.0022  memory: 450  
2025/05/16 12:14:16 - mmengine - INFO - Epoch(val) [5][4900/4952]    eta: 0:00:02  time: 0.0404  data_time: 0.0021  memory: 451  
2025/05/16 12:14:18 - mmengine - INFO - Epoch(val) [5][4950/4952]    eta: 0:00:00  time: 0.0405  data_time: 0.0021  memory: 451  
2025/05/16 12:14:18 - mmengine - INFO - 
---------------iou_thr: 0.5---------------
2025/05/16 12:14:21 - mmengine - INFO - 
+-------------+------+-------+--------+-------+
| class       | gts  | dets  | recall | ap    |
+-------------+------+-------+--------+-------+
| aeroplane   | 285  | 2606  | 0.726  | 0.569 |
| bicycle     | 337  | 1721  | 0.852  | 0.660 |
| bird        | 459  | 2621  | 0.671  | 0.381 |
| boat        | 263  | 1703  | 0.635  | 0.395 |
| bottle      | 469  | 976   | 0.318  | 0.234 |
| bus         | 213  | 1322  | 0.798  | 0.598 |
| car         | 1201 | 7265  | 0.837  | 0.692 |
| cat         | 358  | 1382  | 0.830  | 0.616 |
| chair       | 756  | 6971  | 0.741  | 0.401 |
| cow         | 244  | 1224  | 0.824  | 0.434 |
| diningtable | 206  | 3009  | 0.869  | 0.619 |
| dog         | 489  | 3204  | 0.845  | 0.510 |
| horse       | 348  | 2219  | 0.897  | 0.649 |
| motorbike   | 325  | 1194  | 0.791  | 0.603 |
| person      | 4528 | 11835 | 0.785  | 0.650 |
| pottedplant | 480  | 956   | 0.431  | 0.271 |
| sheep       | 242  | 708   | 0.616  | 0.416 |
| sofa        | 239  | 1843  | 0.862  | 0.577 |
| train       | 282  | 3248  | 0.908  | 0.607 |
| tvmonitor   | 308  | 1163  | 0.705  | 0.532 |
+-------------+------+-------+--------+-------+
| mAP         |      |       |        | 0.521 |
+-------------+------+-------+--------+-------+
2025/05/16 12:14:21 - mmengine - INFO - Epoch(val) [5][4952/4952]    pascal_voc/mAP: 0.5206  pascal_voc/AP50: 0.5210  data_time: 0.0022  time: 0.0403
2025/05/16 12:14:30 - mmengine - INFO - Epoch(train) [6][  50/8276]  lr: 2.0000e-02  eta: 0:23:45  time: 0.1779  data_time: 0.0049  memory: 916  loss: 0.3526  loss_rpn_cls: 0.0189  loss_rpn_bbox: 0.0136  loss_cls: 0.1553  acc: 93.7500  loss_bbox: 0.1648
2025/05/16 12:14:39 - mmengine - INFO - Epoch(train) [6][ 100/8276]  lr: 2.0000e-02  eta: 0:23:36  time: 0.1756  data_time: 0.0049  memory: 915  loss: 0.3509  loss_rpn_cls: 0.0232  loss_rpn_bbox: 0.0143  loss_cls: 0.1534  acc: 95.5078  loss_bbox: 0.1601
2025/05/16 12:14:48 - mmengine - INFO - Epoch(train) [6][ 150/8276]  lr: 2.0000e-02  eta: 0:23:28  time: 0.1744  data_time: 0.0047  memory: 915  loss: 0.3848  loss_rpn_cls: 0.0281  loss_rpn_bbox: 0.0150  loss_cls: 0.1659  acc: 89.1602  loss_bbox: 0.1758
2025/05/16 12:14:56 - mmengine - INFO - Epoch(train) [6][ 200/8276]  lr: 2.0000e-02  eta: 0:23:19  time: 0.1742  data_time: 0.0045  memory: 885  loss: 0.3146  loss_rpn_cls: 0.0169  loss_rpn_bbox: 0.0125  loss_cls: 0.1372  acc: 87.0117  loss_bbox: 0.1481
2025/05/16 12:15:05 - mmengine - INFO - Epoch(train) [6][ 250/8276]  lr: 2.0000e-02  eta: 0:23:10  time: 0.1718  data_time: 0.0045  memory: 915  loss: 0.3158  loss_rpn_cls: 0.0247  loss_rpn_bbox: 0.0155  loss_cls: 0.1416  acc: 97.5586  loss_bbox: 0.1340
2025/05/16 12:15:14 - mmengine - INFO - Epoch(train) [6][ 300/8276]  lr: 2.0000e-02  eta: 0:23:02  time: 0.1717  data_time: 0.0043  memory: 916  loss: 0.2746  loss_rpn_cls: 0.0166  loss_rpn_bbox: 0.0103  loss_cls: 0.1216  acc: 98.2422  loss_bbox: 0.1261
2025/05/16 12:15:22 - mmengine - INFO - Epoch(train) [6][ 350/8276]  lr: 2.0000e-02  eta: 0:22:53  time: 0.1728  data_time: 0.0044  memory: 915  loss: 0.3500  loss_rpn_cls: 0.0284  loss_rpn_bbox: 0.0163  loss_cls: 0.1476  acc: 91.7969  loss_bbox: 0.1577
2025/05/16 12:15:31 - mmengine - INFO - Epoch(train) [6][ 400/8276]  lr: 2.0000e-02  eta: 0:22:44  time: 0.1751  data_time: 0.0047  memory: 916  loss: 0.3307  loss_rpn_cls: 0.0223  loss_rpn_bbox: 0.0110  loss_cls: 0.1443  acc: 95.6055  loss_bbox: 0.1531
2025/05/16 12:15:40 - mmengine - INFO - Epoch(train) [6][ 450/8276]  lr: 2.0000e-02  eta: 0:22:36  time: 0.1711  data_time: 0.0047  memory: 915  loss: 0.3516  loss_rpn_cls: 0.0255  loss_rpn_bbox: 0.0125  loss_cls: 0.1577  acc: 94.9219  loss_bbox: 0.1559
2025/05/16 12:15:48 - mmengine - INFO - Epoch(train) [6][ 500/8276]  lr: 2.0000e-02  eta: 0:22:27  time: 0.1714  data_time: 0.0043  memory: 916  loss: 0.3822  loss_rpn_cls: 0.0295  loss_rpn_bbox: 0.0137  loss_cls: 0.1716  acc: 97.6562  loss_bbox: 0.1673
2025/05/16 12:15:57 - mmengine - INFO - Epoch(train) [6][ 550/8276]  lr: 2.0000e-02  eta: 0:22:18  time: 0.1748  data_time: 0.0044  memory: 915  loss: 0.3368  loss_rpn_cls: 0.0198  loss_rpn_bbox: 0.0140  loss_cls: 0.1499  acc: 98.4375  loss_bbox: 0.1531
2025/05/16 12:16:06 - mmengine - INFO - Epoch(train) [6][ 600/8276]  lr: 2.0000e-02  eta: 0:22:10  time: 0.1749  data_time: 0.0047  memory: 915  loss: 0.3167  loss_rpn_cls: 0.0188  loss_rpn_bbox: 0.0108  loss_cls: 0.1414  acc: 99.6094  loss_bbox: 0.1458
2025/05/16 12:16:09 - mmengine - INFO - Exp name: mask-rcnn_voc_20250516_095727
2025/05/16 12:16:14 - mmengine - INFO - Epoch(train) [6][ 650/8276]  lr: 2.0000e-02  eta: 0:22:01  time: 0.1712  data_time: 0.0048  memory: 915  loss: 0.3726  loss_rpn_cls: 0.0240  loss_rpn_bbox: 0.0139  loss_cls: 0.1552  acc: 97.7539  loss_bbox: 0.1795
2025/05/16 12:16:23 - mmengine - INFO - Epoch(train) [6][ 700/8276]  lr: 2.0000e-02  eta: 0:21:52  time: 0.1732  data_time: 0.0044  memory: 915  loss: 0.3620  loss_rpn_cls: 0.0263  loss_rpn_bbox: 0.0135  loss_cls: 0.1613  acc: 97.9492  loss_bbox: 0.1609
2025/05/16 12:16:31 - mmengine - INFO - Epoch(train) [6][ 750/8276]  lr: 2.0000e-02  eta: 0:21:44  time: 0.1707  data_time: 0.0046  memory: 915  loss: 0.3233  loss_rpn_cls: 0.0179  loss_rpn_bbox: 0.0119  loss_cls: 0.1459  acc: 98.0469  loss_bbox: 0.1476
2025/05/16 12:16:40 - mmengine - INFO - Epoch(train) [6][ 800/8276]  lr: 2.0000e-02  eta: 0:21:35  time: 0.1720  data_time: 0.0045  memory: 885  loss: 0.3928  loss_rpn_cls: 0.0331  loss_rpn_bbox: 0.0179  loss_cls: 0.1751  acc: 83.2031  loss_bbox: 0.1667
2025/05/16 12:16:49 - mmengine - INFO - Epoch(train) [6][ 850/8276]  lr: 2.0000e-02  eta: 0:21:26  time: 0.1724  data_time: 0.0048  memory: 915  loss: 0.4047  loss_rpn_cls: 0.0339  loss_rpn_bbox: 0.0153  loss_cls: 0.1921  acc: 97.8516  loss_bbox: 0.1634
2025/05/16 12:16:57 - mmengine - INFO - Epoch(train) [6][ 900/8276]  lr: 2.0000e-02  eta: 0:21:18  time: 0.1730  data_time: 0.0047  memory: 916  loss: 0.3382  loss_rpn_cls: 0.0217  loss_rpn_bbox: 0.0127  loss_cls: 0.1507  acc: 93.1641  loss_bbox: 0.1531
2025/05/16 12:17:06 - mmengine - INFO - Epoch(train) [6][ 950/8276]  lr: 2.0000e-02  eta: 0:21:09  time: 0.1691  data_time: 0.0044  memory: 915  loss: 0.3724  loss_rpn_cls: 0.0424  loss_rpn_bbox: 0.0193  loss_cls: 0.1492  acc: 98.9258  loss_bbox: 0.1614
2025/05/16 12:17:14 - mmengine - INFO - Epoch(train) [6][1000/8276]  lr: 2.0000e-02  eta: 0:21:00  time: 0.1713  data_time: 0.0047  memory: 915  loss: 0.3634  loss_rpn_cls: 0.0214  loss_rpn_bbox: 0.0149  loss_cls: 0.1633  acc: 94.5312  loss_bbox: 0.1637
2025/05/16 12:17:23 - mmengine - INFO - Epoch(train) [6][1050/8276]  lr: 2.0000e-02  eta: 0:20:52  time: 0.1728  data_time: 0.0046  memory: 916  loss: 0.3332  loss_rpn_cls: 0.0180  loss_rpn_bbox: 0.0102  loss_cls: 0.1510  acc: 97.7539  loss_bbox: 0.1541
2025/05/16 12:17:32 - mmengine - INFO - Epoch(train) [6][1100/8276]  lr: 2.0000e-02  eta: 0:20:43  time: 0.1726  data_time: 0.0045  memory: 916  loss: 0.3192  loss_rpn_cls: 0.0177  loss_rpn_bbox: 0.0116  loss_cls: 0.1450  acc: 96.6797  loss_bbox: 0.1449
2025/05/16 12:17:40 - mmengine - INFO - Epoch(train) [6][1150/8276]  lr: 2.0000e-02  eta: 0:20:34  time: 0.1753  data_time: 0.0051  memory: 916  loss: 0.3307  loss_rpn_cls: 0.0206  loss_rpn_bbox: 0.0132  loss_cls: 0.1425  acc: 98.4375  loss_bbox: 0.1544
2025/05/16 12:17:49 - mmengine - INFO - Epoch(train) [6][1200/8276]  lr: 2.0000e-02  eta: 0:20:26  time: 0.1726  data_time: 0.0047  memory: 915  loss: 0.3453  loss_rpn_cls: 0.0230  loss_rpn_bbox: 0.0142  loss_cls: 0.1546  acc: 96.9727  loss_bbox: 0.1535
2025/05/16 12:17:58 - mmengine - INFO - Epoch(train) [6][1250/8276]  lr: 2.0000e-02  eta: 0:20:17  time: 0.1742  data_time: 0.0043  memory: 915  loss: 0.3468  loss_rpn_cls: 0.0238  loss_rpn_bbox: 0.0116  loss_cls: 0.1614  acc: 95.8008  loss_bbox: 0.1500
2025/05/16 12:18:06 - mmengine - INFO - Epoch(train) [6][1300/8276]  lr: 2.0000e-02  eta: 0:20:08  time: 0.1726  data_time: 0.0047  memory: 915  loss: 0.3635  loss_rpn_cls: 0.0183  loss_rpn_bbox: 0.0134  loss_cls: 0.1582  acc: 94.5312  loss_bbox: 0.1735
2025/05/16 12:18:15 - mmengine - INFO - Epoch(train) [6][1350/8276]  lr: 2.0000e-02  eta: 0:20:00  time: 0.1738  data_time: 0.0046  memory: 916  loss: 0.3456  loss_rpn_cls: 0.0194  loss_rpn_bbox: 0.0129  loss_cls: 0.1549  acc: 95.8984  loss_bbox: 0.1585
2025/05/16 12:18:24 - mmengine - INFO - Epoch(train) [6][1400/8276]  lr: 2.0000e-02  eta: 0:19:51  time: 0.1748  data_time: 0.0046  memory: 916  loss: 0.3493  loss_rpn_cls: 0.0217  loss_rpn_bbox: 0.0119  loss_cls: 0.1549  acc: 98.7305  loss_bbox: 0.1608
2025/05/16 12:18:32 - mmengine - INFO - Epoch(train) [6][1450/8276]  lr: 2.0000e-02  eta: 0:19:42  time: 0.1741  data_time: 0.0046  memory: 916  loss: 0.3444  loss_rpn_cls: 0.0197  loss_rpn_bbox: 0.0124  loss_cls: 0.1545  acc: 96.5820  loss_bbox: 0.1578
2025/05/16 12:18:41 - mmengine - INFO - Epoch(train) [6][1500/8276]  lr: 2.0000e-02  eta: 0:19:34  time: 0.1750  data_time: 0.0048  memory: 915  loss: 0.3635  loss_rpn_cls: 0.0205  loss_rpn_bbox: 0.0144  loss_cls: 0.1631  acc: 98.2422  loss_bbox: 0.1656
2025/05/16 12:18:50 - mmengine - INFO - Epoch(train) [6][1550/8276]  lr: 2.0000e-02  eta: 0:19:25  time: 0.1713  data_time: 0.0044  memory: 916  loss: 0.3367  loss_rpn_cls: 0.0157  loss_rpn_bbox: 0.0112  loss_cls: 0.1530  acc: 98.2422  loss_bbox: 0.1568
2025/05/16 12:18:58 - mmengine - INFO - Epoch(train) [6][1600/8276]  lr: 2.0000e-02  eta: 0:19:16  time: 0.1723  data_time: 0.0047  memory: 916  loss: 0.3385  loss_rpn_cls: 0.0173  loss_rpn_bbox: 0.0120  loss_cls: 0.1523  acc: 96.4844  loss_bbox: 0.1570
2025/05/16 12:19:02 - mmengine - INFO - Exp name: mask-rcnn_voc_20250516_095727
2025/05/16 12:19:07 - mmengine - INFO - Epoch(train) [6][1650/8276]  lr: 2.0000e-02  eta: 0:19:08  time: 0.1760  data_time: 0.0047  memory: 915  loss: 0.3632  loss_rpn_cls: 0.0217  loss_rpn_bbox: 0.0123  loss_cls: 0.1707  acc: 90.7227  loss_bbox: 0.1585
2025/05/16 12:19:16 - mmengine - INFO - Epoch(train) [6][1700/8276]  lr: 2.0000e-02  eta: 0:18:59  time: 0.1737  data_time: 0.0046  memory: 916  loss: 0.3200  loss_rpn_cls: 0.0194  loss_rpn_bbox: 0.0122  loss_cls: 0.1396  acc: 95.9961  loss_bbox: 0.1488
2025/05/16 12:19:24 - mmengine - INFO - Epoch(train) [6][1750/8276]  lr: 2.0000e-02  eta: 0:18:50  time: 0.1717  data_time: 0.0043  memory: 915  loss: 0.3320  loss_rpn_cls: 0.0202  loss_rpn_bbox: 0.0123  loss_cls: 0.1499  acc: 95.2148  loss_bbox: 0.1496
2025/05/16 12:19:33 - mmengine - INFO - Epoch(train) [6][1800/8276]  lr: 2.0000e-02  eta: 0:18:42  time: 0.1713  data_time: 0.0045  memory: 915  loss: 0.3906  loss_rpn_cls: 0.0255  loss_rpn_bbox: 0.0144  loss_cls: 0.1799  acc: 92.6758  loss_bbox: 0.1709
2025/05/16 12:19:42 - mmengine - INFO - Epoch(train) [6][1850/8276]  lr: 2.0000e-02  eta: 0:18:33  time: 0.1738  data_time: 0.0045  memory: 916  loss: 0.3541  loss_rpn_cls: 0.0182  loss_rpn_bbox: 0.0107  loss_cls: 0.1688  acc: 90.0391  loss_bbox: 0.1565
2025/05/16 12:19:50 - mmengine - INFO - Epoch(train) [6][1900/8276]  lr: 2.0000e-02  eta: 0:18:24  time: 0.1735  data_time: 0.0045  memory: 915  loss: 0.3982  loss_rpn_cls: 0.0187  loss_rpn_bbox: 0.0135  loss_cls: 0.1838  acc: 95.5078  loss_bbox: 0.1822
2025/05/16 12:19:59 - mmengine - INFO - Epoch(train) [6][1950/8276]  lr: 2.0000e-02  eta: 0:18:16  time: 0.1727  data_time: 0.0042  memory: 916  loss: 0.2981  loss_rpn_cls: 0.0129  loss_rpn_bbox: 0.0108  loss_cls: 0.1339  acc: 96.4844  loss_bbox: 0.1404
2025/05/16 12:20:08 - mmengine - INFO - Epoch(train) [6][2000/8276]  lr: 2.0000e-02  eta: 0:18:07  time: 0.1717  data_time: 0.0044  memory: 915  loss: 0.3805  loss_rpn_cls: 0.0216  loss_rpn_bbox: 0.0144  loss_cls: 0.1687  acc: 92.2852  loss_bbox: 0.1758
2025/05/16 12:20:16 - mmengine - INFO - Epoch(train) [6][2050/8276]  lr: 2.0000e-02  eta: 0:17:58  time: 0.1718  data_time: 0.0049  memory: 915  loss: 0.3154  loss_rpn_cls: 0.0177  loss_rpn_bbox: 0.0105  loss_cls: 0.1425  acc: 92.0898  loss_bbox: 0.1446
2025/05/16 12:20:25 - mmengine - INFO - Epoch(train) [6][2100/8276]  lr: 2.0000e-02  eta: 0:17:50  time: 0.1714  data_time: 0.0051  memory: 915  loss: 0.4086  loss_rpn_cls: 0.0258  loss_rpn_bbox: 0.0152  loss_cls: 0.1871  acc: 93.0664  loss_bbox: 0.1806
2025/05/16 12:20:34 - mmengine - INFO - Epoch(train) [6][2150/8276]  lr: 2.0000e-02  eta: 0:17:41  time: 0.1748  data_time: 0.0047  memory: 915  loss: 0.3711  loss_rpn_cls: 0.0211  loss_rpn_bbox: 0.0114  loss_cls: 0.1765  acc: 95.9961  loss_bbox: 0.1620
2025/05/16 12:20:42 - mmengine - INFO - Epoch(train) [6][2200/8276]  lr: 2.0000e-02  eta: 0:17:32  time: 0.1732  data_time: 0.0047  memory: 916  loss: 0.4079  loss_rpn_cls: 0.0269  loss_rpn_bbox: 0.0174  loss_cls: 0.1748  acc: 96.0938  loss_bbox: 0.1888
2025/05/16 12:20:51 - mmengine - INFO - Epoch(train) [6][2250/8276]  lr: 2.0000e-02  eta: 0:17:24  time: 0.1744  data_time: 0.0048  memory: 916  loss: 0.3357  loss_rpn_cls: 0.0200  loss_rpn_bbox: 0.0151  loss_cls: 0.1451  acc: 92.1875  loss_bbox: 0.1556
2025/05/16 12:21:00 - mmengine - INFO - Epoch(train) [6][2300/8276]  lr: 2.0000e-02  eta: 0:17:15  time: 0.1741  data_time: 0.0046  memory: 916  loss: 0.3720  loss_rpn_cls: 0.0229  loss_rpn_bbox: 0.0142  loss_cls: 0.1698  acc: 96.7773  loss_bbox: 0.1651
2025/05/16 12:21:08 - mmengine - INFO - Epoch(train) [6][2350/8276]  lr: 2.0000e-02  eta: 0:17:06  time: 0.1732  data_time: 0.0047  memory: 916  loss: 0.3986  loss_rpn_cls: 0.0245  loss_rpn_bbox: 0.0115  loss_cls: 0.1920  acc: 87.8906  loss_bbox: 0.1706
2025/05/16 12:21:17 - mmengine - INFO - Epoch(train) [6][2400/8276]  lr: 2.0000e-02  eta: 0:16:58  time: 0.1726  data_time: 0.0047  memory: 916  loss: 0.3268  loss_rpn_cls: 0.0187  loss_rpn_bbox: 0.0105  loss_cls: 0.1505  acc: 92.9688  loss_bbox: 0.1470
2025/05/16 12:21:26 - mmengine - INFO - Epoch(train) [6][2450/8276]  lr: 2.0000e-02  eta: 0:16:49  time: 0.1748  data_time: 0.0051  memory: 915  loss: 0.3736  loss_rpn_cls: 0.0211  loss_rpn_bbox: 0.0130  loss_cls: 0.1578  acc: 97.8516  loss_bbox: 0.1817
2025/05/16 12:21:34 - mmengine - INFO - Epoch(train) [6][2500/8276]  lr: 2.0000e-02  eta: 0:16:40  time: 0.1725  data_time: 0.0043  memory: 915  loss: 0.3894  loss_rpn_cls: 0.0207  loss_rpn_bbox: 0.0134  loss_cls: 0.1733  acc: 94.2383  loss_bbox: 0.1820
2025/05/16 12:21:43 - mmengine - INFO - Epoch(train) [6][2550/8276]  lr: 2.0000e-02  eta: 0:16:32  time: 0.1707  data_time: 0.0048  memory: 916  loss: 0.3427  loss_rpn_cls: 0.0153  loss_rpn_bbox: 0.0119  loss_cls: 0.1497  acc: 99.3164  loss_bbox: 0.1659
2025/05/16 12:21:52 - mmengine - INFO - Epoch(train) [6][2600/8276]  lr: 2.0000e-02  eta: 0:16:23  time: 0.1728  data_time: 0.0049  memory: 915  loss: 0.3315  loss_rpn_cls: 0.0136  loss_rpn_bbox: 0.0103  loss_cls: 0.1544  acc: 98.7305  loss_bbox: 0.1532
2025/05/16 12:21:55 - mmengine - INFO - Exp name: mask-rcnn_voc_20250516_095727
2025/05/16 12:22:00 - mmengine - INFO - Epoch(train) [6][2650/8276]  lr: 2.0000e-02  eta: 0:16:14  time: 0.1713  data_time: 0.0047  memory: 915  loss: 0.3764  loss_rpn_cls: 0.0229  loss_rpn_bbox: 0.0138  loss_cls: 0.1665  acc: 95.9961  loss_bbox: 0.1731
2025/05/16 12:22:09 - mmengine - INFO - Epoch(train) [6][2700/8276]  lr: 2.0000e-02  eta: 0:16:06  time: 0.1726  data_time: 0.0045  memory: 916  loss: 0.3436  loss_rpn_cls: 0.0219  loss_rpn_bbox: 0.0157  loss_cls: 0.1502  acc: 90.1367  loss_bbox: 0.1557
2025/05/16 12:22:17 - mmengine - INFO - Epoch(train) [6][2750/8276]  lr: 2.0000e-02  eta: 0:15:57  time: 0.1712  data_time: 0.0050  memory: 915  loss: 0.3783  loss_rpn_cls: 0.0284  loss_rpn_bbox: 0.0142  loss_cls: 0.1647  acc: 98.8281  loss_bbox: 0.1710
2025/05/16 12:22:26 - mmengine - INFO - Epoch(train) [6][2800/8276]  lr: 2.0000e-02  eta: 0:15:48  time: 0.1752  data_time: 0.0049  memory: 885  loss: 0.3661  loss_rpn_cls: 0.0207  loss_rpn_bbox: 0.0153  loss_cls: 0.1662  acc: 94.8242  loss_bbox: 0.1640
2025/05/16 12:22:35 - mmengine - INFO - Epoch(train) [6][2850/8276]  lr: 2.0000e-02  eta: 0:15:40  time: 0.1728  data_time: 0.0046  memory: 915  loss: 0.3584  loss_rpn_cls: 0.0186  loss_rpn_bbox: 0.0120  loss_cls: 0.1631  acc: 96.4844  loss_bbox: 0.1647
2025/05/16 12:22:43 - mmengine - INFO - Epoch(train) [6][2900/8276]  lr: 2.0000e-02  eta: 0:15:31  time: 0.1727  data_time: 0.0044  memory: 915  loss: 0.3585  loss_rpn_cls: 0.0241  loss_rpn_bbox: 0.0135  loss_cls: 0.1581  acc: 94.5312  loss_bbox: 0.1627
2025/05/16 12:22:52 - mmengine - INFO - Epoch(train) [6][2950/8276]  lr: 2.0000e-02  eta: 0:15:22  time: 0.1722  data_time: 0.0048  memory: 915  loss: 0.3359  loss_rpn_cls: 0.0207  loss_rpn_bbox: 0.0114  loss_cls: 0.1451  acc: 95.8008  loss_bbox: 0.1587
2025/05/16 12:23:01 - mmengine - INFO - Epoch(train) [6][3000/8276]  lr: 2.0000e-02  eta: 0:15:14  time: 0.1722  data_time: 0.0046  memory: 915  loss: 0.3630  loss_rpn_cls: 0.0224  loss_rpn_bbox: 0.0136  loss_cls: 0.1614  acc: 95.8984  loss_bbox: 0.1657
2025/05/16 12:23:09 - mmengine - INFO - Epoch(train) [6][3050/8276]  lr: 2.0000e-02  eta: 0:15:05  time: 0.1721  data_time: 0.0046  memory: 916  loss: 0.3325  loss_rpn_cls: 0.0157  loss_rpn_bbox: 0.0122  loss_cls: 0.1504  acc: 90.6250  loss_bbox: 0.1543
2025/05/16 12:23:18 - mmengine - INFO - Epoch(train) [6][3100/8276]  lr: 2.0000e-02  eta: 0:14:56  time: 0.1719  data_time: 0.0042  memory: 916  loss: 0.3614  loss_rpn_cls: 0.0157  loss_rpn_bbox: 0.0117  loss_cls: 0.1620  acc: 96.9727  loss_bbox: 0.1720
2025/05/16 12:23:26 - mmengine - INFO - Epoch(train) [6][3150/8276]  lr: 2.0000e-02  eta: 0:14:48  time: 0.1711  data_time: 0.0046  memory: 915  loss: 0.3133  loss_rpn_cls: 0.0207  loss_rpn_bbox: 0.0108  loss_cls: 0.1373  acc: 95.9961  loss_bbox: 0.1444
2025/05/16 12:23:35 - mmengine - INFO - Epoch(train) [6][3200/8276]  lr: 2.0000e-02  eta: 0:14:39  time: 0.1720  data_time: 0.0049  memory: 915  loss: 0.3305  loss_rpn_cls: 0.0222  loss_rpn_bbox: 0.0138  loss_cls: 0.1501  acc: 97.0703  loss_bbox: 0.1444
2025/05/16 12:23:44 - mmengine - INFO - Epoch(train) [6][3250/8276]  lr: 2.0000e-02  eta: 0:14:30  time: 0.1719  data_time: 0.0044  memory: 916  loss: 0.3853  loss_rpn_cls: 0.0263  loss_rpn_bbox: 0.0144  loss_cls: 0.1721  acc: 98.6328  loss_bbox: 0.1724
2025/05/16 12:23:52 - mmengine - INFO - Epoch(train) [6][3300/8276]  lr: 2.0000e-02  eta: 0:14:22  time: 0.1715  data_time: 0.0041  memory: 916  loss: 0.3897  loss_rpn_cls: 0.0235  loss_rpn_bbox: 0.0123  loss_cls: 0.1797  acc: 97.6562  loss_bbox: 0.1742
2025/05/16 12:24:01 - mmengine - INFO - Epoch(train) [6][3350/8276]  lr: 2.0000e-02  eta: 0:14:13  time: 0.1721  data_time: 0.0043  memory: 916  loss: 0.3907  loss_rpn_cls: 0.0218  loss_rpn_bbox: 0.0136  loss_cls: 0.1805  acc: 98.4375  loss_bbox: 0.1747
2025/05/16 12:24:09 - mmengine - INFO - Epoch(train) [6][3400/8276]  lr: 2.0000e-02  eta: 0:14:04  time: 0.1745  data_time: 0.0046  memory: 915  loss: 0.3444  loss_rpn_cls: 0.0155  loss_rpn_bbox: 0.0127  loss_cls: 0.1540  acc: 94.9219  loss_bbox: 0.1621
2025/05/16 12:24:18 - mmengine - INFO - Epoch(train) [6][3450/8276]  lr: 2.0000e-02  eta: 0:13:56  time: 0.1742  data_time: 0.0047  memory: 915  loss: 0.3665  loss_rpn_cls: 0.0235  loss_rpn_bbox: 0.0155  loss_cls: 0.1681  acc: 98.8281  loss_bbox: 0.1593
2025/05/16 12:24:27 - mmengine - INFO - Epoch(train) [6][3500/8276]  lr: 2.0000e-02  eta: 0:13:47  time: 0.1723  data_time: 0.0043  memory: 915  loss: 0.3931  loss_rpn_cls: 0.0234  loss_rpn_bbox: 0.0137  loss_cls: 0.1837  acc: 94.7266  loss_bbox: 0.1723
2025/05/16 12:24:35 - mmengine - INFO - Epoch(train) [6][3550/8276]  lr: 2.0000e-02  eta: 0:13:38  time: 0.1723  data_time: 0.0050  memory: 915  loss: 0.4234  loss_rpn_cls: 0.0349  loss_rpn_bbox: 0.0178  loss_cls: 0.1863  acc: 96.6797  loss_bbox: 0.1843
2025/05/16 12:24:44 - mmengine - INFO - Epoch(train) [6][3600/8276]  lr: 2.0000e-02  eta: 0:13:30  time: 0.1748  data_time: 0.0045  memory: 915  loss: 0.3242  loss_rpn_cls: 0.0162  loss_rpn_bbox: 0.0115  loss_cls: 0.1482  acc: 92.7734  loss_bbox: 0.1483
2025/05/16 12:24:48 - mmengine - INFO - Exp name: mask-rcnn_voc_20250516_095727
2025/05/16 12:24:53 - mmengine - INFO - Epoch(train) [6][3650/8276]  lr: 2.0000e-02  eta: 0:13:21  time: 0.1733  data_time: 0.0044  memory: 916  loss: 0.3364  loss_rpn_cls: 0.0212  loss_rpn_bbox: 0.0105  loss_cls: 0.1585  acc: 95.7031  loss_bbox: 0.1462
2025/05/16 12:25:01 - mmengine - INFO - Epoch(train) [6][3700/8276]  lr: 2.0000e-02  eta: 0:13:12  time: 0.1715  data_time: 0.0046  memory: 915  loss: 0.4293  loss_rpn_cls: 0.0275  loss_rpn_bbox: 0.0151  loss_cls: 0.1984  acc: 95.9961  loss_bbox: 0.1883
2025/05/16 12:25:10 - mmengine - INFO - Epoch(train) [6][3750/8276]  lr: 2.0000e-02  eta: 0:13:04  time: 0.1703  data_time: 0.0044  memory: 915  loss: 0.3820  loss_rpn_cls: 0.0266  loss_rpn_bbox: 0.0145  loss_cls: 0.1714  acc: 96.7773  loss_bbox: 0.1695
2025/05/16 12:25:19 - mmengine - INFO - Epoch(train) [6][3800/8276]  lr: 2.0000e-02  eta: 0:12:55  time: 0.1731  data_time: 0.0047  memory: 915  loss: 0.3152  loss_rpn_cls: 0.0155  loss_rpn_bbox: 0.0115  loss_cls: 0.1327  acc: 95.2148  loss_bbox: 0.1556
2025/05/16 12:25:27 - mmengine - INFO - Epoch(train) [6][3850/8276]  lr: 2.0000e-02  eta: 0:12:46  time: 0.1726  data_time: 0.0046  memory: 915  loss: 0.3631  loss_rpn_cls: 0.0240  loss_rpn_bbox: 0.0126  loss_cls: 0.1668  acc: 88.0859  loss_bbox: 0.1597
2025/05/16 12:25:36 - mmengine - INFO - Epoch(train) [6][3900/8276]  lr: 2.0000e-02  eta: 0:12:38  time: 0.1738  data_time: 0.0049  memory: 915  loss: 0.3724  loss_rpn_cls: 0.0235  loss_rpn_bbox: 0.0145  loss_cls: 0.1674  acc: 98.4375  loss_bbox: 0.1669
2025/05/16 12:25:44 - mmengine - INFO - Epoch(train) [6][3950/8276]  lr: 2.0000e-02  eta: 0:12:29  time: 0.1703  data_time: 0.0047  memory: 915  loss: 0.3991  loss_rpn_cls: 0.0253  loss_rpn_bbox: 0.0139  loss_cls: 0.1837  acc: 95.1172  loss_bbox: 0.1763
2025/05/16 12:25:53 - mmengine - INFO - Epoch(train) [6][4000/8276]  lr: 2.0000e-02  eta: 0:12:20  time: 0.1735  data_time: 0.0048  memory: 915  loss: 0.3907  loss_rpn_cls: 0.0240  loss_rpn_bbox: 0.0131  loss_cls: 0.1871  acc: 94.5312  loss_bbox: 0.1666
2025/05/16 12:26:02 - mmengine - INFO - Epoch(train) [6][4050/8276]  lr: 2.0000e-02  eta: 0:12:12  time: 0.1710  data_time: 0.0045  memory: 916  loss: 0.3402  loss_rpn_cls: 0.0195  loss_rpn_bbox: 0.0151  loss_cls: 0.1494  acc: 97.1680  loss_bbox: 0.1563
2025/05/16 12:26:10 - mmengine - INFO - Epoch(train) [6][4100/8276]  lr: 2.0000e-02  eta: 0:12:03  time: 0.1734  data_time: 0.0048  memory: 915  loss: 0.3734  loss_rpn_cls: 0.0194  loss_rpn_bbox: 0.0123  loss_cls: 0.1676  acc: 93.8477  loss_bbox: 0.1741
2025/05/16 12:26:19 - mmengine - INFO - Epoch(train) [6][4150/8276]  lr: 2.0000e-02  eta: 0:11:54  time: 0.1724  data_time: 0.0044  memory: 915  loss: 0.3678  loss_rpn_cls: 0.0202  loss_rpn_bbox: 0.0108  loss_cls: 0.1696  acc: 93.0664  loss_bbox: 0.1671
2025/05/16 12:26:28 - mmengine - INFO - Epoch(train) [6][4200/8276]  lr: 2.0000e-02  eta: 0:11:46  time: 0.1732  data_time: 0.0045  memory: 915  loss: 0.4021  loss_rpn_cls: 0.0293  loss_rpn_bbox: 0.0138  loss_cls: 0.1808  acc: 98.4375  loss_bbox: 0.1782
2025/05/16 12:26:36 - mmengine - INFO - Epoch(train) [6][4250/8276]  lr: 2.0000e-02  eta: 0:11:37  time: 0.1731  data_time: 0.0045  memory: 915  loss: 0.3377  loss_rpn_cls: 0.0176  loss_rpn_bbox: 0.0110  loss_cls: 0.1554  acc: 93.8477  loss_bbox: 0.1537
2025/05/16 12:26:45 - mmengine - INFO - Epoch(train) [6][4300/8276]  lr: 2.0000e-02  eta: 0:11:28  time: 0.1724  data_time: 0.0044  memory: 885  loss: 0.3610  loss_rpn_cls: 0.0198  loss_rpn_bbox: 0.0125  loss_cls: 0.1621  acc: 96.1914  loss_bbox: 0.1666
2025/05/16 12:26:54 - mmengine - INFO - Epoch(train) [6][4350/8276]  lr: 2.0000e-02  eta: 0:11:20  time: 0.1724  data_time: 0.0044  memory: 916  loss: 0.4197  loss_rpn_cls: 0.0226  loss_rpn_bbox: 0.0136  loss_cls: 0.1976  acc: 94.9219  loss_bbox: 0.1859
2025/05/16 12:27:02 - mmengine - INFO - Epoch(train) [6][4400/8276]  lr: 2.0000e-02  eta: 0:11:11  time: 0.1741  data_time: 0.0046  memory: 916  loss: 0.3799  loss_rpn_cls: 0.0234  loss_rpn_bbox: 0.0122  loss_cls: 0.1720  acc: 94.8242  loss_bbox: 0.1723
2025/05/16 12:27:11 - mmengine - INFO - Epoch(train) [6][4450/8276]  lr: 2.0000e-02  eta: 0:11:02  time: 0.1718  data_time: 0.0047  memory: 916  loss: 0.4151  loss_rpn_cls: 0.0252  loss_rpn_bbox: 0.0138  loss_cls: 0.1913  acc: 96.4844  loss_bbox: 0.1848
2025/05/16 12:27:20 - mmengine - INFO - Epoch(train) [6][4500/8276]  lr: 2.0000e-02  eta: 0:10:54  time: 0.1743  data_time: 0.0046  memory: 916  loss: 0.3894  loss_rpn_cls: 0.0202  loss_rpn_bbox: 0.0144  loss_cls: 0.1770  acc: 98.4375  loss_bbox: 0.1778
2025/05/16 12:27:28 - mmengine - INFO - Epoch(train) [6][4550/8276]  lr: 2.0000e-02  eta: 0:10:45  time: 0.1736  data_time: 0.0044  memory: 916  loss: 0.3527  loss_rpn_cls: 0.0200  loss_rpn_bbox: 0.0130  loss_cls: 0.1579  acc: 92.1875  loss_bbox: 0.1618
2025/05/16 12:27:37 - mmengine - INFO - Epoch(train) [6][4600/8276]  lr: 2.0000e-02  eta: 0:10:36  time: 0.1727  data_time: 0.0047  memory: 916  loss: 0.3938  loss_rpn_cls: 0.0289  loss_rpn_bbox: 0.0140  loss_cls: 0.1827  acc: 93.9453  loss_bbox: 0.1681
2025/05/16 12:27:40 - mmengine - INFO - Exp name: mask-rcnn_voc_20250516_095727
2025/05/16 12:27:46 - mmengine - INFO - Epoch(train) [6][4650/8276]  lr: 2.0000e-02  eta: 0:10:28  time: 0.1718  data_time: 0.0044  memory: 915  loss: 0.3893  loss_rpn_cls: 0.0250  loss_rpn_bbox: 0.0185  loss_cls: 0.1807  acc: 89.9414  loss_bbox: 0.1652
2025/05/16 12:27:54 - mmengine - INFO - Epoch(train) [6][4700/8276]  lr: 2.0000e-02  eta: 0:10:19  time: 0.1725  data_time: 0.0046  memory: 915  loss: 0.4182  loss_rpn_cls: 0.0325  loss_rpn_bbox: 0.0153  loss_cls: 0.1901  acc: 94.4336  loss_bbox: 0.1803
2025/05/16 12:28:03 - mmengine - INFO - Epoch(train) [6][4750/8276]  lr: 2.0000e-02  eta: 0:10:10  time: 0.1732  data_time: 0.0046  memory: 915  loss: 0.3901  loss_rpn_cls: 0.0206  loss_rpn_bbox: 0.0131  loss_cls: 0.1827  acc: 97.3633  loss_bbox: 0.1737
2025/05/16 12:28:11 - mmengine - INFO - Epoch(train) [6][4800/8276]  lr: 2.0000e-02  eta: 0:10:02  time: 0.1695  data_time: 0.0048  memory: 915  loss: 0.3647  loss_rpn_cls: 0.0237  loss_rpn_bbox: 0.0109  loss_cls: 0.1733  acc: 95.0195  loss_bbox: 0.1568
2025/05/16 12:28:20 - mmengine - INFO - Epoch(train) [6][4850/8276]  lr: 2.0000e-02  eta: 0:09:53  time: 0.1700  data_time: 0.0045  memory: 916  loss: 0.3677  loss_rpn_cls: 0.0245  loss_rpn_bbox: 0.0117  loss_cls: 0.1588  acc: 97.0703  loss_bbox: 0.1726
2025/05/16 12:28:28 - mmengine - INFO - Epoch(train) [6][4900/8276]  lr: 2.0000e-02  eta: 0:09:44  time: 0.1714  data_time: 0.0045  memory: 915  loss: 0.3396  loss_rpn_cls: 0.0205  loss_rpn_bbox: 0.0121  loss_cls: 0.1452  acc: 95.1172  loss_bbox: 0.1618
2025/05/16 12:28:37 - mmengine - INFO - Epoch(train) [6][4950/8276]  lr: 2.0000e-02  eta: 0:09:36  time: 0.1715  data_time: 0.0050  memory: 915  loss: 0.3965  loss_rpn_cls: 0.0234  loss_rpn_bbox: 0.0122  loss_cls: 0.1750  acc: 94.0430  loss_bbox: 0.1859
2025/05/16 12:28:46 - mmengine - INFO - Epoch(train) [6][5000/8276]  lr: 2.0000e-02  eta: 0:09:27  time: 0.1724  data_time: 0.0046  memory: 915  loss: 0.3348  loss_rpn_cls: 0.0225  loss_rpn_bbox: 0.0149  loss_cls: 0.1457  acc: 93.0664  loss_bbox: 0.1518
2025/05/16 12:28:54 - mmengine - INFO - Epoch(train) [6][5050/8276]  lr: 2.0000e-02  eta: 0:09:18  time: 0.1707  data_time: 0.0048  memory: 915  loss: 0.4138  loss_rpn_cls: 0.0273  loss_rpn_bbox: 0.0151  loss_cls: 0.1850  acc: 97.4609  loss_bbox: 0.1865
2025/05/16 12:29:03 - mmengine - INFO - Epoch(train) [6][5100/8276]  lr: 2.0000e-02  eta: 0:09:10  time: 0.1719  data_time: 0.0045  memory: 916  loss: 0.3195  loss_rpn_cls: 0.0150  loss_rpn_bbox: 0.0117  loss_cls: 0.1391  acc: 94.6289  loss_bbox: 0.1535
2025/05/16 12:29:11 - mmengine - INFO - Epoch(train) [6][5150/8276]  lr: 2.0000e-02  eta: 0:09:01  time: 0.1734  data_time: 0.0048  memory: 916  loss: 0.3643  loss_rpn_cls: 0.0217  loss_rpn_bbox: 0.0112  loss_cls: 0.1701  acc: 95.5078  loss_bbox: 0.1614
2025/05/16 12:29:20 - mmengine - INFO - Epoch(train) [6][5200/8276]  lr: 2.0000e-02  eta: 0:08:52  time: 0.1744  data_time: 0.0048  memory: 916  loss: 0.3940  loss_rpn_cls: 0.0232  loss_rpn_bbox: 0.0145  loss_cls: 0.1787  acc: 97.2656  loss_bbox: 0.1776
2025/05/16 12:29:29 - mmengine - INFO - Epoch(train) [6][5250/8276]  lr: 2.0000e-02  eta: 0:08:44  time: 0.1714  data_time: 0.0044  memory: 915  loss: 0.3952  loss_rpn_cls: 0.0281  loss_rpn_bbox: 0.0144  loss_cls: 0.1790  acc: 95.8008  loss_bbox: 0.1737
2025/05/16 12:29:37 - mmengine - INFO - Epoch(train) [6][5300/8276]  lr: 2.0000e-02  eta: 0:08:35  time: 0.1726  data_time: 0.0044  memory: 916  loss: 0.3249  loss_rpn_cls: 0.0166  loss_rpn_bbox: 0.0111  loss_cls: 0.1449  acc: 97.6562  loss_bbox: 0.1524
2025/05/16 12:29:46 - mmengine - INFO - Epoch(train) [6][5350/8276]  lr: 2.0000e-02  eta: 0:08:26  time: 0.1732  data_time: 0.0046  memory: 916  loss: 0.3530  loss_rpn_cls: 0.0198  loss_rpn_bbox: 0.0123  loss_cls: 0.1538  acc: 98.7305  loss_bbox: 0.1671
2025/05/16 12:29:55 - mmengine - INFO - Epoch(train) [6][5400/8276]  lr: 2.0000e-02  eta: 0:08:18  time: 0.1726  data_time: 0.0049  memory: 916  loss: 0.3971  loss_rpn_cls: 0.0335  loss_rpn_bbox: 0.0181  loss_cls: 0.1642  acc: 95.8008  loss_bbox: 0.1813
2025/05/16 12:30:03 - mmengine - INFO - Epoch(train) [6][5450/8276]  lr: 2.0000e-02  eta: 0:08:09  time: 0.1689  data_time: 0.0044  memory: 915  loss: 0.4312  loss_rpn_cls: 0.0316  loss_rpn_bbox: 0.0163  loss_cls: 0.1913  acc: 97.0703  loss_bbox: 0.1920
2025/05/16 12:30:12 - mmengine - INFO - Epoch(train) [6][5500/8276]  lr: 2.0000e-02  eta: 0:08:00  time: 0.1717  data_time: 0.0047  memory: 915  loss: 0.3642  loss_rpn_cls: 0.0244  loss_rpn_bbox: 0.0131  loss_cls: 0.1639  acc: 96.9727  loss_bbox: 0.1628
2025/05/16 12:30:20 - mmengine - INFO - Epoch(train) [6][5550/8276]  lr: 2.0000e-02  eta: 0:07:52  time: 0.1731  data_time: 0.0044  memory: 915  loss: 0.3551  loss_rpn_cls: 0.0219  loss_rpn_bbox: 0.0123  loss_cls: 0.1608  acc: 94.5312  loss_bbox: 0.1601
2025/05/16 12:30:29 - mmengine - INFO - Epoch(train) [6][5600/8276]  lr: 2.0000e-02  eta: 0:07:43  time: 0.1732  data_time: 0.0046  memory: 915  loss: 0.3314  loss_rpn_cls: 0.0197  loss_rpn_bbox: 0.0106  loss_cls: 0.1505  acc: 98.4375  loss_bbox: 0.1505
2025/05/16 12:30:32 - mmengine - INFO - Exp name: mask-rcnn_voc_20250516_095727
2025/05/16 12:30:38 - mmengine - INFO - Epoch(train) [6][5650/8276]  lr: 2.0000e-02  eta: 0:07:34  time: 0.1717  data_time: 0.0045  memory: 916  loss: 0.3559  loss_rpn_cls: 0.0216  loss_rpn_bbox: 0.0125  loss_cls: 0.1609  acc: 91.5039  loss_bbox: 0.1610
2025/05/16 12:30:46 - mmengine - INFO - Epoch(train) [6][5700/8276]  lr: 2.0000e-02  eta: 0:07:26  time: 0.1740  data_time: 0.0046  memory: 916  loss: 0.3472  loss_rpn_cls: 0.0198  loss_rpn_bbox: 0.0115  loss_cls: 0.1531  acc: 98.4375  loss_bbox: 0.1628
2025/05/16 12:30:55 - mmengine - INFO - Epoch(train) [6][5750/8276]  lr: 2.0000e-02  eta: 0:07:17  time: 0.1718  data_time: 0.0045  memory: 915  loss: 0.3949  loss_rpn_cls: 0.0254  loss_rpn_bbox: 0.0140  loss_cls: 0.1890  acc: 96.9727  loss_bbox: 0.1666
2025/05/16 12:31:03 - mmengine - INFO - Epoch(train) [6][5800/8276]  lr: 2.0000e-02  eta: 0:07:08  time: 0.1713  data_time: 0.0043  memory: 915  loss: 0.4125  loss_rpn_cls: 0.0203  loss_rpn_bbox: 0.0134  loss_cls: 0.1859  acc: 97.1680  loss_bbox: 0.1929
2025/05/16 12:31:12 - mmengine - INFO - Epoch(train) [6][5850/8276]  lr: 2.0000e-02  eta: 0:07:00  time: 0.1737  data_time: 0.0047  memory: 916  loss: 0.3671  loss_rpn_cls: 0.0205  loss_rpn_bbox: 0.0137  loss_cls: 0.1561  acc: 96.4844  loss_bbox: 0.1768
2025/05/16 12:31:21 - mmengine - INFO - Epoch(train) [6][5900/8276]  lr: 2.0000e-02  eta: 0:06:51  time: 0.1723  data_time: 0.0045  memory: 915  loss: 0.3269  loss_rpn_cls: 0.0225  loss_rpn_bbox: 0.0107  loss_cls: 0.1479  acc: 95.1172  loss_bbox: 0.1458
2025/05/16 12:31:29 - mmengine - INFO - Epoch(train) [6][5950/8276]  lr: 2.0000e-02  eta: 0:06:42  time: 0.1721  data_time: 0.0048  memory: 915  loss: 0.3693  loss_rpn_cls: 0.0280  loss_rpn_bbox: 0.0140  loss_cls: 0.1652  acc: 95.2148  loss_bbox: 0.1621
2025/05/16 12:31:38 - mmengine - INFO - Epoch(train) [6][6000/8276]  lr: 2.0000e-02  eta: 0:06:34  time: 0.1723  data_time: 0.0046  memory: 916  loss: 0.3429  loss_rpn_cls: 0.0215  loss_rpn_bbox: 0.0104  loss_cls: 0.1570  acc: 89.8438  loss_bbox: 0.1539
2025/05/16 12:31:47 - mmengine - INFO - Epoch(train) [6][6050/8276]  lr: 2.0000e-02  eta: 0:06:25  time: 0.1722  data_time: 0.0049  memory: 915  loss: 0.3576  loss_rpn_cls: 0.0189  loss_rpn_bbox: 0.0133  loss_cls: 0.1682  acc: 93.4570  loss_bbox: 0.1571
2025/05/16 12:31:55 - mmengine - INFO - Epoch(train) [6][6100/8276]  lr: 2.0000e-02  eta: 0:06:16  time: 0.1734  data_time: 0.0046  memory: 916  loss: 0.4009  loss_rpn_cls: 0.0257  loss_rpn_bbox: 0.0160  loss_cls: 0.1746  acc: 95.2148  loss_bbox: 0.1845
2025/05/16 12:32:04 - mmengine - INFO - Epoch(train) [6][6150/8276]  lr: 2.0000e-02  eta: 0:06:08  time: 0.1700  data_time: 0.0043  memory: 915  loss: 0.3825  loss_rpn_cls: 0.0281  loss_rpn_bbox: 0.0146  loss_cls: 0.1672  acc: 95.6055  loss_bbox: 0.1725
2025/05/16 12:32:12 - mmengine - INFO - Epoch(train) [6][6200/8276]  lr: 2.0000e-02  eta: 0:05:59  time: 0.1733  data_time: 0.0042  memory: 915  loss: 0.3722  loss_rpn_cls: 0.0238  loss_rpn_bbox: 0.0162  loss_cls: 0.1626  acc: 96.7773  loss_bbox: 0.1696
2025/05/16 12:32:21 - mmengine - INFO - Epoch(train) [6][6250/8276]  lr: 2.0000e-02  eta: 0:05:50  time: 0.1744  data_time: 0.0044  memory: 916  loss: 0.3080  loss_rpn_cls: 0.0190  loss_rpn_bbox: 0.0134  loss_cls: 0.1340  acc: 99.2188  loss_bbox: 0.1416
2025/05/16 12:32:30 - mmengine - INFO - Epoch(train) [6][6300/8276]  lr: 2.0000e-02  eta: 0:05:42  time: 0.1726  data_time: 0.0045  memory: 916  loss: 0.3179  loss_rpn_cls: 0.0203  loss_rpn_bbox: 0.0109  loss_cls: 0.1441  acc: 99.0234  loss_bbox: 0.1426
2025/05/16 12:32:38 - mmengine - INFO - Epoch(train) [6][6350/8276]  lr: 2.0000e-02  eta: 0:05:33  time: 0.1702  data_time: 0.0045  memory: 915  loss: 0.3124  loss_rpn_cls: 0.0201  loss_rpn_bbox: 0.0116  loss_cls: 0.1398  acc: 99.5117  loss_bbox: 0.1410
2025/05/16 12:32:47 - mmengine - INFO - Epoch(train) [6][6400/8276]  lr: 2.0000e-02  eta: 0:05:24  time: 0.1716  data_time: 0.0044  memory: 915  loss: 0.3352  loss_rpn_cls: 0.0163  loss_rpn_bbox: 0.0112  loss_cls: 0.1562  acc: 90.8203  loss_bbox: 0.1516
2025/05/16 12:32:56 - mmengine - INFO - Epoch(train) [6][6450/8276]  lr: 2.0000e-02  eta: 0:05:16  time: 0.1730  data_time: 0.0046  memory: 915  loss: 0.2858  loss_rpn_cls: 0.0141  loss_rpn_bbox: 0.0096  loss_cls: 0.1300  acc: 96.7773  loss_bbox: 0.1321
2025/05/16 12:33:04 - mmengine - INFO - Epoch(train) [6][6500/8276]  lr: 2.0000e-02  eta: 0:05:07  time: 0.1730  data_time: 0.0043  memory: 916  loss: 0.3721  loss_rpn_cls: 0.0224  loss_rpn_bbox: 0.0131  loss_cls: 0.1632  acc: 91.1133  loss_bbox: 0.1734
2025/05/16 12:33:13 - mmengine - INFO - Epoch(train) [6][6550/8276]  lr: 2.0000e-02  eta: 0:04:58  time: 0.1722  data_time: 0.0045  memory: 916  loss: 0.3825  loss_rpn_cls: 0.0221  loss_rpn_bbox: 0.0133  loss_cls: 0.1704  acc: 93.1641  loss_bbox: 0.1767
2025/05/16 12:33:22 - mmengine - INFO - Epoch(train) [6][6600/8276]  lr: 2.0000e-02  eta: 0:04:50  time: 0.1729  data_time: 0.0043  memory: 916  loss: 0.3566  loss_rpn_cls: 0.0235  loss_rpn_bbox: 0.0162  loss_cls: 0.1578  acc: 91.9922  loss_bbox: 0.1590
2025/05/16 12:33:25 - mmengine - INFO - Exp name: mask-rcnn_voc_20250516_095727
2025/05/16 12:33:30 - mmengine - INFO - Epoch(train) [6][6650/8276]  lr: 2.0000e-02  eta: 0:04:41  time: 0.1727  data_time: 0.0049  memory: 915  loss: 0.3824  loss_rpn_cls: 0.0246  loss_rpn_bbox: 0.0155  loss_cls: 0.1697  acc: 96.3867  loss_bbox: 0.1727
2025/05/16 12:33:39 - mmengine - INFO - Epoch(train) [6][6700/8276]  lr: 2.0000e-02  eta: 0:04:32  time: 0.1721  data_time: 0.0044  memory: 915  loss: 0.3391  loss_rpn_cls: 0.0174  loss_rpn_bbox: 0.0133  loss_cls: 0.1420  acc: 92.7734  loss_bbox: 0.1664
2025/05/16 12:33:47 - mmengine - INFO - Epoch(train) [6][6750/8276]  lr: 2.0000e-02  eta: 0:04:24  time: 0.1716  data_time: 0.0045  memory: 915  loss: 0.3218  loss_rpn_cls: 0.0206  loss_rpn_bbox: 0.0113  loss_cls: 0.1440  acc: 96.7773  loss_bbox: 0.1459
2025/05/16 12:33:56 - mmengine - INFO - Epoch(train) [6][6800/8276]  lr: 2.0000e-02  eta: 0:04:15  time: 0.1720  data_time: 0.0047  memory: 916  loss: 0.3447  loss_rpn_cls: 0.0223  loss_rpn_bbox: 0.0138  loss_cls: 0.1499  acc: 95.9961  loss_bbox: 0.1586
2025/05/16 12:34:04 - mmengine - INFO - Epoch(train) [6][6850/8276]  lr: 2.0000e-02  eta: 0:04:06  time: 0.1698  data_time: 0.0047  memory: 915  loss: 0.3140  loss_rpn_cls: 0.0199  loss_rpn_bbox: 0.0115  loss_cls: 0.1374  acc: 93.7500  loss_bbox: 0.1451
2025/05/16 12:34:13 - mmengine - INFO - Epoch(train) [6][6900/8276]  lr: 2.0000e-02  eta: 0:03:58  time: 0.1709  data_time: 0.0046  memory: 915  loss: 0.4081  loss_rpn_cls: 0.0252  loss_rpn_bbox: 0.0138  loss_cls: 0.1755  acc: 95.2148  loss_bbox: 0.1936
2025/05/16 12:34:22 - mmengine - INFO - Epoch(train) [6][6950/8276]  lr: 2.0000e-02  eta: 0:03:49  time: 0.1703  data_time: 0.0043  memory: 915  loss: 0.3723  loss_rpn_cls: 0.0296  loss_rpn_bbox: 0.0106  loss_cls: 0.1739  acc: 96.1914  loss_bbox: 0.1582
2025/05/16 12:34:30 - mmengine - INFO - Epoch(train) [6][7000/8276]  lr: 2.0000e-02  eta: 0:03:40  time: 0.1691  data_time: 0.0047  memory: 915  loss: 0.3408  loss_rpn_cls: 0.0224  loss_rpn_bbox: 0.0126  loss_cls: 0.1546  acc: 97.0703  loss_bbox: 0.1512
2025/05/16 12:34:39 - mmengine - INFO - Epoch(train) [6][7050/8276]  lr: 2.0000e-02  eta: 0:03:32  time: 0.1728  data_time: 0.0045  memory: 915  loss: 0.3712  loss_rpn_cls: 0.0232  loss_rpn_bbox: 0.0147  loss_cls: 0.1638  acc: 96.1914  loss_bbox: 0.1695
2025/05/16 12:34:47 - mmengine - INFO - Epoch(train) [6][7100/8276]  lr: 2.0000e-02  eta: 0:03:23  time: 0.1716  data_time: 0.0042  memory: 915  loss: 0.3252  loss_rpn_cls: 0.0178  loss_rpn_bbox: 0.0117  loss_cls: 0.1444  acc: 99.1211  loss_bbox: 0.1514
2025/05/16 12:34:56 - mmengine - INFO - Epoch(train) [6][7150/8276]  lr: 2.0000e-02  eta: 0:03:14  time: 0.1717  data_time: 0.0046  memory: 915  loss: 0.4480  loss_rpn_cls: 0.0270  loss_rpn_bbox: 0.0160  loss_cls: 0.1943  acc: 87.9883  loss_bbox: 0.2108
2025/05/16 12:35:04 - mmengine - INFO - Epoch(train) [6][7200/8276]  lr: 2.0000e-02  eta: 0:03:06  time: 0.1735  data_time: 0.0046  memory: 915  loss: 0.3492  loss_rpn_cls: 0.0212  loss_rpn_bbox: 0.0118  loss_cls: 0.1576  acc: 94.9219  loss_bbox: 0.1586
2025/05/16 12:35:13 - mmengine - INFO - Epoch(train) [6][7250/8276]  lr: 2.0000e-02  eta: 0:02:57  time: 0.1752  data_time: 0.0049  memory: 916  loss: 0.3731  loss_rpn_cls: 0.0186  loss_rpn_bbox: 0.0122  loss_cls: 0.1686  acc: 97.9492  loss_bbox: 0.1737
2025/05/16 12:35:22 - mmengine - INFO - Epoch(train) [6][7300/8276]  lr: 2.0000e-02  eta: 0:02:49  time: 0.1704  data_time: 0.0045  memory: 916  loss: 0.3815  loss_rpn_cls: 0.0234  loss_rpn_bbox: 0.0126  loss_cls: 0.1728  acc: 95.0195  loss_bbox: 0.1727
2025/05/16 12:35:30 - mmengine - INFO - Epoch(train) [6][7350/8276]  lr: 2.0000e-02  eta: 0:02:40  time: 0.1709  data_time: 0.0048  memory: 915  loss: 0.3974  loss_rpn_cls: 0.0226  loss_rpn_bbox: 0.0122  loss_cls: 0.1829  acc: 86.5234  loss_bbox: 0.1797
2025/05/16 12:35:39 - mmengine - INFO - Epoch(train) [6][7400/8276]  lr: 2.0000e-02  eta: 0:02:31  time: 0.1716  data_time: 0.0047  memory: 915  loss: 0.3828  loss_rpn_cls: 0.0192  loss_rpn_bbox: 0.0128  loss_cls: 0.1749  acc: 94.8242  loss_bbox: 0.1759
2025/05/16 12:35:48 - mmengine - INFO - Epoch(train) [6][7450/8276]  lr: 2.0000e-02  eta: 0:02:23  time: 0.1727  data_time: 0.0049  memory: 916  loss: 0.4348  loss_rpn_cls: 0.0279  loss_rpn_bbox: 0.0155  loss_cls: 0.1935  acc: 99.0234  loss_bbox: 0.1979
2025/05/16 12:35:56 - mmengine - INFO - Epoch(train) [6][7500/8276]  lr: 2.0000e-02  eta: 0:02:14  time: 0.1704  data_time: 0.0044  memory: 915  loss: 0.3711  loss_rpn_cls: 0.0221  loss_rpn_bbox: 0.0125  loss_cls: 0.1694  acc: 95.9961  loss_bbox: 0.1671
2025/05/16 12:36:05 - mmengine - INFO - Epoch(train) [6][7550/8276]  lr: 2.0000e-02  eta: 0:02:05  time: 0.1693  data_time: 0.0052  memory: 916  loss: 0.3416  loss_rpn_cls: 0.0224  loss_rpn_bbox: 0.0108  loss_cls: 0.1620  acc: 98.3398  loss_bbox: 0.1464
2025/05/16 12:36:13 - mmengine - INFO - Epoch(train) [6][7600/8276]  lr: 2.0000e-02  eta: 0:01:57  time: 0.1707  data_time: 0.0049  memory: 915  loss: 0.3306  loss_rpn_cls: 0.0178  loss_rpn_bbox: 0.0103  loss_cls: 0.1548  acc: 94.6289  loss_bbox: 0.1478
2025/05/16 12:36:17 - mmengine - INFO - Exp name: mask-rcnn_voc_20250516_095727
2025/05/16 12:36:22 - mmengine - INFO - Epoch(train) [6][7650/8276]  lr: 2.0000e-02  eta: 0:01:48  time: 0.1706  data_time: 0.0044  memory: 885  loss: 0.3773  loss_rpn_cls: 0.0308  loss_rpn_bbox: 0.0133  loss_cls: 0.1705  acc: 98.2422  loss_bbox: 0.1627
2025/05/16 12:36:30 - mmengine - INFO - Epoch(train) [6][7700/8276]  lr: 2.0000e-02  eta: 0:01:39  time: 0.1714  data_time: 0.0045  memory: 915  loss: 0.3642  loss_rpn_cls: 0.0236  loss_rpn_bbox: 0.0150  loss_cls: 0.1589  acc: 96.2891  loss_bbox: 0.1668
2025/05/16 12:36:39 - mmengine - INFO - Epoch(train) [6][7750/8276]  lr: 2.0000e-02  eta: 0:01:31  time: 0.1736  data_time: 0.0051  memory: 915  loss: 0.2857  loss_rpn_cls: 0.0139  loss_rpn_bbox: 0.0109  loss_cls: 0.1278  acc: 93.3594  loss_bbox: 0.1332
2025/05/16 12:36:47 - mmengine - INFO - Epoch(train) [6][7800/8276]  lr: 2.0000e-02  eta: 0:01:22  time: 0.1717  data_time: 0.0051  memory: 916  loss: 0.3631  loss_rpn_cls: 0.0185  loss_rpn_bbox: 0.0120  loss_cls: 0.1585  acc: 94.2383  loss_bbox: 0.1741
2025/05/16 12:36:56 - mmengine - INFO - Epoch(train) [6][7850/8276]  lr: 2.0000e-02  eta: 0:01:13  time: 0.1703  data_time: 0.0043  memory: 916  loss: 0.4115  loss_rpn_cls: 0.0286  loss_rpn_bbox: 0.0126  loss_cls: 0.1842  acc: 89.2578  loss_bbox: 0.1861
2025/05/16 12:37:05 - mmengine - INFO - Epoch(train) [6][7900/8276]  lr: 2.0000e-02  eta: 0:01:05  time: 0.1727  data_time: 0.0047  memory: 915  loss: 0.3110  loss_rpn_cls: 0.0172  loss_rpn_bbox: 0.0106  loss_cls: 0.1463  acc: 97.4609  loss_bbox: 0.1369
2025/05/16 12:37:13 - mmengine - INFO - Epoch(train) [6][7950/8276]  lr: 2.0000e-02  eta: 0:00:56  time: 0.1728  data_time: 0.0042  memory: 916  loss: 0.4010  loss_rpn_cls: 0.0197  loss_rpn_bbox: 0.0123  loss_cls: 0.1801  acc: 93.3594  loss_bbox: 0.1890
2025/05/16 12:37:22 - mmengine - INFO - Epoch(train) [6][8000/8276]  lr: 2.0000e-02  eta: 0:00:47  time: 0.1696  data_time: 0.0045  memory: 915  loss: 0.3936  loss_rpn_cls: 0.0250  loss_rpn_bbox: 0.0126  loss_cls: 0.1765  acc: 91.6992  loss_bbox: 0.1795
2025/05/16 12:37:30 - mmengine - INFO - Epoch(train) [6][8050/8276]  lr: 2.0000e-02  eta: 0:00:39  time: 0.1712  data_time: 0.0048  memory: 915  loss: 0.3526  loss_rpn_cls: 0.0191  loss_rpn_bbox: 0.0110  loss_cls: 0.1656  acc: 98.2422  loss_bbox: 0.1568
2025/05/16 12:37:39 - mmengine - INFO - Epoch(train) [6][8100/8276]  lr: 2.0000e-02  eta: 0:00:30  time: 0.1721  data_time: 0.0047  memory: 916  loss: 0.4121  loss_rpn_cls: 0.0298  loss_rpn_bbox: 0.0146  loss_cls: 0.1808  acc: 96.1914  loss_bbox: 0.1869
2025/05/16 12:37:47 - mmengine - INFO - Epoch(train) [6][8150/8276]  lr: 2.0000e-02  eta: 0:00:21  time: 0.1697  data_time: 0.0045  memory: 915  loss: 0.3401  loss_rpn_cls: 0.0189  loss_rpn_bbox: 0.0115  loss_cls: 0.1521  acc: 97.8516  loss_bbox: 0.1576
2025/05/16 12:37:56 - mmengine - INFO - Epoch(train) [6][8200/8276]  lr: 2.0000e-02  eta: 0:00:13  time: 0.1714  data_time: 0.0043  memory: 916  loss: 0.4128  loss_rpn_cls: 0.0256  loss_rpn_bbox: 0.0135  loss_cls: 0.1982  acc: 95.2148  loss_bbox: 0.1755
2025/05/16 12:38:05 - mmengine - INFO - Epoch(train) [6][8250/8276]  lr: 2.0000e-02  eta: 0:00:04  time: 0.1736  data_time: 0.0042  memory: 916  loss: 0.3628  loss_rpn_cls: 0.0224  loss_rpn_bbox: 0.0140  loss_cls: 0.1569  acc: 98.5352  loss_bbox: 0.1695
2025/05/16 12:38:09 - mmengine - INFO - Exp name: mask-rcnn_voc_20250516_095727
2025/05/16 12:38:09 - mmengine - INFO - Saving checkpoint at 6 epochs
2025/05/16 12:38:13 - mmengine - INFO - Epoch(val) [6][  50/4952]    eta: 0:03:23  time: 0.0416  data_time: 0.0021  memory: 915  
2025/05/16 12:38:15 - mmengine - INFO - Epoch(val) [6][ 100/4952]    eta: 0:03:18  time: 0.0404  data_time: 0.0022  memory: 451  
2025/05/16 12:38:17 - mmengine - INFO - Epoch(val) [6][ 150/4952]    eta: 0:03:15  time: 0.0404  data_time: 0.0021  memory: 450  
2025/05/16 12:38:19 - mmengine - INFO - Epoch(val) [6][ 200/4952]    eta: 0:03:13  time: 0.0405  data_time: 0.0021  memory: 451  
2025/05/16 12:38:21 - mmengine - INFO - Epoch(val) [6][ 250/4952]    eta: 0:03:11  time: 0.0404  data_time: 0.0021  memory: 451  
2025/05/16 12:38:23 - mmengine - INFO - Epoch(val) [6][ 300/4952]    eta: 0:03:08  time: 0.0400  data_time: 0.0020  memory: 450  
2025/05/16 12:38:25 - mmengine - INFO - Epoch(val) [6][ 350/4952]    eta: 0:03:06  time: 0.0404  data_time: 0.0021  memory: 451  
2025/05/16 12:38:27 - mmengine - INFO - Epoch(val) [6][ 400/4952]    eta: 0:03:04  time: 0.0403  data_time: 0.0022  memory: 451  
2025/05/16 12:38:30 - mmengine - INFO - Epoch(val) [6][ 450/4952]    eta: 0:03:02  time: 0.0404  data_time: 0.0021  memory: 450  
2025/05/16 12:38:32 - mmengine - INFO - Epoch(val) [6][ 500/4952]    eta: 0:03:00  time: 0.0404  data_time: 0.0023  memory: 451  
2025/05/16 12:38:34 - mmengine - INFO - Epoch(val) [6][ 550/4952]    eta: 0:02:58  time: 0.0404  data_time: 0.0021  memory: 450  
2025/05/16 12:38:36 - mmengine - INFO - Epoch(val) [6][ 600/4952]    eta: 0:02:56  time: 0.0404  data_time: 0.0021  memory: 451  
2025/05/16 12:38:38 - mmengine - INFO - Epoch(val) [6][ 650/4952]    eta: 0:02:54  time: 0.0405  data_time: 0.0023  memory: 450  
2025/05/16 12:38:40 - mmengine - INFO - Epoch(val) [6][ 700/4952]    eta: 0:02:52  time: 0.0403  data_time: 0.0021  memory: 450  
2025/05/16 12:38:42 - mmengine - INFO - Epoch(val) [6][ 750/4952]    eta: 0:02:49  time: 0.0405  data_time: 0.0022  memory: 452  
2025/05/16 12:38:44 - mmengine - INFO - Epoch(val) [6][ 800/4952]    eta: 0:02:47  time: 0.0404  data_time: 0.0021  memory: 451  
2025/05/16 12:38:46 - mmengine - INFO - Epoch(val) [6][ 850/4952]    eta: 0:02:45  time: 0.0403  data_time: 0.0023  memory: 451  
2025/05/16 12:38:48 - mmengine - INFO - Epoch(val) [6][ 900/4952]    eta: 0:02:43  time: 0.0405  data_time: 0.0022  memory: 451  
2025/05/16 12:38:50 - mmengine - INFO - Epoch(val) [6][ 950/4952]    eta: 0:02:41  time: 0.0404  data_time: 0.0020  memory: 451  
2025/05/16 12:38:52 - mmengine - INFO - Epoch(val) [6][1000/4952]    eta: 0:02:39  time: 0.0405  data_time: 0.0024  memory: 451  
2025/05/16 12:38:54 - mmengine - INFO - Epoch(val) [6][1050/4952]    eta: 0:02:37  time: 0.0400  data_time: 0.0022  memory: 451  
2025/05/16 12:38:56 - mmengine - INFO - Epoch(val) [6][1100/4952]    eta: 0:02:35  time: 0.0405  data_time: 0.0019  memory: 451  
2025/05/16 12:38:58 - mmengine - INFO - Epoch(val) [6][1150/4952]    eta: 0:02:33  time: 0.0405  data_time: 0.0021  memory: 451  
2025/05/16 12:39:00 - mmengine - INFO - Epoch(val) [6][1200/4952]    eta: 0:02:31  time: 0.0405  data_time: 0.0020  memory: 450  
2025/05/16 12:39:02 - mmengine - INFO - Epoch(val) [6][1250/4952]    eta: 0:02:29  time: 0.0404  data_time: 0.0024  memory: 450  
2025/05/16 12:39:04 - mmengine - INFO - Epoch(val) [6][1300/4952]    eta: 0:02:27  time: 0.0405  data_time: 0.0021  memory: 451  
2025/05/16 12:39:06 - mmengine - INFO - Epoch(val) [6][1350/4952]    eta: 0:02:25  time: 0.0404  data_time: 0.0023  memory: 450  
2025/05/16 12:39:08 - mmengine - INFO - Epoch(val) [6][1400/4952]    eta: 0:02:23  time: 0.0401  data_time: 0.0020  memory: 451  
2025/05/16 12:39:10 - mmengine - INFO - Epoch(val) [6][1450/4952]    eta: 0:02:21  time: 0.0404  data_time: 0.0024  memory: 451  
2025/05/16 12:39:12 - mmengine - INFO - Epoch(val) [6][1500/4952]    eta: 0:02:19  time: 0.0404  data_time: 0.0022  memory: 451  
2025/05/16 12:39:14 - mmengine - INFO - Epoch(val) [6][1550/4952]    eta: 0:02:17  time: 0.0403  data_time: 0.0019  memory: 451  
2025/05/16 12:39:16 - mmengine - INFO - Epoch(val) [6][1600/4952]    eta: 0:02:15  time: 0.0405  data_time: 0.0021  memory: 452  
2025/05/16 12:39:18 - mmengine - INFO - Epoch(val) [6][1650/4952]    eta: 0:02:13  time: 0.0404  data_time: 0.0022  memory: 449  
2025/05/16 12:39:20 - mmengine - INFO - Epoch(val) [6][1700/4952]    eta: 0:02:11  time: 0.0404  data_time: 0.0020  memory: 450  
2025/05/16 12:39:22 - mmengine - INFO - Epoch(val) [6][1750/4952]    eta: 0:02:09  time: 0.0404  data_time: 0.0023  memory: 450  
2025/05/16 12:39:24 - mmengine - INFO - Epoch(val) [6][1800/4952]    eta: 0:02:07  time: 0.0403  data_time: 0.0022  memory: 450  
2025/05/16 12:39:26 - mmengine - INFO - Epoch(val) [6][1850/4952]    eta: 0:02:05  time: 0.0404  data_time: 0.0021  memory: 451  
2025/05/16 12:39:28 - mmengine - INFO - Epoch(val) [6][1900/4952]    eta: 0:02:03  time: 0.0401  data_time: 0.0021  memory: 450  
2025/05/16 12:39:30 - mmengine - INFO - Epoch(val) [6][1950/4952]    eta: 0:02:01  time: 0.0400  data_time: 0.0019  memory: 452  
2025/05/16 12:39:32 - mmengine - INFO - Epoch(val) [6][2000/4952]    eta: 0:01:59  time: 0.0400  data_time: 0.0020  memory: 450  
2025/05/16 12:39:34 - mmengine - INFO - Epoch(val) [6][2050/4952]    eta: 0:01:57  time: 0.0405  data_time: 0.0021  memory: 450  
2025/05/16 12:39:36 - mmengine - INFO - Epoch(val) [6][2100/4952]    eta: 0:01:55  time: 0.0404  data_time: 0.0021  memory: 451  
2025/05/16 12:39:38 - mmengine - INFO - Epoch(val) [6][2150/4952]    eta: 0:01:53  time: 0.0400  data_time: 0.0021  memory: 451  
2025/05/16 12:39:40 - mmengine - INFO - Epoch(val) [6][2200/4952]    eta: 0:01:51  time: 0.0404  data_time: 0.0022  memory: 451  
2025/05/16 12:39:42 - mmengine - INFO - Epoch(val) [6][2250/4952]    eta: 0:01:49  time: 0.0408  data_time: 0.0022  memory: 450  
2025/05/16 12:39:44 - mmengine - INFO - Epoch(val) [6][2300/4952]    eta: 0:01:47  time: 0.0404  data_time: 0.0019  memory: 450  
2025/05/16 12:39:46 - mmengine - INFO - Epoch(val) [6][2350/4952]    eta: 0:01:45  time: 0.0404  data_time: 0.0023  memory: 451  
2025/05/16 12:39:48 - mmengine - INFO - Epoch(val) [6][2400/4952]    eta: 0:01:43  time: 0.0404  data_time: 0.0019  memory: 451  
2025/05/16 12:39:50 - mmengine - INFO - Epoch(val) [6][2450/4952]    eta: 0:01:41  time: 0.0405  data_time: 0.0020  memory: 450  
2025/05/16 12:39:52 - mmengine - INFO - Epoch(val) [6][2500/4952]    eta: 0:01:39  time: 0.0404  data_time: 0.0020  memory: 450  
2025/05/16 12:39:54 - mmengine - INFO - Epoch(val) [6][2550/4952]    eta: 0:01:37  time: 0.0404  data_time: 0.0021  memory: 450  
2025/05/16 12:39:56 - mmengine - INFO - Epoch(val) [6][2600/4952]    eta: 0:01:34  time: 0.0404  data_time: 0.0019  memory: 451  
2025/05/16 12:39:58 - mmengine - INFO - Epoch(val) [6][2650/4952]    eta: 0:01:32  time: 0.0405  data_time: 0.0020  memory: 450  
2025/05/16 12:40:01 - mmengine - INFO - Epoch(val) [6][2700/4952]    eta: 0:01:30  time: 0.0406  data_time: 0.0020  memory: 450  
2025/05/16 12:40:03 - mmengine - INFO - Epoch(val) [6][2750/4952]    eta: 0:01:28  time: 0.0403  data_time: 0.0020  memory: 451  
2025/05/16 12:40:05 - mmengine - INFO - Epoch(val) [6][2800/4952]    eta: 0:01:26  time: 0.0405  data_time: 0.0022  memory: 450  
2025/05/16 12:40:07 - mmengine - INFO - Epoch(val) [6][2850/4952]    eta: 0:01:24  time: 0.0405  data_time: 0.0022  memory: 451  
2025/05/16 12:40:09 - mmengine - INFO - Epoch(val) [6][2900/4952]    eta: 0:01:22  time: 0.0405  data_time: 0.0023  memory: 450  
2025/05/16 12:40:11 - mmengine - INFO - Epoch(val) [6][2950/4952]    eta: 0:01:20  time: 0.0404  data_time: 0.0021  memory: 450  
2025/05/16 12:40:13 - mmengine - INFO - Epoch(val) [6][3000/4952]    eta: 0:01:18  time: 0.0404  data_time: 0.0022  memory: 450  
2025/05/16 12:40:15 - mmengine - INFO - Epoch(val) [6][3050/4952]    eta: 0:01:16  time: 0.0405  data_time: 0.0022  memory: 451  
2025/05/16 12:40:17 - mmengine - INFO - Epoch(val) [6][3100/4952]    eta: 0:01:14  time: 0.0404  data_time: 0.0020  memory: 452  
2025/05/16 12:40:19 - mmengine - INFO - Epoch(val) [6][3150/4952]    eta: 0:01:12  time: 0.0404  data_time: 0.0022  memory: 451  
2025/05/16 12:40:21 - mmengine - INFO - Epoch(val) [6][3200/4952]    eta: 0:01:10  time: 0.0404  data_time: 0.0021  memory: 450  
2025/05/16 12:40:23 - mmengine - INFO - Epoch(val) [6][3250/4952]    eta: 0:01:08  time: 0.0404  data_time: 0.0022  memory: 450  
2025/05/16 12:40:25 - mmengine - INFO - Epoch(val) [6][3300/4952]    eta: 0:01:06  time: 0.0404  data_time: 0.0022  memory: 450  
2025/05/16 12:40:27 - mmengine - INFO - Epoch(val) [6][3350/4952]    eta: 0:01:04  time: 0.0404  data_time: 0.0021  memory: 450  
2025/05/16 12:40:29 - mmengine - INFO - Epoch(val) [6][3400/4952]    eta: 0:01:02  time: 0.0404  data_time: 0.0020  memory: 450  
2025/05/16 12:40:31 - mmengine - INFO - Epoch(val) [6][3450/4952]    eta: 0:01:00  time: 0.0404  data_time: 0.0020  memory: 450  
2025/05/16 12:40:33 - mmengine - INFO - Epoch(val) [6][3500/4952]    eta: 0:00:58  time: 0.0404  data_time: 0.0022  memory: 451  
2025/05/16 12:40:35 - mmengine - INFO - Epoch(val) [6][3550/4952]    eta: 0:00:56  time: 0.0403  data_time: 0.0021  memory: 451  
2025/05/16 12:40:37 - mmengine - INFO - Epoch(val) [6][3600/4952]    eta: 0:00:54  time: 0.0404  data_time: 0.0021  memory: 452  
2025/05/16 12:40:39 - mmengine - INFO - Epoch(val) [6][3650/4952]    eta: 0:00:52  time: 0.0404  data_time: 0.0021  memory: 451  
2025/05/16 12:40:41 - mmengine - INFO - Epoch(val) [6][3700/4952]    eta: 0:00:50  time: 0.0404  data_time: 0.0022  memory: 450  
2025/05/16 12:40:43 - mmengine - INFO - Epoch(val) [6][3750/4952]    eta: 0:00:48  time: 0.0405  data_time: 0.0021  memory: 450  
2025/05/16 12:40:45 - mmengine - INFO - Epoch(val) [6][3800/4952]    eta: 0:00:46  time: 0.0403  data_time: 0.0022  memory: 451  
2025/05/16 12:40:47 - mmengine - INFO - Epoch(val) [6][3850/4952]    eta: 0:00:44  time: 0.0404  data_time: 0.0021  memory: 451  
2025/05/16 12:40:49 - mmengine - INFO - Epoch(val) [6][3900/4952]    eta: 0:00:42  time: 0.0404  data_time: 0.0022  memory: 451  
2025/05/16 12:40:51 - mmengine - INFO - Epoch(val) [6][3950/4952]    eta: 0:00:40  time: 0.0404  data_time: 0.0022  memory: 451  
2025/05/16 12:40:53 - mmengine - INFO - Epoch(val) [6][4000/4952]    eta: 0:00:38  time: 0.0404  data_time: 0.0022  memory: 451  
2025/05/16 12:40:55 - mmengine - INFO - Epoch(val) [6][4050/4952]    eta: 0:00:36  time: 0.0404  data_time: 0.0021  memory: 450  
2025/05/16 12:40:57 - mmengine - INFO - Epoch(val) [6][4100/4952]    eta: 0:00:34  time: 0.0404  data_time: 0.0021  memory: 450  
2025/05/16 12:40:59 - mmengine - INFO - Epoch(val) [6][4150/4952]    eta: 0:00:32  time: 0.0404  data_time: 0.0019  memory: 451  
2025/05/16 12:41:01 - mmengine - INFO - Epoch(val) [6][4200/4952]    eta: 0:00:30  time: 0.0400  data_time: 0.0020  memory: 451  
2025/05/16 12:41:03 - mmengine - INFO - Epoch(val) [6][4250/4952]    eta: 0:00:28  time: 0.0404  data_time: 0.0021  memory: 451  
2025/05/16 12:41:05 - mmengine - INFO - Epoch(val) [6][4300/4952]    eta: 0:00:26  time: 0.0405  data_time: 0.0023  memory: 450  
2025/05/16 12:41:07 - mmengine - INFO - Epoch(val) [6][4350/4952]    eta: 0:00:24  time: 0.0404  data_time: 0.0020  memory: 451  
2025/05/16 12:41:09 - mmengine - INFO - Epoch(val) [6][4400/4952]    eta: 0:00:22  time: 0.0405  data_time: 0.0021  memory: 451  
2025/05/16 12:41:11 - mmengine - INFO - Epoch(val) [6][4450/4952]    eta: 0:00:20  time: 0.0404  data_time: 0.0022  memory: 451  
2025/05/16 12:41:13 - mmengine - INFO - Epoch(val) [6][4500/4952]    eta: 0:00:18  time: 0.0405  data_time: 0.0020  memory: 449  
2025/05/16 12:41:15 - mmengine - INFO - Epoch(val) [6][4550/4952]    eta: 0:00:16  time: 0.0400  data_time: 0.0022  memory: 451  
2025/05/16 12:41:17 - mmengine - INFO - Epoch(val) [6][4600/4952]    eta: 0:00:14  time: 0.0401  data_time: 0.0021  memory: 449  
2025/05/16 12:41:19 - mmengine - INFO - Epoch(val) [6][4650/4952]    eta: 0:00:12  time: 0.0404  data_time: 0.0021  memory: 450  
2025/05/16 12:41:21 - mmengine - INFO - Epoch(val) [6][4700/4952]    eta: 0:00:10  time: 0.0405  data_time: 0.0020  memory: 451  
2025/05/16 12:41:23 - mmengine - INFO - Epoch(val) [6][4750/4952]    eta: 0:00:08  time: 0.0404  data_time: 0.0021  memory: 450  
2025/05/16 12:41:25 - mmengine - INFO - Epoch(val) [6][4800/4952]    eta: 0:00:06  time: 0.0404  data_time: 0.0020  memory: 450  
2025/05/16 12:41:27 - mmengine - INFO - Epoch(val) [6][4850/4952]    eta: 0:00:04  time: 0.0404  data_time: 0.0022  memory: 451  
2025/05/16 12:41:29 - mmengine - INFO - Epoch(val) [6][4900/4952]    eta: 0:00:02  time: 0.0399  data_time: 0.0021  memory: 451  
2025/05/16 12:41:31 - mmengine - INFO - Epoch(val) [6][4950/4952]    eta: 0:00:00  time: 0.0404  data_time: 0.0021  memory: 451  
2025/05/16 12:41:32 - mmengine - INFO - 
---------------iou_thr: 0.5---------------
2025/05/16 12:41:35 - mmengine - INFO - 
+-------------+------+-------+--------+-------+
| class       | gts  | dets  | recall | ap    |
+-------------+------+-------+--------+-------+
| aeroplane   | 285  | 835   | 0.716  | 0.586 |
| bicycle     | 337  | 3641  | 0.893  | 0.667 |
| bird        | 459  | 3354  | 0.671  | 0.401 |
| boat        | 263  | 1747  | 0.730  | 0.386 |
| bottle      | 469  | 1328  | 0.392  | 0.275 |
| bus         | 213  | 1888  | 0.869  | 0.648 |
| car         | 1201 | 13269 | 0.883  | 0.692 |
| cat         | 358  | 2232  | 0.869  | 0.633 |
| chair       | 756  | 14527 | 0.820  | 0.411 |
| cow         | 244  | 1511  | 0.848  | 0.502 |
| diningtable | 206  | 2906  | 0.883  | 0.569 |
| dog         | 489  | 3057  | 0.861  | 0.518 |
| horse       | 348  | 2144  | 0.888  | 0.651 |
| motorbike   | 325  | 3216  | 0.895  | 0.651 |
| person      | 4528 | 17327 | 0.805  | 0.651 |
| pottedplant | 480  | 3080  | 0.554  | 0.285 |
| sheep       | 242  | 1882  | 0.740  | 0.503 |
| sofa        | 239  | 1867  | 0.862  | 0.592 |
| train       | 282  | 2263  | 0.883  | 0.623 |
| tvmonitor   | 308  | 5442  | 0.857  | 0.593 |
+-------------+------+-------+--------+-------+
| mAP         |      |       |        | 0.542 |
+-------------+------+-------+--------+-------+
2025/05/16 12:41:35 - mmengine - INFO - Epoch(val) [6][4952/4952]    pascal_voc/mAP: 0.5418  pascal_voc/AP50: 0.5420  data_time: 0.0021  time: 0.0404
